ne_id,name,name_zh,longitude,latitude,wikidata_id,source_adm0_a3,source_adm1_name,source_feature_class,source_scalerank,source_pop_max,source_id
1159112629,Colonia del Sacramento,科洛尼亞·德爾·沙加緬度,-57.836116,-34.469788,Q56064,URY,Colonia,Admin-1 capital,10,21714,ne-ne_10m_populated_places
1159112647,Trinidad,特立尼达,-56.900997,-33.543999,Q862508,URY,Flores,Admin-1 capital,10,21093,ne-ne_10m_populated_places
1159112663,Fray Bentos,弗赖本托斯,-58.303998,-33.138999,Q849835,URY,Río Negro,Admin-1 capital,10,23279,ne-ne_10m_populated_places
1159112679,Canelones,卡内洛内斯,-56.284002,-34.538004,Q841342,URY,Canelones,Admin-1 capital,10,19698,ne-ne_10m_populated_places
1159112703,Florida,佛罗里达,-56.214998,-34.099002,Q842472,URY,Florida,Admin-1 capital,10,32234,ne-ne_10m_populated_places
1159112719,Bassar,巴萨,0.789004,9.261,Q810474,TGO,Kara,Admin-1 capital,10,61845,ne-ne_10m_populated_places
1159112735,Sotouboua,索圖布阿,0.984997,8.557002,Q1120978,TGO,Centre,Admin-1 capital,10,21054,ne-ne_10m_populated_places
1159112749,Medenine,梅德宁,10.4167,33.399999,Q846653,TUN,MUdenine,Admin-1 capital,10,61705,ne-ne_10m_populated_places
1159112765,Kebili,吉比利,8.971003,33.689997,Q27157,TUN,Kebili,Admin-1 capital,10,19875,ne-ne_10m_populated_places
1159112779,Tataouine,泰塔温,10.466704,33.000003,Q817149,TUN,Tataouine,Admin-1 capital,10,62577,ne-ne_10m_populated_places
1159112795,L'Ariana,艾尔亚奈,10.199998,36.866673,Q627487,TUN,Manubah,Admin-1 capital,10,97687,ne-ne_10m_populated_places
1159112811,Jendouba,坚杜拜,8.749999,36.500004,Q27064,TUN,Jendouba,Admin-1 capital,10,51408,ne-ne_10m_populated_places
1159112827,Kasserine,卡塞林,8.716698,35.216703,Q852735,TUN,Kasssrine,Admin-1 capital,10,76243,ne-ne_10m_populated_places
1159112843,Sdid Bouzid,西迪布济德,9.500004,35.016696,Q692716,TUN,Sidi Bou Zid,Admin-1 capital,10,42098,ne-ne_10m_populated_places
1159112859,Siliana,錫勒亞奈,9.383302,36.083304,Q27216,TUN,Siliana,Admin-1 capital,10,26960,ne-ne_10m_populated_places
1159112873,Mahdia,马赫迪耶,11.040877,35.483913,Q466054,TUN,Mahdia,Admin-1 capital,10,45977,ne-ne_10m_populated_places
1159112893,Monastir,莫纳斯提尔,10.767295,35.730702,Q208715,TUN,Monastir,Admin-1 capital,10,71546,ne-ne_10m_populated_places
1159112913,Zaghouan,宰格万,10.146997,36.399996,Q12912434,TUN,Zaghouan,Admin-1 capital,10,16911,ne-ne_10m_populated_places
1159112935,Tây Ninh,西宁,106.147,11.322999,Q130391,VNM,Tây Ninh,Admin-1 capital,10,126370,ne-ne_10m_populated_places
1159112955,Luan Chau,莱洲,103.343005,21.740004,,VNM,Vi?n Bi,Admin-1 capital,10,7335,ne-ne_10m_populated_places
1159112975,Bắc Kạn,北𣴓,105.833333,22.133333,Q75700,VNM,Ðông B?c,Admin-1 capital,10,29227,ne-ne_10m_populated_places
1159112987,Lạng Sơn,谅山,106.757002,21.845997,Q33383,VNM,L?ng Son,Admin-1 capital,10,148000,ne-ne_10m_populated_places
1159113001,Sơn La,山罗,103.910005,21.328002,Q33415,VNM,Son La,Admin-1 capital,10,19054,ne-ne_10m_populated_places
1159113019,Tuyên Quang,宣光,105.211,21.817998,Q33389,VNM,Tuyên Quang,Admin-1 capital,10,36430,ne-ne_10m_populated_places
1159113041,Yên Bái,安沛,104.875003,21.705003,Q26019,VNM,Yên Bái,Admin-1 capital,10,96540,ne-ne_10m_populated_places
1159113057,Hai Duong,海陽,106.331005,20.942001,Q36354,VNM,H?i Duong,Admin-1 capital,10,58030,ne-ne_10m_populated_places
1159113073,Thái Bình,太平,106.33303,20.450304,Q36497,VNM,ThMi Bmnh,Admin-1 capital,10,210000,ne-ne_10m_populated_places
1159113089,Tuy Hòa,綏和,109.315999,13.082004,Q35747,VNM,Phú Yên,Admin-1 capital,10,69596,ne-ne_10m_populated_places
1159113099,Thu Dau Mot,土龍木,106.652745,10.969074,Q524553,VNM,Bình Duong,Admin-1 capital,10,244277,ne-ne_10m_populated_places
1159113119,Đông Hà,东河,107.133301,16.849998,Q33343,VNM,Qu?ng Tr?,Admin-1 capital,10,17662,ne-ne_10m_populated_places
1159113135,Cao Lãnh,高領,105.635998,10.467,Q35656,VNM,Ð?ng Tháp,Admin-1 capital,10,149837,ne-ne_10m_populated_places
1159113149,Truc Giang,檳椥,106.374997,10.234998,Q36635,VNM,B?n Tre,Admin-1 capital,10,59442,ne-ne_10m_populated_places
1159113161,Tra Vinh,茶荣,106.334002,9.934002,Q36136,VNM,TrM Vinh,Admin-1 capital,10,131360,ne-ne_10m_populated_places
1159113175,Vĩnh Long,永隆,105.964003,10.256004,Q34789,VNM,Vinh Long,Admin-1 capital,10,103314,ne-ne_10m_populated_places
1159113189,Cao Bằng,高平,106.268005,22.663998,Q1034096,VNM,Cao B?ng,Admin-1 capital,10,41112,ne-ne_10m_populated_places
1159113205,Yoro,约罗,-87.128502,15.129829,Q2561180,HND,Yoro,Admin-1 capital,10,15774,ne-ne_10m_populated_places
1159113221,La Esperanza,拉埃斯佩兰萨,-88.166699,14.333004,Q2561304,HND,Intibucá,Admin-1 capital,10,5318,ne-ne_10m_populated_places
1159113237,La Paz,拉巴斯,-87.684003,14.319999,Q2283725,HND,La Paz,Admin-1 capital,10,17555,ne-ne_10m_populated_places
1159113253,Santa Bárbara,圣巴巴拉,-88.236,14.919003,Q2283714,HND,Santa Bárbara,Admin-1 capital,10,15119,ne-ne_10m_populated_places
1159113269,Gracias,格拉西亚斯,-88.583301,14.583303,Q2561339,HND,Lempira,Admin-1 capital,10,7909,ne-ne_10m_populated_places
1159113283,Nueva Ocotepeque,新奥科特佩克,-89.181999,14.436999,Q3307235,HND,Ocotepeque,Admin-1 capital,10,8780,ne-ne_10m_populated_places
1159113299,Yuscarán,尤斯卡蘭,-86.850999,13.943997,Q1729098,HND,El Paraíso,Admin-1 capital,10,2371,ne-ne_10m_populated_places
1159113315,Jérémie,热雷米,-74.118425,18.633935,Q986301,HTI,Grand'Anse,Admin-1 capital,10,30917,ne-ne_10m_populated_places
1159113331,Port-De-Paix,和平港,-72.829485,19.93176,Q951602,HTI,Nord-Ouest,Admin-1 capital,10,34657,ne-ne_10m_populated_places
1159113347,Hinche,安什,-72.003996,19.143,Q993851,HTI,Centre,Admin-1 capital,10,18590,ne-ne_10m_populated_places
1159113361,Fort-Liberté,利贝泰堡,-71.84484,19.665567,Q983788,HTI,Nord-Est,Admin-1 capital,10,11465,ne-ne_10m_populated_places
1159113371,Jacmel,雅克梅勒,-72.537003,18.234999,Q923362,HTI,Sud-Est,Admin-1 capital,10,33563,ne-ne_10m_populated_places
1159113387,Kırklareli,克尔克拉雷利,27.226,41.742999,Q206903,TUR,Kirklareli,Admin-1 capital,10,58223,ne-ne_10m_populated_places
1159113409,Bilecik,比莱吉克,29.982997,40.149999,Q208006,TUR,Bilecik,Admin-1 capital,10,40285,ne-ne_10m_populated_places
1159113425,Sakarya,阿达帕扎勒,30.400002,40.766661,Q175323,TUR,Sakarya,Admin-1 capital,10,286787,ne-ne_10m_populated_places
1159113441,Kastamonu,卡斯塔莫努,33.783003,41.389002,Q155915,TUR,Kastamonu,Admin-1 capital,10,70402,ne-ne_10m_populated_places
1159113457,Burdur,布爾杜爾,30.283335,37.71666,Q211811,TUR,Burdur,Admin-1 capital,10,66158,ne-ne_10m_populated_places
1159113471,Kırşehir,克尔谢希尔,34.171003,39.141999,Q208005,TUR,Kirsehir,Admin-1 capital,10,94336,ne-ne_10m_populated_places
1159113485,Nevşehir,内夫谢希尔,34.723999,38.624004,Q206879,TUR,Nevsehir,Admin-1 capital,10,75527,ne-ne_10m_populated_places
1159113499,Antakya,安条克,36.116677,36.233334,Q80561,TUR,Hatay,Admin-1 capital,10,154803,ne-ne_10m_populated_places
1159113515,Giresun,吉雷松,38.390005,40.913001,Q201095,TUR,Giresun,Admin-1 capital,10,98864,ne-ne_10m_populated_places
1159113529,Sinop,锡诺普,35.153002,42.022998,Q599416,TUR,Sinop,Admin-1 capital,10,34834,ne-ne_10m_populated_places
1159113547,Tokat,托卡特,36.563004,40.305996,Q183651,TUR,Tokat,Admin-1 capital,10,129702,ne-ne_10m_populated_places
1159113561,Artvin,阿尔特温,41.817996,41.183001,Q193445,TUR,Artvin,Admin-1 capital,10,32272,ne-ne_10m_populated_places
1159113575,Bingöl,宾格尔,40.498003,38.885004,Q208472,TUR,Bingöl,Admin-1 capital,10,80568,ne-ne_10m_populated_places
1159113589,Bitlis,比特利斯,42.122998,38.394,Q83531,TUR,Bitlis,Admin-1 capital,10,62811,ne-ne_10m_populated_places
1159113605,Kalangala,卡兰加拉,32.225,-0.308889,Q742655,UGA,Kalangala,Admin-1 capital,10,5200,ne-ne_10m_populated_places
1159113633,Çankırı,昌克勒,33.621004,40.607001,Q209925,TUR,Çankiri,Admin-1 capital,10,71379,ne-ne_10m_populated_places
1159113643,Niğde,尼代,34.694002,37.976004,Q194146,TUR,Nigde,Admin-1 capital,10,91039,ne-ne_10m_populated_places
1159113661,Yozgat,约兹加特,34.814997,39.817998,Q210292,TUR,Yozgat,Admin-1 capital,10,87881,ne-ne_10m_populated_places
1159113677,Gümüşhane,居米什哈内,39.484,40.464,Q214303,TUR,Gümüshane,Admin-1 capital,10,32250,ne-ne_10m_populated_places
1159113695,Siirt,锡尔特,41.932999,37.944,Q185084,TUR,Siirt,Admin-1 capital,10,114034,ne-ne_10m_populated_places
1159113711,Tunceli,通杰利,39.533302,39.1167,Q202195,TUR,Tunceli,Admin-1 capital,10,29062,ne-ne_10m_populated_places
1159113727,Kumi,库米,33.936111,1.460833,Q6273034,UGA,Kumi,Admin-1 capital,10,13000,ne-ne_10m_populated_places
1159113745,Kaberamaido,卡贝拉马伊多,33.159444,1.738889,Q2692015,UGA,Kaberamaido,Admin-1 capital,10,3400,ne-ne_10m_populated_places
1159113757,Kayunga,卡永加,32.888611,0.7025,Q995221,UGA,Kayunga,Admin-1 capital,10,21704,ne-ne_10m_populated_places
1159113777,Iganga,伊加加,33.468611,0.609167,Q1657091,UGA,Iganga,Admin-1 capital,10,45024,ne-ne_10m_populated_places
1159113795,Kamuli,卡穆利,33.119722,0.947222,Q3088116,UGA,Kamuli,Admin-1 capital,10,12764,ne-ne_10m_populated_places
1159113815,Pallisa,帕利萨,33.709444,1.145,Q2297538,UGA,Pallisa,Admin-1 capital,10,30745,ne-ne_10m_populated_places
1159113835,Mpigi,穆丕奇,32.313611,0.225,Q933338,UGA,Mpigi,Admin-1 capital,10,11082,ne-ne_10m_populated_places
1159113855,Adjumani,阿朱马尼,31.809722,3.361389,Q3499673,UGA,Adjumani,Admin-1 capital,10,34700,ne-ne_10m_populated_places
1159113869,Nebbi,内比,31.1025,2.475833,Q2174978,UGA,Nebbi,Admin-1 capital,10,30354,ne-ne_10m_populated_places
1159113887,Kiboga,基博加,31.774167,0.916111,Q1810614,UGA,Kiboga,Admin-1 capital,10,14512,ne-ne_10m_populated_places
1159113905,Nakasongola,纳卡松戈拉,32.456389,1.308889,Q3530559,UGA,Nakasongola,Admin-1 capital,10,6921,ne-ne_10m_populated_places
1159113923,Bombo,邦博,32.533299,0.583299,Q4940747,UGA,Bamunanika,Admin-1 region capital,10,75000,ne-ne_10m_populated_places
1159113945,Masindi,马辛迪,31.715,1.674444,Q1907120,UGA,Masindi,Admin-1 capital,10,31486,ne-ne_10m_populated_places
1159113959,Fort Portal,波特爾堡,30.275002,0.671004,Q500107,UGA,Kabarole,Admin-1 region capital,10,42670,ne-ne_10m_populated_places
1159113985,Kibale,基巴莱,31.066667,0.8,Q2789444,UGA,Kibale,Admin-1 capital,10,5200,ne-ne_10m_populated_places
1159114003,Sironko,錫龍科,34.3,1.25,Q2252605,UGA,Budadiri,Admin-1 capital,10,14100,ne-ne_10m_populated_places
1159114009,Busia,布西亚,34.075833,0.454444,Q1111957,UGA,Busia,Admin-1 capital,10,47100,ne-ne_10m_populated_places
1159114039,Katakwi,卡塔奎,33.966111,1.891111,Q2544864,UGA,Usuk,Admin-1 capital,10,8400,ne-ne_10m_populated_places
1159114055,Veszprém,维斯普雷姆,17.911,47.090997,Q146317,HUN,Veszprém,Admin-1 capital,10,62023,ne-ne_10m_populated_places
1159114075,Zalaegerszeg,佐洛埃格塞格,16.84,46.844001,Q60037,HUN,Zala,Admin-1 capital,10,61898,ne-ne_10m_populated_places
1159114091,Tatabánya,陶陶巴尼奥,18.433,47.549997,Q187821,HUN,Komárom-Esztergom,Admin-1 capital,10,70541,ne-ne_10m_populated_places
1159114109,Szekszárd,塞克萨德,18.712999,46.343997,Q189761,HUN,Tolna,Admin-1 capital,10,34174,ne-ne_10m_populated_places
1159114123,Salgótarján,绍尔戈陶尔扬,19.826002,48.105,Q189769,HUN,Nógrád,Admin-1 capital,10,39640,ne-ne_10m_populated_places
1159114145,Békéscsaba,贝凯什乔包,21.101005,46.672002,Q178878,HUN,Békés,Admin-1 capital,10,65206,ne-ne_10m_populated_places
1159114165,Eger,埃格尔,20.383003,47.895003,Q167109,HUN,Heves,Admin-1 capital,10,56647,ne-ne_10m_populated_places
1159114181,Ntungamo,恩通加莫,30.264167,-0.879444,Q938145,UGA,Ntungamo,Admin-1 capital,10,16400,ne-ne_10m_populated_places
1159114209,Kisoro,基索罗,29.698333,-1.353889,Q525954,UGA,Kisoro,Admin-1 capital,10,12900,ne-ne_10m_populated_places
1159114227,Gikongoro,吉孔戈罗,29.566702,-2.483298,Q1377368,RWA,Southern,Admin-1 capital,10,15000,ne-ne_10m_populated_places
1159114229,Kibuye,基布耶,29.35,-2.050002,Q617032,RWA,Western,Admin-1 capital,10,48024,ne-ne_10m_populated_places
1159114247,Kibungo,基本古,30.533302,-2.166696,Q992776,RWA,Eastern,Admin-1 capital,10,46240,ne-ne_10m_populated_places
1159114265,Târgu Jiu,特尔古日乌,23.274001,45.045,Q202357,ROU,Gorj,Admin-1 capital,10,97179,ne-ne_10m_populated_places
1159114283,Slatina,斯拉蒂纳,24.371002,44.434998,Q207074,ROU,Olt,Admin-1 capital,10,78988,ne-ne_10m_populated_places
1159114301,Alexandria,亚历山德里亚,25.329885,43.97437,Q209929,ROU,Teleorman,Admin-1 capital,10,49346,ne-ne_10m_populated_places
1159114313,Târgoviște,特尔戈维什泰,25.459003,44.937999,Q188673,ROU,Dâmbovita,Admin-1 capital,10,88435,ne-ne_10m_populated_places
1159114333,Giurgiu,久尔久,25.966325,43.901807,Q202351,ROU,Giurgiu,Admin-1 capital,10,69067,ne-ne_10m_populated_places
1159114405,Slobozia,斯洛博齐亚,27.381997,44.569998,Q215723,ROU,Ialomita,Admin-1 capital,10,52693,ne-ne_10m_populated_places
1159114421,Dar'a,德拉,36.105004,32.625,Q238217,SYR,Dar`a,Admin-1 capital,10,146481,ne-ne_10m_populated_places
1159114441,Delémont,德莱蒙,7.345,47.369997,Q63896,CHE,Jura,Admin-1 capital,10,11315,ne-ne_10m_populated_places
1159114457,Neuchâtel,纳沙泰尔,6.922999,46.998999,Q69345,CHE,Neuchâtel,Admin-1 capital,10,31270,ne-ne_10m_populated_places
1159114477,Aarau,阿劳,8.034004,47.390004,Q14274,CHE,Aargau,Admin-1 capital,10,15501,ne-ne_10m_populated_places
1159114501,Stans,施坦斯,8.383302,46.950003,Q63931,CHE,Nidwalden,Admin-1 capital,10,7475,ne-ne_10m_populated_places
1159114521,Sion,锡永,7.353999,46.239003,Q68136,CHE,Valais,Admin-1 capital,10,28045,ne-ne_10m_populated_places
1159114539,Herisau,黑里绍,9.283302,47.383299,Q63970,CHE,Appenzell Ausserrhoden,Admin-1 capital,10,15438,ne-ne_10m_populated_places
1159114557,Saint Gallen,圣加仑,9.361999,47.422998,Q25607,CHE,Sankt Gallen,Admin-1 capital,10,70572,ne-ne_10m_populated_places
1159114577,Bellinzona,贝林佐纳,9.019999,46.197,Q64044,CHE,Ticino,Admin-1 capital,10,16572,ne-ne_10m_populated_places
1159114593,Glarus,格拉魯斯,9.0667,47.050002,Q63912,CHE,Glarus,Admin-1 capital,10,5681,ne-ne_10m_populated_places
1159114605,Schaffhausen,沙夫豪森,8.632998,47.706003,Q9009,CHE,Schaffhausen,Admin-1 capital,10,33863,ne-ne_10m_populated_places
1159114627,Schwyz,施维茨,8.648002,47.019996,Q68155,CHE,Schwyz,Admin-1 capital,10,14177,ne-ne_10m_populated_places
1159114649,Frauenfeld,弗劳恩费尔德,8.904888,47.552619,Q68120,CHE,Thurgau,Admin-1 capital,10,21979,ne-ne_10m_populated_places
1159114659,Altdorf,阿尔特多夫,8.638003,46.879002,Q68150,CHE,Uri,Admin-1 capital,10,8678,ne-ne_10m_populated_places
1159114687,Zug,楚格,8.487001,47.178999,Q68144,CHE,Zug,Admin-1 capital,10,23435,ne-ne_10m_populated_places
1159114705,Falun,法倫,15.647005,60.613002,Q26509,SWE,Dalarna,Admin-1 capital,10,36477,ne-ne_10m_populated_places
1159114723,Nyköping,尼雪平,16.996082,58.75199,Q54356,SWE,Södermanland,Admin-1 capital,10,27582,ne-ne_10m_populated_places
1159114733,Härnösand,海讷桑德,17.934004,62.633997,Q3240427,SWE,Västernorrland,Admin-1 capital,10,17016,ne-ne_10m_populated_places
1159114749,Karlskrona,卡尔斯克鲁纳,15.590754,56.162781,Q25789,SWE,Blekinge,Admin-1 capital,10,35212,ne-ne_10m_populated_places
1159114767,Alba Lulia,阿尔巴尤利亚,23.580001,46.077003,Q174665,ROU,Alba,Admin-1 capital,10,66085,ne-ne_10m_populated_places
1159114783,Bistrița,比斯特里察,24.513004,47.138004,Q187205,ROU,Bistrita-Nasaud,Admin-1 capital,10,81318,ne-ne_10m_populated_places
1159114801,Deva,德瓦,22.916674,45.883323,Q204850,ROU,Hunedoara,Admin-1 capital,10,67802,ne-ne_10m_populated_places
1159114819,Zalău,札勒乌,23.063005,47.175003,Q145292,ROU,Salaj,Admin-1 capital,10,63232,ne-ne_10m_populated_places
1159114839,Satu Mare,萨图马雷,22.885002,47.791998,Q185332,ROU,Satu Mare,Admin-1 capital,10,112490,ne-ne_10m_populated_places
1159114857,Rimnicu Vilcea,勒姆尼库沃尔恰,24.382999,45.109998,Q192758,ROU,Vâlcea,Admin-1 capital,10,107558,ne-ne_10m_populated_places
1159114867,Sfintu-Gheorghe,圣格奥尔基,25.793001,45.867996,Q202362,ROU,Covasna,Admin-1 capital,10,60677,ne-ne_10m_populated_places
1159114889,Miercurea Cuic,米耶尔库雷亚丘克,25.524,46.360998,Q193420,ROU,Harghita,Admin-1 capital,10,42029,ne-ne_10m_populated_places
1159114907,Piatra-Neamt,皮亚特拉-尼亚姆茨,26.382997,46.940004,Q187945,ROU,Neamt,Admin-1 capital,10,102688,ne-ne_10m_populated_places
1159114919,Brăila,布勒伊拉,27.969003,45.291996,Q188478,ROU,Braila,Admin-1 capital,10,213569,ne-ne_10m_populated_places
1159114937,Vaslui,瓦斯卢伊,27.733339,46.633329,Q192269,ROU,Vaslui,Admin-1 capital,10,69225,ne-ne_10m_populated_places
1159114955,Salyan,萨利安,82.183303,28.35,Q2202781,NPL,Rapti,Admin-1 capital,10,15000,ne-ne_10m_populated_places
1159114969,Mae Hong Son,湄宏順,97.968997,19.301004,Q743005,THA,Mae Hong Son,Admin-1 capital,10,9109,ne-ne_10m_populated_places
1159114987,Phangnga,攀牙,98.533999,8.451,Q204587,THA,Phangnga,Admin-1 capital,10,9676,ne-ne_10m_populated_places
1159115007,Ranong,拉廊,98.638003,9.962001,Q1012440,THA,Ranong,Admin-1 capital,10,24561,ne-ne_10m_populated_places
1159115029,Krabi,甲米,98.911999,8.052003,Q1000353,THA,Krabi,Admin-1 capital,10,31219,ne-ne_10m_populated_places
1159115055,Phatthalung,博他仑,100.081,7.614999,Q179539,THA,Phatthalung,Admin-1 capital,10,43522,ne-ne_10m_populated_places
1159115073,Satun,沙敦,100.066699,6.616701,Q1365666,THA,Satun,Admin-1 capital,10,34544,ne-ne_10m_populated_places
1159115095,Lamphun,南奔,99.007052,18.573985,Q1211214,THA,Lamphun,Admin-1 capital,10,14030,ne-ne_10m_populated_places
1159115115,Kamphaeng Phet,甘烹碧,99.529003,16.472997,Q2960445,THA,Kamphaeng Phet,Admin-1 capital,10,58787,ne-ne_10m_populated_places
1159115131,Phichit,披集,100.349002,16.439004,Q1365823,THA,Phichit,Admin-1 capital,10,35760,ne-ne_10m_populated_places
1159115143,Phetchabun,碧差汶,101.159002,16.418997,Q1211346,THA,Phetchabun,Admin-1 capital,10,50656,ne-ne_10m_populated_places
1159115163,Supham Buri,素攀布里,100.128997,14.471001,Q978805,THA,Suphan Buri,Admin-1 capital,10,53399,ne-ne_10m_populated_places
1159115183,Ang Thong,红统,100.45,14.583303,Q530241,THA,Ang Thong,Admin-1 capital,10,13738,ne-ne_10m_populated_places
1159115203,Chainat,猜納特,100.126,15.179004,Q1059129,THA,Chai Nat,Admin-1 capital,10,15469,ne-ne_10m_populated_places
1159115223,Nakhon Nayok,那空那育,101.215999,14.200002,Q595853,THA,Nakhon Nayok,Admin-1 capital,10,21309,ne-ne_10m_populated_places
1159115235,Sing Buri,信武里,100.401004,14.886999,Q1210752,THA,Sing Buri,Admin-1 capital,10,20046,ne-ne_10m_populated_places
1159115261,Nakhon Pathom,佛统,100.063999,13.817997,Q520338,THA,Nakhon Pathom,Admin-1 capital,10,117927,ne-ne_10m_populated_places
1159115287,Prachuap Khiri Khan,班武里,99.800002,11.802996,Q373340,THA,Prachuap Khiri Khan,Admin-1 capital,10,33521,ne-ne_10m_populated_places
1159115295,Samut Sakhon,龙仔厝,100.274005,13.536,Q1359220,THA,Samut Sakhon,Admin-1 capital,10,63498,ne-ne_10m_populated_places
1159115325,Samut Songkhram,沙没颂堪,100.000999,13.412997,Q1361155,THA,Samut Songkhram,Admin-1 capital,10,35065,ne-ne_10m_populated_places
1159115345,Yasothon,益梭通,104.150998,15.787998,Q1017730,THA,Yasothon,Admin-1 capital,10,21643,ne-ne_10m_populated_places
1159115365,Chachoengsao,差春骚,101.076004,13.679001,Q1026368,THA,Chachoengsao,Admin-1 capital,10,49741,ne-ne_10m_populated_places
1159115385,Trat,達叻,102.509002,12.237003,Q1025964,THA,Trat,Admin-1 capital,10,21590,ne-ne_10m_populated_places
1159115405,Kalasin,加拉信,103.509001,16.427997,Q1012635,THA,Kalasin,Admin-1 capital,10,55102,ne-ne_10m_populated_places
1159115425,Maha Sarakham,馬哈沙拉堪,103.298005,16.183998,Q1210731,THA,Maha Sarakham,Admin-1 capital,10,51584,ne-ne_10m_populated_places
1159115449,Roi Et,黎逸,103.654999,16.050996,Q1017738,THA,Roi Et,Admin-1 capital,10,39328,ne-ne_10m_populated_places
1159115473,Pattani,北大年,101.250001,6.864003,Q1025966,THA,Pattani,Admin-1 capital,10,150000,ne-ne_10m_populated_places
1159115493,Piggs Peak,皮格斯皮克,31.247001,-25.961004,Q1950487,SWZ,Hhohho,Admin-1 capital,10,5750,ne-ne_10m_populated_places
1159115523,Siteki,锡泰基,31.951999,-26.454996,Q2300140,SWZ,Lubombo,Admin-1 capital,10,6152,ne-ne_10m_populated_places
1159115543,Manzini,曼齐尼,31.388005,-26.495001,Q495730,SWZ,Manzini,Admin-1 capital,10,110537,ne-ne_10m_populated_places
1159115561,Hlatikulu,赫拉蒂库卢,31.310137,-26.960815,Q3235603,SWZ,Shiselweni,Admin-1 capital,10,2748,ne-ne_10m_populated_places
1159115583,Somoto,索莫托,-86.582997,13.475997,Q1010954,NIC,Madriz,Admin-1 capital,10,20316,ne-ne_10m_populated_places
1159115603,Ocotal,奥科塔尔,-86.472999,13.629996,Q1025830,NIC,Nueva Segovia,Admin-1 capital,10,33928,ne-ne_10m_populated_places
1159115621,Aveiro,阿威罗,-8.650998,40.641003,Q485581,PRT,Aveiro,Admin-1 capital,10,54162,ne-ne_10m_populated_places
1159115639,Leiria,莱里亚,-8.804996,39.738996,Q206933,PRT,Leiria,Admin-1 capital,10,45112,ne-ne_10m_populated_places
1159115665,Viana Do Castelo,维亚纳堡,-8.844138,41.696235,Q208158,PRT,Viana do Castelo,Admin-1 capital,10,15555,ne-ne_10m_populated_places
1159115685,Mérida,梅里达,-6.337998,38.912004,Q14323,ESP,Extremadura,Admin-1 capital,10,52423,ne-ne_10m_populated_places
1159115703,Beja,贝雅,-7.863002,38.014002,Q213251,PRT,Beja,Admin-1 capital,10,35854,ne-ne_10m_populated_places
1159115725,Évora,埃武拉,-7.905996,38.559996,Q179948,PRT,Évora,Admin-1 capital,10,55620,ne-ne_10m_populated_places
1159115745,Portalegre,波塔萊格雷,-7.423001,39.290004,Q622819,PRT,Portalegre,Admin-1 capital,10,15581,ne-ne_10m_populated_places
1159115765,Santarém,圣塔伦,-8.682003,39.231,Q273877,PRT,Santarém,Admin-1 capital,10,29385,ne-ne_10m_populated_places
1159115789,Bragança,布拉干萨,-6.755003,41.807997,Q768261,PRT,Bragança,Admin-1 capital,10,34375,ne-ne_10m_populated_places
1159115809,Castelo Branco,布朗库堡,-7.488,39.810996,Q373720,PRT,Castelo Branco,Admin-1 capital,10,33479,ne-ne_10m_populated_places
1159115829,Guarda,瓜达,-7.262001,40.541004,Q750594,PRT,Guarda,Admin-1 capital,10,32111,ne-ne_10m_populated_places
1159115849,Viseu,维塞乌,-7.91,40.656996,Q117676,PRT,Viseu,Admin-1 capital,10,26364,ne-ne_10m_populated_places
1159115855,Vila Real,雷阿尔城,-7.737003,41.293998,Q503856,PRT,Vila Real,Admin-1 capital,10,17001,ne-ne_10m_populated_places
1159115869,Fatick,法蒂克,-16.416,14.344002,Q430470,SEN,Fatick,Admin-1 capital,10,24243,ne-ne_10m_populated_places
1159115897,An Nabk,纳布克,37.333297,31.333302,Q6093787,SAU,Al Jawf,Admin-1 capital,10,10000,ne-ne_10m_populated_places
1159115923,Assen,阿森,6.550003,53.000001,Q798,NLD,Drenthe,Admin-1 capital,10,62237,ne-ne_10m_populated_places
1159115945,Arnhem,阿纳姆,5.923,51.987996,Q1310,NLD,Gelderland,Admin-1 capital,10,141674,ne-ne_10m_populated_places
1159115953,Maastricht,马斯特里赫特,5.677003,50.852997,Q1309,NLD,Limburg,Admin-1 capital,10,122378,ne-ne_10m_populated_places
1159115983,Zwolle,兹沃勒,6.096997,52.524,Q793,NLD,Overijssel,Admin-1 capital,10,111805,ne-ne_10m_populated_places
1159116007,Middelburg,米德尔堡,3.609999,51.501996,Q52101,NLD,Zeeland,Admin-1 capital,10,46485,ne-ne_10m_populated_places
1159116023,'s-Hertogenbosch,斯海尔托亨博斯,5.316661,51.683337,Q2766547,NLD,Noord-Brabant,Admin-1 capital,10,134520,ne-ne_10m_populated_places
1159116047,Arendal,阿伦达尔,8.766001,58.464756,Q57919,NOR,Aust-Agder,Admin-1 capital,10,30916,ne-ne_10m_populated_places
1159116055,Vossavangen,沃斯,6.441003,60.630003,Q2715598,NOR,Hordaland,Admin-1 capital,10,5571,ne-ne_10m_populated_places
1159116077,Leikanger,莱康厄尔,6.85,61.183296,Q107396,NOR,Sogn og Fjordane,Admin-1 capital,10,1965,ne-ne_10m_populated_places
1159116103,Bærum,贝鲁姆,11.347236,59.913486,Q57076,NOR,Akershus,Admin-1 capital,10,113659,ne-ne_10m_populated_places
1159116127,Hamar,哈马尔,11.069002,60.820002,Q104400,NOR,Hedmark,Admin-1 capital,10,29479,ne-ne_10m_populated_places
1159116137,Tønsberg,滕斯贝格,10.421001,59.264001,Q107392,NOR,Vestfold,Admin-1 capital,10,38914,ne-ne_10m_populated_places
1159116171,Baglung,巴格隆,83.583298,28.266696,Q1659597,NPL,Dhawalagiri,Admin-1 capital,10,23296,ne-ne_10m_populated_places
1159116187,Jumla,久姆拉,82.216702,29.25,Q2407540,NPL,Karnali,Admin-1 capital,10,9073,ne-ne_10m_populated_places
1159116209,Bhairawa,錫陀塔那迦,83.3833,27.533304,Q1530936,NPL,Lumbini,Admin-1 capital,10,63367,ne-ne_10m_populated_places
1159116225,Dandeldhura,丹德尔杜拉,80.600004,29.300004,Q1750388,NPL,Mahakali,Admin-1 capital,10,19014,ne-ne_10m_populated_places
1159116251,Dhangarhi,丹加地,80.593003,28.694997,Q1446993,NPL,Achham,Admin-1 capital,10,92294,ne-ne_10m_populated_places
1159116277,Ramechhap,拉梅恰布,86.086999,27.325998,Q2224286,NPL,Janakpur,Admin-1 capital,10,15000,ne-ne_10m_populated_places
1159116295,Bhimphedi,比菲迪,85.130002,27.550998,Q3411614,NPL,Narayani,Admin-1 capital,10,15000,ne-ne_10m_populated_places
1159116313,Rajbiraj,拉杰比拉杰,86.733298,26.533296,Q2463109,NPL,Sagarmatha,Admin-1 capital,10,33061,ne-ne_10m_populated_places
1159116339,Ilam,伊拉姆,87.926005,26.908002,Q950072,NPL,Mechi,Admin-1 capital,10,17491,ne-ne_10m_populated_places
1159116355,Wabag,瓦巴格,143.718004,-5.49,Q2482803,PNG,Enga,Admin-1 capital,10,3958,ne-ne_10m_populated_places
1159116375,Vanimo,瓦尼莫,141.303997,-2.690001,Q1017354,PNG,Sandaun,Admin-1 capital,10,11204,ne-ne_10m_populated_places
1159116387,Kundiawa,孔迪亞瓦,144.960013,-6.022998,Q612162,PNG,Chimbu,Admin-1 capital,10,9383,ne-ne_10m_populated_places
1159116407,Kerema,凯里马,145.837999,-7.927002,Q1280242,PNG,Gulf,Admin-1 capital,10,5646,ne-ne_10m_populated_places
1159116427,Arawa,阿拉瓦,155.565991,-6.228,Q626729,PNG,North Solomons,Admin-1 capital,10,40266,ne-ne_10m_populated_places
1159116447,Lorengau,洛伦高,147.279997,-2.032002,Q1017430,PNG,Manus,Admin-1 capital,10,5806,ne-ne_10m_populated_places
1159116467,Kimbe,金贝,150.143014,-5.550003,Q59718,PNG,West New Britain,Admin-1 capital,10,18847,ne-ne_10m_populated_places
1159116487,Dubăsari,杜伯萨里,29.160833,47.263056,Q688654,MDA,Transnistria,Admin-1 capital,10,23254,ne-ne_10m_populated_places
1159116505,Qacha's Nek,加查斯内克,28.701999,-30.117267,Q491829,ZAF,Eastern Cape,Admin-1 capital,10,25573,ne-ne_10m_populated_places
1159116519,Hudur,胡杜尔,43.866703,4.183299,Q1017160,SOM,Bakool,Admin-1 capital,10,1639,ne-ne_10m_populated_places
1159116537,Garbahaarey,加尔巴哈雷,42.227002,3.327003,Q1017167,SOM,Gedo,Admin-1 capital,10,12652,ne-ne_10m_populated_places
1159116563,Bu'aale,布阿萊,42.583303,1.083303,Q997314,SOM,Jubbada Dhexe,Admin-1 capital,10,1490,ne-ne_10m_populated_places
1159116581,Dhuusa Mareeb,杜薩馬雷卜,46.382174,5.531982,Q634063,SOM,Galguduud,Admin-1 capital,10,447,ne-ne_10m_populated_places
1159116601,Trincomalee,亭可马里,81.233002,8.568999,Q323873,LKA,Trincomalee,Admin-1 capital,10,108420,ne-ne_10m_populated_places
1159116619,Puttalan,普塔拉,79.826004,8.033004,Q3088741,LKA,Puttalam,Admin-1 capital,10,45661,ne-ne_10m_populated_places
1159116631,Ratnapura,拉特纳普勒,80.386003,6.693003,Q508753,LKA,Ratnapura,Admin-1 capital,10,47832,ne-ne_10m_populated_places
1159116649,Umuahia,乌穆阿希亚,7.486002,5.532003,Q203301,NGA,Abia,Admin-1 capital,10,264662,ne-ne_10m_populated_places
1159116677,Uyo,乌约,7.916153,5.036014,Q1999000,NGA,Akwa Ibom,Admin-1 capital,10,554906,ne-ne_10m_populated_places
1159116695,Owerri,奧韋里,7.026004,5.492997,Q583619,NGA,Imo,Admin-1 capital,10,215038,ne-ne_10m_populated_places
1159116707,Sariwon,沙里院,125.762005,38.507004,Q505807,PRK,Hwanghae-bukto,Admin-1 capital,10,154942,ne-ne_10m_populated_places
1159116729,Sin-Ni,新泥,125.463997,39.488004,,PRK,P'yongan-namdo,Admin-1 capital,10,19463,ne-ne_10m_populated_places
1159116749,Suchboatar,苏赫巴托尔,106.200001,50.249997,Q46319,MNG,Selenge,Admin-1 capital,10,24235,ne-ne_10m_populated_places
1159116769,Dzuunmod,宗莫德,106.947001,47.710998,Q917690,MNG,Töv,Admin-1 capital,10,17738,ne-ne_10m_populated_places
1159116779,Omaruru,奥马鲁鲁,15.950997,-21.436002,Q1896161,NAM,Erongo,Admin-1 capital,10,11547,ne-ne_10m_populated_places
1159116805,Karibib,卡里比布,15.852996,-21.939003,Q1348181,NAM,Erongo,Admin-1 capital,10,6898,ne-ne_10m_populated_places
1159116825,Otavi,奥塔维,17.342001,-19.639998,Q1013965,NAM,Otjozondjupa,Admin-1 capital,10,4562,ne-ne_10m_populated_places
1159116843,Gobabis,戈巴比斯,18.963,-22.455,Q1000609,NAM,Omaheke,Admin-1 capital,10,16321,ne-ne_10m_populated_places
1159116863,Wete,韋提,39.725799,-5.063464,Q1023718,TZA,Kaskazini-Pemba,Admin-1 capital,10,26450,ne-ne_10m_populated_places
1159116883,Kibaha,基巴哈,38.916703,-6.766704,Q195492,TZA,Pwani,Admin-1 capital,10,23651,ne-ne_10m_populated_places
1159116901,Mkokotoni,姆科科托尼,39.259999,-5.878998,Q2086390,TZA,Kaskazini-Unguja,Admin-1 capital,10,2572,ne-ne_10m_populated_places
1159116915,Fribourg,弗里堡,7.149997,46.8,Q36378,CHE,Fribourg,Admin-1 capital,10,32827,ne-ne_10m_populated_places
1159116933,Liestal,利斯塔尔,7.737004,47.483001,Q68972,CHE,Basel-Landschaft,Admin-1 capital,10,12832,ne-ne_10m_populated_places
1159116949,Solothurn,索洛图恩,7.536997,47.212002,Q68965,CHE,Solothurn,Admin-1 capital,10,14853,ne-ne_10m_populated_places
1159116963,Sarnen,萨尔嫩,8.243002,46.899,Q63964,CHE,Obwalden,Admin-1 capital,10,9410,ne-ne_10m_populated_places
1159116987,Mariestad,玛丽斯塔德,13.827997,58.705002,Q948117,SWE,Västra Götaland,Admin-1 capital,10,14891,ne-ne_10m_populated_places
1159117009,Vannersborg,維納什堡,12.330001,58.363002,Q54759,SWE,Västra Götaland,Admin-1 capital,10,21835,ne-ne_10m_populated_places
1159117027,Appenzell,阿彭策尔,9.4167,47.333304,Q209270,CHE,Appenzell Innerrhoden,Admin-1 capital,10,5649,ne-ne_10m_populated_places
1159117035,Ros Comain,罗斯康芒,-8.183333,53.633333,Q677631,IRL,Roscommon,Admin-1 capital,10,4860,ne-ne_10m_populated_places
1159117063,Cacheu,卡谢乌,-16.164998,12.268998,Q1002807,GNB,Cacheu,Admin-1 capital,10,10490,ne-ne_10m_populated_places
1159117087,Farim,法林,-15.227,12.492999,Q1022984,GNB,Oio,Admin-1 capital,10,6792,ne-ne_10m_populated_places
1159117095,Fulacunda,富拉孔达,-15.194997,11.772999,Q2427704,GNB,Quinara,Admin-1 capital,10,1311,ne-ne_10m_populated_places
1159117115,Gabú,加布,-14.234004,12.279996,Q1015891,GNB,Gabú,Admin-1 capital,10,14430,ne-ne_10m_populated_places
1159117133,Catió,卡提奥,-15.254246,11.273036,Q1190869,GNB,Tombali,Admin-1 capital,10,9898,ne-ne_10m_populated_places
1159117145,Barclayville,巴克利維爾,-8.231595,4.674103,Q807963,LBR,GrandKru,Admin-1 capital,10,2733,ne-ne_10m_populated_places
1159117163,Voinjama,沃因贾马,-9.749996,8.416701,Q1024888,LBR,Lofa,Admin-1 capital,10,26594,ne-ne_10m_populated_places
1159117193,Bensonville,本森維爾,-10.600001,6.433299,Q818201,LBR,Montserrado,Admin-1 capital,10,4089,ne-ne_10m_populated_places
1159117211,Kakata,卡卡塔,-10.349001,6.525999,Q426891,LBR,Margibi,Admin-1 capital,10,33945,ne-ne_10m_populated_places
1159117233,Sanniquellie,萨尼科莱,-8.684999,7.371,Q1968465,LBR,Nimba,Admin-1 capital,10,11415,ne-ne_10m_populated_places
1159117251,Rivercess,里弗塞斯,-9.577997,5.464998,Q1057594,LBR,River Cess,Admin-1 capital,10,2578,ne-ne_10m_populated_places
1159117259,Potenza,波坦察,15.798996,40.642002,Q3543,ITA,Basilicata,Admin-1 region capital,10,69060,ne-ne_10m_populated_places
1159117283,Campobasso,坎波巴索,14.655997,41.562999,Q3497,ITA,Molise,Admin-1 region capital,10,50762,ne-ne_10m_populated_places
1159117307,Al Mafraq,马弗拉克,36.233298,32.283297,Q276747,JOR,Mafraq,Admin-1 capital,10,57118,ne-ne_10m_populated_places
1159117321,At Tafilah,塔菲拉,35.600005,30.833334,Q2550996,JOR,Tafilah,Admin-1 capital,10,25429,ne-ne_10m_populated_places
1159117345,Ma'an,马安,35.736004,30.192003,Q31616,JOR,Ma`an,Admin-1 capital,10,50350,ne-ne_10m_populated_places
1159117361,Aosta,奥斯塔,7.315003,45.737001,Q3367,ITA,Valle d'Aosta,Admin-1 region capital,10,34062,ne-ne_10m_populated_places
1159117375,Diekirch,迪基希,6.166702,49.883301,Q16050,LUX,Diekirch,Admin-1 capital,10,6242,ne-ne_10m_populated_places
1159117399,Grevenmacher,格雷文马赫,6.425599,49.679753,Q215826,LUX,Grevenmacher,Admin-1 capital,10,3958,ne-ne_10m_populated_places
1159117415,Kangar,加央,100.189999,6.433002,Q921155,MYS,Perlis,Admin-1 capital,10,63869,ne-ne_10m_populated_places
1159117441,Kuala Lipis,瓜拉立卑,102.042001,4.184001,Q2240800,MYS,Pahang,Admin-1 capital,10,15448,ne-ne_10m_populated_places
1159117459,Shah Alam,莎阿南,101.549998,3.066696,Q500033,MYS,Selangor,Admin-1 capital,10,481654,ne-ne_10m_populated_places
1159117473,Nyeri,尼耶利,36.951004,-0.416997,Q380130,KEN,Central,Admin-1 capital,10,51084,ne-ne_10m_populated_places
1159117491,Teyateyaneng,泰亚泰亚嫩,27.753003,-29.152998,Q844423,LSO,Berea,Admin-1 capital,10,5115,ne-ne_10m_populated_places
1159117509,Mohales Hoek,莫哈萊斯胡克,27.479997,-30.159,Q1818943,LSO,Mohale's Hoek,Admin-1 capital,10,24992,ne-ne_10m_populated_places
1159117539,Moyeni,古廷,27.716005,-30.411,Q1003318,LSO,Quthing,Admin-1 capital,10,24130,ne-ne_10m_populated_places
1159117545,Hlotse,莱里贝,28.055998,-28.878003,Q993076,LSO,Leribe,Admin-1 capital,10,47675,ne-ne_10m_populated_places
1159117565,Butha-Buthe,布塔-布泰,28.250002,-28.749996,Q382249,LSO,Leribe,Admin-1 capital,10,16330,ne-ne_10m_populated_places
1159117591,Mokhotlong,莫霍特隆,29.078001,-29.291004,Q1013428,LSO,Mokhotlong,Admin-1 capital,10,8809,ne-ne_10m_populated_places
1159117611,Ahuachapán,阿瓦查潘,-89.845001,13.919004,Q186935,SLV,Ahuachapán,Admin-1 capital,10,34102,ne-ne_10m_populated_places
1159117629,Cojutepeque,科胡特佩克,-88.933302,13.716702,Q2565407,SLV,Cuscatlán,Admin-1 capital,10,48411,ne-ne_10m_populated_places
1159117637,Nueva San Salvador,聖特克拉,-89.289998,13.673997,Q723246,SLV,La Libertad,Admin-1 capital,10,124694,ne-ne_10m_populated_places
1159117657,Zacatecoluca,薩卡特科盧卡,-88.867998,13.508001,Q139248,SLV,La Paz,Admin-1 capital,10,39613,ne-ne_10m_populated_places
1159117687,La Unión,拉乌尼翁,-87.839,13.331997,Q2420477,SLV,La Unión,Admin-1 capital,10,26807,ne-ne_10m_populated_places
1159117693,San Francisco Gotera,聖弗蘭西斯科戈特拉,-88.1,13.699998,Q969396,SLV,Morazán,Admin-1 capital,10,16152,ne-ne_10m_populated_places
1159117711,San Vicente,聖維森特,-88.785,13.641003,Q1094372,SLV,San Vicente,Admin-1 capital,10,37326,ne-ne_10m_populated_places
1159117729,Usulután,烏蘇盧坦,-88.432002,13.346001,Q1018092,SLV,Usulután,Admin-1 capital,10,51910,ne-ne_10m_populated_places
1159117743,Chalatenango,查拉特南戈,-88.906737,14.009527,Q2290501,SLV,Chalatenango,Admin-1 capital,10,29271,ne-ne_10m_populated_places
1159117759,Lucea,盧西,-78.179004,18.442998,Q1632220,JAM,Hanover,Admin-1 capital,10,6289,ne-ne_10m_populated_places
1159117775,Mandeville,曼德维尔,-77.499999,18.033003,Q1807660,JAM,Manchester,Admin-1 capital,10,47115,ne-ne_10m_populated_places
1159117791,Black River,黑河,-77.851997,18.030996,Q880512,JAM,Saint Elizabeth,Admin-1 capital,10,4229,ne-ne_10m_populated_places
1159117809,Falmouth,法爾茅斯,-77.65605,18.479583,Q1394786,JAM,Trelawny,Admin-1 capital,10,7779,ne-ne_10m_populated_places
1159117825,Savanna-la-Mar,濱海薩凡納,-77.948001,18.163998,Q305508,JAM,Westmoreland,Admin-1 capital,10,30000,ne-ne_10m_populated_places
1159117841,Port Antonio,安東尼奧港,-76.380003,18.159003,Q162782,JAM,Portland,Admin-1 capital,10,14400,ne-ne_10m_populated_places
1159117855,Saint Ann's Bay,聖安斯貝,-77.199524,18.432639,Q630692,JAM,Saint Ann,Admin-1 capital,10,13671,ne-ne_10m_populated_places
1159117871,Port Maria,瑪麗亞港,-76.899996,18.377001,Q265115,JAM,Saint Mary,Admin-1 capital,10,7906,ne-ne_10m_populated_places
1159117887,Half Way Tree,哈夫韦树,-76.799997,18.0333,Q1423367,JAM,Saint Andrew,Admin-1 capital,10,96494,ne-ne_10m_populated_places
1159117905,Port Morant,莫蘭港,-76.329,17.891001,Q7230807,JAM,Saint Thomas,Admin-1 capital,10,11536,ne-ne_10m_populated_places
1159117927,Sabaneta,圣瓦内塔,-71.344988,19.504998,Q2021983,DOM,Santiago Rodríguez,Admin-1 capital,10,16380,ne-ne_10m_populated_places
1159117953,Mao,马奥,-71.074997,19.551996,Q692560,DOM,Valverde,Admin-1 capital,10,48297,ne-ne_10m_populated_places
1159117969,Cotuí,科图伊,-70.152003,19.059003,Q2087489,DOM,Sánchez Ramírez,Admin-1 capital,10,41641,ne-ne_10m_populated_places
1159117991,Evinayong,埃维纳永,10.566703,1.449999,Q1988320,GNQ,Centro Sur,Admin-1 capital,10,8462,ne-ne_10m_populated_places
1159118007,Luba,卢巴,8.55,3.449997,Q985548,GNQ,Bioko Sur,Admin-1 capital,10,8655,ne-ne_10m_populated_places
1159118027,Šibenik,希贝尼克,15.905833,43.727222,Q3549,HRV,Šibensko-Kninska,Admin-1 capital,10,37112,ne-ne_10m_populated_places
1159118087,Shibin el Kom,希賓庫姆,31.006953,30.554482,Q31350,EGY,Al Minufiyah,Admin-1 capital,10,182900,ne-ne_10m_populated_places
1159118097,Benha,本哈,31.183336,30.466665,Q336966,EGY,Al Qalyubiyah,Admin-1 capital,10,167029,ne-ne_10m_populated_places
1159118123,Zagazig,宰加济格,31.51666,30.583332,Q140304,EGY,Ash Sharqiyah,Admin-1 capital,10,285097,ne-ne_10m_populated_places
1159118131,Kafr el Sheikh,谢赫村,30.935998,31.109004,Q328176,EGY,Kafr ash Shaykh,Admin-1 capital,10,143970,ne-ne_10m_populated_places
1159118161,Dikhil,迪基勒,42.372001,11.104002,Q620625,DJI,Dikhil,Admin-1 capital,10,12043,ne-ne_10m_populated_places
1159118179,Tadjoura,塔朱拉,42.900003,11.783304,Q820972,DJI,Tadjourah,Admin-1 capital,10,22193,ne-ne_10m_populated_places
1159118197,Haapsalu,哈普萨卢,23.541389,58.943056,Q191106,EST,Lääne,Admin-1 capital,10,11805,ne-ne_10m_populated_places
1159118215,Hawalli,哈瓦利,47.999998,29.33334,Q3235220,KWT,Hawalli,Admin-1 capital,10,164212,ne-ne_10m_populated_places
1159118229,Buluko,布鲁科,28.528002,-0.756999,,COD,Nord-Kivu,Admin-1 capital,10,1192,ne-ne_10m_populated_places
1159118249,Mzimba,姆津巴,33.6,-11.9,Q1666876,MWI,Mzimba,Admin-1 capital,10,19308,ne-ne_10m_populated_places
1159118269,Machinga,马钦加,35.301665,-15.176186,Q12810684,MWI,Machinga,Admin-1 capital,10,1418,ne-ne_10m_populated_places
1159118287,Dedza,代扎,34.333333,-14.366667,Q1182266,MWI,Dedza,Admin-1 capital,10,15608,ne-ne_10m_populated_places
1159118305,Mchinji,姆钦吉,32.9,-13.8,Q1188150,MWI,Mchinji,Admin-1 capital,10,18305,ne-ne_10m_populated_places
1159118323,Ntcheu,恩彻乌,34.633333,-14.816667,Q1022517,MWI,Ntcheu,Admin-1 capital,10,10445,ne-ne_10m_populated_places
1159118337,Chiradzulu,奇拉祖卢,35.183333,-15.7,Q1022529,MWI,Chiradzulu,Admin-1 capital,10,1580,ne-ne_10m_populated_places
1159118357,Nsanje,恩桑杰,35.266667,-16.916667,Q1939876,MWI,Nsanje,Admin-1 capital,10,21774,ne-ne_10m_populated_places
1159118375,Mwanza,姆万扎,34.516667,-15.616667,Q1416015,MWI,Mwanza,Admin-1 capital,10,11379,ne-ne_10m_populated_places
1159118389,Mulanje,姆兰杰,35.5,-16.033333,Q1865092,MWI,Mulanje,Admin-1 capital,10,16483,ne-ne_10m_populated_places
1159118411,Salamá,萨拉马,-90.314001,15.102999,Q1023655,GTM,Baja Verapaz,Admin-1 capital,10,40000,ne-ne_10m_populated_places
1159118429,Retalhuleu,雷塔卢莱乌,-91.677014,14.537097,Q1023393,GTM,Retalhuleu,Admin-1 capital,10,36656,ne-ne_10m_populated_places
1159118447,San Marcos,圣马科斯,-91.799999,14.966001,Q1023981,GTM,San Marcos,Admin-1 capital,10,25088,ne-ne_10m_populated_places
1159118467,Chimaltenango,奇马尔特南戈,-90.819998,14.661999,Q1002552,GTM,Chimaltenango,Admin-1 capital,10,82370,ne-ne_10m_populated_places
1159118485,Antigua Guatemala,安地瓜,-90.733302,14.566698,Q212773,GTM,Sacatepéquez,Admin-1 capital,10,39368,ne-ne_10m_populated_places
1159118501,Sololá,索洛拉,-91.182996,14.772996,Q602423,GTM,Sololá,Admin-1 capital,10,45373,ne-ne_10m_populated_places
1159118521,Totonicapán,托托尼卡潘,-91.358001,14.913999,Q837035,GTM,Totonicapán,Admin-1 capital,10,69734,ne-ne_10m_populated_places
1159118531,El Progreso,埃爾普羅格雷索,-90.016208,14.922294,Q686756,GTM,El Progreso,Admin-1 capital,10,147197,ne-ne_10m_populated_places
1159118557,Cuilapa,奎拉帕,-90.297999,14.279004,Q1015941,GTM,Santa Rosa,Admin-1 capital,10,16484,ne-ne_10m_populated_places
1159118571,Chiquimula,奇基穆拉,-89.543997,14.796999,Q261613,GTM,Chiquimula,Admin-1 capital,10,41521,ne-ne_10m_populated_places
1159118593,Jalapa,哈拉帕,-89.989002,14.633001,Q1023359,GTM,Jalapa,Admin-1 capital,10,45834,ne-ne_10m_populated_places
1159118607,Zacapa,薩卡帕,-89.529003,14.972004,Q139179,GTM,Zacapa,Admin-1 capital,10,36088,ne-ne_10m_populated_places
1159118621,Puerto Plata,圣斐利-银港,-70.690247,19.790217,Q988413,DOM,Puerto Plata,Admin-1 capital,10,119897,ne-ne_10m_populated_places
1159118639,Dajabón,达哈翁,-71.704998,19.548,Q1969407,DOM,Dajabón,Admin-1 capital,10,16398,ne-ne_10m_populated_places
1159118655,Moca,莫卡,-70.523001,19.396998,Q1241374,DOM,Espaillat,Admin-1 capital,10,61834,ne-ne_10m_populated_places
1159118673,Salcedo,萨尔塞多,-70.416702,19.383003,Q1023951,DOM,Hermanas,Admin-1 capital,10,45299,ne-ne_10m_populated_places
1159118691,Jimaní,希马尼,-71.850995,18.493002,Q1409818,DOM,Independencia,Admin-1 capital,10,6567,ne-ne_10m_populated_places
1159118711,Comendador,科门达多尔,-71.706996,18.875997,Q617647,DOM,Elias Pina,Admin-1 capital,10,43894,ne-ne_10m_populated_places
1159118729,Pedernales,佩德納萊斯,-71.740998,18.037998,Q2628384,DOM,Pedernales,Admin-1 capital,10,11072,ne-ne_10m_populated_places
1159118747,Azua,阿苏阿,-70.729002,18.453996,Q1836680,DOM,Azua,Admin-1 capital,10,59139,ne-ne_10m_populated_places
1159118765,Bonao,博瑙,-70.408998,18.942003,Q2306136,DOM,Monseñor Nouel,Admin-1 capital,10,73269,ne-ne_10m_populated_places
1159118785,Baní,巴尼,-70.331003,18.279999,Q1902349,DOM,Peravia,Admin-1 capital,10,66709,ne-ne_10m_populated_places
1159118801,Hato Mayor,阿托马约,-69.256997,18.764001,Q2427660,DOM,Hato Mayor,Admin-1 capital,10,35999,ne-ne_10m_populated_places
1159118825,Monte Plata,蒙特普拉塔,-69.784002,18.807003,Q634487,DOM,Monte Plata,Admin-1 capital,10,15532,ne-ne_10m_populated_places
1159118841,Nagua,纳瓜,-69.847002,19.376001,Q2306984,DOM,María Trinidad Sánchez,Admin-1 capital,10,33862,ne-ne_10m_populated_places
1159118863,Samaná,圣塔芭芭拉-山美纳,-69.332004,19.212003,Q579950,DOM,Samaná,Admin-1 capital,10,11432,ne-ne_10m_populated_places
1159118885,San Cristóbal,聖克里斯托瓦爾,-70.109,18.415998,Q373759,DOM,San Cristóbal,Admin-1 capital,10,154040,ne-ne_10m_populated_places
1159118907,El Seibo,埃尔塞沃,-69.035004,18.764001,Q2420339,DOM,El Seybo,Admin-1 capital,10,23547,ne-ne_10m_populated_places
1159118923,Higuey,伊圭,-68.707998,18.615996,Q1020261,DOM,La Altagracia,Admin-1 capital,10,123787,ne-ne_10m_populated_places
1159118935,Georgetown,詹江布尔,-14.767001,13.551003,Q1002786,GMB,Maccarthy Island,Admin-1 capital,10,3584,ne-ne_10m_populated_places
1159118951,Basse Santa Su,巴塞圣苏,-14.222997,13.310001,Q153498,GMB,Upper River,Admin-1 capital,10,14380,ne-ne_10m_populated_places
1159118969,Kerewan,凯雷万,-16.094997,13.493997,Q1478583,GMB,Lower River,Admin-1 capital,10,2751,ne-ne_10m_populated_places
1159118993,Mansa Konko,曼薩孔科,-15.543324,13.454894,Q972281,GMB,Lower River,Admin-1 capital,10,18672,ne-ne_10m_populated_places
1159119007,Sunyani,苏尼亚尼,-2.336003,7.335999,Q406037,GHA,Brong Ahafo,Admin-1 capital,10,70299,ne-ne_10m_populated_places
1159119035,Ebebiyín,埃贝比因,11.330002,2.152998,Q911358,GAB,Wouleu-Ntem,Admin-1 capital,10,24831,ne-ne_10m_populated_places
1159119053,Viljandi,维尔扬迪,25.59,58.363889,Q44840,EST,Viljandi,Admin-1 capital,10,20309,ne-ne_10m_populated_places
1159119065,Tchibanga,奇班加,10.997289,-2.921483,Q690421,GAB,Nyanga,Admin-1 capital,10,19365,ne-ne_10m_populated_places
1159119097,Madingou,馬丁古,13.554001,-4.164003,Q1971302,COG,Bouenza,Admin-1 capital,10,22760,ne-ne_10m_populated_places
1159119107,Lamia,拉米亚,22.434004,38.898999,Q192980,GRC,Stereá Elláda,Admin-1 capital,10,47246,ne-ne_10m_populated_places
1159119133,Polygyros,波利伊罗斯,23.453001,40.381002,Q14201950,GRC,Kentriki Makedonia,Admin-1 capital,10,5258,ne-ne_10m_populated_places
1159119151,Komatini,科莫蒂尼,25.416703,41.133303,Q208403,GRC,Anatoliki Makedonia kai Thraki,Admin-1 capital,10,45631,ne-ne_10m_populated_places
1159119175,B'abda,巴卜达,35.533296,33.833304,Q26454,LBN,Mount Lebanon,Admin-1 capital,10,9000,ne-ne_10m_populated_places
1159119203,Ramla,拉姆拉,34.866703,31.9167,Q221447,ISR,HaMerkaz,Admin-1 capital,10,63860,ne-ne_10m_populated_places
1159119221,Nabatiye et Tahta,纳巴泰,35.450002,33.383304,Q26134,LBN,An Nabatiyah,Admin-1 capital,10,80000,ne-ne_10m_populated_places
1159119239,Mariehamn,玛丽港,19.949005,60.096996,Q48329,ALD,Finström,Admin-0 region capital,10,10682,ne-ne_10m_populated_places
1159119251,Hämeenlinna,海门林纳,24.471999,60.996996,Q202158,FIN,Tavastia Proper,Admin-1 capital,10,47261,ne-ne_10m_populated_places
1159119269,Kouvola,科沃拉,26.709004,60.876,Q204382,FIN,Southern Finland,Admin-1 capital,10,31133,ne-ne_10m_populated_places
1159119287,Mikkeli,米凯利,27.285003,61.689996,Q190583,FIN,Southern Savonia,Admin-1 capital,10,46550,ne-ne_10m_populated_places
1159119305,Ban Houayxay,会晒,100.412778,20.2775,Q717371,LAO,Bokeo,Admin-1 capital,10,6347,ne-ne_10m_populated_places
1159119325,Louang Namtha,琅南塔,101.416699,20.950002,Q660793,LAO,Louang Namtha,Admin-1 capital,10,3225,ne-ne_10m_populated_places
1159119355,Champasak,占巴塞,105.866704,14.8833,Q611444,LAO,Champasak,Admin-1 capital,10,12994,ne-ne_10m_populated_places
1159119363,Saravan,沙拉湾,106.426999,15.715998,Q2275389,LAO,Saravan,Admin-1 capital,10,5521,ne-ne_10m_populated_places
1159119393,Xam Nua,桑怒,104.033305,20.416698,Q14842846,LAO,Houaphan,Admin-1 capital,10,38992,ne-ne_10m_populated_places
1159119411,Phongsali,丰沙里县,102.099997,21.683304,Q966990,LAO,Phôngsali,Admin-1 capital,10,6000,ne-ne_10m_populated_places
1159119427,Attapu,阿速坡,106.839,14.807997,Q757905,LAO,Attapu,Admin-1 capital,10,4297,ne-ne_10m_populated_places
1159119445,Kinkala,金卡拉,14.761999,-4.356,Q667652,COG,Pool,Admin-1 capital,10,13882,ne-ne_10m_populated_places
1159119463,Muineachan,莫纳亨,-6.966667,54.25,Q373901,IRL,Monaghan,Admin-1 capital,10,5937,ne-ne_10m_populated_places
1159119483,Vejle,瓦埃勒,9.534997,55.709001,Q27116,DNK,Syddanmark,Admin-1 capital,10,51177,ne-ne_10m_populated_places
1159119497,Hillerød,希勒勒,12.316698,55.933299,Q27425,DNK,Hovedstaden,Admin-1 capital,10,28313,ne-ne_10m_populated_places
1159119505,Sorø,索勒,11.566702,55.432998,Q27858,DNK,Sjaælland,Admin-1 capital,10,7167,ne-ne_10m_populated_places
1159119537,Mali,马里,-12.301001,12.084003,Q1019078,GIN,Labe,Admin-1 capital,10,5479,ne-ne_10m_populated_places
1159119553,Tongue,图盖,-11.670003,11.439999,Q7828837,GIN,Labe,Admin-1 capital,10,25531,ne-ne_10m_populated_places
1159119571,Kouroussa,库鲁萨,-9.891998,10.653003,Q731232,GIN,Kankan,Admin-1 capital,10,14223,ne-ne_10m_populated_places
1159119589,Pita,布瓦凯,-12.401001,11.079999,Q1152701,GIN,Mamou,Admin-1 capital,10,20052,ne-ne_10m_populated_places
1159119601,Dalaba,達拉巴,-12.272004,10.656,Q984798,GIN,Mamou,Admin-1 capital,10,6349,ne-ne_10m_populated_places
1159119617,Boffa,博法,-14.042996,10.185003,Q2908600,GIN,Boke,Admin-1 capital,10,2332,ne-ne_10m_populated_places
1159119637,Koundara,孔达拉,-13.295996,12.480003,Q985374,GIN,Boke,Admin-1 capital,10,13990,ne-ne_10m_populated_places
1159119665,Gaoual,加瓦尔,-13.212998,11.754,Q3095240,GIN,Boke,Admin-1 capital,10,7461,ne-ne_10m_populated_places
1159119683,Télimélé,泰利梅莱,-13.042998,10.905003,Q7862201,GIN,Kindia,Admin-1 capital,10,30311,ne-ne_10m_populated_places
1159119699,Forecariah,福雷卡里亚,-13.097997,9.430002,Q3077142,GIN,Kindia,Admin-1 capital,10,12358,ne-ne_10m_populated_places
1159119717,Beyla,贝拉,-8.657001,8.686998,Q1076707,GIN,Nzerekore,Admin-1 capital,10,13204,ne-ne_10m_populated_places
1159119737,Gueckedou,盖凯杜,-10.151001,8.553996,Q740687,GIN,Nzerekore,Admin-1 capital,10,221715,ne-ne_10m_populated_places
1159119755,Dinguiraye,丁吉拉伊,-10.726001,11.298996,Q1006013,GIN,Faranah,Admin-1 capital,10,6062,ne-ne_10m_populated_places
1159119773,Dabola,达博拉,-11.108996,10.747998,Q1100543,GIN,Faranah,Admin-1 capital,10,13057,ne-ne_10m_populated_places
1159119785,Touba,图巴,-7.684001,8.28,Q2308752,CIV,Bafing,Admin-1 capital,10,27504,ne-ne_10m_populated_places
1159119809,Bouaflé,布瓦夫莱,-5.748002,6.977997,Q1588797,CIV,Marahoué,Admin-1 capital,10,60962,ne-ne_10m_populated_places
1159119825,Divo,迪沃,-5.360004,5.839002,Q1530295,CIV,Sud-Bandama,Admin-1 capital,10,127867,ne-ne_10m_populated_places
1159119843,Toumodi,图莫迪,-5.019002,6.552,Q3532934,CIV,Lacs,Admin-1 capital,10,39005,ne-ne_10m_populated_places
1159119863,Aboisso,阿博伊索,-3.200003,5.466699,Q521322,CIV,Sud-Comoé,Admin-1 capital,10,37654,ne-ne_10m_populated_places
1159119879,Santa Cruz Del Quiche,基切省聖克魯斯,-91.133298,15.033303,Q693140,GTM,Quiché,Admin-1 capital,10,23618,ne-ne_10m_populated_places
1159119899,Buea,布埃亚,9.231003,4.155003,Q312209,CMR,Sud-Ouest,Admin-1 capital,10,90088,ne-ne_10m_populated_places
1159119919,Krujë,克鲁亚,19.797004,41.518998,Q194164,ALB,Durrës,Admin-1 capital,10,21286,ne-ne_10m_populated_places
1159119937,Fier,费里,19.573003,40.730004,Q190897,ALB,Fier,Admin-1 capital,10,82297,ne-ne_10m_populated_places
1159119955,Lushnjë,卢什涅,19.716003,40.940001,Q212680,ALB,Fier,Admin-1 capital,10,41469,ne-ne_10m_populated_places
1159119975,Pukë,普克,19.883305,42.033303,Q19310,ALB,Shkodër,Admin-1 capital,10,6495,ne-ne_10m_populated_places
1159119991,Bajram Curri,巴依拉姆楚里城,20.083303,42.3333,Q18705,ALB,Kukës,Admin-1 capital,10,7967,ne-ne_10m_populated_places
1159120009,Kukës,库克斯,20.433996,42.083001,Q210197,ALB,Kukës,Admin-1 capital,10,17832,ne-ne_10m_populated_places
1159120029,Sarandë,萨兰达,19.999999,39.877002,Q193226,ALB,Vlorë,Admin-1 capital,10,15147,ne-ne_10m_populated_places
1159120047,Ersekë,愛爾塞克,20.683297,40.333302,Q18793,ALB,Korçë,Admin-1 capital,10,7890,ne-ne_10m_populated_places
1159120063,Pogradec,波格拉德茨,20.664001,40.899996,Q73639,ALB,Kor,Admin-1 capital,10,40000,ne-ne_10m_populated_places
1159120077,Korçë,科尔察,20.766663,40.616676,Q116341,ALB,Korçë,Admin-1 capital,10,58259,ne-ne_10m_populated_places
1159120101,Berat,培拉特,19.972,40.709997,Q170244,ALB,Berat,Admin-1 capital,10,46866,ne-ne_10m_populated_places
1159120119,Çorovodë,乔罗沃达,20.233297,40.516704,Q19307,ALB,Berat,Admin-1 capital,10,14046,ne-ne_10m_populated_places
1159120129,Gramsh,格拉姆什,20.199997,40.866696,Q18777,ALB,Elbasan,Admin-1 capital,10,11556,ne-ne_10m_populated_places
1159120149,Librazhd,利布拉什德,20.366704,41.200002,Q18772,ALB,Elbasan,Admin-1 capital,10,12691,ne-ne_10m_populated_places
1159120171,Tepelenë,台佩莱纳,20.033299,40.283298,Q81631,ALB,Gjirokastër,Admin-1 capital,10,11955,ne-ne_10m_populated_places
1159120189,Përmet,佩尔梅特,20.351998,40.233996,Q642856,ALB,Gjirokastër,Admin-1 capital,10,10686,ne-ne_10m_populated_places
1159120207,Gjirokastër,吉诺卡斯特,20.149003,40.078998,Q173690,ALB,Gjirokastër,Admin-1 capital,10,23437,ne-ne_10m_populated_places
1159120227,Peshkopi,佩什科比,20.433304,41.683302,Q223154,ALB,Dibër,Admin-1 capital,10,14848,ne-ne_10m_populated_places
1159120241,Burrel,布雷利,20.016001,41.625999,Q461313,ALB,Dibër,Admin-1 capital,10,15405,ne-ne_10m_populated_places
1159120259,Lezhë,莱什,19.654003,41.787999,Q169160,ALB,Lezhë,Admin-1 capital,10,18695,ne-ne_10m_populated_places
1159120277,Rrëshen,勒申,19.816705,41.783301,Q18737,ALB,Lezhë,Admin-1 capital,10,10064,ne-ne_10m_populated_places
1159120297,Ashtarak,阿什塔拉克,44.359167,40.301667,Q39510,ARM,Aragatsotn,Admin-1 capital,10,18779,ne-ne_10m_populated_places
1159120321,Mons,蒙斯,3.939004,50.445999,Q83407,BEL,Hainaut,Admin-1 capital,10,91277,ne-ne_10m_populated_places
1159120339,Hasselt,哈瑟尔特,5.338536,50.928838,Q58780,BEL,Limburg,Admin-1 capital,10,69222,ne-ne_10m_populated_places
1159120357,Ijevan,伊杰万,45.149167,40.875556,Q62367,ARM,Tavush,Admin-1 capital,10,14737,ne-ne_10m_populated_places
1159120381,Artashat,阿爾塔沙特,44.550556,39.953889,Q39560,ARM,Ararat,Admin-1 capital,10,20562,ne-ne_10m_populated_places
1159120397,Gavarr,加瓦爾,45.126667,40.358889,Q39565,ARM,Gegharkunik,Admin-1 capital,10,21680,ne-ne_10m_populated_places
1159120421,Gadabay,凯达贝克,45.816111,40.565556,Q2352160,AZE,G?d?b?y,Admin-1 capital,10,8657,ne-ne_10m_populated_places
1159120437,Goranboy,戈兰博伊,46.789722,40.610278,Q2352148,AZE,Goranboy,Admin-1 capital,10,7333,ne-ne_10m_populated_places
1159120461,Tovuz,塔乌兹,45.628889,40.992222,Q1026084,AZE,Tovuz,Admin-1 capital,10,12626,ne-ne_10m_populated_places
1159120479,Agdam,阿格达姆,45.556389,40.905278,Q4056804,AZE,Tovuz,Historic place,10,0,ne-ne_10m_populated_places
1159120491,Qabala,盖贝莱,47.845833,40.981389,Q244236,AZE,Q?b?l?,Admin-1 capital,10,11867,ne-ne_10m_populated_places
1159120515,Oğuz,奥古兹,47.458333,41.070833,Q1017630,AZE,Oguz,Admin-1 capital,10,6876,ne-ne_10m_populated_places
1159120533,Yeghegnadzor,葉海格納佐爾,45.333333,39.761111,Q39538,ARM,Vayots Dzor,Admin-1 capital,10,8200,ne-ne_10m_populated_places
1159120551,Qala i Naw,瑙堡,63.1333,34.983,Q26396,AFG,Badghis,Admin-1 capital,10,2997,ne-ne_10m_populated_places
1159120569,Chaghcharan,恰赫恰兰,65.250001,34.516701,Q958621,AFG,Ghor,Admin-1 capital,10,15000,ne-ne_10m_populated_places
1159120587,Lashkar Gah,拉什卡尔加,64.36,31.582998,Q476800,AFG,Hilmand,Admin-1 capital,10,201546,ne-ne_10m_populated_places
1159120605,Zaranj,扎兰季,61.886997,31.112001,Q475802,AFG,Nimroz,Admin-1 capital,10,49851,ne-ne_10m_populated_places
1159120625,Tarin Kowt,塔林科特,65.866699,32.633298,Q989293,AFG,Uruzgan,Admin-1 capital,10,10000,ne-ne_10m_populated_places
1159120645,Zareh Sharan,沙兰,68.416704,32.85,Q1647498,AFG,Paktika,Admin-1 capital,10,13737,ne-ne_10m_populated_places
1159120671,Asadabad,阿萨达巴德,71.150005,34.866,Q685808,AFG,Kunar,Admin-1 capital,10,48400,ne-ne_10m_populated_places
1159120693,Taloqan,塔卢坎,69.540004,36.729999,Q477238,AFG,Takhar,Admin-1 capital,10,64256,ne-ne_10m_populated_places
1159120711,Mahmud-E Eraqi,马哈茂德埃拉基,69.333301,35.016696,Q600514,AFG,Kapisa,Admin-1 capital,10,7407,ne-ne_10m_populated_places
1159120727,Mehtar Lam,米特拉姆,70.166701,34.65,Q1982155,AFG,Laghman,Admin-1 capital,10,17345,ne-ne_10m_populated_places
1159120743,Baraki Barak,巴拉基巴拉克,68.966703,33.966702,Q807234,AFG,Logar,Admin-1 capital,10,22305,ne-ne_10m_populated_places
1159120765,Aybak,艾巴克,68.040001,36.261,Q1020649,AFG,Samangan,Admin-1 capital,10,24000,ne-ne_10m_populated_places
1159120777,Mayda Shahr,迈丹城,68.799997,34.450002,Q935810,AFG,Wardak,Admin-1 capital,10,35008,ne-ne_10m_populated_places
1159120795,Kampong Spoe,磅士卑,104.518999,11.451996,Q2344811,KHM,Kâmpóng Spœ,Admin-1 capital,10,33231,ne-ne_10m_populated_places
1159120815,Kampong Thum,磅同,104.888998,12.711996,Q976223,KHM,Kâmpóng Thum,Admin-1 capital,10,19951,ne-ne_10m_populated_places
1159120831,Prey Veng,波蘿勉,105.324004,11.484,Q934619,KHM,Prey Ving,Admin-1 capital,10,74000,ne-ne_10m_populated_places
1159120843,Phnum Tbeng Meanchey,佛农丁棉吉,104.966704,13.816701,Q2428308,KHM,Preah Vihéar,Admin-1 capital,10,24380,ne-ne_10m_populated_places
1159120859,Stoeng Treng,上丁,105.974002,13.523004,Q10859501,KHM,StMng Tr,Admin-1 capital,10,29665,ne-ne_10m_populated_places
1159120879,Kracheh,桔井,106.023997,12.468996,Q261892,KHM,Krâchéh,Admin-1 capital,10,19975,ne-ne_10m_populated_places
1159120887,Senmonorom,森莫諾隆,107.2,12.449997,Q2530693,KHM,Môndól Kiri,Admin-1 capital,10,7944,ne-ne_10m_populated_places
1159120907,Lumphat,隆发县,106.981003,13.507002,Q2235920,KHM,Rôtânôkiri,Admin-1 capital,10,19205,ne-ne_10m_populated_places
1159120929,Svay Rieng,柴楨,105.801004,11.079999,Q10861438,KHM,Svay Rieng,Admin-1 capital,10,23956,ne-ne_10m_populated_places
1159120945,Jijel,吉杰勒,5.766004,36.821997,Q402726,DZA,Jijel,Admin-1 capital,10,148000,ne-ne_10m_populated_places
1159120959,Lokossa,洛科薩,1.715005,6.615,Q219058,BEN,Mono,Admin-1 capital,10,86971,ne-ne_10m_populated_places
1159120975,Fada Ngourma,法达恩古尔马,0.360999,12.054996,Q990122,BFA,Gourma,Admin-1 capital,10,33910,ne-ne_10m_populated_places
1159120991,Tizi-Ouzou,提济乌祖,4.046144,36.71171,Q277201,DZA,Tizi Ouzou,Admin-1 capital,10,144000,ne-ne_10m_populated_places
1159121009,Bordj Bou Arréridj,布阿拉里季堡,4.764662,36.077709,Q544733,DZA,Bordj Bou Arreridj,Admin-1 capital,10,140000,ne-ne_10m_populated_places
1159121019,M'sila,姆西拉,4.545001,35.700003,Q402825,DZA,M'Sila,Admin-1 capital,10,150000,ne-ne_10m_populated_places
1159121039,Guelma,盖勒马,7.427998,36.466002,Q609871,DZA,Guelma,Admin-1 capital,10,123590,ne-ne_10m_populated_places
1159121049,Oum el Bouaghi,乌姆布瓦吉,7.149997,35.849997,Q5478122,DZA,Oum el Bouaghi,Admin-1 capital,10,100821,ne-ne_10m_populated_places
1159121071,Lovec,洛维奇,24.719005,43.137999,Q189328,BGR,Lovech,Admin-1 capital,10,42211,ne-ne_10m_populated_places
1159121085,Montana,蒙塔纳,23.237002,43.414002,Q220121,BGR,Montana,Admin-1 capital,10,47445,ne-ne_10m_populated_places
1159121103,Razgrad,拉兹格勒,26.535997,43.533999,Q189650,BGR,Razgrad,Admin-1 capital,10,38285,ne-ne_10m_populated_places
1159121119,Arlon,阿尔隆,5.8167,49.683303,Q675960,BEL,Arlon,Admin-1 capital,10,26179,ne-ne_10m_populated_places
1159121131,Bregenz,布雷根茨,9.766702,47.516697,Q1737,AUT,Vorarlberg,Admin-1 capital,10,26928,ne-ne_10m_populated_places
1159121147,Eisenstadt,艾森斯塔特,16.533297,47.833299,Q126321,AUT,Burgenland,Admin-1 capital,10,13165,ne-ne_10m_populated_places
1159121163,Paro,帕罗,89.416777,27.42937,Q862041,BTN,Thimphu,Admin-1 capital,10,15000,ne-ne_10m_populated_places
1159121181,Punakha,普那卡,89.864135,27.584154,Q826112,BTN,Punakha,Admin-1 capital,10,5000,ne-ne_10m_populated_places
1159121199,Loikaw,垒固,97.206004,19.665,Q1017971,MMR,Kayah,Admin-1 capital,10,17293,ne-ne_10m_populated_places
1159121217,Wangdue Prodrang,旺杜波德朗,89.916697,27.433296,Q1715095,BTN,Wangdi Phodrang,Admin-1 capital,10,5000,ne-ne_10m_populated_places
1159121233,Cankuzo,尚库佐省,30.516697,-3.166704,Q2669640,BDI,Cankuzo,Admin-1 capital,10,6585,ne-ne_10m_populated_places
1159121251,Karusi,卡鲁齐,30.162996,-3.099996,Q684152,BDI,Karuzi,Admin-1 capital,10,10705,ne-ne_10m_populated_places
1159121267,Rutana,鲁塔纳,29.993005,-3.931002,Q246069,BDI,Rutana,Admin-1 capital,10,20893,ne-ne_10m_populated_places
1159121281,Ruyigi,鲁伊吉,30.243997,-3.481002,Q1018116,BDI,Ruyigi,Admin-1 capital,10,38458,ne-ne_10m_populated_places
1159121299,Bubanza,布班扎,29.366703,-3.083301,Q2020432,BDI,Bubanza,Admin-1 capital,10,12728,ne-ne_10m_populated_places
1159121315,Kayanza,卡扬扎,29.566702,-2.899998,Q2305839,BDI,Kayanza,Admin-1 capital,10,19443,ne-ne_10m_populated_places
1159121333,Makamba,马坎巴,29.8,-4.133304,Q1286083,BDI,Makamba,Admin-1 capital,10,19642,ne-ne_10m_populated_places
1159121345,Ngozi,恩戈齊,29.825002,-2.912004,Q929689,BDI,Ngozi,Admin-1 capital,10,21506,ne-ne_10m_populated_places
1159121359,Kirundo,基隆多,30.097222,-2.584722,Q2640808,BDI,Kirundo,Admin-1 capital,10,6083,ne-ne_10m_populated_places
1159121379,Orodara,奥罗达拉,-4.907997,10.973997,Q143892,BFA,Kénédougou,Admin-1 capital,10,18632,ne-ne_10m_populated_places
1159121389,Solenzo,索倫佐,-4.083333,12.183333,Q2102129,BFA,Banwa,Admin-1 capital,10,10385,ne-ne_10m_populated_places
1159121409,Nouna,努纳,-3.86,12.728997,Q1301716,BFA,Kossi,Admin-1 capital,10,29048,ne-ne_10m_populated_places
1159121417,Dédougou,代杜古,-3.464,12.455001,Q934436,BFA,Mou Houn,Admin-1 capital,10,45341,ne-ne_10m_populated_places
1159121437,Gorom Gorom,戈羅姆戈羅姆,-0.233297,14.450004,Q741117,BFA,Oudalan,Admin-1 capital,10,6691,ne-ne_10m_populated_places
1159121453,Djibo,吉博,-1.627001,14.099004,Q1232175,BFA,Soum,Admin-1 capital,10,22223,ne-ne_10m_populated_places
1159121471,Tougan,图冈,-3.069998,13.068999,Q558346,BFA,Sourou,Admin-1 capital,10,17590,ne-ne_10m_populated_places
1159121487,Kombissiri,孔比西里,-1.333997,12.063996,Q1642022,BFA,Bazéga,Admin-1 capital,10,30137,ne-ne_10m_populated_places
1159121505,Ziniaré,濟尼亞雷,-1.293002,12.576996,Q15647343,BFA,Oubritenga,Admin-1 capital,10,12703,ne-ne_10m_populated_places
1159121521,Yako,亚科,-2.262996,12.953997,Q940973,BFA,Passoré,Admin-1 capital,10,22904,ne-ne_10m_populated_places
1159121539,Réo,雷奥,-2.466944,12.333492,Q1817933,BFA,Sanguié,Admin-1 capital,10,37535,ne-ne_10m_populated_places
1159121553,Leo,莱奥,-2.097999,11.094003,Q650951,BFA,Sissili,Admin-1 capital,10,26884,ne-ne_10m_populated_places
1159121571,Sapouy,萨普伊,-1.773611,11.554444,Q2183729,BFA,Ziro,Admin-1 capital,10,3837,ne-ne_10m_populated_places
1159121591,Boulsa,布尔萨,-0.568998,12.656997,Q895110,BFA,Namentenga,Admin-1 capital,10,17489,ne-ne_10m_populated_places
1159121599,Zorgo,佐尔戈,-0.611,12.242997,Q929255,BFA,Ganzourgou,Admin-1 capital,10,23892,ne-ne_10m_populated_places
1159121621,Koupéla,库佩拉,-0.356003,12.177,Q116524,BFA,Kouritenga,Admin-1 capital,10,32052,ne-ne_10m_populated_places
1159121629,Pô,波村,-1.134999,11.169,Q1756613,BFA,Nahouri,Admin-1 capital,10,17924,ne-ne_10m_populated_places
1159121647,Manga,芒加,-1.064996,11.662002,Q999498,BFA,Zoundwéogo,Admin-1 capital,10,15173,ne-ne_10m_populated_places
1159121675,Diébougou,迪耶布谷,-3.248,10.952001,Q578567,BFA,Bougouriba,Admin-1 capital,10,12732,ne-ne_10m_populated_places
1159121689,Gaoua,加瓦,-3.174002,10.324998,Q1011882,BFA,Poni,Admin-1 capital,10,28023,ne-ne_10m_populated_places
1159121701,Bogandé,博冈代,-0.137996,12.969,Q890373,BFA,Gnagna,Admin-1 capital,10,9854,ne-ne_10m_populated_places
1159121717,Dori,多里,-0.027998,14.033997,Q999493,BFA,Séno,Admin-1 capital,10,37806,ne-ne_10m_populated_places
1159121737,Sebba,塞巴,0.530443,13.436412,Q614566,BFA,Yagha,Admin-1 capital,10,3273,ne-ne_10m_populated_places
1159121755,Diapaga,賈帕加,1.796005,12.077001,Q254514,BFA,Tapoa,Admin-1 capital,10,26013,ne-ne_10m_populated_places
1159121771,Pa-an,帕安,97.616701,16.849998,Q1209404,MMR,Kayin,Admin-1 capital,10,50000,ne-ne_10m_populated_places
1159121785,Hakha,哈卡,93.616705,22.650003,Q738563,MMR,Chin,Admin-1 capital,10,20000,ne-ne_10m_populated_places
1159121797,Taunggyi,东枝,97.038001,20.781999,Q1075566,MMR,Shan,Admin-1 capital,10,160115,ne-ne_10m_populated_places
1159121811,Sagaing,实皆,95.961997,21.879999,Q1018173,MMR,Sagaing,Admin-1 capital,10,78739,ne-ne_10m_populated_places
1159121827,Muramvya,穆拉姆维亚,29.611999,-3.260997,Q557529,BDI,Muramvya,Admin-1 capital,10,18041,ne-ne_10m_populated_places
1159121843,Larnaka,拉纳卡,33.635998,34.917003,Q171882,CYP,Larnaca,Admin-1 capital,10,48947,ne-ne_10m_populated_places
1159121859,Paphos,帕福斯,32.422457,34.755915,Q180918,CYP,Paphos,Admin-1 capital,10,35961,ne-ne_10m_populated_places
1159121875,Laascaanood,拉斯阿诺得,47.3167,8.433297,Q1017223,SOL,,Admin-1 capital,10,60100,ne-ne_10m_populated_places
1159121897,Ceerigaabo,埃里加博,47.333305,10.583298,Q1017183,SOL,,Admin-1 capital,10,180000,ne-ne_10m_populated_places
1159121905,Santo António,聖安東尼奧,7.412005,1.645002,Q973656,STP,,Admin-1 capital,10,1156,ne-ne_10m_populated_places
1159121931,Daru,達魯,143.233723,-9.109152,Q499375,PNG,,Admin-1 capital,10,15214,ne-ne_10m_populated_places
1159121947,Ramallah,拉姆安拉,35.206209,31.902945,Q158119,PSX,,Admin-0 region capital,10,24599,ne-ne_10m_populated_places
1159121963,Kyrenia,凯里尼亚,33.333004,35.325999,Q206760,CYN,,Admin-1 capital,10,26701,ne-ne_10m_populated_places
1159121977,San Carlos,圣卡洛斯,-68.589998,9.657999,Q995718,VEN,Cojedes,Admin-1 capital,9,77192,ne-ne_10m_populated_places
1159121993,San Felipe,聖費利佩,-68.745996,10.335996,Q965754,VEN,Yaracuy,Admin-1 capital,9,76766,ne-ne_10m_populated_places
1159122009,San Juan De Los Morros,圣胡安德洛斯莫罗斯,-67.354002,9.900999,Q999117,VEN,Guárico,Admin-1 capital,9,87739,ne-ne_10m_populated_places
1159122025,La Asunción,拉亚松森,-63.883331,11.033334,Q860689,VEN,Nueva Esparta,Admin-1 capital,9,35084,ne-ne_10m_populated_places
1159122041,Al Bayda,贝达,45.574003,13.978998,Q1752951,YEM,Al Bayda',Admin-1 capital,9,37821,ne-ne_10m_populated_places
1159122053,'Ataq,阿塔格,46.800001,14.550003,Q1276081,YEM,Shabwah,Admin-1 capital,9,37315,ne-ne_10m_populated_places
1159122073,Marib,马里卜,45.333999,15.420996,Q335478,YEM,Ma'rib,Admin-1 capital,9,16794,ne-ne_10m_populated_places
1159122085,Roatán,罗阿坦岛,-86.518998,16.329996,Q1419813,HND,Islas de la Bahía,Admin-1 capital,9,7514,ne-ne_10m_populated_places
1159122109,Borgarnes,博尔加内斯,-21.862322,64.569503,Q276537,ISL,Vesturland,Admin-1 capital,9,1783,ne-ne_10m_populated_places
1159122125,San Carlos,圣卡洛斯,-84.775859,11.189359,Q1020320,NIC,Nicaragua,Admin-1 capital,9,13451,ne-ne_10m_populated_places
1159122139,Onverwacht,翁弗瓦赫特,-55.199996,5.599998,Q1861566,SUR,Para,Admin-1 capital,9,2105,ne-ne_10m_populated_places
1159122155,Groningen,格罗宁根,-55.481003,5.796999,Q508935,SUR,Saramacca,Admin-1 capital,9,3216,ne-ne_10m_populated_places
1159122171,Leninobod,索格特州,69.000004,39.750003,Q6522635,TJK,Leninabad,Admin-1 capital,9,11468,ne-ne_10m_populated_places
1159122179,Mariscal Estigarribia,埃斯蒂加里维亚元帅镇,-60.609995,-22.030002,Q1093167,PRY,Boqueran,Admin-1 capital,9,2500,ne-ne_10m_populated_places
1159122193,Caacupé,卡库佩,-57.14,-25.387002,Q135959,PRY,Cordillera,Admin-1 capital,9,21696,ne-ne_10m_populated_places
1159122209,Jinotepe,希諾特佩,-86.194997,11.845998,Q477580,NIC,Carazo,Admin-1 capital,9,29507,ne-ne_10m_populated_places
1159122225,Jinotega,希诺特加,-86.000004,13.091004,Q1026296,NIC,Jinotega,Admin-1 capital,9,51073,ne-ne_10m_populated_places
1159122241,Masaya,马萨亚,-86.094999,11.969001,Q1001914,NIC,Masaya,Admin-1 capital,9,130113,ne-ne_10m_populated_places
1159122257,Sakakah,塞卡凱,40.133305,29.999997,Q27469,SAU,Al Jawf,Admin-1 capital,9,128332,ne-ne_10m_populated_places
1159122273,Bentiu,班提烏,29.833333,9.233333,Q818284,SSD,Unity,Admin-1 capital,9,7653,ne-ne_10m_populated_places
1159122289,El Porvenir,埃尔波韦尼尔,-78.971963,9.541686,Q1018577,PAN,Kuna Yala,Admin-1 capital,9,10,ne-ne_10m_populated_places
1159122297,Nazran,纳兹兰,44.783001,43.233003,Q163935,RUS,Ingush,Admin-1 capital,9,93357,ne-ne_10m_populated_places
1159122309,Ust' Ordynskiy,乌斯季奥尔登斯基,104.699998,52.832997,Q958163,RUS,Ust-Orda Buryat,Admin-1 capital,9,14538,ne-ne_10m_populated_places
1159122333,Dutse,杜切,9.350335,11.799189,Q1023713,NGA,Jigawa,Admin-1 capital,9,17129,ne-ne_10m_populated_places
1159122345,Damaturu,达马图鲁,11.966005,11.748996,Q1023722,NGA,Yobe,Admin-1 capital,9,255895,ne-ne_10m_populated_places
1159122361,Puyo,普約,-77.986998,-1.483002,Q676931,ECU,Pastaza,Admin-1 capital,9,24881,ne-ne_10m_populated_places
1159122371,Heredia,埃雷迪亚,-84.120002,9.991998,Q30616,CRI,Heredia,Admin-1 capital,9,21947,ne-ne_10m_populated_places
1159122385,Tulcán,图尔坎,-77.732,0.821997,Q752113,ECU,Carchi,Admin-1 capital,9,83000,ne-ne_10m_populated_places
1159122401,Yopal,约帕尔,-72.405999,5.346999,Q13591,COL,Casanare,Admin-1 capital,9,61029,ne-ne_10m_populated_places
1159122417,Klaksvík,克拉克斯维克,-6.539011,62.237478,Q189361,FRO,Eysturoyar,Admin-1 capital,9,4664,ne-ne_10m_populated_places
1159122433,Laï,拉伊,16.305004,9.395001,Q1856972,TCD,Tandjilé,Admin-1 capital,9,19382,ne-ne_10m_populated_places
1159122449,Mainz,美因茨,8.273219,49.982473,Q1720,DEU,Rheinland-Pfalz,Admin-1 capital,9,184997,ne-ne_10m_populated_places
1159122463,Usti Nad Labem,拉贝河畔乌斯季,14.081005,50.662998,Q156974,CZE,Liberecký,Admin-1 capital,9,94105,ne-ne_10m_populated_places
1159122475,Hradec Králové,赫拉德茨-克拉洛韦,15.812001,50.205996,Q180139,CZE,Královéhradecký,Admin-1 capital,9,95195,ne-ne_10m_populated_places
1159122481,Fderik,弗德里克,-12.707,22.679001,Q113034,MRT,Tiris Zemmour,Admin-1 capital,9,5760,ne-ne_10m_populated_places
1159122491,Aleg,阿莱格,-13.908996,17.057997,Q986384,MRT,Brakna,Admin-1 capital,9,8388,ne-ne_10m_populated_places
1159122507,Akjoujt,阿克茹特,-14.390999,19.746999,Q419544,MRT,Inchiri,Admin-1 capital,9,370,ne-ne_10m_populated_places
1159122521,Duhok,达霍克,43.000003,36.8667,Q152831,IRQ,Dihok,Admin-1 capital,9,986000,ne-ne_10m_populated_places
1159122533,Samarra,萨迈拉,43.875001,34.193997,Q170047,IRQ,Sala ad-Din,Admin-1 capital,9,158508,ne-ne_10m_populated_places
1159122553,Awasa,阿瓦萨,38.476999,7.059996,Q755765,ETH,"Southern Nations, Nationalities and Peoples",Admin-1 capital,9,133097,ne-ne_10m_populated_places
1159122569,Gore,戈雷,35.537005,8.148996,Q3110215,ETH,Addis Ababa,Admin-1 capital,9,9352,ne-ne_10m_populated_places
1159122581,Schwerin,什未林,11.416699,53.633304,Q1709,DEU,Mecklenburg-Vorpommern,Admin-1 capital,9,96641,ne-ne_10m_populated_places
1159122603,Turgay,图尔盖,63.498996,49.626,Q1956467,KAZ,Qostanay,Admin-1 capital,9,5277,ne-ne_10m_populated_places
1159122613,Yasuj,亞蘇季,51.594004,30.659004,Q383129,IRN,Kohgiluyeh and Buyer Ahmad,Admin-1 capital,9,96786,ne-ne_10m_populated_places
1159122629,Shahrekord,沙赫爾庫爾德,50.853997,32.320998,Q386649,IRN,Chahar Mahall and Bakhtiari,Admin-1 capital,9,129153,ne-ne_10m_populated_places
1159122651,Mangyshlak,阿克套,51.141736,43.690455,Q198989,KAZ,Mangghystau,Admin-1 capital,9,147443,ne-ne_10m_populated_places
1159122667,Panaji,帕纳吉,73.818001,15.491997,Q214681,IND,Goa,Admin-1 capital,9,65586,ne-ne_10m_populated_places
1159122685,Mobaye,莫巴伊,21.179997,4.32,Q1025621,CAF,Basse-Kotto,Admin-1 capital,9,19431,ne-ne_10m_populated_places
1159122697,El Cayo,埃尔卡约,-89.061003,17.155998,,BLZ,Cayo,Admin-1 capital,9,16977,ne-ne_10m_populated_places
1159122709,Corozal,科罗萨尔镇,-88.388001,18.397998,Q882907,BLZ,Corozal,Admin-1 capital,9,8724,ne-ne_10m_populated_places
1159122729,Mochudi,莫丘迪,26.152003,-24.377004,Q615877,BWA,Kgatleng,Admin-1 capital,9,39700,ne-ne_10m_populated_places
1159122745,San Andrés,圣安德列斯,-81.690327,12.562137,Q134678,COL,,Admin-1 capital,9,58257,ne-ne_10m_populated_places
1159122761,Bade,八德区,121.298889,24.9575,Q74052,TWN,Taoyuan,Populated place,9,172065,ne-ne_10m_populated_places
1159122779,Pingzhen,平镇区,121.216111,24.943889,Q713336,TWN,Taoyuan,Populated place,9,201632,ne-ne_10m_populated_places
1159122791,Taibao,太保,120.333333,23.45,Q701634,TWN,Chiayi,Admin-1 capital,9,35000,ne-ne_10m_populated_places
1159122805,Taoyuan,桃园区,121.311111,24.988889,Q715975,TWN,Taoyuan,Admin-1 capital,8,500000,ne-ne_10m_populated_places
1159122823,Yangmei,杨梅区,121.15,24.916667,Q211505,TWN,Taoyuan,Populated place,9,175000,ne-ne_10m_populated_places
1159122837,Yilan,宜兰,121.75,24.75,Q680842,TWN,Yilan,Admin-1 capital,8,150000,ne-ne_10m_populated_places
1159122859,Zhubei,竹北,121.011944,24.833333,Q29624,TWN,Hsinchu,Admin-1 capital,9,200000,ne-ne_10m_populated_places
1159122883,Artigas,阿蒂加斯,-56.48602,-30.415987,Q712567,URY,Artigas,Admin-1 capital,8,41909,ne-ne_10m_populated_places
1159122895,Baltasar Brum,巴爾塔薩爾布魯姆,-57.319974,-30.730025,Q805555,URY,Artigas,Populated place,8,2517,ne-ne_10m_populated_places
1159122911,Tranqueras,特兰克拉斯,-55.749967,-31.200022,Q1784710,URY,Rivera,Populated place,8,7474,ne-ne_10m_populated_places
1159122929,Tacuarembó,塔夸伦博,-55.980004,-31.709965,Q833016,URY,Tacuarembó,Admin-1 capital,8,54277,ne-ne_10m_populated_places
1159122949,Paso de los Toros,帕索德洛斯托羅斯,-56.51005,-32.810001,Q664156,URY,Tacuarembó,Populated place,8,13221,ne-ne_10m_populated_places
1159122965,Vergara,貝爾加拉,-53.949999,-32.929994,Q2298580,URY,Treinta y Tres,Populated place,8,3998,ne-ne_10m_populated_places
1159122975,Treinta y Tres,三十三人城,-54.380025,-33.230027,Q830390,URY,Treinta y Tres,Admin-1 capital,8,27684,ne-ne_10m_populated_places
1159122991,Santa Lucía,圣卢西亚,-56.399979,-34.470003,Q1014315,URY,Canelones,Populated place,8,16438,ne-ne_10m_populated_places
1159123015,José Batlle y Ordóñez,拉瓦耶哈,-55.120005,-33.470013,Q1668942,URY,Lavalleja,Populated place,8,2438,ne-ne_10m_populated_places
1159123033,Minas,米纳斯,-55.230024,-34.370009,Q868205,URY,Lavalleja,Admin-1 capital,8,41180,ne-ne_10m_populated_places
1159123051,Maldonado,馬爾多納多,-54.959989,-34.910028,Q16258,URY,Maldonado,Admin-1 capital,8,55478,ne-ne_10m_populated_places
1159123067,Punta del Este,埃斯特角城,-54.94999,-34.969973,Q56069,URY,Maldonado,Admin-1 capital,8,159000,ne-ne_10m_populated_places
1159123083,Aiguá,艾瓜,-54.750002,-34.199994,Q404803,URY,Maldonado,Populated place,8,2692,ne-ne_10m_populated_places
1159123099,La Paloma,拉帕洛馬,-54.169986,-34.669991,Q893173,URY,Rocha,Populated place,8,3230,ne-ne_10m_populated_places
1159123115,Faribault,法里博,-93.268013,44.290487,Q177861,USA,Minnesota,Populated place,8,25376,ne-ne_10m_populated_places
1159123133,Mankato,明尼苏达州曼卡多,-93.999157,44.163621,Q913243,USA,Minnesota,Populated place,8,56325,ne-ne_10m_populated_places
1159123141,Albert Lea,艾伯特利,-93.368704,43.647787,Q913476,USA,Minnesota,Populated place,8,20522,ne-ne_10m_populated_places
1159123165,Willmar,威尔马,-95.043305,45.121883,Q1986492,USA,Minnesota,Populated place,8,18473,ne-ne_10m_populated_places
1159123173,Brainerd,佈雷納德,-94.20085,46.358009,Q897435,USA,Minnesota,Populated place,8,28187,ne-ne_10m_populated_places
1159123189,Crookston,克鲁克斯顿,-96.607731,47.773762,Q1626913,USA,Minnesota,Populated place,8,8653,ne-ne_10m_populated_places
1159123205,Hardin,哈丁,-107.612486,45.731768,Q964591,USA,Montana,Populated place,8,4448,ne-ne_10m_populated_places
1159123219,Glendive,格伦代夫,-104.710493,47.108583,Q967324,USA,Montana,Populated place,8,5856,ne-ne_10m_populated_places
1159123241,Dillon,迪龙,-112.683985,45.215676,Q955026,USA,Montana,Populated place,8,4463,ne-ne_10m_populated_places
1159123255,Polson,波尔森,-114.156686,47.688005,Q963395,USA,Montana,Populated place,8,5326,ne-ne_10m_populated_places
1159123269,Devils Lake,魔鬼湖,-98.859687,48.112217,Q1772496,USA,North Dakota,Populated place,8,7813,ne-ne_10m_populated_places
1159123283,Burley,伯利,-113.791876,42.535813,Q844028,USA,Idaho,Populated place,8,14042,ne-ne_10m_populated_places
1159123299,Wallace,华莱士,-115.926888,47.47422,Q1516495,USA,Idaho,Populated place,8,1028,ne-ne_10m_populated_places
1159123313,Kennewick,肯纳威克,-119.136098,46.211377,Q844033,USA,Washington,Populated place,8,102504,ne-ne_10m_populated_places
1159123323,Centralia,森特勒利亚,-122.952971,46.716411,Q868700,USA,Washington,Populated place,8,18880,ne-ne_10m_populated_places
1159123343,Glendale,格兰岱尔,-112.174495,33.535431,Q51682,USA,Arizona,Populated place,8,500000,ne-ne_10m_populated_places
1159123355,Safford,萨福德,-109.70688,32.833821,Q79767,USA,Arizona,Populated place,8,10668,ne-ne_10m_populated_places
1159123371,Casa Grande,卡萨格兰德,-111.756626,32.879374,Q79889,USA,Arizona,Populated place,8,44655,ne-ne_10m_populated_places
1159123391,Mesa,梅薩,-111.820967,33.414796,Q49261,USA,Arizona,Populated place,8,1085394,ne-ne_10m_populated_places
1159123407,Lake Havasu City,哈瓦苏湖城,-114.308279,34.498294,Q79435,USA,Arizona,Populated place,8,56133,ne-ne_10m_populated_places
1159123423,Berkeley,伯克利,-122.271152,37.873901,Q484678,USA,California,Populated place,8,496356,ne-ne_10m_populated_places
1159123439,National City,纳雄耐尔城,-117.098005,32.671945,Q430316,USA,California,Populated place,8,150000,ne-ne_10m_populated_places
1159123451,Mendocino,蒙多西诺,-123.799431,39.307767,Q1920378,USA,California,Populated place,8,548,ne-ne_10m_populated_places
1159123467,Paso Robles,帕索罗布斯,-120.689982,35.626597,Q586528,USA,California,Populated place,8,27157,ne-ne_10m_populated_places
1159123485,Riverside,里弗赛德,-117.398039,33.941945,Q49243,USA,California,Populated place,8,297554,ne-ne_10m_populated_places
1159123503,Delano,德拉诺,-119.243068,35.761937,Q775868,USA,California,Populated place,8,44757,ne-ne_10m_populated_places
1159123519,San Mateo,圣马刁,-122.303214,37.540554,Q169943,USA,California,Populated place,8,626406,ne-ne_10m_populated_places
1159123533,Vallejo,瓦列霍,-122.258052,38.111949,Q208445,USA,California,Populated place,8,146289,ne-ne_10m_populated_places
1159123551,Glenwood Springs,格伦伍德斯普林斯,-107.3247,39.54659,Q927455,USA,Colorado,Populated place,8,14004,ne-ne_10m_populated_places
1159123565,Aurora,奥罗拉,-104.808497,39.695857,Q49246,USA,Colorado,Populated place,8,587540,ne-ne_10m_populated_places
1159123583,Greeley,格里利,-104.739974,40.419198,Q94274,USA,Colorado,Populated place,8,125410,ne-ne_10m_populated_places
1159123595,Tonopah,托诺帕,-117.228979,38.06699,Q988827,USA,Nevada,Populated place,8,3261,ne-ne_10m_populated_places
1159123613,Deming,德明,-107.755785,32.261091,Q988813,USA,New Mexico,Populated place,8,16298,ne-ne_10m_populated_places
1159123627,Truth or Consequences,特鲁斯-康西昆西斯,-107.252896,33.133596,Q431932,USA,New Mexico,Populated place,8,7121,ne-ne_10m_populated_places
1159123641,Las Vegas,拉斯维加斯,-105.222503,35.597012,Q676171,USA,New Mexico,Populated place,8,16998,ne-ne_10m_populated_places
1159123655,Farmington,法尔明顿,-108.186094,36.754151,Q1012695,USA,New Mexico,Populated place,8,43278,ne-ne_10m_populated_places
1159123667,Springfield,斯普林菲尔德,-122.978034,44.051948,Q40268,USA,Oregon,Populated place,8,56032,ne-ne_10m_populated_places
1159123685,Tillamook,蒂拉穆克,-123.842503,45.455247,Q764687,USA,Oregon,Populated place,8,8145,ne-ne_10m_populated_places
1159123701,Ontario,安大略,-116.961889,44.026627,Q1639059,USA,Oregon,Populated place,8,12187,ne-ne_10m_populated_places
1159123717,La Grande,拉格蘭德,-118.086601,45.324687,Q1645049,USA,Oregon,Populated place,8,15004,ne-ne_10m_populated_places
1159123729,Richfield,里奇菲尔德,-112.083298,38.772477,Q483319,USA,Utah,Populated place,8,7621,ne-ne_10m_populated_places
1159123749,Nephi,尼腓,-111.835484,39.710275,Q130153,USA,Utah,Populated place,8,5117,ne-ne_10m_populated_places
1159123767,Lander,兰德,-108.732598,42.833004,Q992094,USA,Wyoming,Populated place,8,6821,ne-ne_10m_populated_places
1159123783,Powell,鲍威尔,-108.758437,44.758675,Q1029174,USA,Wyoming,Populated place,8,6895,ne-ne_10m_populated_places
1159123799,Paragould,帕拉固德,-90.502884,36.057087,Q79386,USA,Arkansas,Populated place,8,23450,ne-ne_10m_populated_places
1159123813,Iowa City,艾奥瓦城,-91.529979,41.661086,Q487977,USA,Iowa,Populated place,8,98516,ne-ne_10m_populated_places
1159123821,Ottumwa,奥塔姆瓦,-92.414809,41.012883,Q853566,USA,Iowa,Populated place,8,25982,ne-ne_10m_populated_places
1159123837,Spencer,斯潘塞,-95.147175,43.145285,Q1903286,USA,Iowa,Populated place,8,11203,ne-ne_10m_populated_places
1159123855,Ft. Dodge,道奇堡,-94.180257,42.506823,Q983761,USA,Iowa,Populated place,8,26879,ne-ne_10m_populated_places
1159123867,Hutchinson,哈钦森,-97.923491,38.065492,Q958555,USA,Kansas,Populated place,8,44477,ne-ne_10m_populated_places
1159123881,Kansas City,堪萨斯城,-94.630146,39.11358,Q486472,USA,Kansas,Populated place,8,501577,ne-ne_10m_populated_places
1159123893,Lawrence,劳伦斯县,-95.25523,38.959752,Q493840,USA,Kansas,Populated place,8,92726,ne-ne_10m_populated_places
1159123907,Garden City,加登城,-100.864086,37.975213,Q983784,USA,Kansas,Populated place,8,28564,ne-ne_10m_populated_places
1159123925,Manhattan,曼哈顿,-96.592435,39.194027,Q856841,USA,Kansas,Populated place,8,56949,ne-ne_10m_populated_places
1159123933,Hays,海斯,-99.322191,38.87937,Q1057071,USA,Kansas,Populated place,8,21394,ne-ne_10m_populated_places
1159123945,Goodland,古德兰,-101.711037,39.348488,Q1931362,USA,Kansas,Populated place,8,4378,ne-ne_10m_populated_places
1159123957,Independence,独立城,-94.415281,39.091114,Q24603,USA,Missouri,Populated place,8,148102,ne-ne_10m_populated_places
1159123969,Kirksville,柯克斯維爾,-92.582809,40.193682,Q966460,USA,Missouri,Populated place,8,19193,ne-ne_10m_populated_places
1159123981,Kearney,卡尼,-99.081146,40.700706,Q846044,USA,Nebraska,Populated place,8,31553,ne-ne_10m_populated_places
1159124003,Grand Island,格兰德艾兰,-98.357986,40.922268,Q461826,USA,Nebraska,Populated place,8,45651,ne-ne_10m_populated_places
1159124015,Alliance,阿莱恩斯,-102.870192,42.101395,Q964529,USA,Nebraska,Populated place,8,8344,ne-ne_10m_populated_places
1159124027,Bartlesville,巴特尔斯维尔,-95.980586,36.7472,Q809450,USA,Oklahoma,Populated place,8,34610,ne-ne_10m_populated_places
1159124043,Enid,伊尼德,-97.878093,36.395542,Q984361,USA,Oklahoma,Populated place,8,46138,ne-ne_10m_populated_places
1159124059,Ardmore,阿德摩尔,-97.129405,34.181078,Q639640,USA,Oklahoma,Populated place,8,24960,ne-ne_10m_populated_places
1159124073,McAlester,麥阿列斯特,-95.765974,34.932996,Q1994656,USA,Oklahoma,Populated place,8,21668,ne-ne_10m_populated_places
1159124091,Stillwater,斯蒂尔沃特,-97.068298,36.135351,Q852714,USA,Oklahoma,Populated place,8,47667,ne-ne_10m_populated_places
1159124101,Lead,莱德,-103.76577,44.350845,Q584982,USA,South Dakota,Populated place,8,2874,ne-ne_10m_populated_places
1159124115,Slidell,斯莱德尔,-89.781094,30.27496,Q988156,USA,Louisiana,Populated place,8,84239,ne-ne_10m_populated_places
1159124133,Lake Charles,莱克查尔斯,-93.217189,30.226384,Q864106,USA,Louisiana,Populated place,8,83821,ne-ne_10m_populated_places
1159124153,Metairie,梅泰理,-90.152777,29.983866,Q126661,USA,Louisiana,Populated place,8,394206,ne-ne_10m_populated_places
1159124171,New Iberia,新伊比利亚,-91.818308,30.003581,Q991355,USA,Louisiana,Populated place,8,37540,ne-ne_10m_populated_places
1159124187,Bryan,布赖恩,-96.369684,30.674186,Q695556,USA,Texas,Populated place,8,146692,ne-ne_10m_populated_places
1159124203,San Marcos,圣马科斯,-97.941113,29.883071,Q982353,USA,Texas,Populated place,8,70371,ne-ne_10m_populated_places
1159124215,Longview,朗維尤,-94.740274,32.500534,Q852645,USA,Texas,Populated place,8,75920,ne-ne_10m_populated_places
1159124235,McAllen,麦卡伦,-98.229725,26.203038,Q51698,USA,Texas,Populated place,8,364004,ne-ne_10m_populated_places
1159124253,Harlingen,哈灵根,-97.690198,26.19756,Q868869,USA,Texas,Populated place,8,110339,ne-ne_10m_populated_places
1159124269,Alice,爱丽斯,-98.070485,27.750463,Q981528,USA,Texas,Populated place,8,22655,ne-ne_10m_populated_places
1159124281,New Braunfels,新布朗费尔斯,-98.126321,29.697811,Q574612,USA,Texas,Populated place,8,45840,ne-ne_10m_populated_places
1159124295,Cleburne,克利本,-97.39249,32.351525,Q534957,USA,Texas,Populated place,8,35545,ne-ne_10m_populated_places
1159124311,Brownwood,布朗伍德,-98.982315,31.707895,Q981222,USA,Texas,Populated place,8,20988,ne-ne_10m_populated_places
1159124327,Alpine,阿尔派恩,-103.665001,30.360717,Q661540,USA,Texas,Populated place,8,6587,ne-ne_10m_populated_places
1159124339,Van Horn,范霍恩,-104.832242,31.042484,Q976246,USA,Texas,Populated place,8,2175,ne-ne_10m_populated_places
1159124349,Big Spring,大泉,-101.475186,32.243186,Q859362,USA,Texas,Populated place,8,24122,ne-ne_10m_populated_places
1159124367,Vernon,弗農,-99.290384,34.151054,Q979546,USA,Texas,Populated place,8,11660,ne-ne_10m_populated_places
1159124381,Childress,柴尔德里斯,-100.21392,34.424887,Q982513,USA,Texas,Populated place,8,6557,ne-ne_10m_populated_places
1159124395,Hereford,希爾福德,-102.398592,34.821917,Q981218,USA,Texas,Populated place,8,15675,ne-ne_10m_populated_places
1159124401,Dalhart,达尔哈特,-102.518611,36.060808,Q982372,USA,Texas,Populated place,8,7088,ne-ne_10m_populated_places
1159124415,Texas City,得克萨斯城,-94.962767,29.410878,Q912475,USA,Texas,Populated place,8,69914,ne-ne_10m_populated_places
1159124429,Pasadena,帕萨迪纳,-95.147743,29.660863,Q51695,USA,Texas,Populated place,8,628492,ne-ne_10m_populated_places
1159124441,Baytown,贝敦,-94.967728,29.755844,Q812646,USA,Texas,Populated place,8,86034,ne-ne_10m_populated_places
1159124457,Arlington,阿灵顿,-97.020239,32.684761,Q17943,USA,Texas,Populated place,8,724777,ne-ne_10m_populated_places
1159124475,Guasdualito,瓜斯杜阿利托,-70.739982,7.239983,Q1552906,VEN,Apure,Populated place,8,30860,ne-ne_10m_populated_places
1159124491,Barinas,巴里纳斯,-70.250012,8.599978,Q695623,VEN,Barinas,Admin-1 capital,8,284289,ne-ne_10m_populated_places
1159124505,Valera,巴莱拉,-70.620015,9.319959,Q1010367,VEN,Trujillo,Populated place,8,191167,ne-ne_10m_populated_places
1159124515,Cabimas,卡维马斯,-71.44999,10.429995,Q723588,VEN,Trujillo,Populated place,8,441094,ne-ne_10m_populated_places
1159124529,Carora,卡羅拉,-70.079997,10.189984,Q1044689,VEN,Lara,Populated place,8,149711,ne-ne_10m_populated_places
1159124543,Guanare,瓜纳雷,-69.750017,9.049976,Q733005,VEN,Portuguesa,Admin-1 capital,8,151642,ne-ne_10m_populated_places
1159124557,New London,新伦敦,-72.100028,41.355523,Q49146,USA,Connecticut,Populated place,8,96178,ne-ne_10m_populated_places
1159124569,Stamford,斯坦福,-73.539191,41.053346,Q49169,USA,Connecticut,Populated place,8,746920,ne-ne_10m_populated_places
1159124583,Waterbury,沃特伯里,-73.050022,41.550008,Q49178,USA,Connecticut,Populated place,8,174236,ne-ne_10m_populated_places
1159124597,New Bedford,新贝德福德,-70.944698,41.656125,Q49147,USA,Massachusetts,Populated place,8,136082,ne-ne_10m_populated_places
1159124605,Springfield,斯普林菲尔德,-72.579999,42.120025,Q49158,USA,Massachusetts,Populated place,8,421780,ne-ne_10m_populated_places
1159124619,Salem,塞勒姆,-70.883092,42.522499,Q54140,USA,Massachusetts,Populated place,8,335509,ne-ne_10m_populated_places
1159124633,Pittsfield,皮茨菲尔德,-73.259828,42.448196,Q49184,USA,Massachusetts,Populated place,8,46230,ne-ne_10m_populated_places
1159124647,Montpelier,蒙彼利埃,-72.575813,44.259971,Q26426,USA,Vermont,Admin-1 capital,8,8538,ne-ne_10m_populated_places
1159124667,Auburn,欧本,-85.48084,32.609701,Q79728,USA,Alabama,Populated place,8,73929,ne-ne_10m_populated_places
1159124677,Florence,弗洛伦斯,-87.677243,34.799696,Q79743,USA,Alabama,Populated place,8,45349,ne-ne_10m_populated_places
1159124689,Winter Haven,温特黑文,-81.733006,28.021919,Q1778769,USA,Florida,Populated place,8,108932,ne-ne_10m_populated_places
1159124705,Melbourne,墨尔本,-80.60832,28.08331,Q949779,USA,Florida,Populated place,8,265414,ne-ne_10m_populated_places
1159124723,Homestead,霍姆斯特德,-80.477786,25.468302,Q280557,USA,Florida,Populated place,8,85967,ne-ne_10m_populated_places
1159124731,Sanford,桑福德,-81.279985,28.78996,Q786770,USA,Florida,Populated place,8,333460,ne-ne_10m_populated_places
1159124765,Miami Beach,迈阿密海滩,-80.131781,25.809919,Q201516,USA,Florida,Populated place,8,407750,ne-ne_10m_populated_places
1159124779,Coral Springs,科勒尔斯普林斯,-80.270822,26.270837,Q505557,USA,Florida,Populated place,8,250000,ne-ne_10m_populated_places
1159124793,Port Charlotte,夏洛特港口,-82.105697,27.000043,Q1022776,USA,Florida,Populated place,8,64279,ne-ne_10m_populated_places
1159124807,Spring Hill,春山,-82.547711,28.478945,Q2321558,USA,Florida,Populated place,8,114697,ne-ne_10m_populated_places
1159124829,Palm Coast,棕榈海岸,-81.223296,29.538002,Q610463,USA,Florida,Populated place,8,48577,ne-ne_10m_populated_places
1159124835,Palatka,帕拉特卡,-81.651306,29.647685,Q955907,USA,Florida,Populated place,8,21452,ne-ne_10m_populated_places
1159124853,Leesburg,利斯堡,-81.883333,28.810501,Q625833,USA,Florida,Populated place,8,49574,ne-ne_10m_populated_places
1159124871,Lake City,莱克城,-82.639747,30.189719,Q985179,USA,Florida,Populated place,8,29395,ne-ne_10m_populated_places
1159124881,Crestview,克雷斯特韦,-86.572608,30.754207,Q2153124,USA,Florida,Populated place,8,22403,ne-ne_10m_populated_places
1159124899,Panama City,巴拿马城,-85.655273,30.15861,Q852591,USA,Florida,Populated place,8,100072,ne-ne_10m_populated_places
1159124909,Dalton,多尔顿,-84.970302,34.769724,Q996830,USA,Georgia,Populated place,8,58557,ne-ne_10m_populated_places
1159124923,Marietta,玛丽埃塔,-84.543248,33.955613,Q852684,USA,Georgia,Populated place,8,61360,ne-ne_10m_populated_places
1159124937,Waycross,韦克罗斯,-82.354906,31.213817,Q615027,USA,Georgia,Populated place,8,19824,ne-ne_10m_populated_places
1159124953,La Grange,拉格兰奇,-85.031875,33.036471,Q593529,USA,Georgia,Populated place,8,31776,ne-ne_10m_populated_places
1159124963,Southaven,南海文,-90.003457,34.968911,Q768007,USA,Mississippi,Populated place,8,121268,ne-ne_10m_populated_places
1159124979,Meridian,默里迪恩,-88.703614,32.364186,Q118152,USA,Mississippi,Populated place,8,42290,ne-ne_10m_populated_places
1159124991,Laurel,劳雷尔,-89.139273,31.697379,Q934987,USA,Mississippi,Populated place,8,28841,ne-ne_10m_populated_places
1159125005,Spartanburg,斯帕坦堡,-81.932271,34.949429,Q773325,USA,South Carolina,Populated place,8,124126,ne-ne_10m_populated_places
1159125019,Orangeburg,奥兰治堡,-80.862233,33.496804,Q2276157,USA,South Carolina,Populated place,8,35472,ne-ne_10m_populated_places
1159125037,Galesburg,盖尔斯堡,-90.371084,40.947771,Q782574,USA,Illinois,Populated place,8,32094,ne-ne_10m_populated_places
1159125051,Joliet,乔利埃特,-88.106674,41.529983,Q40345,USA,Illinois,Populated place,8,578460,ne-ne_10m_populated_places
1159125063,Cape Girardeau,开普吉拉多,-89.518087,37.305822,Q866294,USA,Illinois,Populated place,8,40427,ne-ne_10m_populated_places
1159125079,Rockford,罗克福德,-89.06969,42.269705,Q233892,USA,Illinois,Populated place,8,255978,ne-ne_10m_populated_places
1159125089,Evanston,埃文斯顿,-87.699955,42.048349,Q462799,USA,Illinois,Populated place,8,350000,ne-ne_10m_populated_places
1159125103,Rock Island,洛克岛,-90.534614,41.493396,Q577878,USA,Illinois,Populated place,8,165728,ne-ne_10m_populated_places
1159125117,Elgin,埃尔金,-88.289919,42.039461,Q499887,USA,Illinois,Populated place,8,389514,ne-ne_10m_populated_places
1159125131,Richmond,里士满,-84.890281,39.828898,Q548664,USA,Indiana,Populated place,8,44400,ne-ne_10m_populated_places
1159125143,Terre Haute,特雷霍特,-87.413874,39.466647,Q492478,USA,Indiana,Populated place,8,73236,ne-ne_10m_populated_places
1159125159,Lafayette,拉斐特,-86.878248,40.417209,Q638187,USA,Indiana,Populated place,8,133977,ne-ne_10m_populated_places
1159125173,Marion,馬里昂,-85.659175,40.558337,Q286068,USA,Indiana,Populated place,8,38297,ne-ne_10m_populated_places
1159125189,South Bend,南本德,-86.250017,41.683307,Q486877,USA,Indiana,Populated place,8,239822,ne-ne_10m_populated_places
1159125197,New Albany,新奧爾巴尼,-85.821284,38.310877,Q1762878,USA,Indiana,Populated place,8,120625,ne-ne_10m_populated_places
1159125211,Elkhart,埃尔克哈特,-85.968794,41.682945,Q2008706,USA,Indiana,Populated place,8,149190,ne-ne_10m_populated_places
1159125221,Hopkinsville,霍普金斯,-87.488624,36.865488,Q845461,USA,Kentucky,Populated place,8,35604,ne-ne_10m_populated_places
1159125229,London,伦敦,-84.083354,37.128882,Q3061911,USA,Kentucky,Populated place,8,7844,ne-ne_10m_populated_places
1159125241,Madisonville,麦迪逊维尔,-87.502215,37.332746,Q989909,USA,Kentucky,Populated place,8,22294,ne-ne_10m_populated_places
1159125259,Rocky Mount,落基山,-77.790766,35.937999,Q1021026,USA,North Carolina,Populated place,8,58361,ne-ne_10m_populated_places
1159125267,Salisbury,索尔兹伯里,-80.474478,35.67078,Q2028813,USA,North Carolina,Populated place,8,41352,ne-ne_10m_populated_places
1159125281,Durham,德罕,-78.92,35.999959,Q49229,USA,North Carolina,Populated place,8,309495,ne-ne_10m_populated_places
1159125295,Lumberton,兰伯顿,-79.011906,34.6272,Q2029674,USA,North Carolina,Populated place,8,32785,ne-ne_10m_populated_places
1159125307,Zanesville,曾斯维尔,-82.013325,39.940287,Q146811,USA,Ohio,Populated place,8,40052,ne-ne_10m_populated_places
1159125321,Mansfield,曼斯菲尔,-82.515542,40.758325,Q983698,USA,Ohio,Populated place,8,77768,ne-ne_10m_populated_places
1159125335,Bowling Green,鲍灵格林,-83.65139,41.374747,Q895459,USA,Ohio,Populated place,8,37080,ne-ne_10m_populated_places
1159125349,Springfield,斯普林菲尔德,-83.799986,39.920004,Q40325,USA,Ohio,Populated place,8,84576,ne-ne_10m_populated_places
1159125361,Lancaster,蘭開斯特,-82.605304,39.719215,Q986005,USA,Ohio,Populated place,8,48829,ne-ne_10m_populated_places
1159125369,Johnson City,约翰逊城,-82.353614,36.313325,Q770571,USA,Tennessee,Populated place,8,77538,ne-ne_10m_populated_places
1159125389,Kingsport,金斯波特,-82.561948,36.548323,Q241814,USA,Tennessee,Populated place,8,57467,ne-ne_10m_populated_places
1159125401,Columbia,哥伦比亚,-87.035267,35.614995,Q5675279,USA,Tennessee,Populated place,8,116091,ne-ne_10m_populated_places
1159125419,Barlett,巴特利特,-89.84109,35.2229,Q809451,USA,Tennessee,Populated place,8,286423,ne-ne_10m_populated_places
1159125433,Blacksburg,黑堡,-80.414198,37.229419,Q285816,USA,Virginia,Populated place,8,67508,ne-ne_10m_populated_places
1159125445,Harrisonburg,哈里森堡,-78.869176,38.449422,Q511935,USA,Virginia,Populated place,8,42538,ne-ne_10m_populated_places
1159125461,Petersburg,彼得斯堡,-77.402237,37.227765,Q511964,USA,Virginia,Populated place,8,118577,ne-ne_10m_populated_places
1159125473,Hampton,汉普顿,-76.34995,37.030025,Q342043,USA,Virginia,Populated place,8,366766,ne-ne_10m_populated_places
1159125487,Sheboygan,希博伊根,-87.714424,43.75083,Q984834,USA,Wisconsin,Populated place,8,53705,ne-ne_10m_populated_places
1159125499,Waukesha,沃科夏,-88.231369,43.01165,Q94919,USA,Wisconsin,Populated place,8,249912,ne-ne_10m_populated_places
1159125513,La Crosse,拉克罗斯,-91.239429,43.801369,Q936780,USA,Wisconsin,Populated place,8,87381,ne-ne_10m_populated_places
1159125527,Eau Claire,欧克雷尔,-91.498353,44.811359,Q122563,USA,Wisconsin,Populated place,8,79740,ne-ne_10m_populated_places
1159125539,Tomah,托馬,-90.503892,43.985053,Q1570021,USA,Wisconsin,Populated place,8,12997,ne-ne_10m_populated_places
1159125553,Janesville,珍妮斯维尔,-89.021579,42.682626,Q257536,USA,Wisconsin,Populated place,8,69278,ne-ne_10m_populated_places
1159125567,Appleton,阿普尔顿,-88.400506,44.268679,Q94928,USA,Wisconsin,Populated place,8,203665,ne-ne_10m_populated_places
1159125581,Parkersburg,帕克斯堡,-81.561647,39.266659,Q329485,USA,West Virginia,Populated place,8,61935,ne-ne_10m_populated_places
1159125593,White Sulphur Springs,白硫磺泉镇,-80.303481,37.79388,Q2035099,USA,West Virginia,Populated place,8,2407,ne-ne_10m_populated_places
1159125607,Clarksburg,克拉克斯堡,-80.336916,39.283273,Q1010199,USA,West Virginia,Populated place,8,28773,ne-ne_10m_populated_places
1159125621,Dover,多佛,-75.524703,39.158087,Q33518,USA,Delaware,Admin-1 capital,8,76039,ne-ne_10m_populated_places
1159125635,St. Charles,圣查尔斯,-76.938932,38.603056,Q755927,USA,Maryland,Populated place,8,69208,ne-ne_10m_populated_places
1159125647,Annapolis,安那波利斯,-76.492499,38.97833,Q28271,USA,Maryland,Admin-1 capital,8,81300,ne-ne_10m_populated_places
1159125661,Hagerstown,黑格斯敦,-77.72028,39.641649,Q755559,USA,Maryland,Populated place,8,79662,ne-ne_10m_populated_places
1159125677,Paterson,帕特森,-74.170005,40.919995,Q138391,USA,New Jersey,Populated place,8,151205,ne-ne_10m_populated_places
1159125693,Saratoga Springs,萨拉托加温泉,-73.785016,43.082963,Q1144357,USA,New York,Populated place,8,55793,ne-ne_10m_populated_places
1159125701,Poughkeepsie,波启浦夕,-73.921416,41.700231,Q178093,USA,New York,Populated place,8,170996,ne-ne_10m_populated_places
1159125717,Plattsburgh,普拉茨堡,-73.457982,44.694984,Q998669,USA,New York,Populated place,8,29238,ne-ne_10m_populated_places
1159125731,Beaver Falls,比弗福尔斯,-80.319423,40.751943,Q1130843,USA,Pennsylvania,Populated place,8,120125,ne-ne_10m_populated_places
1159125739,Altoona,阿尔图纳,-78.394967,40.518598,Q444210,USA,Pennsylvania,Populated place,8,78607,ne-ne_10m_populated_places
1159125757,Williamsport,威廉斯波特,-77.001383,41.241086,Q1016159,USA,Pennsylvania,Populated place,8,56877,ne-ne_10m_populated_places
1159125771,Lancaster,兰开斯特,-76.305766,40.037774,Q320514,USA,Pennsylvania,Populated place,8,209489,ne-ne_10m_populated_places
1159125787,Allentown,阿伦敦,-75.500028,40.599988,Q142811,USA,Pennsylvania,Populated place,8,496442,ne-ne_10m_populated_places
1159125799,Puerto la Cruz,拉克魯斯港,-64.680016,10.169959,Q379509,VEN,Anzoátegui,Populated place,8,546616,ne-ne_10m_populated_places
1159125815,Anaco,阿纳科,-64.460004,9.440004,Q1897488,VEN,Anzoátegui,Populated place,8,117596,ne-ne_10m_populated_places
1159125827,Los Teques,洛斯特克斯,-67.020028,10.41997,Q695631,VEN,Distrito Capital,Admin-1 capital,8,303470,ne-ne_10m_populated_places
1159125841,Valle de la Pascua,帕斯夸谷鎮,-66.019986,9.209992,Q1308292,VEN,Guárico,Populated place,8,89080,ne-ne_10m_populated_places
1159125851,Ocumare del Tuy,图伊河畔奥库马雷,-66.779991,10.119988,Q1972757,VEN,Miranda,Populated place,8,166072,ne-ne_10m_populated_places
1159125869,Carúpano,卡鲁帕诺,-63.230001,10.670006,Q153511,VEN,Sucre,Populated place,8,126293,ne-ne_10m_populated_places
1159125881,San Fernando,圣费尔南多,-61.459377,10.280462,Q1023712,TTO,San Fernando,Populated place,8,166039,ne-ne_10m_populated_places
1159125895,Brownsweg,布朗斯威格,-55.169951,5.020015,Q927447,SUR,Brokopondo,Populated place,8,4582,ne-ne_10m_populated_places
1159125901,Moengo,蒙戈,-54.409997,5.630004,Q24226,SUR,Marowijne,Populated place,8,7766,ne-ne_10m_populated_places
1159125919,Nieuw Amsterdam,新阿姆斯特丹,-55.070008,5.909987,Q762619,SUR,Commewijne,Admin-1 capital,8,4935,ne-ne_10m_populated_places
1159125931,Waterville,沃特维尔,-69.645785,44.551892,Q997170,USA,Maine,Populated place,8,25152,ne-ne_10m_populated_places
1159125947,Calais,卡利斯,-67.242392,45.165989,Q612696,USA,Maine,Populated place,8,3306,ne-ne_10m_populated_places
1159125963,Houlton,霍尔顿,-67.83972,46.125517,Q913153,USA,Maine,Populated place,8,6703,ne-ne_10m_populated_places
1159125977,Benton Harbor,本顿港,-86.454191,42.11664,Q818338,USA,Michigan,Populated place,8,58382,ne-ne_10m_populated_places
1159125989,Battle Creek,巴特尔克里克,-85.179747,42.321098,Q810998,USA,Michigan,Populated place,8,70820,ne-ne_10m_populated_places
1159126007,Bay City,贝城,-83.888895,43.594457,Q746820,USA,Michigan,Populated place,8,68549,ne-ne_10m_populated_places
1159126017,Alpena,阿尔皮纳,-83.432696,45.061602,Q1012455,USA,Michigan,Populated place,8,18330,ne-ne_10m_populated_places
1159126035,Iron Mountain,铁岭,-88.064093,45.82246,Q567814,USA,Michigan,Populated place,8,16183,ne-ne_10m_populated_places
1159126051,Ironwood,埃尔伍德,-90.159391,46.455807,Q2002936,USA,Michigan,Populated place,8,7064,ne-ne_10m_populated_places
1159126061,Marbella,马贝拉,-4.88333,36.51662,Q484799,ESP,Andalucía,Populated place,8,186131,ne-ne_10m_populated_places
1159126081,Linares,利纳雷斯,-3.633355,38.08332,Q281272,ESP,Andalucía,Populated place,8,59761,ne-ne_10m_populated_places
1159126095,Algeciras,阿尔赫西拉斯,-5.45266,36.131882,Q484552,ESP,Andalucía,Populated place,8,111027,ne-ne_10m_populated_places
1159126109,León,莱昂,-5.570007,42.579971,Q15699,ESP,Castilla y León,Populated place,8,136227,ne-ne_10m_populated_places
1159126121,Mataró,马塔罗,2.450021,41.539957,Q11492,ESP,Cataluña,Populated place,8,183293,ne-ne_10m_populated_places
1159126139,Latakia,拉塔基亚,35.779976,35.539987,Q200030,SYR,Lattakia (Al Ladhiqiyah),Admin-1 capital,8,539147,ne-ne_10m_populated_places
1159126149,Madinat ath Thawrah,穆赫塔尔,38.548076,35.836661,Q1822804,SYR,Ar Raqqah,Populated place,8,87880,ne-ne_10m_populated_places
1159126163,Izaz,阿扎茲,37.044085,36.588786,Q277674,SYR,Aleppo (Halab),Populated place,8,31534,ne-ne_10m_populated_places
1159126179,Manbij,曼比季,37.956329,36.526645,Q1146939,SYR,Aleppo (Halab),Populated place,8,120169,ne-ne_10m_populated_places
1159126193,Idlib,伊德利卜,36.631655,35.929705,Q504657,SYR,Idlib,Admin-1 capital,8,128840,ne-ne_10m_populated_places
1159126205,Al Qamishli,卡米什利,41.229979,37.030025,Q212757,SYR,Hasaka (Al Haksa),Populated place,8,104107,ne-ne_10m_populated_places
1159126219,Al Hasakah,哈塞克,40.750008,36.483289,Q311321,SYR,Hasaka (Al Haksa),Admin-1 capital,8,128100,ne-ne_10m_populated_places
1159126233,Douma,杜马,36.39999,33.583336,Q403446,SYR,Damascus,Populated place,8,496145,ne-ne_10m_populated_places
1159126247,Dhamar,扎马尔,44.387461,14.557469,Q955523,YEM,Dhamar,Admin-1 capital,8,191259,ne-ne_10m_populated_places
1159126259,Ibb,伊卜,44.170885,13.975851,Q99648,YEM,Ibb,Admin-1 capital,8,234837,ne-ne_10m_populated_places
1159126273,Chur,库尔,9.50003,46.85002,Q69007,CHE,Graubünden,Admin-1 capital,8,38293,ne-ne_10m_populated_places
1159126289,Sand Point,桑德波因特,-160.497191,55.339709,Q79400,USA,Alaska,Populated place,8,667,ne-ne_10m_populated_places
1159126305,Hydaburg,海达堡,-132.800638,55.21398,Q79680,USA,Alaska,Populated place,8,382,ne-ne_10m_populated_places
1159126315,Mekoryuk,梅科尤克,-166.189937,60.388647,Q80182,USA,Alaska,Populated place,8,99,ne-ne_10m_populated_places
1159126327,Atqasuk,艾特跨萨克,-157.395778,70.46938,Q79714,USA,Alaska,Populated place,8,201,ne-ne_10m_populated_places
1159126339,Port Heiden,波特海登,-158.626891,56.949094,Q79464,USA,Alaska,Populated place,8,102,ne-ne_10m_populated_places
1159126355,Perryville,佩里維爾,-159.151149,55.918614,Q2740286,USA,Alaska,Populated place,8,113,ne-ne_10m_populated_places
1159126373,Dillingham,迪林厄姆,-158.480312,59.05656,Q79383,USA,Alaska,Populated place,8,2488,ne-ne_10m_populated_places
1159126387,Goodnews Bay,古德纽斯贝,-161.58713,59.120993,Q79543,USA,Alaska,Populated place,8,230,ne-ne_10m_populated_places
1159126401,Nyac,尼亚克,-159.940481,61.004143,,USA,Alaska,Populated place,8,100,ne-ne_10m_populated_places
1159126413,Tununak,圖努納克,-165.255789,60.585487,Q550177,USA,Alaska,Populated place,8,352,ne-ne_10m_populated_places
1159126429,Mountain Village,芒廷村,-163.729009,62.085524,Q79558,USA,Alaska,Populated place,8,755,ne-ne_10m_populated_places
1159126439,Emmonak,埃莫纳克,-164.522992,62.776981,Q79553,USA,Alaska,Populated place,8,100,ne-ne_10m_populated_places
1159126451,Kaltag,卡尔塔格,-158.721899,64.327196,Q79345,USA,Alaska,Populated place,8,190,ne-ne_10m_populated_places
1159126469,Teller,特勒,-166.360786,65.263599,Q79856,USA,Alaska,Populated place,8,83,ne-ne_10m_populated_places
1159126475,Koyukuk,科尤库克,-157.70085,64.880289,Q79685,USA,Alaska,Populated place,8,101,ne-ne_10m_populated_places
1159126493,Kobuk,科伯克,-156.880977,66.907246,Q79333,USA,Alaska,Populated place,8,151,ne-ne_10m_populated_places
1159126507,Selawik,塞拉威克,-160.009391,66.603879,Q79395,USA,Alaska,Populated place,8,832,ne-ne_10m_populated_places
1159126527,Talkeetna,塔奇纳,-150.109427,62.323779,Q668224,USA,Alaska,Populated place,8,1078,ne-ne_10m_populated_places
1159126539,Whittier,惠蒂尔,-148.67768,60.784157,Q79716,USA,Alaska,Populated place,8,177,ne-ne_10m_populated_places
1159126553,Montana,蒙大纳,-150.072763,62.079685,,USA,Alaska,Populated place,8,10,ne-ne_10m_populated_places
1159126565,Lake Minchumina,明丘米納湖,-152.312186,63.882831,Q1837435,USA,Alaska,Populated place,8,32,ne-ne_10m_populated_places
1159126577,Cantwell,坎特威爾,-148.95079,63.391594,Q1033949,USA,Alaska,Populated place,8,222,ne-ne_10m_populated_places
1159126591,Gulkana,格爾卡納,-145.382196,62.271353,Q2282173,USA,Alaska,Populated place,8,119,ne-ne_10m_populated_places
1159126601,Eagle,伊格尔,-141.199997,64.787995,Q1023677,USA,Alaska,Populated place,8,104,ne-ne_10m_populated_places
1159126613,Nenana,尼纳纳,-149.093003,64.563797,Q80058,USA,Alaska,Populated place,8,75,ne-ne_10m_populated_places
1159126629,Big Delta,大德爾塔,-145.842194,64.15253,Q691255,USA,Alaska,Populated place,8,591,ne-ne_10m_populated_places
1159126647,Allakaket,阿拉卡基特,-152.645499,66.565483,Q79350,USA,Alaska,Populated place,8,97,ne-ne_10m_populated_places
1159126661,Tanana,塔纳纳,-152.07879,65.171873,Q79614,USA,Alaska,Populated place,8,308,ne-ne_10m_populated_places
1159126673,Borlänge,博伦厄,15.416671,60.483322,Q54341,SWE,Dalarna,Populated place,8,39422,ne-ne_10m_populated_places
1159126687,Västerås,韦斯特罗斯,16.55768,59.609084,Q25412,SWE,Västmanland,Admin-1 capital,8,107194,ne-ne_10m_populated_places
1159126699,Mykolayiv,尼古拉耶夫,31.984342,46.967739,Q41572,UKR,Mykolayiv,Admin-1 capital,8,510840,ne-ne_10m_populated_places
1159126717,Chernihiv,切尔尼戈夫,31.301541,51.50493,Q157053,UKR,Chernihiv,Admin-1 capital,8,307684,ne-ne_10m_populated_places
1159126729,Khmelnytskyy,赫梅利尼茨基,27.001545,49.424928,Q156717,UKR,Khmel'nyts'kyy,Admin-1 capital,8,398346,ne-ne_10m_populated_places
1159126743,Kamyanets-Podilskyy,卡缅涅茨-波多利斯基,26.580899,48.684301,Q193965,UKR,Khmel'nyts'kyy,Populated place,8,114658,ne-ne_10m_populated_places
1159126757,Drohobych,德罗霍贝奇,23.499382,49.344364,Q158821,UKR,L'viv,Populated place,8,124269,ne-ne_10m_populated_places
1159126765,Uzhgorod,乌日霍罗德,22.250001,48.629989,Q156711,UKR,Transcarpathia,Admin-1 capital,8,150832,ne-ne_10m_populated_places
1159126781,Uman,乌曼,30.21091,48.754297,Q208499,UKR,Cherkasy,Populated place,8,87658,ne-ne_10m_populated_places
1159126797,Brovary,布罗瓦里,30.780901,50.49432,Q841026,UKR,Kiev,Populated place,8,88506,ne-ne_10m_populated_places
1159126811,Bila Tserkva,白采尔科维,30.130915,49.774312,Q33342,UKR,Kiev,Populated place,8,199163,ne-ne_10m_populated_places
1159126825,Illichivsk,伊利乔夫斯克,30.666593,46.300002,Q889530,UKR,Odessa,Populated place,8,54102,ne-ne_10m_populated_places
1159126837,Konotop,科诺托普,33.209022,51.242388,Q162083,UKR,Sumy,Populated place,8,103547,ne-ne_10m_populated_places
1159126851,Kryvyy Rih,克里沃罗格,33.344983,47.928326,Q157137,UKR,Dnipropetrovs'k,Populated place,8,652380,ne-ne_10m_populated_places
1159126859,Makiyivka,马克耶夫卡,37.974622,48.029664,Q157134,UKR,Donets'k,Populated place,8,376610,ne-ne_10m_populated_places
1159126879,Horlivka,戈尔洛夫卡,38.054669,48.299647,Q157260,UKR,Donets'k,Populated place,8,396885,ne-ne_10m_populated_places
1159126891,Kramatorsk,克拉马托尔斯克,37.534391,48.719363,Q33613,UKR,Donets'k,Populated place,8,184105,ne-ne_10m_populated_places
1159126903,Berdyansk,别尔江斯克,36.78684,46.756822,Q33292,UKR,Zaporizhzhya,Populated place,8,118284,ne-ne_10m_populated_places
1159126919,Ash Shihr,希赫尔,49.609158,14.759317,Q286843,YEM,Hadramawt,Populated place,8,54274,ne-ne_10m_populated_places
1159126925,Umm al Qaywayn,乌姆盖万,55.553343,25.565273,Q2788830,ARE,Umm Al Qaywayn,Admin-1 capital,8,44411,ne-ne_10m_populated_places
1159126943,Sharjah,沙迦,55.406478,25.371383,Q289693,ARE,Sharjah,Admin-1 capital,8,1103027,ne-ne_10m_populated_places
1159126955,Serdar,克孜勒阿尔瓦特,56.277795,38.97554,Q1015618,TKM,Balkan,Populated place,8,48458,ne-ne_10m_populated_places
1159126969,Celeken,哈扎尔,53.122591,39.436155,Q2996356,TKM,Balkan,Populated place,8,1206,ne-ne_10m_populated_places
1159126981,Tejen,捷詹,60.496038,37.378609,Q1983850,TKM,Ahal,Populated place,8,67294,ne-ne_10m_populated_places
1159126999,Buzmeyin,阿巴丹,58.210028,38.051668,Q304522,TKM,Ahal,Populated place,8,40813,ne-ne_10m_populated_places
1159127011,Koneurgench,库尼亚乌尔根奇,59.166662,42.316654,Q48472,TKM,Tashauz,Populated place,8,31400,ne-ne_10m_populated_places
1159127025,Khujayli,霍傑伊利,59.451658,42.40471,Q1400173,UZB,Karakalpakstan,Populated place,8,60401,ne-ne_10m_populated_places
1159127041,Urgut,乌尔古特,67.26069,39.400707,Q263808,UZB,Samarkand,Populated place,8,99675,ne-ne_10m_populated_places
1159127051,Kattaqorgon,卡塔库尔干,66.260751,39.900703,Q422197,UZB,Samarkand,Populated place,8,247113,ne-ne_10m_populated_places
1159127069,Denow,德诺夫,67.887163,38.277158,Q1189758,UZB,Surkhandarya,Populated place,8,217274,ne-ne_10m_populated_places
1159127083,Qurghonteppa,库尔干秋别,68.771347,37.837314,Q648567,TJK,Khatlon,Admin-1 capital,8,311574,ne-ne_10m_populated_places
1159127097,Konibodom,科尼博多姆,70.427164,40.292152,Q1015752,TJK,Leninabad,Populated place,8,259876,ne-ne_10m_populated_places
1159127107,Guliston,古利斯坦,68.790726,40.495731,Q609649,UZB,Sirdaryo,Admin-1 capital,8,95520,ne-ne_10m_populated_places
1159127121,Iskandar,依斯干达,69.680749,41.550731,Q4203822,UZB,Tashkent,Populated place,8,195633,ne-ne_10m_populated_places
1159127137,Chirchiq,奇爾奇克,69.559981,41.454975,Q913406,UZB,Tashkent,Populated place,8,167842,ne-ne_10m_populated_places
1159127151,Nacaome,納考梅,-87.489968,13.529987,Q633929,HND,Valle,Admin-1 capital,8,47000,ne-ne_10m_populated_places
1159127165,Santa Rosa de Copán,科潘省圣罗莎,-88.779992,14.769989,Q954300,HND,Copán,Admin-1 capital,8,35529,ne-ne_10m_populated_places
1159127175,Corriverton,科里弗顿,-57.169984,5.900039,Q1018369,GUY,Mahaica-Berbice,Populated place,8,12000,ne-ne_10m_populated_places
1159127189,Ituni,伊图尼,-58.249995,5.430016,Q1138762,GUY,Upper Takutu-Upper Essequibo,Populated place,8,100,ne-ne_10m_populated_places
1159127203,Lethem,莱瑟姆,-59.80003,3.38996,Q1203781,GUY,Upper Demerara-Berbice,Populated place,8,352,ne-ne_10m_populated_places
1159127215,Gijón,希洪,-5.67,43.530016,Q12273,ESP,Principado de Asturias,Populated place,8,335972,ne-ne_10m_populated_places
1159127229,Vitoria,维多利亚,-2.669977,42.84998,Q14318,ESP,País Vasco,Admin-1 capital,8,224578,ne-ne_10m_populated_places
1159127243,Vatican City,梵蒂冈,12.453387,41.903282,Q237,VAT,Lazio,Admin-0 capital,8,832,ne-ne_10m_populated_places
1159127257,Greenock,格里诺克,-4.750031,55.93329,Q217831,GBR,Inverclyde,Populated place,8,74635,ne-ne_10m_populated_places
1159127269,Sunderland,桑德兰,-1.379882,54.903407,Q188304,GBR,Tyne and Wear,Populated place,8,452934,ne-ne_10m_populated_places
1159127279,Southampton,南安普敦,-1.399977,50.900031,Q79848,GBR,Southampton,Populated place,8,384417,ne-ne_10m_populated_places
1159127297,Bristol,布里斯托尔,-2.583315,51.449998,Q23154,GBR,Bristol,Populated place,8,553528,ne-ne_10m_populated_places
1159127311,Bournemouth,伯恩茅斯,-1.90005,50.72999,Q170478,GBR,Bournemouth,Populated place,8,426945,ne-ne_10m_populated_places
1159127323,Omagh,奧馬,-7.300004,54.600012,Q510513,GBR,Omagh,Populated place,8,21056,ne-ne_10m_populated_places
1159127337,Chester,切斯特,-2.902965,53.186325,Q170263,GBR,Cheshire,Populated place,8,89531,ne-ne_10m_populated_places
1159127355,Swansea,斯旺西,-3.950002,51.629987,Q23051,GBR,Swansea,Populated place,8,294339,ne-ne_10m_populated_places
1159127365,Carlisle,卡莱尔,-2.929987,54.879995,Q192896,GBR,Cumbria,Populated place,8,72633,ne-ne_10m_populated_places
1159127383,Aydın,艾登,27.850021,37.849975,Q170457,TUR,Aydin,Admin-1 capital,8,198857,ne-ne_10m_populated_places
1159127395,Lüleburgaz,吕莱布尔加兹,27.355219,41.406657,Q214670,TUR,Kirklareli,Populated place,8,90899,ne-ne_10m_populated_places
1159127405,Isparta,伊斯帕爾塔,30.529961,37.76998,Q171031,TUR,Isparta,Admin-1 capital,8,172334,ne-ne_10m_populated_places
1159127413,Kütahya,屈塔希亚,29.929997,39.420009,Q188894,TUR,Kütahya,Admin-1 capital,8,185008,ne-ne_10m_populated_places
1159127429,Muğla,穆拉,28.363891,37.21637,Q216912,TUR,Mugla,Admin-1 capital,8,48183,ne-ne_10m_populated_places
1159127441,Elâzığ,埃拉泽,39.229998,38.679976,Q174060,TUR,Elazig,Admin-1 capital,8,271492,ne-ne_10m_populated_places
1159127453,Kahramanmaraş,卡赫拉曼马拉什,36.945021,37.60999,Q134703,TUR,K. Maras,Admin-1 capital,8,376045,ne-ne_10m_populated_places
1159127463,Icel,梅尔辛,34.619995,36.799988,Q134291,TUR,Mersin,Admin-1 capital,8,616990,ne-ne_10m_populated_places
1159127475,Corum,乔鲁姆,34.950001,40.519993,Q206900,TUR,Çorum,Admin-1 capital,8,183418,ne-ne_10m_populated_places
1159127485,Rize,里泽,40.521857,41.020841,Q201101,TUR,Rize,Admin-1 capital,8,279450,ne-ne_10m_populated_places
1159127497,Tatvan,塔特万,42.281595,38.506576,Q1012862,TUR,Bitlis,Populated place,8,73222,ne-ne_10m_populated_places
1159127509,Eumseong,阴城,127.689715,36.935251,,KOR,Chungcheongbuk-do,Populated place,8,10077,ne-ne_10m_populated_places
1159127519,Cheongju,清州,127.501199,36.643899,Q42147,KOR,Chungcheongbuk-do,Admin-1 capital,8,775096,ne-ne_10m_populated_places
1159127533,Wonju,原州,127.939622,37.355148,Q42131,KOR,Gangwon-do,Populated place,8,243387,ne-ne_10m_populated_places
1159127543,Chuncheon,春川,127.734156,37.874702,Q42148,KOR,Gangwon-do,Admin-1 capital,8,226509,ne-ne_10m_populated_places
1159127553,Ansan,安山,126.859533,37.348068,Q42117,KOR,Gyeonggi-do,Populated place,8,739493,ne-ne_10m_populated_places
1159127569,Iksan,益山,126.945419,35.94097,Q42137,KOR,Jeollabuk-do,Populated place,8,283501,ne-ne_10m_populated_places
1159127581,Gyeongju,庆州,129.211689,35.842759,Q42097,KOR,Daegu,Populated place,8,155237,ne-ne_10m_populated_places
1159127593,Changwon,昌原,128.583562,35.219102,Q243327,KOR,Gyeongsangnam-do,Populated place,8,1081499,ne-ne_10m_populated_places
1159127607,Southend-on-Sea,滨海绍森德,0.719997,51.550018,Q203995,GBR,Southend-on-Sea,Populated place,8,618386,ne-ne_10m_populated_places
1159127619,Reading,雷丁,-0.980028,51.469971,Q161491,GBR,Oxfordshire,Populated place,8,369804,ne-ne_10m_populated_places
1159127629,Leicester,莱斯特,-1.133249,52.629977,Q83065,GBR,Leicester,Populated place,8,457983,ne-ne_10m_populated_places
1159127641,Bradford,布拉德福德,-1.754465,53.791675,Q22905,GBR,West Yorkshire,Populated place,8,501700,ne-ne_10m_populated_places
1159127645,Sheffield,谢菲尔德,-1.499997,53.366677,Q42448,GBR,South Yorkshire,Populated place,8,1292900,ne-ne_10m_populated_places
1159127659,Polatlı,波拉特勒,32.147226,39.584159,Q945388,TUR,Ankara,Populated place,8,93262,ne-ne_10m_populated_places
1159127675,Karabük,卡拉比克,32.600015,41.200003,Q189697,TUR,Zinguldak,Populated place,8,128564,ne-ne_10m_populated_places
1159127687,Nusaybin,努赛宾,41.218352,37.074984,Q1553052,TUR,Mardin,Populated place,8,152668,ne-ne_10m_populated_places
1159127697,Hakkâri,哈卡里,43.740834,37.574436,Q206895,TUR,Hakkari,Admin-1 capital,8,77699,ne-ne_10m_populated_places
1159127709,Szombathely,松博特海伊,16.628742,47.225346,Q42007,HUN,Vas,Admin-1 capital,8,109518,ne-ne_10m_populated_places
1159127719,Kecskemét,凯奇凯梅特,19.700027,46.900043,Q171357,HUN,Bács-Kiskun,Admin-1 capital,8,113895,ne-ne_10m_populated_places
1159127731,Székesfehérvár,塞克什白堡,18.408065,47.194676,Q130212,HUN,Fejér,Admin-1 capital,8,144319,ne-ne_10m_populated_places
1159127743,Nyíregyháza,尼赖吉哈佐,21.718715,47.965327,Q171223,HUN,Szabolcs-Szatmár-Bereg,Admin-1 capital,8,176880,ne-ne_10m_populated_places
1159127751,Biel,比尔,7.250038,47.16659,Q1034,CHE,Bern,Populated place,8,78708,ne-ne_10m_populated_places
1159127765,San Juan del Sur,南聖胡安,-85.860041,11.249997,Q240247,NIC,Nicaragua,Populated place,8,7790,ne-ne_10m_populated_places
1159127777,Drobeta-Turnu Severin,德罗贝塔-塞维林堡,22.665893,44.645891,Q193890,ROU,Mehedinti,Admin-1 capital,8,106578,ne-ne_10m_populated_places
1159127789,Tulcea,圖爾恰,28.796681,45.199346,Q11585,ROU,Constanta,Admin-1 capital,8,92475,ne-ne_10m_populated_places
1159127803,Arad,阿拉德,21.31998,46.17001,Q173591,ROU,Arad,Admin-1 capital,8,169065,ne-ne_10m_populated_places
1159127807,Oradea,奥拉迪亚,21.919995,47.049982,Q93358,ROU,Bihor,Admin-1 capital,8,213830,ne-ne_10m_populated_places
1159127819,Sibiu,锡比乌,24.137121,45.797113,Q83324,ROU,Sibiu,Admin-1 capital,8,155565,ne-ne_10m_populated_places
1159127833,Suceava,蘇齊化,26.259317,47.637698,Q46400,ROU,Suceava,Admin-1 capital,8,105796,ne-ne_10m_populated_places
1159127843,Buzău,布泽乌,26.806518,45.156506,Q201404,ROU,Buzau,Admin-1 capital,8,130954,ne-ne_10m_populated_places
1159127855,Galați,加拉茨,28.045874,45.455893,Q170996,ROU,Galati,Admin-1 capital,8,311156,ne-ne_10m_populated_places
1159127869,Focșani,福克沙尼,27.186547,45.696551,Q192265,ROU,Vrancea,Admin-1 capital,8,105112,ne-ne_10m_populated_places
1159127875,Ferreñafe,費雷尼亞費,-79.800023,-6.629997,Q2143690,PER,Lambayeque,Populated place,8,50184,ne-ne_10m_populated_places
1159127893,Motupe,莫圖佩區,-79.710003,-6.150026,Q6317839,PER,Lambayeque,Populated place,8,13681,ne-ne_10m_populated_places
1159127899,Mollendo,莫延多,-72.019982,-17.020009,Q2351948,PER,Arequipa,Populated place,8,49033,ne-ne_10m_populated_places
1159127911,Urubamba,乌鲁班巴,-72.116617,-13.304215,Q2304483,PER,Cusco,Populated place,8,7540,ne-ne_10m_populated_places
1159127923,Santo Tomas,圣托马斯,-72.080004,-14.46001,Q1974445,PER,Cusco,Populated place,8,4134,ne-ne_10m_populated_places
1159127931,Putina,普蒂纳,-69.429985,-15.470026,Q3344150,PER,Callao,Populated place,8,8118,ne-ne_10m_populated_places
1159127939,Casma,卡斯马,-78.209991,-9.440007,Q3236687,PER,Ancash,Populated place,8,30000,ne-ne_10m_populated_places
1159127941,Tournavista,托纳维斯塔,-74.705218,-8.932182,,PER,HuRnuco,Populated place,8,511,ne-ne_10m_populated_places
1159127947,Huamachuco,瓦马丘科,-78.049949,-7.810028,Q1632770,PER,La Libertad,Populated place,8,30835,ne-ne_10m_populated_places
1159127957,Otuzco,奧圖斯科,-78.569995,-7.899997,Q3056421,PER,La Libertad,Populated place,8,10134,ne-ne_10m_populated_places
1159127965,Lamas,拉马斯,-76.520017,-6.430009,Q3139869,PER,San Martín,Populated place,8,13693,ne-ne_10m_populated_places
1159127971,Nauta,瑙塔,-73.780029,-4.570019,Q3309417,PER,Loreto,Populated place,8,2500,ne-ne_10m_populated_places
1159127979,Puquio,普基奥,-74.129982,-14.699995,Q2726653,PER,Ayacucho,Populated place,8,10491,ne-ne_10m_populated_places
1159127985,Chosica,乔西卡,-76.710005,-11.930035,Q5767299,PER,Lima,Populated place,8,88606,ne-ne_10m_populated_places
1159127989,Satipo,萨蒂波,-74.690025,-11.259999,Q3057885,PER,Junín,Populated place,8,15532,ne-ne_10m_populated_places
1159127997,Tarma,塔尔马,-75.729988,-11.410015,Q1759366,PER,Junín,Populated place,8,51350,ne-ne_10m_populated_places
1159128003,La Oroya,拉奥罗亚,-75.940001,-11.520035,Q1759360,PER,Junín,Populated place,8,33345,ne-ne_10m_populated_places
1159128011,Huaura,瓦烏拉,-77.599977,-11.060011,Q16576408,PER,Lima,Admin-1 capital,8,40400,ne-ne_10m_populated_places
1159128019,Huacho,瓦乔,-77.61995,-11.110034,Q1002052,PER,Lima,Populated place,8,80474,ne-ne_10m_populated_places
1159128025,General Eugenio Alejandrino Garay,欧亨尼奥加拉伊将军镇,-62.209986,-20.51995,,PRY,Boqueran,Admin-1 capital,8,972,ne-ne_10m_populated_places
1159128033,Arroyos y Esteros,阿羅約斯埃斯特羅斯,-57.089988,-25.049958,Q2639218,PRY,Cordillera,Populated place,8,3055,ne-ne_10m_populated_places
1159128039,Villa Hayes,阿耶斯镇,-57.529987,-25.090007,Q135953,PRY,Presidente Hayes,Populated place,8,15643,ne-ne_10m_populated_places
1159128047,Fortin Falcon,何塞法尔孔,-59.849949,-23.050287,,PRY,Presidente Hayes,Populated place,8,-99,ne-ne_10m_populated_places
1159128053,Puerto Pinasco,皮納斯科港,-57.789997,-22.640028,Q3925400,PRY,Presidente Hayes,Populated place,8,500,ne-ne_10m_populated_places
1159128059,Pozo Colorado,波索科罗拉多,-58.859984,-23.430005,Q1315847,PRY,Presidente Hayes,Admin-1 capital,8,2135,ne-ne_10m_populated_places
1159128065,San Pedro,圣佩德罗,-57.079989,-24.089965,Q135993,PRY,San Pedro,Admin-1 capital,8,9360,ne-ne_10m_populated_places
1159128071,San Lorenzo,圣洛伦索,-57.52004,-25.340018,Q938739,PRY,Asunción,Populated place,8,500000,ne-ne_10m_populated_places
1159128077,Ypacaraí,伊帕卡赖,-57.279977,-25.409988,Q643576,PRY,Asunción,Admin-1 capital,8,30150,ne-ne_10m_populated_places
1159128085,San Juan Bautista,聖胡安包蒂斯塔圖斯特佩克,-57.150011,-26.679988,Q530895,PRY,Misiones,Admin-1 capital,8,7882,ne-ne_10m_populated_places
1159128091,Paraguarí,巴拉瓜里,-57.16001,-25.620001,Q917103,PRY,Paraguarí,Admin-1 capital,8,18881,ne-ne_10m_populated_places
1159128097,Ñacunday,尼亞昆代,-54.769949,-26.020028,Q2445774,PRY,Alto Paranp,Populated place,8,1250,ne-ne_10m_populated_places
1159128105,Coronel Oviedo,奥维多上校镇,-56.439951,-25.449985,Q935504,PRY,Caaguazú,Admin-1 capital,8,88101,ne-ne_10m_populated_places
1159128111,Caazapá,卡萨帕,-56.380006,-26.200017,Q135939,PRY,Caazapa,Admin-1 capital,8,5504,ne-ne_10m_populated_places
1159128119,Ype Jhu,伊佩胡,-55.459985,-23.910028,Q578964,PRY,Canindey,Populated place,8,600,ne-ne_10m_populated_places
1159128125,Encarnación,恩卡纳西翁,-55.873919,-27.347185,Q47138,PRY,Itapúa,Admin-1 capital,8,357119,ne-ne_10m_populated_places
1159128131,Coronel Bogado,博加多上校鎮,-56.25004,-27.170035,Q2443596,PRY,Itapga,Populated place,8,14297,ne-ne_10m_populated_places
1159128139,Estelí,埃斯特利,-86.359985,13.089988,Q1007634,NIC,Estelí,Admin-1 capital,8,107839,ne-ne_10m_populated_places
1159128143,Boaco,博阿科,-85.660002,12.469974,Q887488,NIC,Boaco,Admin-1 capital,8,29046,ne-ne_10m_populated_places
1159128151,Juigalpa,惠加尔帕,-85.379967,12.109996,Q1025801,NIC,Chontales,Admin-1 capital,8,54731,ne-ne_10m_populated_places
1159128157,Braga,布拉加,-8.421331,41.554994,Q83247,PRT,Braga,Admin-1 capital,8,826833,ne-ne_10m_populated_places
1159128165,Covilhã,科维良,-7.499992,40.283341,Q849026,PRT,Castelo Branco,Populated place,8,24828,ne-ne_10m_populated_places
1159128173,Yanbu al Bahr,延布,38.049295,24.094277,Q466027,SAU,Al Madinah,Populated place,8,267590,ne-ne_10m_populated_places
1159128179,Dawmat al Jandal,杜马詹达尔,39.866393,29.815298,,SAU,Al Jawf,Populated place,8,22583,ne-ne_10m_populated_places
1159128185,Qal at Bishah,比沙堡,42.598681,20.008687,Q27135,SAU,`Asir,Populated place,8,88291,ne-ne_10m_populated_places
1159128193,At Taif,塔伊夫,40.382279,21.262228,Q182640,SAU,Makkah,Populated place,8,657282,ne-ne_10m_populated_places
1159128201,Finnsnes,芬斯内斯,18.008606,69.240617,Q1015949,NOR,Troms,Populated place,8,3907,ne-ne_10m_populated_places
1159128209,Eindhoven,埃因霍温,5.500015,51.429973,Q9832,NLD,Noord-Brabant,Populated place,8,398053,ne-ne_10m_populated_places
1159128215,Gjøvik,约维克,10.700008,60.800021,Q108031,NOR,Oppland,Populated place,8,22719,ne-ne_10m_populated_places
1159128221,Rørvik,勒尔维克,11.2053,64.868016,Q247062,NOR,Nord-Trøndelag,Populated place,8,2615,ne-ne_10m_populated_places
1159128229,Banská Bystrica,班斯卡-比斯特里察,19.149983,48.73329,Q144983,SVK,Banskobystrický,Admin-1 capital,8,82336,ne-ne_10m_populated_places
1159128235,Trnava,特尔纳瓦,17.6,48.366594,Q26175,SVK,Trnavský,Admin-1 capital,8,69785,ne-ne_10m_populated_places
1159128241,Rēzekne,雷泽克内,27.316565,56.500025,Q180379,LVA,Latgale,Populated place,8,38340,ne-ne_10m_populated_places
1159128249,Panevežys,帕内韦日斯,24.370026,55.74002,Q1719466,LTU,Panevezio,Admin-1 capital,8,127405,ne-ne_10m_populated_places
1159128255,Šiauliai,希奥利艾,23.325026,55.938639,Q134712,LTU,Šiauliai,Admin-1 capital,8,133528,ne-ne_10m_populated_places
1159128263,Najran,奈季兰,44.131559,17.50654,Q27174,SAU,Najran,Admin-1 capital,8,369609,ne-ne_10m_populated_places
1159128269,Al Quwayiyah,古韦耶,45.280636,24.07371,Q3545549,SAU,Ar Riyad,Populated place,8,8712,ne-ne_10m_populated_places
1159128275,Al Hillah,希拉,46.75636,23.489456,,SAU,Ar Riyad,Populated place,8,594605,ne-ne_10m_populated_places
1159128283,Al Mubarraz,穆巴拉兹,49.565905,25.429054,Q794958,SAU,Ash Sharqiyah,Populated place,8,298562,ne-ne_10m_populated_places
1159128287,Al-Qatif,盖提夫,50.01151,26.519633,Q847660,SAU,Ash Sharqiyah,Populated place,8,368892,ne-ne_10m_populated_places
1159128295,Az Zahran,宰赫兰,50.158323,26.29143,Q268915,SAU,Ash Sharqiyah,Populated place,8,97446,ne-ne_10m_populated_places
1159128303,Parachinar,帕拉契纳,70.100827,33.899183,Q1026627,PAK,F.A.T.A.,Populated place,8,55685,ne-ne_10m_populated_places
1159128309,Sialkote,锡亚尔科特,74.560038,32.520016,Q643883,PAK,Punjab,Populated place,8,477396,ne-ne_10m_populated_places
1159128317,Sheikhu Pura,謝胡布林專區,73.989995,31.719988,Q972756,PAK,Punjab,Populated place,8,361303,ne-ne_10m_populated_places
1159128323,Gujrat,古傑拉特,74.080015,32.579987,Q929062,PAK,Punjab,Populated place,8,301506,ne-ne_10m_populated_places
1159128329,Sahiwal,薩希瓦爾,73.111806,30.671731,Q523778,PAK,Punjab,Populated place,8,235695,ne-ne_10m_populated_places
1159128337,Chiniot,吉尼奥德,72.979979,31.719988,Q1017651,PAK,Punjab,Populated place,8,201781,ne-ne_10m_populated_places
1159128343,Rahim Yar Khan,拉希姆亚尔汗,70.295182,28.420241,Q989297,PAK,Punjab,Populated place,8,353203,ne-ne_10m_populated_places
1159128349,Tokmak,托克马克,75.284593,42.829878,Q854333,KGZ,Bishkek,Populated place,8,112860,ne-ne_10m_populated_places
1159128357,Kara Balta,卡拉巴尔塔,73.88566,42.830627,Q2015760,KGZ,Bishkek,Populated place,8,74133,ne-ne_10m_populated_places
1159128365,Cholpon Ata,乔尔蓬阿塔,77.081073,42.651336,Q1017314,KGZ,Ysyk-Köl,Populated place,8,18595,ne-ne_10m_populated_places
1159128371,Naryn,纳伦,75.991062,41.426346,Q311946,KGZ,Naryn,Admin-1 capital,8,52300,ne-ne_10m_populated_places
1159128379,Kok Yangak,科克揚加克,73.205754,41.030711,Q60875,KGZ,Jalal-Abad,Populated place,8,15000,ne-ne_10m_populated_places
1159128385,Mansehra,曼塞拉,73.196814,34.341791,Q2662991,PAK,N.W.F.P.,Populated place,8,66486,ne-ne_10m_populated_places
1159128393,Kohat,科哈特,71.432683,33.602689,Q1195983,PAK,N.W.F.P.,Populated place,8,343027,ne-ne_10m_populated_places
1159128399,Abbottabad,阿伯塔巴德,73.199501,34.149503,Q170315,PAK,N.W.F.P.,Populated place,8,1183647,ne-ne_10m_populated_places
1159128407,Mardan,马尔丹,72.039985,34.200043,Q993859,PAK,N.W.F.P.,Populated place,8,300424,ne-ne_10m_populated_places
1159128413,Lalitpur,勒利德布尔,85.333334,27.666618,Q6647,NPL,Bhaktapur,Populated place,8,337785,ne-ne_10m_populated_places
1159128419,Hetauda,黑道達,85.033352,27.416684,Q11285,NPL,Narayani,Populated place,8,232334,ne-ne_10m_populated_places
1159128427,Penonome,佩诺诺梅,-80.359989,8.509983,Q654169,PAN,Coclé,Admin-1 capital,8,28766,ne-ne_10m_populated_places
1159128433,Chitré,奇特雷,-80.420037,7.970016,Q657763,PAN,Herrera,Admin-1 capital,8,44082,ne-ne_10m_populated_places
1159128439,Jaqué,哈克,-78.166015,7.518958,Q5016176,PAN,Darién,Populated place,8,1357,ne-ne_10m_populated_places
1159128447,Prizren,普里兹伦,20.750092,42.22932,Q200061,KOS,Prizren,Populated place,8,171464,ne-ne_10m_populated_places
1159128453,Al Ahmadi,艾哈迈迪,48.083773,29.076945,Q980396,KWT,Al Ahmadi,Admin-1 capital,8,68763,ne-ne_10m_populated_places
1159128461,Al Jahra,杰赫拉,47.658062,29.337471,Q1077024,KWT,Al Jahrah,Admin-1 capital,8,194193,ne-ne_10m_populated_places
1159128465,Bocas del Toro,博卡斯德尔托罗,-82.247471,9.33535,Q888971,PAN,Bocas del Toro,Admin-1 capital,8,9883,ne-ne_10m_populated_places
1159128469,Almirante,阿爾米蘭特,-82.399968,9.300012,Q22405685,PAN,Bocas del Toro,Populated place,8,8114,ne-ne_10m_populated_places
1159128473,Maykop,迈科普,40.120021,44.609976,Q3752,RUS,Adygey,Admin-1 capital,8,158451,ne-ne_10m_populated_places
1159128479,Mozdok,莫兹多克,44.65437,43.754318,Q46639,RUS,North Ossetia,Populated place,8,45702,ne-ne_10m_populated_places
1159128483,Georgievsk,格奥尔吉耶夫斯克,43.469946,44.1599,Q105413,RUS,Stavropol',Populated place,8,72649,ne-ne_10m_populated_places
1159128489,Pyatigorsk,五山城,43.090021,44.079957,Q41970,RUS,Stavropol',Populated place,8,142865,ne-ne_10m_populated_places
1159128493,Kislovodsk,基兹洛沃茨克,42.720017,43.909967,Q153676,RUS,Stavropol',Populated place,8,132771,ne-ne_10m_populated_places
1159128499,Nevinnomyssk,涅温诺梅斯克,41.950039,44.620053,Q165806,RUS,Stavropol',Populated place,8,134380,ne-ne_10m_populated_places
1159128503,Enurmino,艾奴爾米諾,-171.816603,66.950008,Q1938137,RUS,Chukchi Autonomous Okrug,Populated place,8,297,ne-ne_10m_populated_places
1159128507,Lavrentiya,拉夫连季亚,-171.024998,65.58327,Q1020011,RUS,Chukchi Autonomous Okrug,Populated place,8,1242,ne-ne_10m_populated_places
1159128511,Zvëzdnyj,伊尔库茨克州,-179.589979,70.956585,Q2305684,RUS,Chukchi Autonomous Okrug,Populated place,8,10,ne-ne_10m_populated_places
1159128517,Mikhalkino,萨哈共和国,161.481143,69.42444,Q2290732,RUS,Koryak,Populated place,8,570,ne-ne_10m_populated_places
1159128521,Chernyakhovsk,车亚可夫斯克,21.810855,54.631638,Q5655,RUS,Kaliningrad,Populated place,8,45187,ne-ne_10m_populated_places
1159128525,Severomorsk,北莫爾斯克,33.423066,69.073057,Q193898,RUS,Murmansk,Populated place,8,53921,ne-ne_10m_populated_places
1159128529,Apatity,阿帕季特,33.393042,67.573071,Q103661,RUS,Murmansk,Populated place,8,66907,ne-ne_10m_populated_places
1159128535,Polyarnyy,波利亞爾內,33.450247,69.205219,Q182935,RUS,Murmansk,Populated place,8,19200,ne-ne_10m_populated_places
1159128539,Slantsy,斯兰齐,28.074658,59.111597,Q15311,RUS,Leningrad,Populated place,8,36209,ne-ne_10m_populated_places
1159128545,Kolpino,科尔皮诺,30.650005,59.730009,Q154738,RUS,City of St. Petersburg,Populated place,8,225801,ne-ne_10m_populated_places
1159128553,Novozybkov,新济布科夫,31.944861,52.534815,Q174138,RUS,Bryansk,Populated place,8,43534,ne-ne_10m_populated_places
1159128559,Dyatkovo,佳季科沃,34.339185,53.589144,Q135559,RUS,Bryansk,Populated place,8,33527,ne-ne_10m_populated_places
1159128565,Shuya,舒亚,41.364286,56.854345,Q198358,RUS,Ivanovo,Populated place,8,60705,ne-ne_10m_populated_places
1159128573,Kineshma,基涅什马,42.129976,57.469966,Q153380,RUS,Ivanovo,Populated place,8,92983,ne-ne_10m_populated_places
1159128579,Balakhna,巴拉赫纳,43.594383,56.494341,Q104559,RUS,Nizhegorod,Populated place,8,63083,ne-ne_10m_populated_places
1159128587,Arzamas,阿尔扎马斯,43.800003,55.399989,Q103789,RUS,Nizhegorod,Populated place,8,142597,ne-ne_10m_populated_places
1159128593,Rzhev,勒热夫,34.327455,56.257405,Q191465,RUS,Tver',Populated place,8,63414,ne-ne_10m_populated_places
1159128599,Vyshnniy Volochek,上沃洛乔克,34.563099,57.583034,Q134181,RUS,Tver',Populated place,8,53800,ne-ne_10m_populated_places
1159128609,Uglich,乌格里奇,38.330001,57.524356,Q196786,RUS,Yaroslavl',Populated place,8,37732,ne-ne_10m_populated_places
1159128615,Yelets,叶列茨,38.500017,52.580006,Q102346,RUS,Lipetsk,Populated place,8,115919,ne-ne_10m_populated_places
1159128623,Orekhovo-Zuevo,奥列霍沃-祖耶沃,38.979987,55.820015,Q176636,RUS,Moskovsskaya,Populated place,8,140247,ne-ne_10m_populated_places
1159128629,Klin,克林,36.698731,56.343058,Q153698,RUS,Moskovsskaya,Populated place,8,80778,ne-ne_10m_populated_places
1159128635,Sergiyev Posad,谢尔吉耶夫镇,38.170011,56.33001,Q193722,RUS,Moskovsskaya,Populated place,8,109252,ne-ne_10m_populated_places
1159128643,Kolomna,科洛姆纳,38.78496,55.079983,Q133026,RUS,Moskovsskaya,Populated place,8,147690,ne-ne_10m_populated_places
1159128649,Bataysk,巴泰斯克,39.74485,47.136824,Q104649,RUS,Rostov,Populated place,8,109962,ne-ne_10m_populated_places
1159128655,Taganrog,塔甘罗格,38.919991,47.229997,Q170513,RUS,Rostov,Populated place,8,279056,ne-ne_10m_populated_places
1159128663,Novocherkassk,新切尔卡斯克,40.080024,47.419959,Q175452,RUS,Rostov,Populated place,8,166974,ne-ne_10m_populated_places
1159128669,Kamensk Shakhtinskiy,卡緬斯克-沙赫京斯基,40.251796,48.331764,Q144017,RUS,Rostov,Populated place,8,75814,ne-ne_10m_populated_places
1159128677,Novoshakhtinsk,新沙赫京斯克,39.919982,47.76999,Q155809,RUS,Rostov,Populated place,8,99478,ne-ne_10m_populated_places
1159128685,Aleksin,阿列克辛,37.094366,54.514333,Q103439,RUS,Tula,Populated place,8,66885,ne-ne_10m_populated_places
1159128687,Novomoskovsk,新莫斯科斯克,38.289305,54.010715,Q175161,RUS,Tula,Populated place,8,130982,ne-ne_10m_populated_places
1159128699,Shchekino,曉基諾,37.514289,54.014337,Q198364,RUS,Tula,Populated place,8,86088,ne-ne_10m_populated_places
1159128705,Nikolayevsk,尼古拉耶夫斯克,45.426105,50.016106,Q173026,RUS,Volgograd,Populated place,8,16044,ne-ne_10m_populated_places
1159128713,Shebekino,舍别基诺,36.894378,50.41435,Q59828,RUS,Belgorod,Populated place,8,45194,ne-ne_10m_populated_places
1159128719,Gubkin,古布金,37.384323,51.27435,Q134679,RUS,Belgorod,Populated place,8,272,ne-ne_10m_populated_places
1159128725,Apsheronsk,阿普歇倫斯克,39.728727,44.468719,Q15764,RUS,Krasnodar,Populated place,8,45876,ne-ne_10m_populated_places
1159128733,Kropotkin,克鲁泡特金,40.582112,45.447083,Q16973,RUS,Krasnodar,Populated place,8,79599,ne-ne_10m_populated_places
1159128739,Ruzayevka,鲁扎耶夫卡,44.924379,54.064334,Q193403,RUS,Mordovia,Populated place,8,49311,ne-ne_10m_populated_places
1159128745,Kirsanov,基尔萨诺夫,42.717434,52.657392,Q153655,RUS,Tambov,Populated place,8,17975,ne-ne_10m_populated_places
1159128753,Michurinsk,米丘林斯克,40.499998,52.899987,Q159124,RUS,Tambov,Populated place,8,93499,ne-ne_10m_populated_places
1159128759,Borisoglebsk,鲍里索格列布斯克,42.088738,51.368711,Q132698,RUS,Voronezh,Populated place,8,68597,ne-ne_10m_populated_places
1159128763,Oktyabrskiy,十月镇,53.459982,54.459969,Q176325,RUS,Bashkortostan,Populated place,8,108200,ne-ne_10m_populated_places
1159128773,Plast,普拉斯特,60.808526,54.368502,Q179476,RUS,Chelyabinsk,Populated place,8,17050,ne-ne_10m_populated_places
1159128779,Bakal,巴卡尔,58.795884,54.945883,Q104530,RUS,Chelyabinsk,Populated place,8,26559,ne-ne_10m_populated_places
1159128785,Verkhniy Ufaley,上乌法列伊,60.2313,56.066279,Q133033,RUS,Chelyabinsk,Populated place,8,33879,ne-ne_10m_populated_places
1159128793,Severnyy,谢韦尔内岛,64.123259,67.608288,Q501213,RUS,Komi,Populated place,8,11562,ne-ne_10m_populated_places
1159128797,Kirovo-Chepetsk,基洛沃-切佩茨克,50.044377,58.55437,Q153565,RUS,Kirov,Populated place,8,90252,ne-ne_10m_populated_places
1159128805,Krasnoturinsk,克拉斯诺图林斯克,60.208342,59.76237,Q155767,RUS,Sverdlovsk,Populated place,8,64878,ne-ne_10m_populated_places
1159128811,Asbest,阿斯别斯特,61.458047,57.023043,Q104059,RUS,Sverdlovsk,Populated place,8,81248,ne-ne_10m_populated_places
1159128817,Alapayevsk,阿拉帕耶夫斯克,61.691521,57.846507,Q103212,RUS,Sverdlovsk,Populated place,8,44000,ne-ne_10m_populated_places
1159128825,Krasnouralsk,克拉斯诺乌拉尔斯克,60.051518,58.351515,Q155774,RUS,Sverdlovsk,Populated place,8,20571,ne-ne_10m_populated_places
1159128833,Severouralsk,北乌拉尔斯克,59.961549,60.156521,Q193906,RUS,Sverdlovsk,Populated place,8,36138,ne-ne_10m_populated_places
1159128839,Novotroitsk,新特罗伊茨克,58.330021,51.200013,Q175360,RUS,Orenburg,Populated place,8,106186,ne-ne_10m_populated_places
1159128849,Buguruslan,布古鲁斯兰,52.433016,53.663015,Q132829,RUS,Orenburg,Populated place,8,53511,ne-ne_10m_populated_places
1159128853,Chapayevsk,恰帕耶夫斯克,49.724344,52.974323,Q197677,RUS,Samara,Populated place,8,107164,ne-ne_10m_populated_places
1159128861,Syzran,塞兹兰,48.479976,53.169996,Q2219,RUS,Samara,Populated place,8,189338,ne-ne_10m_populated_places
1159128869,Novokuybishevsk,新古比雪夫斯克,49.91994,53.119999,Q175124,RUS,Samara,Populated place,8,152334,ne-ne_10m_populated_places
1159128877,Naberezhnyye Chelny,卡马河畔切尔尼,52.39244,55.731906,Q95041,RUS,Tatarstan,Populated place,8,461086,ne-ne_10m_populated_places
1159128883,Zelenodolsk,泽列诺多尔斯克,48.496973,55.848066,Q139743,RUS,Tatarstan,Populated place,8,99600,ne-ne_10m_populated_places
1159128887,Leninogorsk,列宁诺戈尔斯克,52.448726,54.598695,Q157458,RUS,Tatarstan,Populated place,8,66263,ne-ne_10m_populated_places
1159128893,Bugulma,布古利马,52.794286,54.55433,Q132806,RUS,Tatarstan,Populated place,8,91900,ne-ne_10m_populated_places
1159128897,Nefteyugansk,涅夫捷尤甘斯克,72.608008,61.092018,Q172616,RUS,Khanty-Mansiy,Populated place,8,112632,ne-ne_10m_populated_places
1159128901,Leninsk Kuznetsky,列宁斯克-库兹涅茨基,86.169975,54.660009,Q157482,RUS,Kemerovo,Populated place,8,109023,ne-ne_10m_populated_places
1159128905,Anzhero Sudzhensk,安热罗苏真斯克,86.040009,56.080025,Q103620,RUS,Kemerovo,Populated place,8,83692,ne-ne_10m_populated_places
1159128911,Kiselevsk,基谢廖夫斯克,86.640024,54.000023,Q153663,RUS,Kemerovo,Populated place,8,104000,ne-ne_10m_populated_places
1159128915,Mundybash,克麦罗沃州,87.316675,53.233274,Q4307096,RUS,Kemerovo,Populated place,8,5870,ne-ne_10m_populated_places
1159128919,Chernogorsk,切尔诺戈尔斯克,91.22269,53.831325,Q126758,RUS,Khakass,Populated place,8,71582,ne-ne_10m_populated_places
1159128923,Abaza,阿巴扎,90.095369,52.669019,Q102469,RUS,Khakass,Populated place,8,18094,ne-ne_10m_populated_places
1159128929,Iskitim,伊斯基季姆,83.286534,54.650939,Q143274,RUS,Novosibirsk,Populated place,8,61827,ne-ne_10m_populated_places
1159128933,Toguchin,托古钦,84.377681,55.237674,Q196660,RUS,Novosibirsk,Populated place,8,21886,ne-ne_10m_populated_places
1159128937,Kupina,庫皮諾,77.274187,54.359226,Q155990,RUS,Novosibirsk,Populated place,8,16333,ne-ne_10m_populated_places
1159128941,Alayat Samail,阿拉亚特萨迈勒,57.978208,23.303189,,OMN,Ad Dakhliyah,Populated place,8,47718,ne-ne_10m_populated_places
1159128947,Zaozernyy,扎奥焦尔内,94.702788,55.96197,Q72373,RUS,Krasnoyarsk,Populated place,8,33865,ne-ne_10m_populated_places
1159128951,Bogotol,波戈托尔,89.518401,56.216477,Q105253,RUS,Krasnoyarsk,Populated place,8,23622,ne-ne_10m_populated_places
1159128955,Shilka,石勒喀,116.030633,51.870566,Q198306,RUS,Chita,Populated place,8,14132,ne-ne_10m_populated_places
1159128959,Sherlovaya Gora,外贝加尔边疆区,116.300642,50.530597,Q1627105,RUS,Chita,Populated place,8,411,ne-ne_10m_populated_places
1159129023,Petrovsk Zabaykalskiy,彼得罗夫斯克,108.832674,51.282695,Q178870,RUS,Chita,Populated place,8,20889,ne-ne_10m_populated_places
1159129029,Arsenyev,黄土坎子,133.282345,44.162303,Q103850,RUS,Primor'ye,Populated place,8,58700,ne-ne_10m_populated_places
1159129037,Partizansk,游击队城,133.134912,43.134872,Q178090,RUS,Primor'ye,Populated place,8,42489,ne-ne_10m_populated_places
1159129043,Dalnerechensk,达利涅列琴斯克,133.722318,45.927286,Q134760,RUS,Primor'ye,Populated place,8,28300,ne-ne_10m_populated_places
1159129049,Zemlya Bunge,邦格地,142.10501,74.898308,,RUS,Sakha (Yakutia),Populated place,8,10,ne-ne_10m_populated_places
1159129057,Khorgo,霍尔果,113.630004,73.483304,,RUS,Sakha (Yakutia),Populated place,8,10,ne-ne_10m_populated_places
1159129063,Put Lenina,普列宁娜,107.799973,68.516631,,RUS,Sakha (Yakutia),Populated place,8,298,ne-ne_10m_populated_places
1159129069,Obluchye,奥布卢奇耶,131.083306,48.999992,Q175617,RUS,Yevrey,Populated place,8,10000,ne-ne_10m_populated_places
1159129077,Vanino,瓦尼诺,140.242489,49.087325,Q178876,RUS,Khabarovsk,Populated place,8,18618,ne-ne_10m_populated_places
1159129085,Omchak,奥姆恰克,147.916697,61.633278,Q14545882,RUS,Maga Buryatdan,Populated place,8,10,ne-ne_10m_populated_places
1159129093,Uglegorsk,乌格列戈尔斯克,142.033335,49.083346,Q196778,RUS,Sakhalin,Populated place,8,12669,ne-ne_10m_populated_places
1159129099,Kholmsk,霍尔姆斯克,142.062377,47.047321,Q197609,RUS,Sakhalin,Populated place,8,32911,ne-ne_10m_populated_places
1159129101,Vicente Guerrero,维森特格雷罗,-116.00926,30.764051,Q7925156,MEX,Baja California,Populated place,8,12829,ne-ne_10m_populated_places
1159129111,Loreto,洛雷托,-111.351664,26.013333,Q1020758,MEX,Baja California Sur,Populated place,8,11227,ne-ne_10m_populated_places
1159129119,Ciudad Constitución,孔斯蒂图西翁城,-111.659991,25.040008,Q599087,MEX,Baja California Sur,Populated place,8,39915,ne-ne_10m_populated_places
1159129127,Allende,阿连德,-100.849979,28.329988,Q2448272,MEX,Coahuila,Populated place,8,19636,ne-ne_10m_populated_places
1159129131,Nueva Rosita,新罗西塔,-101.219982,27.949959,Q2014880,MEX,Coahuila,Populated place,8,36642,ne-ne_10m_populated_places
1159129137,Hidalgo del Parral,帕拉爾,-105.666636,26.933355,Q771214,MEX,Chihuahua,Populated place,8,103378,ne-ne_10m_populated_places
1159129147,Ascensión,阿森松,-107.979983,31.100026,Q2450325,MEX,Chihuahua,Populated place,8,11781,ne-ne_10m_populated_places
1159129151,Gómez Palacio,戈麦斯帕拉西奥,-103.500024,25.570053,Q1775128,MEX,Durango,Populated place,8,399328,ne-ne_10m_populated_places
1159129157,Canatlan,卡纳特兰,-104.779997,24.519988,Q5124140,MEX,Durango,Populated place,8,10342,ne-ne_10m_populated_places
1159129165,Villa Unión,乌尼翁镇,-106.230038,23.199991,Q9093922,MEX,Sinaloa,Populated place,8,15443,ne-ne_10m_populated_places
1159129171,Altata,阿尔塔塔,-107.916215,24.636045,Q4736195,MEX,Sinaloa,Populated place,8,1000,ne-ne_10m_populated_places
1159129181,Esperanza,埃斯佩兰萨,-109.929993,27.580008,Q27940770,MEX,Sonora,Populated place,8,3836,ne-ne_10m_populated_places
1159129187,Magdalena,马格达莱纳-德基诺,-110.967951,30.625822,Q1572516,MEX,Sonora,Populated place,8,23359,ne-ne_10m_populated_places
1159129193,Nacozari de García,纳科萨里德加西亚,-109.649984,30.420015,Q123329,MEX,Sonora,Populated place,8,11872,ne-ne_10m_populated_places
1159129201,Villanueva,比亚努埃瓦,-102.88001,22.350017,Q2991562,MEX,Zacatecas,Populated place,8,11138,ne-ne_10m_populated_places
1159129207,Montemorelos,蒙特莫雷洛斯,-99.839989,25.189999,Q765472,MEX,Nuevo León,Populated place,8,42640,ne-ne_10m_populated_places
1159129213,Sabinas Hidalgo,萨维纳斯伊达尔戈,-100.179968,26.510021,Q2391830,MEX,Nuevo León,Populated place,8,32047,ne-ne_10m_populated_places
1159129221,Cardenas,卡德纳斯,-99.669999,22.000012,Q2991521,MEX,San Luis Potosí,Populated place,8,15331,ne-ne_10m_populated_places
1159129227,Ciudad Valles,巴耶斯城,-99.020013,21.979988,Q1002537,MEX,San Luis Potosí,Populated place,8,114964,ne-ne_10m_populated_places
1159129231,Rio Verde,裏奧貝爾德,-99.980006,21.929991,Q1925390,MEX,San Luis Potosí,Populated place,8,69613,ne-ne_10m_populated_places
1159129243,Ciudad Mante,曼特城,-98.950017,22.733353,Q736594,MEX,Tamaulipas,Populated place,8,79981,ne-ne_10m_populated_places
1159129247,Reynosa,雷诺萨,-98.300031,26.079996,Q738303,MEX,Tamaulipas,Populated place,8,498654,ne-ne_10m_populated_places
1159129257,Ciudad Madero,马德罗城,-97.836106,22.318908,Q985365,MEX,Tamaulipas,Populated place,8,192736,ne-ne_10m_populated_places
1159129263,Autlan,奥特兰,-104.369997,19.770019,Q2589446,MEX,Jalisco,Populated place,8,47669,ne-ne_10m_populated_places
1159129265,Ciudad Hidalgo,伊达尔戈城,-100.569996,19.679973,Q1962248,MEX,Michoacán,Populated place,8,64154,ne-ne_10m_populated_places
1159129277,Apatzingán,阿帕钦甘,-102.350016,19.079984,Q94758,MEX,Michoacán,Populated place,8,98422,ne-ne_10m_populated_places
1159129281,Santiago Ixcuintla,圣地亚哥伊克斯昆特拉,-105.220048,21.819998,Q3849467,MEX,Nayarit,Populated place,8,18365,ne-ne_10m_populated_places
1159129291,Juchitan,茱次丹萨拉戈萨,-95.019999,16.429991,Q1710837,MEX,Oaxaca,Populated place,8,67637,ne-ne_10m_populated_places
1159129295,Miahuatlán,米亚瓦特兰,-96.600006,16.329997,Q2449310,MEX,Oaxaca,Populated place,8,17632,ne-ne_10m_populated_places
1159129301,Atlixco,阿特利斯科,-98.449996,18.900021,Q757401,MEX,Puebla,Populated place,8,97842,ne-ne_10m_populated_places
1159129309,Acatlan,阿卡特兰,-98.049995,18.19996,Q2651821,MEX,Puebla,Populated place,8,18879,ne-ne_10m_populated_places
1159129317,Paraíso,帕拉伊索,-93.229979,18.400026,Q2072540,MEX,Tabasco,Populated place,8,23830,ne-ne_10m_populated_places
1159129321,Balancán,巴兰坎,-91.529979,17.799959,Q2669506,MEX,Tabasco,Populated place,8,11895,ne-ne_10m_populated_places
1159129331,Tlaxcala,特拉斯卡拉聯邦,-98.23001,19.319995,Q614072,MEX,Tlaxcala,Admin-1 capital,8,503878,ne-ne_10m_populated_places
1159129337,Irapuato,伊拉普阿托,-101.350877,20.676042,Q816845,MEX,Guanajuato,Populated place,8,339554,ne-ne_10m_populated_places
1159129345,Celaya,塞拉亞,-100.800008,20.530025,Q580649,MEX,Guanajuato,Populated place,8,383697,ne-ne_10m_populated_places
1159129353,Chilpancingo,奇尔潘辛戈,-99.50001,17.549974,Q207935,MEX,Guerrero,Admin-1 capital,8,182387,ne-ne_10m_populated_places
1159129361,Iguala,伊瓜拉德拉独立镇,-99.539981,18.370001,Q607167,MEX,Guerrero,Populated place,8,112106,ne-ne_10m_populated_places
1159129367,Tecpan,特克潘－德加萊阿納巿,-100.679989,17.249992,Q4453847,MEX,Guerrero,Populated place,8,14638,ne-ne_10m_populated_places
1159129373,Atoyac,阿托亚克,-100.43003,17.199995,Q2279115,MEX,Guerrero,Populated place,8,20515,ne-ne_10m_populated_places
1159129381,Nezahualcoyotl,内萨瓦尔科约特尔城,-99.029987,19.410016,Q210307,MEX,México,Populated place,8,1109363,ne-ne_10m_populated_places
1159129387,San Juan del Río,滨河圣胡安,-100.000031,20.379982,Q1815099,MEX,Querétaro,Populated place,8,147559,ne-ne_10m_populated_places
1159129393,Jaltipan,贾尔蒂潘,-94.73999,17.939976,Q2447248,MEX,Veracruz,Populated place,8,66998,ne-ne_10m_populated_places
1159129401,Orizaba,奥里萨巴,-97.129999,18.850024,Q993904,MEX,Veracruz,Populated place,8,355333,ne-ne_10m_populated_places
1159129407,Xalapa,哈拉帕,-96.919986,19.529982,Q221051,MEX,Veracruz,Admin-1 capital,8,452186,ne-ne_10m_populated_places
1159129411,Nautla,瑙特拉,-96.783354,20.216581,Q3846099,MEX,Veracruz,Populated place,8,2890,ne-ne_10m_populated_places
1159129419,San Cristobal de Las Casas,圣克里斯托瓦尔-德拉斯卡萨斯,-92.633375,16.749997,Q524894,MEX,Chiapas,Populated place,8,186661,ne-ne_10m_populated_places
1159129425,Escuintla,埃斯昆特拉,-92.62999,15.330006,Q1477389,MEX,Chiapas,Populated place,8,107638,ne-ne_10m_populated_places
1159129435,Motul,木托,-89.279987,21.09999,Q944292,MEX,Yucatán,Populated place,8,21253,ne-ne_10m_populated_places
1159129439,Tekax,特卡克斯,-89.279987,20.199993,Q1880859,MEX,Yucatán,Populated place,8,22806,ne-ne_10m_populated_places
1159129447,Peto,佩托,-88.919984,20.129971,Q1949370,MEX,Yucatán,Populated place,8,17607,ne-ne_10m_populated_places
1159129455,Halachó,阿拉乔,-90.080016,20.479976,Q3008522,MEX,Yucatán,Populated place,8,9165,ne-ne_10m_populated_places
1159129461,Iwo,伊沃,4.179993,7.629959,Q1665608,NGA,Osun,Populated place,8,250443,ne-ne_10m_populated_places
1159129465,Iseyin,伊塞因,3.590003,7.970016,Q1673881,NGA,Oyo,Populated place,8,98071,ne-ne_10m_populated_places
1159129473,Tetovo,泰托沃,20.970079,42.00923,Q157024,MKD,Tetovo,Admin-1 capital,8,119132,ne-ne_10m_populated_places
1159129477,Saida,赛达,35.368787,33.563028,Q163490,LBN,South Lebanon,Admin-1 capital,8,173894,ne-ne_10m_populated_places
1159129483,Olsztyn,奥士廷,20.485564,53.772584,Q82765,POL,Warmian-Masurian,Admin-1 capital,8,186670,ne-ne_10m_populated_places
1159129491,Elbląg,埃尔布隆格,19.403193,54.153919,Q104712,POL,Warmian-Masurian,Admin-1 capital,8,127558,ne-ne_10m_populated_places
1159129497,Inowrocław,伊诺弗罗茨瓦夫,18.249986,52.779942,Q378821,POL,Kuyavian-Pomeranian,Populated place,8,79007,ne-ne_10m_populated_places
1159129505,Bytom,比托姆,18.909998,50.350039,Q102350,POL,Silesian,Populated place,8,662247,ne-ne_10m_populated_places
1159129511,Opole,奥波莱,17.93135,50.68498,Q92212,POL,Opole,Admin-1 capital,8,131412,ne-ne_10m_populated_places
1159129517,Maqat,马卡特,53.326502,47.64824,Q3260005,KAZ,Atyrau,Populated place,8,14082,ne-ne_10m_populated_places
1159129525,Solikamsk,索利卡姆斯克,56.749962,59.669987,Q196384,RUS,Perm',Populated place,8,100812,ne-ne_10m_populated_places
1159129531,Kizel,基泽尔,57.634301,59.064365,Q145735,RUS,Perm',Populated place,8,22135,ne-ne_10m_populated_places
1159129537,Bestobe,贝斯托贝,73.099713,52.499675,Q6352163,KAZ,Aqmola,Populated place,8,7189,ne-ne_10m_populated_places
1159129545,Osakarovka,奧薩卡羅夫區,72.569927,50.579948,Q737748,KAZ,Qaraghandy,Populated place,8,7305,ne-ne_10m_populated_places
1159129551,Aqadyr,阿加德尔,72.859883,48.274869,Q4056543,KAZ,Qaraghandy,Populated place,8,9710,ne-ne_10m_populated_places
1159129559,Sharbaqty,沙巴克蒂,78.149948,52.499908,Q1047747,KAZ,Pavlodar,Populated place,8,107,ne-ne_10m_populated_places
1159129563,Shemonaikha,舍莫奈哈,81.904964,50.631598,Q1047824,KAZ,East Kazakhstan,Populated place,8,27176,ne-ne_10m_populated_places
1159129569,Serebryansk,谢列布良斯克,83.424871,49.699898,Q4417399,KAZ,East Kazakhstan,Populated place,8,701,ne-ne_10m_populated_places
1159129579,Boralday,布伦代,76.82884,43.334137,Q4093446,KAZ,Almaty,Populated place,8,20996,ne-ne_10m_populated_places
1159129585,Zharkent,扎爾肯特,79.98012,44.161554,Q2231416,KAZ,Almaty,Populated place,8,36496,ne-ne_10m_populated_places
1159129591,Esik,伊塞克,77.443789,43.36907,Q1688290,KAZ,Almaty,Populated place,8,35319,ne-ne_10m_populated_places
1159129599,Lenger,伦格,69.87991,42.189917,Q2378015,KAZ,South Kazakhstan,Populated place,8,23058,ne-ne_10m_populated_places
1159129605,Kentau,肯套,68.51989,43.516503,Q1315249,KAZ,South Kazakhstan,Populated place,8,57408,ne-ne_10m_populated_places
1159129613,Changyon,长渊,125.102069,38.251734,,PRK,Hwanghae-namdo,Populated place,8,48984,ne-ne_10m_populated_places
1159129619,Anbyon,安边,127.518562,39.028172,,PRK,Kangwon-do,Populated place,8,38142,ne-ne_10m_populated_places
1159129625,Munchon,文川,127.251705,39.381303,Q494606,PRK,Kangwon-do,Populated place,8,73619,ne-ne_10m_populated_places
1159129631,Kaesong,开城特级,126.564409,37.963999,Q109079,PRK,Kaesong,Admin-1 capital,8,338155,ne-ne_10m_populated_places
1159129639,Chosan,长山,125.800838,40.825478,,PRK,Chagang-do,Populated place,8,7786,ne-ne_10m_populated_places
1159129645,Manpo,满浦,126.295846,41.145433,Q698064,PRK,Chagang-do,Populated place,8,186827,ne-ne_10m_populated_places
1159129653,Sunchon,顺川,125.938969,39.4236,Q715946,PRK,P'yongan-namdo,Populated place,8,400629,ne-ne_10m_populated_places
1159129659,Kimhyonggwon,金亨权,128.155319,40.81752,,PRK,Ryanggang,Populated place,8,3839,ne-ne_10m_populated_places
1159129667,Tsetserleg,车车尔勒格,101.450179,47.476881,Q529834,MNG,Arhangay,Admin-1 capital,8,19812,ne-ne_10m_populated_places
1159129673,Pakhachi,帕哈奇,169.049981,60.581585,Q4347325,RUS,Kamchatka,Populated place,8,10,ne-ne_10m_populated_places
1159129681,Shannon,香农镇,-8.864147,52.703849,Q611919,IRL,Clare,Populated place,8,8781,ne-ne_10m_populated_places
1159129689,Waterford,沃特福德,-7.111928,52.258295,Q183551,IRL,Kilkenny,Populated place,8,49275,ne-ne_10m_populated_places
1159129693,Tralee,特拉利,-9.716653,52.266692,Q213358,IRL,Kerry,Admin-1 capital,8,26384,ne-ne_10m_populated_places
1159129697,Donegal,多尼戈尔,-8.116673,54.650009,Q855330,IRL,Donegal,Populated place,8,2513,ne-ne_10m_populated_places
1159129703,Modena,摩德纳,10.919995,44.650025,Q279,ITA,Emilia-Romagna,Populated place,8,175502,ne-ne_10m_populated_places
1159129707,Crotone,克罗托内,17.123337,39.083337,Q6681,ITA,Calabria,Populated place,8,60010,ne-ne_10m_populated_places
1159129711,Vibo Valentia,维博瓦伦蒂亚,16.10004,38.666592,Q13625,ITA,Calabria,Populated place,8,33957,ne-ne_10m_populated_places
1159129715,Reggio di Calabria,雷焦卡拉布里亞,15.64136,38.114998,Q8471,ITA,Calabria,Populated place,8,180353,ne-ne_10m_populated_places
1159129721,Caserta,卡塞塔,14.337357,41.05996,Q1906,ITA,Campania,Populated place,8,250000,ne-ne_10m_populated_places
1159129725,Barletta,巴列塔,16.270004,41.319996,Q13470,ITA,Apulia,Populated place,8,107830,ne-ne_10m_populated_places
1159129729,Ragusa,拉古萨,14.729995,36.930031,Q13674,ITA,Sicily,Populated place,8,68956,ne-ne_10m_populated_places
1159129733,Irbid,伊尔比德,35.849998,32.549989,Q194165,JOR,Irbid,Admin-1 capital,8,650000,ne-ne_10m_populated_places
1159129739,As Salt,薩爾特,35.727214,32.039193,Q867586,JOR,Balqa,Admin-1 capital,8,140689,ne-ne_10m_populated_places
1159129743,Az Zarqa,扎尔卡,36.100008,32.069992,Q148062,JOR,Zarqa,Admin-1 capital,8,894691,ne-ne_10m_populated_places
1159129747,Asti,阿斯蒂,8.209979,44.929982,Q6122,ITA,Piemonte,Populated place,8,71276,ne-ne_10m_populated_places
1159129759,Novara,诺瓦拉,8.61998,45.450002,Q6046,ITA,Piemonte,Populated place,8,100910,ne-ne_10m_populated_places
1159129763,Como,科莫,9.080004,45.810006,Q1308,ITA,Lombardia,Populated place,8,250000,ne-ne_10m_populated_places
1159129767,Udine,乌迪内,13.240008,46.070016,Q2790,ITA,Friuli-Venezia Giulia,Populated place,8,119009,ne-ne_10m_populated_places
1159129771,Treviso,特雷維索,12.240018,45.670015,Q5475,ITA,Veneto,Populated place,8,177309,ne-ne_10m_populated_places
1159129777,Yumen,玉门,97.729993,39.830035,Q729562,CHN,Gansu,Populated place,8,350000,ne-ne_10m_populated_places
1159129781,Linxia,临夏,103.200047,35.600009,Q653608,CHN,Gansu,Populated place,8,534555,ne-ne_10m_populated_places
1159129785,Zhuozhou,涿州,115.789976,39.540053,Q198244,CHN,Beijing,Populated place,8,628000,ne-ne_10m_populated_places
1159129789,Sanming,三明,117.580048,26.229987,Q68614,CHN,Fujian,Populated place,8,209444,ne-ne_10m_populated_places
1159129795,Huizhou,惠州,114.399983,23.079972,Q59173,CHN,Guangdong,Populated place,8,289201,ne-ne_10m_populated_places
1159129799,Chaozhou,潮州,116.630028,23.680039,Q59227,CHN,Guangdong,Populated place,8,424787,ne-ne_10m_populated_places
1159129803,Annecy,阿讷西,6.11667,45.899975,Q50189,FRA,Rhône-Alpes,Populated place,8,105749,ne-ne_10m_populated_places
1159129807,Roanne,罗阿讷,4.066666,46.033326,Q3581,FRA,Rhône-Alpes,Populated place,8,73315,ne-ne_10m_populated_places
1159129813,Piñas,皮尼亚斯,-79.649981,-3.670023,Q7883868,ECU,El Oro,Populated place,8,16981,ne-ne_10m_populated_places
1159129817,Puerto Villamil,比亞米爾港,-91.016651,-0.933342,Q1208152,ECU,Gal,Populated place,8,2200,ne-ne_10m_populated_places
1159129821,Puerto Baquerizo Moreno,巴克里索莫雷诺港,-89.599968,-0.900011,Q694109,ECU,Galápagos,Admin-1 capital,8,6030,ne-ne_10m_populated_places
1159129825,Guaranda,瓜蘭達,-79.01002,-1.609994,Q264464,ECU,Bolivar,Admin-1 capital,8,27866,ne-ne_10m_populated_places
1159129831,Azogues,阿索格斯,-78.84003,-2.740002,Q786758,ECU,Cañar,Admin-1 capital,8,69087,ne-ne_10m_populated_places
1159129835,Salinas,萨利纳斯,-80.980003,-2.200035,Q1026284,ECU,Guayas,Populated place,8,43862,ne-ne_10m_populated_places
1159129839,Alausí,阿劳西,-78.849978,-2.189958,Q2640072,ECU,Chimborazo,Populated place,8,14294,ne-ne_10m_populated_places
1159129843,Sangolquí,桑戈爾基,-78.45995,-0.310021,Q2361658,ECU,Pichincha,Populated place,8,178582,ne-ne_10m_populated_places
1159129849,Sonsón,松松,-75.316628,5.716614,Q649293,COL,Antioquia,Populated place,8,18817,ne-ne_10m_populated_places
1159129853,Sogamoso,索加莫索,-72.940003,5.719998,Q989996,COL,Boyacá,Populated place,8,126551,ne-ne_10m_populated_places
1159129857,Barrancabermeja,巴兰卡韦梅哈,-73.849999,7.089992,Q808830,COL,Santander,Populated place,8,191403,ne-ne_10m_populated_places
1159129861,Cartago,卡塔戈,-83.929978,9.869978,Q30617,CRI,Cartago,Admin-1 capital,8,196946,ne-ne_10m_populated_places
1159129869,Golfito,戈爾菲托區,-83.149974,8.650026,Q949409,CRI,Puntarenas,Populated place,8,6777,ne-ne_10m_populated_places
1159129873,Alajuela,阿拉胡埃拉,-84.230037,10.02002,Q37104,CRI,Alajuela,Admin-1 capital,8,387743,ne-ne_10m_populated_places
1159129877,Cañas,卡尼亞斯區,-85.10001,10.429995,Q1706524,CRI,Guanacaste,Populated place,8,20306,ne-ne_10m_populated_places
1159129879,Muisne,穆伊斯内,-80.02001,0.609974,Q6933279,ECU,Esmeraldas,Populated place,8,13393,ne-ne_10m_populated_places
1159129885,Sensuntepeque,森孫特佩克,-88.630001,13.880043,Q2335680,SLV,Cabañas,Admin-1 capital,8,26989,ne-ne_10m_populated_places
1159129889,Sonsonate,松索納特,-89.729986,13.719975,Q1014248,SLV,Sonsonate,Admin-1 capital,8,168947,ne-ne_10m_populated_places
1159129893,San Miguel,聖米格爾,-88.183336,13.483349,Q672458,SLV,San Miguel,Admin-1 capital,8,201563,ne-ne_10m_populated_places
1159129897,Ciego de Ávila,谢戈德阿维拉,-78.761947,21.839996,Q115465,CUB,Ciego de Ávila,Admin-1 capital,8,142027,ne-ne_10m_populated_places
1159129903,Palma Soriano,帕尔马索里亚诺,-75.998808,20.217227,Q742835,CUB,Santiago de Cuba,Populated place,8,102826,ne-ne_10m_populated_places
1159129907,May Pen,梅彭,-77.233281,17.966615,Q1677434,JAM,Clarendon,Admin-1 capital,8,135142,ne-ne_10m_populated_places
1159129911,Spanish Town,西班牙镇,-76.949991,17.983332,Q846939,JAM,Saint Catherine,Admin-1 capital,8,432704,ne-ne_10m_populated_places
1159129915,Girardot,吉拉尔多特,-74.809992,4.310007,Q186193,COL,Cundinamarca,Populated place,8,130289,ne-ne_10m_populated_places
1159129921,Campoalegre,坎波阿莱格雷,-75.330012,2.690002,Q2327412,COL,Huila,Populated place,8,22568,ne-ne_10m_populated_places
1159129925,Túquerres,圖克雷斯,-77.61995,1.089997,Q2373315,COL,Nariño,Populated place,8,33979,ne-ne_10m_populated_places
1159129929,Mocoa,莫科阿,-76.629984,1.149993,Q579803,COL,Putumayo,Admin-1 capital,8,22035,ne-ne_10m_populated_places
1159129933,Cartago,卡塔戈,-75.910028,4.74998,Q2004074,COL,Valle del Cauca,Populated place,8,134827,ne-ne_10m_populated_places
1159129939,San Gabriel,聖加百列,-77.84004,0.609974,Q4405656,ECU,Carchi,Populated place,8,16066,ne-ne_10m_populated_places
1159129943,Soledad,索萊達,-74.769994,10.920017,Q767071,COL,Atlántico,Populated place,8,698852,ne-ne_10m_populated_places
1159129947,Sabanalarga,萨瓦纳拉加,-74.919985,10.639982,Q1027007,COL,Atlántico,Populated place,8,68535,ne-ne_10m_populated_places
1159129951,Arjona,阿爾霍納,-75.349985,10.260031,Q671427,COL,Bolívar,Populated place,8,50405,ne-ne_10m_populated_places
1159129957,Magangué,马甘格,-74.740022,9.229991,Q1011196,COL,Bolívar,Populated place,8,100313,ne-ne_10m_populated_places
1159129961,Valledupar,巴耶杜帕尔,-73.25001,10.479992,Q376903,COL,Cesar,Admin-1 capital,8,308237,ne-ne_10m_populated_places
1159129965,San José del Guaviare,瓜维亚雷河畔圣何塞,-72.639995,2.569984,Q864675,COL,Meta,Admin-1 capital,8,22136,ne-ne_10m_populated_places
1159129969,Puerto López,洛佩斯港,-72.960027,4.089995,Q2143650,COL,Meta,Populated place,8,16678,ne-ne_10m_populated_places
1159129975,San Antonio de los Baños,圣安东尼奥德洛斯巴尼奥斯,-82.499083,22.891121,Q114984,CUB,La Habana,Populated place,8,42724,ne-ne_10m_populated_places
1159129979,Güines,圭内斯,-82.028027,22.836137,Q270297,CUB,La Habana,Populated place,8,68935,ne-ne_10m_populated_places
1159129983,Caibarién,凯瓦连,-79.47224,22.515795,Q289328,CUB,Villa Clara,Populated place,8,39140,ne-ne_10m_populated_places
1159129987,Placetas,普拉塞塔斯,-79.655485,22.315807,Q861701,CUB,Villa Clara,Populated place,8,55408,ne-ne_10m_populated_places
1159129993,Bielefeld,比勒费尔德,8.530011,52.029988,Q2112,DEU,Nordrhein-Westfalen,Populated place,8,331906,ne-ne_10m_populated_places
1159129997,Dortmund,多特蒙德,7.450026,51.529967,Q1295,DEU,Nordrhein-Westfalen,Populated place,8,588462,ne-ne_10m_populated_places
1159130001,Duisburg,杜伊斯堡,6.750017,51.429973,Q2100,DEU,Nordrhein-Westfalen,Populated place,8,1276757,ne-ne_10m_populated_places
1159130005,Wuppertal,伍珀塔尔,7.169991,51.25001,Q2107,DEU,Nordrhein-Westfalen,Populated place,8,776525,ne-ne_10m_populated_places
1159130011,Essen,埃森,7.016615,51.449998,Q2066,DEU,Nordrhein-Westfalen,Populated place,8,1742135,ne-ne_10m_populated_places
1159130015,Karlsruhe,卡爾斯魯厄,8.399993,48.999992,Q1040,DEU,Baden-Württemberg,Populated place,8,377487,ne-ne_10m_populated_places
1159130019,Heidelberg,海德堡,8.699975,49.419992,Q2966,DEU,Baden-Württemberg,Populated place,8,426590,ne-ne_10m_populated_places
1159130023,Kassel,卡塞尔,9.50003,51.300007,Q2865,DEU,Hessen,Populated place,8,289924,ne-ne_10m_populated_places
1159130027,Oldenburg,奥登堡,8.220004,53.129999,Q2936,DEU,Niedersachsen,Populated place,8,167458,ne-ne_10m_populated_places
1159130033,Emden,埃姆登,7.216655,53.366677,Q4174,DEU,Niedersachsen,Populated place,8,51526,ne-ne_10m_populated_places
1159130037,Braunschweig,不伦瑞克,10.50002,52.249975,Q2773,DEU,Niedersachsen,Populated place,8,244715,ne-ne_10m_populated_places
1159130041,Erfurt,埃尔福特,11.029962,50.970053,Q1729,DEU,Thüringen,Admin-1 capital,8,203254,ne-ne_10m_populated_places
1159130047,Karlovac,卡尔洛瓦茨,15.547774,45.487209,Q3617,HRV,Karlovacka,Admin-1 capital,8,55063,ne-ne_10m_populated_places
1159130051,Rijeka,里耶卡,14.450012,45.329984,Q1647,HRV,Primorsko-Goranska,Admin-1 capital,8,170992,ne-ne_10m_populated_places
1159130055,Coburg,科堡,10.966607,50.266607,Q14821,DEU,Bayern,Populated place,8,61054,ne-ne_10m_populated_places
1159130059,Augsburg,奥格斯堡,10.899996,48.350006,Q2749,DEU,Bayern,Populated place,8,358989,ne-ne_10m_populated_places
1159130065,Fürth,菲尔特,10.99999,49.470015,Q3075,DEU,Bayern,Populated place,8,237844,ne-ne_10m_populated_places
1159130069,České Budějovice,捷克布杰约维采,14.460037,48.980019,Q16506,CZE,Jihoceský,Admin-1 capital,8,98851,ne-ne_10m_populated_places
1159130073,Liberec,利贝雷茨,15.079999,50.79996,Q146351,CZE,Liberecký,Admin-1 capital,8,102175,ne-ne_10m_populated_places
1159130077,Chemnitz,开姆尼茨,12.919976,50.829984,Q2795,DEU,Sachsen,Populated place,8,302643,ne-ne_10m_populated_places
1159130083,Slavonski Brod,斯拉沃尼亚布罗德,18.015582,45.160278,Q4686,HRV,Brodsko-Posavska,Admin-1 capital,8,97718,ne-ne_10m_populated_places
1159130087,Olomouc,奥洛穆克,17.256796,49.586661,Q81137,CZE,Moravskoslezský,Admin-1 capital,8,101268,ne-ne_10m_populated_places
1159130121,Kohtla-Järve,科赫特拉-耶尔韦,27.283337,59.399978,Q201391,EST,Ida-Viru,Populated place,8,46060,ne-ne_10m_populated_places
1159130125,Gyangze,江孜镇,89.63333,28.950002,Q1999606,CHN,Xizang,Populated place,8,10000,ne-ne_10m_populated_places
1159130129,Dali,大理,109.937775,34.795252,,CHN,Shaanxi,Populated place,8,109696,ne-ne_10m_populated_places
1159130135,Yangquan,阳泉,113.570008,37.869974,Q72907,CHN,Shanxi,Populated place,8,981448,ne-ne_10m_populated_places
1159130139,Shiyan,十堰,110.779997,32.570039,Q71227,CHN,Hubei,Populated place,8,770000,ne-ne_10m_populated_places
1159130143,Danjiangkou,丹江口,111.500005,32.520016,Q1164197,CHN,Hubei,Populated place,8,92008,ne-ne_10m_populated_places
1159130147,Jingzhou,荆州,112.229986,30.320021,Q71247,CHN,Hubei,Populated place,8,520000,ne-ne_10m_populated_places
1159130153,Anlu,安陆,113.670002,31.269989,Q557934,CHN,Hubei,Populated place,8,71198,ne-ne_10m_populated_places
1159130157,Zixing,资兴,113.400044,25.969977,Q206996,CHN,Hunan,Populated place,8,6618,ne-ne_10m_populated_places
1159130161,Deyang,德阳,104.399974,31.133331,Q425996,CHN,Sichuan,Populated place,8,152194,ne-ne_10m_populated_places
1159130165,Tengchong,腾越镇,98.466589,25.033316,Q7699838,CHN,Yunnan,Populated place,8,126058,ne-ne_10m_populated_places
1159130171,Mengzi,蒙自,103.406132,23.361945,Q1201056,CHN,Yunnan,Populated place,8,303341,ne-ne_10m_populated_places
1159130175,Chuxiong,楚雄,101.545574,25.036416,Q1090087,CHN,Yunnan,Populated place,8,254370,ne-ne_10m_populated_places
1159130179,Hengshui,衡水,115.700007,37.719983,Q58724,CHN,Hebei,Populated place,8,456356,ne-ne_10m_populated_places
1159130183,Xuanhua,宣化,115.024338,40.594407,,CHN,Hebei,Populated place,8,409745,ne-ne_10m_populated_places
1159130189,Luohe,漯河,114.02998,33.570004,Q404599,CHN,Henan,Populated place,8,417356,ne-ne_10m_populated_places
1159130193,Beipiao,北票,120.760008,41.810018,Q814826,CHN,Liaoning,Populated place,8,228515,ne-ne_10m_populated_places
1159130199,Wafangdian,瓦房店,121.995954,39.625913,Q616048,CHN,Liaoning,Populated place,8,355844,ne-ne_10m_populated_places
1159130203,Zhucheng,诸城,119.380093,35.989959,Q198184,CHN,Shandong,Populated place,8,1060000,ne-ne_10m_populated_places
1159130209,Hangu,路南区,117.776986,39.231958,Q1196666,CHN,Tianjin,Populated place,8,332793,ne-ne_10m_populated_places
1159130213,Xinyi,新沂,118.350026,34.380006,Q1344902,CHN,Jiangsu,Populated place,8,962656,ne-ne_10m_populated_places
1159130217,Yangzhou,扬州,119.430012,32.399998,Q57906,CHN,Jiangsu,Populated place,8,539715,ne-ne_10m_populated_places
1159130221,Linhai,临海,121.119986,28.850008,Q713317,CHN,Zhejiang,Populated place,8,251759,ne-ne_10m_populated_places
1159130227,Huangyan,黄岩区,121.250004,28.65002,Q1027910,CHN,Zhejiang,Populated place,8,198713,ne-ne_10m_populated_places
1159130231,Okayama,冈山,133.917087,34.67203,Q200078,JPN,Okayama,Admin-1 capital,8,866092,ne-ne_10m_populated_places
1159130233,Shimonoseki,下关,130.945433,33.965432,Q203308,JPN,Yamaguchi,Populated place,8,245786,ne-ne_10m_populated_places
1159130237,Daan,大安,124.299999,45.499999,Q1021732,CHN,Jilin,Populated place,8,93297,ne-ne_10m_populated_places
1159130243,Changling,长岭县,123.989992,44.269997,Q1062078,CHN,Jilin,Populated place,8,55841,ne-ne_10m_populated_places
1159130247,Tonghua,通化,125.749988,41.679974,Q92324,CHN,Jilin,Populated place,8,27227,ne-ne_10m_populated_places
1159130253,Baishan,白山,126.429998,41.900012,Q92348,CHN,Jilin,Populated place,8,330000,ne-ne_10m_populated_places
1159130257,Yanji,延吉,129.512756,42.882304,Q713362,CHN,Jilin,Populated place,8,488740,ne-ne_10m_populated_places
1159130263,Kanoya,鹿屋,130.850039,31.383316,Q819578,JPN,Kagoshima,Populated place,8,82335,ne-ne_10m_populated_places
1159130267,Takamatsu,高松,134.044779,34.344737,Q200707,JPN,Kagawa,Admin-1 capital,8,334223,ne-ne_10m_populated_places
1159130271,Tokushima,德岛,134.5525,34.067389,Q207309,JPN,Tokushima,Admin-1 capital,8,443760,ne-ne_10m_populated_places
1159130275,Genhe,根河,121.516655,50.78332,Q1354108,CHN,Nei Mongol,Populated place,8,42849,ne-ne_10m_populated_places
1159130281,Shangdu,商都县,113.533886,41.549439,Q1305772,CHN,Nei Mongol,Populated place,8,18831,ne-ne_10m_populated_places
1159130285,Orongen Zizhiqi,阿里河镇,123.716676,50.566667,Q14230874,CHN,Nei Mongol,Populated place,8,40128,ne-ne_10m_populated_places
1159130289,Zalantun,扎兰屯,122.719992,48.000002,Q145015,CHN,Nei Mongol,Populated place,8,138032,ne-ne_10m_populated_places
1159130293,Wuchuan,吴川,111.440836,41.095514,,CHN,Nei Mongol,Populated place,8,23776,ne-ne_10m_populated_places
1159130301,Hanggin Houqi,杭锦后旗,107.140013,40.8847,Q1202314,CHN,Nei Mongol,Populated place,8,39954,ne-ne_10m_populated_places
1159130303,Anda,安达,125.32004,46.399996,Q489631,CHN,Heilongjiang,Populated place,8,181533,ne-ne_10m_populated_places
1159130307,Qinggang,青冈镇,126.100044,46.69003,Q8836938,CHN,Heilongjiang,Populated place,8,64182,ne-ne_10m_populated_places
1159130315,Angangxi,昂昂溪区,123.80003,47.160053,,CHN,Heilongjiang,Populated place,8,24317,ne-ne_10m_populated_places
1159130319,Hulan Ergi,富拉尔基区,123.610015,47.209972,Q34761,CHN,Heilongjiang,Populated place,8,289999,ne-ne_10m_populated_places
1159130323,Qingan,庆安县,127.511844,46.871854,,CHN,Heilongjiang,Populated place,8,53206,ne-ne_10m_populated_places
1159130327,Baiquan,拜泉县,126.081854,47.601835,Q649215,CHN,Heilongjiang,Populated place,8,70472,ne-ne_10m_populated_places
1159130333,Suileng,绥棱镇,127.105978,47.245991,Q13992688,CHN,Heilongjiang,Populated place,8,57789,ne-ne_10m_populated_places
1159130337,Linkou,林口,130.251884,45.281899,,CHN,Heilongjiang,Populated place,8,77754,ne-ne_10m_populated_places
1159130341,Toyama,富山,137.230011,36.699994,Q204266,JPN,Toyama,Admin-1 capital,8,332812,ne-ne_10m_populated_places
1159130345,Takaoka,高冈,136.999999,36.670021,Q502988,JPN,Toyama,Populated place,8,170077,ne-ne_10m_populated_places
1159130353,Ōtsu,大津,135.867407,35.006402,Q202907,JPN,Shiga,Admin-1 capital,8,536976,ne-ne_10m_populated_places
1159130357,Maebashi,前桥,139.072689,36.3927,Q201613,JPN,Gunma,Admin-1 capital,8,344871,ne-ne_10m_populated_places
1159130361,Kawasaki,川崎,139.705002,35.529988,Q164234,JPN,Kanagawa,Populated place,8,1437266,ne-ne_10m_populated_places
1159130365,Kawagoe,川越,139.491062,35.91769,Q319740,JPN,Saitama,Populated place,8,337931,ne-ne_10m_populated_places
1159130371,Utsunomiya,宇都宫,139.870005,36.549977,Q200589,JPN,Tochigi,Admin-1 capital,8,667752,ne-ne_10m_populated_places
1159130375,Hachiōji,八王子,139.326059,35.657706,Q208863,JPN,Tokyo,Populated place,8,579399,ne-ne_10m_populated_places
1159130379,Kōriyama,郡山,140.38,37.409976,Q264206,JPN,Fukushima,Populated place,8,340560,ne-ne_10m_populated_places
1159130383,San Luis,聖路易,-89.440004,16.200005,Q1020572,GTM,Petén,Populated place,8,132470,ne-ne_10m_populated_places
1159130389,Cobán,科万,-90.379998,15.469998,Q867077,GTM,Alta Verapaz,Admin-1 capital,8,65194,ne-ne_10m_populated_places
1159130393,Livingston,利文斯顿,-88.756235,15.830654,Q1192713,GTM,Izabal,Populated place,8,14350,ne-ne_10m_populated_places
1159130397,Jutiapa,胡蒂亚帕,-89.900001,14.289992,Q1023364,GTM,Jutiapa,Admin-1 capital,8,50681,ne-ne_10m_populated_places
1159130401,Neiba,内巴,-71.416633,18.466611,Q2107258,DOM,Bahoruco,Admin-1 capital,8,25731,ne-ne_10m_populated_places
1159130407,La Vega,拉维加,-70.516585,19.216591,Q538953,DOM,La Vega,Admin-1 capital,8,163197,ne-ne_10m_populated_places
1159130411,San Francisco de Macorís,圣弗朗西斯科德马科里斯,-70.250012,19.299996,Q681999,DOM,Duarte,Admin-1 capital,8,152538,ne-ne_10m_populated_places
1159130415,Roura,鲁拉,-52.330021,4.729981,Q996422,FRA,Guinaa,Populated place,8,2229,ne-ne_10m_populated_places
1159130419,Sinnamary,锡纳马里,-52.959982,5.380019,Q948333,FRA,Guinaa,Populated place,8,3180,ne-ne_10m_populated_places
1159130425,Simla,西姆拉,77.166597,31.100026,Q83786,IND,Himachal Pradesh,Admin-1 capital,8,173503,ne-ne_10m_populated_places
1159130429,Gurgaon,古尔冈,77.019991,28.450006,Q238508,IND,Haryana,Populated place,8,197340,ne-ne_10m_populated_places
1159130433,Sonipat,索尼帕特,77.019991,28.999999,Q41561,IND,Haryana,Populated place,8,250521,ne-ne_10m_populated_places
1159130437,Rohtak,罗赫塔克,76.580018,28.900005,Q1453180,IND,Haryana,Populated place,8,317245,ne-ne_10m_populated_places
1159130443,Hisar,希萨尔,75.725031,29.169988,Q1772825,IND,Haryana,Populated place,8,544829,ne-ne_10m_populated_places
1159130449,Bhiwani,比瓦尼,76.125007,28.81001,Q796669,IND,Haryana,Populated place,8,190855,ne-ne_10m_populated_places
1159130453,Ambala,安巴拉,76.791822,30.377311,Q456624,IND,Haryana,Populated place,8,146787,ne-ne_10m_populated_places
1159130459,Sopore,索波雷,74.466658,34.299959,Q2321929,IND,Jammu and Kashmir,Populated place,8,63035,ne-ne_10m_populated_places
1159130463,Silvassa,锡尔瓦斯萨,73.016618,20.266578,Q318404,IND,Dadra and Nagar Haveli,Admin-1 capital,8,27359,ne-ne_10m_populated_places
1159130467,Kalyan,卡延,73.160175,19.250232,Q366754,IND,Maharashtra,Populated place,8,1576614,ne-ne_10m_populated_places
1159130471,Bhusawal,布萨瓦尔,75.830038,21.019995,Q796650,IND,Maharashtra,Populated place,8,183001,ne-ne_10m_populated_places
1159130477,Jorhat,基奥哈特,94.216667,26.749981,Q1937201,IND,Assam,Populated place,8,69033,ne-ne_10m_populated_places
1159130481,St.-Brieuc,圣布里厄,-2.783303,48.516663,Q29234,FRA,Bretagne,Populated place,8,53223,ne-ne_10m_populated_places
1159130485,Poitier,普瓦捷,0.333276,46.583292,Q6616,FRA,Poitou-Charentes,Admin-1 region capital,8,85960,ne-ne_10m_populated_places
1159130495,Angers,昂热,-0.53003,47.480007,Q38380,FRA,Pays de la Loire,Populated place,8,188380,ne-ne_10m_populated_places
1159130499,Biarritz,比亚里茨,-1.561595,43.473275,Q132790,FRA,Aquitaine,Populated place,8,145348,ne-ne_10m_populated_places
1159130503,Aix-en-Provence,普罗旺斯地区艾克斯,5.449993,43.519991,Q47465,FRA,Provence-Alpes-Côte-d'Azur,Populated place,8,146821,ne-ne_10m_populated_places
1159130507,Perpignan,佩皮尼昂,2.899967,42.699989,Q6730,FRA,Languedoc-Roussillon,Populated place,8,146620,ne-ne_10m_populated_places
1159130513,Tarbes,塔布,0.083344,43.23329,Q184023,FRA,Midi-Pyrénées,Populated place,8,54854,ne-ne_10m_populated_places
1159130517,Clermont-Ferrand,克莱蒙费朗,3.080008,45.779982,Q42168,FRA,Auvergne,Admin-1 region capital,8,233050,ne-ne_10m_populated_places
1159130521,Melun,默倫,2.666648,48.533302,Q41139,FRA,Île-de-France,Populated place,8,249432,ne-ne_10m_populated_places
1159130525,Arras,阿拉斯,2.783334,50.283325,Q131329,FRA,Nord-Pas-de-Calais,Populated place,8,64165,ne-ne_10m_populated_places
1159130531,Besançon,贝桑松,6.030009,47.229997,Q37776,FRA,Franche-Comté,Admin-1 region capital,8,128426,ne-ne_10m_populated_places
1159130535,Río Verde,里奥韦尔德,-71.466605,-52.649979,Q56131,CHL,Magallanes y Antartica Chilena,Populated place,8,358,ne-ne_10m_populated_places
1159130541,Cuya,库亚,-70.133301,-19.116677,Q5795129,CHL,Tarapace,Populated place,8,20,ne-ne_10m_populated_places
1159130545,Chuquicamata,丘基卡马塔,-68.929989,-22.319996,Q55342984,CHL,Antofagasta,Populated place,8,0,ne-ne_10m_populated_places
1159130551,María Elena,玛莉亚埃琳娜,-69.669996,-22.350019,Q16923,CHL,Antofagasta,Populated place,8,2370,ne-ne_10m_populated_places
1159130555,Tierra Amarilla,蒂拉阿马里利亚,-70.279984,-27.480042,Q188142,CHL,Atacama,Populated place,8,12888,ne-ne_10m_populated_places
1159130559,Combarbalá,孔巴尔瓦拉,-70.999992,-31.180023,Q3850,CHL,Coquimbo,Populated place,8,5134,ne-ne_10m_populated_places
1159130563,San Bernardo,圣贝尔纳多,-70.699985,-33.599979,Q56136,CHL,Región Metropolitana de Santiago,Populated place,8,246762,ne-ne_10m_populated_places
1159130569,San Felipe,圣费利佩,-70.720009,-32.750005,Q187802,CHL,Valparaíso,Populated place,8,59294,ne-ne_10m_populated_places
1159130573,Viña del Mar,比尼亚德尔马,-71.557083,-33.024898,Q184345,CHL,Valparaíso,Populated place,8,503534,ne-ne_10m_populated_places
1159130577,La Ligua,拉利瓜,-71.240029,-32.459997,Q14463,CHL,Valparaíso,Populated place,8,26665,ne-ne_10m_populated_places
1159130579,Quillota,基约塔,-71.260002,-32.879971,Q56108,CHL,Valparaíso,Populated place,8,79686,ne-ne_10m_populated_places
1159130587,Nueva Imperial,新帝国镇,-72.960027,-38.740027,Q51050,CHL,La Araucanía,Populated place,8,18777,ne-ne_10m_populated_places
1159130591,Loncoche,伦科切,-72.629996,-39.370014,Q16900,CHL,La Araucanía,Populated place,8,15590,ne-ne_10m_populated_places
1159130593,Villarica,比亚里卡,-72.229995,-39.280046,Q201019,CHL,La Araucanía,Populated place,8,31602,ne-ne_10m_populated_places
1159130597,Toltén,新托爾滕,-73.212338,-39.216591,Q200926,CHL,La Araucanpa,Populated place,8,2293,ne-ne_10m_populated_places
1159130603,Lonquimay,隆基迈,-71.233285,-38.433327,Q16902,CHL,La Araucanpa,Populated place,8,10237,ne-ne_10m_populated_places
1159130607,Angol,安戈尔,-72.705497,-37.802211,Q3608,CHL,La Araucanía,Populated place,8,44856,ne-ne_10m_populated_places
1159130611,Collipulli,科利普利,-72.430008,-37.959971,Q3843,CHL,La Araucanía,Populated place,8,16392,ne-ne_10m_populated_places
1159130615,La Unión,拉乌尼翁,-73.089968,-40.289958,Q14469,CHL,Los Ríos,Populated place,8,26298,ne-ne_10m_populated_places
1159130621,Río Bueno,里奥布埃诺,-72.960027,-40.340032,Q56126,CHL,Los Ríos,Populated place,8,15456,ne-ne_10m_populated_places
1159130625,Coronel,科罗内尔,-73.160015,-37.02995,Q3873,CHL,Bío-Bío,Populated place,8,92940,ne-ne_10m_populated_places
1159130629,Talcahuano,塔尔卡瓦诺,-73.116659,-36.716688,Q41997,CHL,Bío-Bío,Populated place,8,288074,ne-ne_10m_populated_places
1159130633,Quirihue,基里韦,-72.530002,-36.280022,Q56115,CHL,Ñuble,Populated place,8,6529,ne-ne_10m_populated_places
1159130639,Curanilahue,库拉尼拉韦,-73.340004,-37.48,Q3892,CHL,Bío-Bío,Populated place,8,30611,ne-ne_10m_populated_places
1159130643,Santa Bárbara,圣巴巴拉,-72.019982,-37.670015,Q187961,CHL,BHo-B,Populated place,8,3494,ne-ne_10m_populated_places
1159130647,Pichilemu,披市勒亩,-71.999983,-34.380035,Q25304,CHL,Libertador General Bernardo O'Higgins,Populated place,8,11603,ne-ne_10m_populated_places
1159130651,San Fernando,圣费尔南多,-70.989967,-34.580022,Q187807,CHL,Libertador General Bernardo O'Higgins,Admin-1 capital,8,60746,ne-ne_10m_populated_places
1159130657,Puerto Varas,巴拉斯港,-72.99,-41.329998,Q51596,CHL,Los Lagos,Populated place,8,24958,ne-ne_10m_populated_places
1159130661,Calbuco,卡尔布科,-73.194692,-41.76052,Q3691,CHL,Los Lagos,Populated place,8,12490,ne-ne_10m_populated_places
1159130665,Castro,卡斯特罗,-73.762334,-42.480762,Q3744,CHL,Los Lagos,Populated place,8,29926,ne-ne_10m_populated_places
1159130669,Chonchi,琼奇,-73.79402,-42.6371,Q3788,CHL,Los Lagos,Populated place,8,381,ne-ne_10m_populated_places
1159130675,Linares,利纳雷斯,-71.591361,-35.850668,Q14494,CHL,Maule,Populated place,8,81015,ne-ne_10m_populated_places
1159130679,Cauquenes,考克内斯,-72.313628,-35.97513,Q3749,CHL,Maule,Populated place,8,31362,ne-ne_10m_populated_places
1159130685,Piraeus,比雷埃夫斯,23.69999,37.950021,Q58976,GRC,Attiki,Populated place,8,466065,ne-ne_10m_populated_places
1159130689,Volos,沃洛斯,22.95001,39.36996,Q200036,GRC,Thessalia,Admin-1 capital,8,110632,ne-ne_10m_populated_places
1159130695,Hania,哈尼亚,24.015578,35.512211,Q182299,GRC,Kriti,Admin-1 capital,8,78728,ne-ne_10m_populated_places
1159130699,Kavala,卡瓦拉,24.40176,40.941211,Q187352,GRC,Anatoliki Makedonia kai Thraki,Admin-1 capital,8,59240,ne-ne_10m_populated_places
1159130703,Alexandroupoli,亚历山德鲁波利斯,25.87441,40.848619,Q190847,GRC,Anatoliki Makedonia kai Thraki,Admin-1 capital,8,52979,ne-ne_10m_populated_places
1159130705,Kutaisi,库塔伊西,42.729991,42.249991,Q172415,GEO,Imereti,Populated place,8,183945,ne-ne_10m_populated_places
1159130711,Tskhinvali,茨欣瓦利,43.975031,42.232498,Q79863,GEO,Shida Kartli,Admin-1 capital,8,38502,ne-ne_10m_populated_places
1159130717,Beer Sheva,贝尔谢巴,34.830008,31.250016,Q41843,ISR,HaDarom,Admin-1 capital,8,206408,ne-ne_10m_populated_places
1159130721,Savonlinna,萨翁林纳,28.883343,61.866623,Q683512,FIN,Southern Savonia,Populated place,8,27353,ne-ne_10m_populated_places
1159130725,Pori,波里,21.774939,61.478895,Q180233,FIN,Satakunta,Populated place,8,76772,ne-ne_10m_populated_places
1159130731,Zhosaly,佐萨利,64.078042,45.487726,Q3884178,KAZ,Qyzylorda,Populated place,8,20065,ne-ne_10m_populated_places
1159130735,Marv Dasht,马夫达沙特,52.821468,29.801448,Q604990,IRN,Fars,Populated place,8,125000,ne-ne_10m_populated_places
1159130739,Shahrud,沙赫鲁德,54.962888,36.422879,Q605002,IRN,Semnan,Populated place,8,131889,ne-ne_10m_populated_places
1159130743,Varamin,瓦拉明,51.646604,35.31659,Q518985,IRN,Tehran,Populated place,8,179603,ne-ne_10m_populated_places
1159130749,Masjed Soleyman,马斯吉德苏莱曼,49.299926,31.979998,Q643172,IRN,Khuzestan,Populated place,8,153663,ne-ne_10m_populated_places
1159130753,Borujerd,博鲁杰尔德,48.800008,33.919957,Q605454,IRN,Lorestan,Populated place,8,251958,ne-ne_10m_populated_places
1159130757,Az Aubayr,祖拜爾,47.707982,30.389164,Q227509,IRQ,Al-Basrah,Populated place,8,262219,ne-ne_10m_populated_places
1159130761,Ad Diwaniyah,迪瓦尼耶,44.923966,31.988938,Q694939,IRQ,Al-Qadisiyah,Admin-1 capital,8,358408,ne-ne_10m_populated_places
1159130765,Ash Shatrah,沙特拉,46.177222,31.417525,Q2669841,IRQ,Dhi-Qar,Populated place,8,161949,ne-ne_10m_populated_places
1159130767,Malayer,马拉耶尔,48.849979,34.319984,Q605209,IRN,Hamadan,Populated place,8,176573,ne-ne_10m_populated_places
1159130771,Zanjan,赞詹,48.500026,36.670021,Q146699,IRN,Zanjan,Admin-1 capital,8,357471,ne-ne_10m_populated_places
1159130775,Urmia,乌尔米耶,44.999982,37.529995,Q179665,IRN,West Azarbaijan,Admin-1 capital,8,577307,ne-ne_10m_populated_places
1159130777,Ahar,阿哈尔,47.062905,38.482908,Q911727,IRN,East Azarbaijan,Populated place,8,103639,ne-ne_10m_populated_places
1159130783,Sanandaj,萨南达季,47.020013,35.300002,Q272093,IRN,Kordestan,Admin-1 capital,8,349176,ne-ne_10m_populated_places
1159130787,Mandali,满德里,45.546357,33.743611,Q1382440,IRQ,Diyala,Populated place,8,29785,ne-ne_10m_populated_places
1159130793,Neyshabur,尼沙普爾,58.820017,36.220023,Q131350,IRN,Razavi Khorasan,Populated place,8,221700,ne-ne_10m_populated_places
1159130795,Bojnurd,博季努爾德,57.320005,37.469998,Q317946,IRN,North Khorasan,Admin-1 capital,8,208582,ne-ne_10m_populated_places
1159130803,Sirjan,锡尔詹,55.730024,29.46997,Q605224,IRN,Kerman,Populated place,8,175000,ne-ne_10m_populated_places
1159130805,Hoshiarpur,霍诗雅普尔,75.980003,31.519974,Q928349,IND,Punjab,Populated place,8,158142,ne-ne_10m_populated_places
1159130807,Ajmer,阿杰梅尔,74.639981,26.449999,Q200049,IND,Rajasthan,Populated place,8,589985,ne-ne_10m_populated_places
1159130811,Hathras,哈特拉斯,78.050006,27.599981,Q1709695,IND,Uttar Pradesh,Populated place,8,126882,ne-ne_10m_populated_places
1159130815,Sitapur,斯塔普尔,80.683242,27.551591,Q922701,IND,Uttar Pradesh,Populated place,8,164435,ne-ne_10m_populated_places
1159130821,Pilibhit,皮利比特,79.810002,28.639995,Q1197824,IND,Uttar Pradesh,Populated place,8,131008,ne-ne_10m_populated_places
1159130825,Budaun,布达恩,79.089994,28.030006,Q798839,IND,Uttar Pradesh,Populated place,8,161555,ne-ne_10m_populated_places
1159130829,Firozabad,菲罗扎巴德,78.394946,27.149982,Q1452991,IND,Uttar Pradesh,Populated place,8,306409,ne-ne_10m_populated_places
1159130833,Mathura,马图拉,77.670029,27.499987,Q200311,IND,Uttar Pradesh,Populated place,8,330511,ne-ne_10m_populated_places
1159130839,Bulandshahr,布兰德斯哈赫尔,77.848416,28.41037,Q861248,IND,Uttar Pradesh,Populated place,8,198612,ne-ne_10m_populated_places
1159130843,Hapur,哈普尔,77.762788,28.743658,Q11139912,IND,Uttar Pradesh,Populated place,8,242920,ne-ne_10m_populated_places
1159130845,Muzaffarnagar,穆扎法尔纳加尔,77.69504,29.485008,Q2768828,IND,Uttar Pradesh,Populated place,8,349706,ne-ne_10m_populated_places
1159130849,Gangtok,甘托克,88.616647,27.33333,Q186141,IND,Sikkim,Admin-1 capital,8,77900,ne-ne_10m_populated_places
1159130855,Viborg,維堡,9.399984,56.433337,Q21176,DNK,Midtjylland,Admin-1 capital,8,34831,ne-ne_10m_populated_places
1159130859,Roskilde,罗斯基勒,12.083334,55.649974,Q26563,DNK,Sjaælland,Populated place,8,44285,ne-ne_10m_populated_places
1159130863,Ar Ramadi,拉马迪,43.299982,33.420013,Q192961,IRQ,Al-Anbar,Admin-1 capital,8,295121,ne-ne_10m_populated_places
1159130867,Al Musayyib,穆赛伊卜,44.289999,32.778631,Q4120374,IRQ,Babil,Populated place,8,76454,ne-ne_10m_populated_places
1159130873,Subotica,苏博蒂察,19.680028,46.070016,Q170287,SRB,Severno-Backi,Populated place,8,100000,ne-ne_10m_populated_places
1159130877,Grajau,格拉雅乌,-46.149984,-5.809996,Q2043418,BRA,Maranhão,Populated place,8,30217,ne-ne_10m_populated_places
1159130881,Presidente Dutra,杜特拉總統鎮,-44.519981,-5.25003,Q637452,BRA,Maranhão,Populated place,8,30330,ne-ne_10m_populated_places
1159130885,Itapecuru Mirim,伊塔佩库鲁米林马拉尼昂州,-44.360016,-3.400013,Q2012733,BRA,Maranhão,Populated place,8,34943,ne-ne_10m_populated_places
1159130891,São José de Ribamar,圣若泽-迪里巴马尔,-44.069982,-2.549988,Q1006367,BRA,Maranhão,Populated place,8,55265,ne-ne_10m_populated_places
1159130895,Santa Inês,圣伊内斯,-45.390031,-3.659997,Q2469099,BRA,Maranhão,Populated place,8,67424,ne-ne_10m_populated_places
1159130899,Rosário,南罗萨里奥,-44.260022,-2.940041,Q2106358,BRA,Maranh,Populated place,8,6798,ne-ne_10m_populated_places
1159130903,Timon,蒂蒙,-42.844966,-5.114999,Q1017101,BRA,Maranh,Admin-1 capital,8,203157,ne-ne_10m_populated_places
1159130909,Capanema,卡帕內馬,-47.179999,-1.190019,Q1947031,BRA,Pará,Populated place,8,47766,ne-ne_10m_populated_places
1159130913,Portel,波特尔,-50.819984,-1.949973,Q2089210,BRA,Pará,Populated place,8,21315,ne-ne_10m_populated_places
1159130917,Itupiranga,伊图皮兰加,-49.300025,-5.120012,Q2008167,BRA,Pará,Populated place,8,21301,ne-ne_10m_populated_places
1159130921,Pimenta Bueno,皮门塔布埃努,-61.209995,-11.640027,Q1803175,BRA,Rondônia,Populated place,8,25762,ne-ne_10m_populated_places
1159130927,Ponta Porã,蓬塔波朗,-55.729968,-22.530009,Q928094,BRA,Mato Grosso do Sul,Populated place,8,94331,ne-ne_10m_populated_places
1159130931,Maracaju,马拉卡茹,-55.180028,-21.610013,Q1792127,BRA,Mato Grosso do Sul,Populated place,8,22690,ne-ne_10m_populated_places
1159130935,Jardim,雅爾丁,-56.15002,-21.479943,Q927504,BRA,Mato Grosso do Sul,Populated place,8,23780,ne-ne_10m_populated_places
1159130939,Três Lagoas,特雷斯拉瓜斯,-51.720006,-20.790011,Q1637454,BRA,Mato Grosso do Sul,Populated place,8,78712,ne-ne_10m_populated_places
1159130945,Guanhães,瓜尼扬伊斯,-42.950025,-18.780005,Q1756864,BRA,Minas Gerais,Populated place,8,23727,ne-ne_10m_populated_places
1159130949,Leopoldina,利奥波尔迪纳,-42.640044,-21.530018,Q1805359,BRA,Minas Gerais,Populated place,8,46742,ne-ne_10m_populated_places
1159130953,Nova Lima,新利马,-43.850021,-19.980035,Q1642662,BRA,Minas Gerais,Populated place,8,88399,ne-ne_10m_populated_places
1159130957,Pouso Alegre,波苏阿莱格里,-45.940023,-22.220002,Q949798,BRA,Minas Gerais,Populated place,8,115201,ne-ne_10m_populated_places
1159130963,Itaúna,伊塔乌纳,-44.570029,-20.06003,Q628877,BRA,Minas Gerais,Populated place,8,77400,ne-ne_10m_populated_places
1159130967,Caratinga,卡拉廷加,-42.139997,-19.790021,Q905175,BRA,Minas Gerais,Populated place,8,60066,ne-ne_10m_populated_places
1159130971,Diamantina,迪亚曼蒂纳,-43.609984,-18.239986,Q34028,BRA,Minas Gerais,Populated place,8,37343,ne-ne_10m_populated_places
1159130977,Nanuque,纳努克,-40.350028,-17.839959,Q83011,BRA,Minas Gerais,Populated place,8,37824,ne-ne_10m_populated_places
1159130983,Barbacena,巴巴塞纳,-43.77,-21.220011,Q807311,BRA,Minas Gerais,Populated place,8,122211,ne-ne_10m_populated_places
1159130987,Poços de Caldas,波苏斯－迪卡尔达斯,-46.569985,-21.780029,Q817216,BRA,Minas Gerais,Populated place,8,146588,ne-ne_10m_populated_places
1159130991,Guaxupé,瓜舒佩,-46.70995,-21.290032,Q1791417,BRA,Minas Gerais,Populated place,8,47889,ne-ne_10m_populated_places
1159130995,São João del Rei,圣若昂-德雷,-44.249997,-21.130042,Q740965,BRA,Minas Gerais,Populated place,8,78592,ne-ne_10m_populated_places
1159131001,Muriaé,穆里亚埃,-42.389981,-21.130042,Q1637446,BRA,Minas Gerais,Populated place,8,91173,ne-ne_10m_populated_places
1159131005,Passos,帕苏斯,-46.609982,-20.710016,Q985579,BRA,Minas Gerais,Populated place,8,98752,ne-ne_10m_populated_places
1159131009,Conselheiro Lafaiete,拉法耶蒂顾问城,-43.789999,-20.670019,Q570312,BRA,Minas Gerais,Populated place,8,111596,ne-ne_10m_populated_places
1159131013,Formiga,福米加,-45.430028,-20.460006,Q1791720,BRA,Minas Gerais,Populated place,8,56404,ne-ne_10m_populated_places
1159131019,Frutal,弗鲁塔尔,-48.940021,-20.030006,Q1790819,BRA,Minas Gerais,Populated place,8,40931,ne-ne_10m_populated_places
1159131023,Iturama,伊图拉马,-50.200021,-19.729973,Q1780277,BRA,Minas Gerais,Populated place,8,29805,ne-ne_10m_populated_places
1159131027,Ituiutaba,伊图尤塔巴,-49.459989,-18.970019,Q1756328,BRA,Minas Gerais,Populated place,8,85345,ne-ne_10m_populated_places
1159131031,Araguari,阿拉瓜里,-48.199988,-18.640013,Q1637522,BRA,Minas Gerais,Populated place,8,96565,ne-ne_10m_populated_places
1159131037,Almenara,阿尔梅纳拉,-40.700007,-16.170035,Q979377,BRA,Minas Gerais,Populated place,8,29333,ne-ne_10m_populated_places
1159131041,Várzea Grande,大瓦尔泽亚,-56.140021,-15.650015,Q983884,BRA,Mato Grosso,Populated place,8,249752,ne-ne_10m_populated_places
1159131045,Cáceres,卡塞雷斯,-57.510014,-16.050042,Q986526,BRA,Mato Grosso,Populated place,8,85274,ne-ne_10m_populated_places
1159131049,Santana do Livramento,圣安娜-利弗拉门图,-55.530006,-30.880042,Q917693,BRA,Rio Grande do Sul,Populated place,8,89694,ne-ne_10m_populated_places
1159131055,Canoas,卡诺阿斯,-51.179987,-29.919997,Q194325,BRA,Rio Grande do Sul,Populated place,8,600000,ne-ne_10m_populated_places
1159131059,Quaraí,夸拉伊,-56.459949,-30.38002,Q1637478,BRA,Rio Grande do Sul,Populated place,8,23229,ne-ne_10m_populated_places
1159131063,Santa Vitória do Palmar,圣维多利亚-杜帕尔马,-53.369983,-33.520035,Q984562,BRA,Rio Grande do Sul,Populated place,8,27775,ne-ne_10m_populated_places
1159131067,São Lourenço do Sul,南圣洛伦索,-51.980016,-31.369986,Q326349,BRA,Rio Grande do Sul,Populated place,8,25340,ne-ne_10m_populated_places
1159131073,Canela,卡内拉,-50.81001,-29.360031,Q995318,BRA,Rio Grande do Sul,Populated place,8,60806,ne-ne_10m_populated_places
1159131077,São Gabriel,圣加布里埃尔,-54.320028,-30.320024,Q929890,BRA,Rio Grande do Sul,Populated place,8,55434,ne-ne_10m_populated_places
1159131081,Rosário do Sul,南罗萨里奥,-54.920018,-30.250002,Q266960,BRA,Rio Grande do Sul,Populated place,8,36721,ne-ne_10m_populated_places
1159131085,Cachoeira do Sul,南卡舒埃拉,-52.909985,-30.029964,Q166378,BRA,Rio Grande do Sul,Populated place,8,74694,ne-ne_10m_populated_places
1159131091,Osório,奥索里乌,-50.269991,-29.879999,Q983519,BRA,Rio Grande do Sul,Populated place,8,34628,ne-ne_10m_populated_places
1159131095,Santa Cruz do Sul,南圣克鲁斯,-52.44004,-29.710035,Q781510,BRA,Rio Grande do Sul,Populated place,8,113625,ne-ne_10m_populated_places
1159131099,São Luiz Gonzaga,圣路易斯贡萨加,-54.959989,-28.410011,Q647406,BRA,Rio Grande do Sul,Populated place,8,31798,ne-ne_10m_populated_places
1159131103,Santo Ângelo,圣安热卢,-54.280031,-28.300044,Q824031,BRA,Rio Grande do Sul,Populated place,8,65420,ne-ne_10m_populated_places
1159131109,Carazinho,卡拉济纽,-52.800044,-28.290019,Q772910,BRA,Rio Grande do Sul,Populated place,8,59417,ne-ne_10m_populated_places
1159131113,Erechim,埃雷欣,-52.269998,-27.630007,Q642088,BRA,Rio Grande do Sul,Populated place,8,96087,ne-ne_10m_populated_places
1159131117,Guaira,萨尔托德尔瓜,-54.26998,-24.089965,Q135983,BRA,Paraná,Admin-1 capital,8,36426,ne-ne_10m_populated_places
1159131121,Palmas,帕尔马斯,-51.999989,-26.48,Q928397,BRA,Paraná,Populated place,8,39150,ne-ne_10m_populated_places
1159131127,Arapongas,阿拉蓬加斯,-51.43005,-23.410007,Q1650073,BRA,Paraná,Populated place,8,97512,ne-ne_10m_populated_places
1159131131,Paranaguá,巴拉那瓜,-48.534453,-25.527876,Q503852,BRA,Paraná,Populated place,8,141013,ne-ne_10m_populated_places
1159131135,São José dos Pinhais,圣若泽杜斯皮尼艾斯,-49.180006,-25.57003,Q478818,BRA,Paraná,Populated place,8,665063,ne-ne_10m_populated_places
1159131139,Guarapuava,瓜拉普阿瓦,-51.480021,-25.380015,Q326354,BRA,Paraná,Populated place,8,150850,ne-ne_10m_populated_places
1159131145,Rio Negro,里奥内格罗,-49.790021,-26.100023,Q1878476,BRA,Paraná,Populated place,8,65597,ne-ne_10m_populated_places
1159131149,Apucarana,阿普卡拉纳,-51.470021,-23.549998,Q1638385,BRA,Paraná,Populated place,8,107085,ne-ne_10m_populated_places
1159131153,Lapa,拉帕,-49.729998,-25.760044,Q2064788,BRA,Paraná,Populated place,8,25621,ne-ne_10m_populated_places
1159131157,Irati,伊拉蒂,-50.659968,-25.470036,Q2064763,BRA,Paraná,Populated place,8,45830,ne-ne_10m_populated_places
1159131163,Castro,卡斯特鲁,-50.009981,-24.790026,Q2077411,BRA,Paraná,Populated place,8,42091,ne-ne_10m_populated_places
1159131165,Telêmaco Borba,特莱马库博尔巴,-50.619996,-24.32995,Q391843,BRA,Paraná,Populated place,8,58880,ne-ne_10m_populated_places
1159131169,Jacarezinho,雅卡雷济纽,-49.979983,-23.159944,Q1814491,BRA,Paraná,Populated place,8,35090,ne-ne_10m_populated_places
1159131173,Concórdia,康科迪亚,-52.030013,-27.230032,Q749798,BRA,Santa Catarina,Populated place,8,55367,ne-ne_10m_populated_places
1159131179,Blumenau,布卢梅瑙,-49.089986,-26.920025,Q155557,BRA,Santa Catarina,Populated place,8,293949,ne-ne_10m_populated_places
1159131183,Brusque,布吕斯克,-48.930021,-27.129986,Q329488,BRA,Santa Catarina,Populated place,8,88284,ne-ne_10m_populated_places
1159131187,Araranguá,阿拉兰瓜,-49.499987,-28.940005,Q626231,BRA,Santa Catarina,Populated place,8,43444,ne-ne_10m_populated_places
1159131191,Jaraguá do Sul,南雅拉瓜,-49.099985,-26.48,Q849584,BRA,Santa Catarina,Populated place,8,130130,ne-ne_10m_populated_places
1159131197,Tubarão,图巴朗,-49.020016,-28.480033,Q1815730,BRA,Santa Catarina,Populated place,8,92275,ne-ne_10m_populated_places
1159131201,Laguna,拉古纳,-48.779979,-28.480033,Q1615291,BRA,Santa Catarina,Populated place,8,39711,ne-ne_10m_populated_places
1159131205,Joaçaba,若阿萨巴,-51.499968,-27.170035,Q1758467,BRA,Santa Catarina,Populated place,8,38876,ne-ne_10m_populated_places
1159131209,Caçador,卡萨多尔,-51.020023,-26.770008,Q986540,BRA,Santa Catarina,Populated place,8,63726,ne-ne_10m_populated_places
1159131215,Canoinhas,卡诺伊尼亚斯,-50.400009,-26.179967,Q1799304,BRA,Santa Catarina,Populated place,8,41498,ne-ne_10m_populated_places
1159131219,Camocim,卡莫辛,-40.850024,-2.899992,Q1807057,BRA,Ceará,Populated place,8,44481,ne-ne_10m_populated_places
1159131225,Russas,鲁萨斯,-37.979992,-4.940023,Q1806654,BRA,Ceará,Populated place,8,39465,ne-ne_10m_populated_places
1159131229,Sobral,索布拉尔,-40.350028,-3.690021,Q1815899,BRA,Ceará,Populated place,8,157996,ne-ne_10m_populated_places
1159131235,Iguatu,伊瓜图,-39.299989,-6.359988,Q931326,BRA,Ceará,Populated place,8,70380,ne-ne_10m_populated_places
1159131239,Quixadá,基沙达,-39.020006,-4.969995,Q2013932,BRA,Ceará,Populated place,8,49328,ne-ne_10m_populated_places
1159131243,Canindé,卡宁德,-39.309988,-4.350033,Q1008278,BRA,Ceará,Populated place,8,42720,ne-ne_10m_populated_places
1159131247,Campo Maior,坎普马约尔,-42.18002,-4.82003,Q2105005,BRA,Piauí,Populated place,8,31739,ne-ne_10m_populated_places
1159131253,Barras,巴尔拉,-42.299987,-4.250039,Q808836,BRA,Piauí,Populated place,8,21597,ne-ne_10m_populated_places
1159131257,Rio Largo,里奥拉戈,-35.839968,-9.480004,Q530211,BRA,Alagoas,Populated place,8,158545,ne-ne_10m_populated_places
1159131261,Palmeira dos Índios,帕尔梅拉-杜斯印第乌斯,-36.616639,-9.416597,Q948268,BRA,Alagoas,Populated place,8,41095,ne-ne_10m_populated_places
1159131263,Santa Cruz Cabrália,圣克鲁斯-卡布拉利亚,-39.02998,-16.280002,Q993466,BRA,Bahia,Populated place,8,19545,ne-ne_10m_populated_places
1159131269,Paulo Afonso,保罗·阿方索城,-38.221689,-9.402967,Q956008,BRA,Bahia,Populated place,8,85350,ne-ne_10m_populated_places
1159131273,Brumado,布鲁马杜,-41.670025,-14.21,Q1808298,BRA,Bahia,Populated place,8,41989,ne-ne_10m_populated_places
1159131277,Jaguaquara,雅瓜夸拉,-39.97,-13.529989,Q733973,BRA,Bahia,Populated place,8,41498,ne-ne_10m_populated_places
1159131281,Itapetinga,伊塔佩廷加,-40.249983,-15.249988,Q921827,BRA,Bahia,Populated place,8,59721,ne-ne_10m_populated_places
1159131287,Ubaitaba,乌拜塔巴,-39.330013,-14.30002,Q1762068,BRA,Bahia,Populated place,8,28375,ne-ne_10m_populated_places
1159131291,Cachoeiro de Itapemirim,伊塔佩米林河畔卡舒埃鲁,-41.129981,-20.850008,Q1439193,BRA,Espírito Santo,Populated place,8,187019,ne-ne_10m_populated_places
1159131295,Barra Mansa,巴拉曼萨,-44.16995,-22.560032,Q808797,BRA,Rio de Janeiro,Populated place,8,169386,ne-ne_10m_populated_places
1159131299,Nova Iguaçu,新伊瓜苏,-43.44519,-22.755052,Q188897,BRA,Rio de Janeiro,Populated place,8,844583,ne-ne_10m_populated_places
1159131305,Duque de Caxias,卡希亚斯公爵城,-43.305602,-22.796378,Q193021,BRA,Rio de Janeiro,Populated place,8,842890,ne-ne_10m_populated_places
1159131309,Niterói,尼泰罗伊,-43.105826,-22.882534,Q178725,BRA,Rio de Janeiro,Admin-1 capital,8,1500513,ne-ne_10m_populated_places
1159131313,Cabo Frio,卡波弗里奥,-42.039977,-22.889987,Q735025,BRA,Rio de Janeiro,Populated place,8,261721,ne-ne_10m_populated_places
1159131317,Macaé,马卡埃,-41.789992,-22.379992,Q473250,BRA,Rio de Janeiro,Populated place,8,143029,ne-ne_10m_populated_places
1159131323,Miracema,马拉塞马,-42.199967,-21.410025,Q1804056,BRA,Rio de Janeiro,Populated place,8,26684,ne-ne_10m_populated_places
1159131327,Apodi,阿波迪,-37.800003,-5.650005,Q2008084,BRA,Rio Grande do Norte,Populated place,8,16757,ne-ne_10m_populated_places
1159131333,Santa Cruz,聖克魯斯,-36.029982,-6.219996,Q1854793,BRA,Rio Grande do Norte,Populated place,8,27775,ne-ne_10m_populated_places
1159131335,Selkirk,塞尔奇克,-96.883322,50.150025,Q1018239,CAN,Manitoba,Populated place,8,9986,ne-ne_10m_populated_places
1159131341,Berens River,贝伦斯里弗,-97.033313,52.366557,Q4891279,CAN,Manitoba,Populated place,8,892,ne-ne_10m_populated_places
1159131347,Pukatawagan,帕卡塔瓦根,-101.316617,55.733276,Q7259091,CAN,Manitoba,Populated place,8,431,ne-ne_10m_populated_places
1159131351,Gimli,基米尼,-96.999981,50.633303,Q1659757,CAN,Manitoba,Populated place,8,2623,ne-ne_10m_populated_places
1159131355,Island Lake,艾兰湖,-94.766578,53.966588,Q3221666,CAN,Manitoba,Populated place,8,10,ne-ne_10m_populated_places
1159131361,Melville,梅尔维尔,-102.799989,50.933311,Q605427,CAN,Saskatchewan,Populated place,8,4279,ne-ne_10m_populated_places
1159131365,Weyburn,韦恩伯恩,-103.850003,49.666567,Q1904554,CAN,Saskatchewan,Populated place,8,9362,ne-ne_10m_populated_places
1159131367,La Ronge,拉龙日,-105.300017,55.100007,Q2782497,CAN,Saskatchewan,Populated place,8,3783,ne-ne_10m_populated_places
1159131373,Stony Rapids,斯托尼拉皮兹,-105.833266,59.266575,Q491457,CAN,Saskatchewan,Populated place,8,152,ne-ne_10m_populated_places
1159131379,Camrose,卡姆罗斯,-112.816639,53.016698,Q775610,CAN,Alberta,Populated place,8,15808,ne-ne_10m_populated_places
1159131383,Hinton,欣顿,-117.58335,53.399982,Q1016692,CAN,Alberta,Populated place,8,10265,ne-ne_10m_populated_places
1159131387,Vegreville,韦格勒维尔,-112.049967,53.499976,Q1276220,CAN,Alberta,Populated place,8,5813,ne-ne_10m_populated_places
1159131391,Stettler,斯泰特勒,-112.683288,52.332967,Q1746019,CAN,Alberta,Populated place,8,5494,ne-ne_10m_populated_places
1159131397,Lac La Biche,拉克拉比什,-111.964701,54.77194,Q984088,CAN,Alberta,Populated place,8,2986,ne-ne_10m_populated_places
1159131401,Wetaskiwin,韦塔斯基温,-113.383297,52.966572,Q950050,CAN,Alberta,Populated place,8,11823,ne-ne_10m_populated_places
1159131405,Meander River,米安德里弗,-117.682982,59.033282,Q6803679,CAN,Alberta,Populated place,8,200,ne-ne_10m_populated_places
1159131409,Creston,克雷斯顿,-116.516697,49.09996,Q1139747,CAN,British Columbia,Populated place,8,4816,ne-ne_10m_populated_places
1159131415,Cranbrook,克兰布鲁克,-115.766665,49.516679,Q1138837,CAN,British Columbia,Populated place,8,18610,ne-ne_10m_populated_places
1159131419,Terrace,特尔斯,-128.583325,54.499992,Q1021037,CAN,British Columbia,Populated place,8,19443,ne-ne_10m_populated_places
1159131423,Chilliwack,奇利瓦克,-121.949983,49.166649,Q983026,CAN,British Columbia,Populated place,8,51942,ne-ne_10m_populated_places
1159131427,Hall Beach,大厅海滩,-81.236083,68.767467,Q1571291,CAN,Nunavut,Populated place,8,654,ne-ne_10m_populated_places
1159131435,Lutselke,鲁特塞尔克,-110.733329,62.400053,Q10321097,CAN,Northwest Territories,Populated place,8,102,ne-ne_10m_populated_places
1159131439,Hay River,黑河,-115.78834,60.814276,Q1013062,CAN,Northwest Territories,Populated place,8,3900,ne-ne_10m_populated_places
1159131443,Doline,德利内镇,-123.416663,65.183346,Q1270505,CAN,Northwest Territories,Populated place,8,525,ne-ne_10m_populated_places
1159131449,Paulatuk,波拉圖克,-123.983321,69.383322,Q465235,CAN,Northwest Territories,Populated place,8,294,ne-ne_10m_populated_places
1159131451,Tsiigehtchic,齊格奇克,-133.749986,67.433286,Q1014088,CAN,Northwest Territories,Populated place,8,175,ne-ne_10m_populated_places
1159131453,Owen Sound,奥云湾,-80.944661,44.565234,Q1017735,CAN,Ontario,Populated place,8,22625,ne-ne_10m_populated_places
1159131455,Orillia,奥里利亚,-79.416662,44.599977,Q2373358,CAN,Ontario,Populated place,8,37483,ne-ne_10m_populated_places
1159131457,Kapuskasing,卡普斯卡辛,-82.433325,49.416685,Q1027634,CAN,Ontario,Populated place,8,9240,ne-ne_10m_populated_places
1159131459,Thessalon,塞瑟朗,-83.550001,46.249979,Q998994,CAN,Ontario,Populated place,8,1464,ne-ne_10m_populated_places
1159131463,Geraldton,綠石自治區,-86.941871,49.722406,Q3492487,CAN,Ontario,Populated place,8,1290,ne-ne_10m_populated_places
1159131469,Belleville,贝尔维尔,-77.383349,44.16667,Q34227,CAN,Ontario,Populated place,8,43990,ne-ne_10m_populated_places
1159131473,Sarnia,萨尼亚,-82.399968,42.96664,Q34106,CAN,Ontario,Populated place,8,144172,ne-ne_10m_populated_places
1159131477,Peterborough,彼得堡,-78.333265,44.299969,Q776930,CAN,Ontario,Populated place,8,83627,ne-ne_10m_populated_places
1159131481,Oshawa,奥沙华,-78.849978,43.879995,Q211867,CAN,Ontario,Populated place,8,450963,ne-ne_10m_populated_places
1159131487,London,伦敦,-81.249987,42.969999,Q92561,CAN,Ontario,Populated place,8,346765,ne-ne_10m_populated_places
1159131491,Kitchener,基秦拿,-80.500007,43.449995,Q200166,CAN,Ontario,Populated place,8,417001,ne-ne_10m_populated_places
1159131495,New Liskeard,蒂米斯卡明湖岸,-79.666647,47.500006,Q1982768,CAN,Ontario,Populated place,8,5203,ne-ne_10m_populated_places
1159131503,Brockville,布罗克维尔,-75.695313,44.58928,Q34047,CAN,Ontario,Populated place,8,26458,ne-ne_10m_populated_places
1159131507,Big Beaver House,大比弗豪斯,-89.883284,52.949984,,CAN,Ontario,Populated place,8,10,ne-ne_10m_populated_places
1159131511,Port-Menier,梅尼埃港,-64.347995,49.822578,Q466691,CAN,Québec,Populated place,8,263,ne-ne_10m_populated_places
1159131515,Rivière-du-Loup,里维耶尔－卢普,-69.533312,47.833294,Q142024,CAN,Québec,Populated place,8,16403,ne-ne_10m_populated_places
1159131521,Drummondville,德拉蒙,-72.483364,45.883335,Q141940,CAN,Québec,Populated place,8,59489,ne-ne_10m_populated_places
1159131525,Sherbrooke,舍布鲁克,-71.899989,45.400005,Q139473,CAN,Québec,Populated place,8,139652,ne-ne_10m_populated_places
1159131529,Cap-Chat,卡普沙,-66.683305,49.09996,Q142360,CAN,Québec,Populated place,8,1484,ne-ne_10m_populated_places
1159131533,Baie-Comeau,贝 - 科莫,-68.157995,49.222666,Q139654,CAN,Québec,Populated place,8,10435,ne-ne_10m_populated_places
1159131539,Natashquan,纳塔什昆,-61.810656,50.191341,Q1006049,CAN,Québec,Populated place,8,722,ne-ne_10m_populated_places
1159131543,Eastmain,伊斯特梅恩,-78.516691,52.233335,Q3046584,CAN,Québec,Populated place,8,335,ne-ne_10m_populated_places
1159131547,Schefferville,谢弗维尔,-66.816656,54.8,Q141693,CAN,Québec,Populated place,8,471,ne-ne_10m_populated_places
1159131551,Salluit,索律依特,-75.659501,62.182598,Q1669213,CAN,Québec,Populated place,8,106,ne-ne_10m_populated_places
1159131553,Amos,埃默斯,-78.116664,48.566634,Q141705,CAN,Québec,Populated place,8,10516,ne-ne_10m_populated_places
1159131559,Joliette,若列特,-73.433306,46.033326,Q141760,CAN,Québec,Populated place,8,45361,ne-ne_10m_populated_places
1159131563,St.-Jerome,圣-杰罗姆,-73.99999,45.76665,Q141724,CAN,Québec,Populated place,8,78439,ne-ne_10m_populated_places
1159131567,St-Augustin,圣奥古斯丁,-58.646999,51.24231,Q2212297,CAN,Québec,Populated place,8,3961,ne-ne_10m_populated_places
1159131571,Rouyn-Noranda,鲁安 - 诺兰达,-79.033248,48.250012,Q141804,CAN,Québec,Populated place,8,24602,ne-ne_10m_populated_places
1159131577,La Sarre,拉萨尔,-79.200034,48.800005,Q141933,CAN,Québec,Populated place,8,7206,ne-ne_10m_populated_places
1159131581,New Glasgow,新格拉斯哥,-62.633319,45.583276,Q286048,CAN,Nova Scotia,Populated place,8,20322,ne-ne_10m_populated_places
1159131585,Liverpool,利物浦,-64.720014,44.039959,Q1866453,CAN,Nova Scotia,Populated place,8,4331,ne-ne_10m_populated_places
1159131589,Amherst,阿默斯特,-64.216582,45.816569,Q470594,CAN,Nova Scotia,Populated place,8,9336,ne-ne_10m_populated_places
1159131595,Baddeck,巴德克,-60.753977,46.099988,Q798842,CAN,Nova Scotia,Populated place,8,852,ne-ne_10m_populated_places
1159131599,Deer Lake,鹿湖,-57.426919,49.1744,Q2674298,CAN,Newfoundland and Labrador,Populated place,8,4163,ne-ne_10m_populated_places
1159131603,La Scie,拉西,-55.583,49.967013,Q15068802,CAN,Newfoundland and Labrador,Populated place,8,817,ne-ne_10m_populated_places
1159131607,Hopedale,霍普代尔,-60.216671,55.44996,Q11338369,CAN,Newfoundland and Labrador,Populated place,8,442,ne-ne_10m_populated_places
1159131613,Happy Valley - Goose Bay,欢乐湾—古斯贝,-60.299999,53.299988,Q1266964,CAN,Newfoundland and Labrador,Populated place,8,7572,ne-ne_10m_populated_places
1159131617,Port Hope Simpson,霍普辛普森港,-56.300011,52.533291,Q7230680,CAN,Newfoundland and Labrador,Populated place,8,197,ne-ne_10m_populated_places
1159131621,Kragujevac,克拉古耶瓦茨,20.920004,44.01996,Q167394,SRB,Šumadijski,Populated place,8,171197,ne-ne_10m_populated_places
1159131625,Zrenjanin,兹雷尼亚宁,20.399468,45.378637,Q201125,SRB,Srednje-Banatski,Populated place,8,64053,ne-ne_10m_populated_places
1159131631,28 de Noviembre,11月28日街,-72.219601,-51.58929,Q1533589,ARG,Santa Cruz,Populated place,8,5300,ne-ne_10m_populated_places
1159131635,Gobernador Gregores,格雷戈雷斯省長鎮,-70.250012,-48.766598,Q950541,ARG,Santa Cruz,Populated place,8,2519,ne-ne_10m_populated_places
1159131639,Comondante Luis Piedrabuena,科蒙丹特路易斯彼德拉布埃纳,-68.903473,-49.974549,Q962170,ARG,Santa Cruz,Populated place,8,410,ne-ne_10m_populated_places
1159131643,Paso Río Mayo,帕索里奥马约,-70.266574,-45.683376,Q1774936,ARG,Chubut,Populated place,8,1825,ne-ne_10m_populated_places
1159131649,Alto Rio Sanguer,上里奧森格爾,-70.833284,-45.033286,Q178740,ARG,Chubut,Populated place,8,1548,ne-ne_10m_populated_places
1159131653,El Maitén,埃爾馬滕,-71.166623,-42.050006,Q106050,ARG,Chubut,Populated place,8,4269,ne-ne_10m_populated_places
1159131657,Puerto Madryn,馬德林港,-65.04002,-42.770013,Q748028,ARG,Chubut,Populated place,8,64555,ne-ne_10m_populated_places
1159131661,Trelew,特雷利乌,-65.329951,-43.250036,Q1009276,ARG,Chubut,Populated place,8,93442,ne-ne_10m_populated_places
1159131667,Las Heras,拉斯埃拉斯,-68.801677,-32.825039,Q2707626,ARG,Mendoza,Populated place,8,66663,ne-ne_10m_populated_places
1159131671,San Martín,聖馬丁,-68.490016,-33.069985,Q1806934,ARG,Mendoza,Populated place,8,117399,ne-ne_10m_populated_places
1159131675,Uspallata,乌斯帕亚塔,-69.345985,-32.593115,Q54127,ARG,Mendoza,Populated place,8,2390,ne-ne_10m_populated_places
1159131679,Cutral Có,庫特拉爾科,-69.240022,-38.940015,Q970536,ARG,Neuquén,Populated place,8,47814,ne-ne_10m_populated_places
1159131685,Punata,普納塔,-65.839971,-17.550002,Q1026219,BOL,Cochabamba,Populated place,8,26323,ne-ne_10m_populated_places
1159131689,Cliza,克利薩,-65.929991,-17.59,Q780815,BOL,Cochabamba,Populated place,8,15816,ne-ne_10m_populated_places
1159131693,Quillacollo,基亞科約,-66.279996,-17.399986,Q1002090,BOL,Cochabamba,Populated place,8,227052,ne-ne_10m_populated_places
1159131697,Puerto Villarroel,比利亚罗埃尔港,-64.78001,-16.870044,Q2097756,BOL,Cochabamba,Populated place,8,1778,ne-ne_10m_populated_places
1159131703,Tarabuco,塔拉布科,-64.91995,-19.180032,Q1982115,BOL,Chuquisaca,Populated place,8,2428,ne-ne_10m_populated_places
1159131707,Guayaramerín,瓜亚拉梅林,-65.409997,-10.829999,Q1026253,BOL,El Beni,Populated place,8,36008,ne-ne_10m_populated_places
1159131711,Santa Ana,聖安納德爾亞庫馬,-65.579961,-13.760001,Q1819433,BOL,El Beni,Populated place,8,234478,ne-ne_10m_populated_places
1159131715,Baures,包雷斯,-63.580057,-13.580012,Q811831,BOL,El Beni,Populated place,8,2422,ne-ne_10m_populated_places
1159131721,Morrinhos,莫里纽斯,-49.109985,-17.730043,Q1025767,BRA,Goiás,Populated place,8,34143,ne-ne_10m_populated_places
1159131725,Ceres,塞雷斯,-49.6052,-15.303318,Q2019995,BRA,Goiás,Populated place,8,18759,ne-ne_10m_populated_places
1159131729,Catalão,卡塔洛,-47.950004,-18.180042,Q35135,BRA,Goiás,Populated place,8,63544,ne-ne_10m_populated_places
1159131733,Cristalina,克里斯塔利娜,-47.610025,-16.769998,Q1012541,BRA,Goiás,Populated place,8,36531,ne-ne_10m_populated_places
1159131739,Trindade,特林达迪,-49.499987,-16.650006,Q985583,BRA,Goiás,Populated place,8,97521,ne-ne_10m_populated_places
1159131743,Iporá,伊波拉,-51.12999,-16.450018,Q675142,BRA,Goiás,Populated place,8,28254,ne-ne_10m_populated_places
1159131747,Inhumas,伊纽马斯,-49.499987,-16.359997,Q986245,BRA,Goiás,Populated place,8,44058,ne-ne_10m_populated_places
1159131751,Itaberaí,伊塔贝拉伊,-49.809968,-16.019967,Q527149,BRA,Goiás,Populated place,8,22129,ne-ne_10m_populated_places
1159131757,Punta Alta,蓬塔阿尔塔,-62.079968,-38.879967,Q603592,ARG,Ciudad de Buenos Aires,Populated place,8,57209,ne-ne_10m_populated_places
1159131761,San Nicolas,圣尼古拉斯,-60.240003,-33.330021,Q377965,ARG,Ciudad de Buenos Aires,Populated place,8,127742,ne-ne_10m_populated_places
1159131765,Campana,坎帕納,-58.959978,-34.159996,Q1030194,ARG,Ciudad de Buenos Aires,Populated place,8,81612,ne-ne_10m_populated_places
1159131767,Chacabuco,查卡布科,-60.489988,-34.650044,Q2755081,ARG,Ciudad de Buenos Aires,Populated place,8,34587,ne-ne_10m_populated_places
1159131775,Mercedes,梅塞德斯,-59.440026,-34.660018,Q1027041,ARG,Ciudad de Buenos Aires,Populated place,8,52949,ne-ne_10m_populated_places
1159131777,Lincoln,林肯,-61.539949,-34.880004,Q2786965,ARG,Ciudad de Buenos Aires,Populated place,8,24798,ne-ne_10m_populated_places
1159131781,Chivilcoy,奇維爾科伊,-60.039989,-34.899951,Q686736,ARG,Ciudad de Buenos Aires,Populated place,8,54514,ne-ne_10m_populated_places
1159131785,Veinticinco de Mayo,五月二十五日城,-60.179981,-35.429996,Q2109979,ARG,Ciudad de Buenos Aires,Populated place,8,24668,ne-ne_10m_populated_places
1159131791,Nueve de Julio,七月九日城,-60.889989,-35.445964,Q579199,ARG,Ciudad de Buenos Aires,Populated place,8,34718,ne-ne_10m_populated_places
1159131795,Dolores,多洛雷斯,-57.689978,-36.330045,Q2024388,ARG,Ciudad de Buenos Aires,Populated place,8,25190,ne-ne_10m_populated_places
1159131799,Pedro Luro,佩德罗卢罗,-62.683316,-39.483341,Q6069369,ARG,Ciudad de Buenos Aires,Populated place,8,7100,ne-ne_10m_populated_places
1159131803,Tres Arroyos,特雷斯阿罗约斯,-60.269949,-38.369972,Q2077013,ARG,Ciudad de Buenos Aires,Populated place,8,47136,ne-ne_10m_populated_places
1159131809,Coronel Suárez,科罗内尔·苏亚雷斯,-61.916619,-37.466616,Q3693997,ARG,Ciudad de Buenos Aires,Populated place,8,27000,ne-ne_10m_populated_places
1159131813,Balcarce,巴尔卡塞,-58.249995,-37.833312,Q2365352,ARG,Ciudad de Buenos Aires,Populated place,8,18967,ne-ne_10m_populated_places
1159131817,25 de Mayo,五月二十五日鎮,-67.683295,-37.800033,Q2449535,ARG,RRo Negro,Populated place,8,17430,ne-ne_10m_populated_places
1159131821,General Roca,羅卡將軍鎮,-67.609966,-39.019958,Q52506,ARG,Río Negro,Populated place,8,73212,ne-ne_10m_populated_places
1159131827,Comallo,科马约,-70.266574,-41.033324,Q1954924,ARG,RRo Negro,Populated place,8,741,ne-ne_10m_populated_places
1159131831,Ingeniero Jacobacci,亚科巴奇工程师镇,-69.583309,-41.300026,Q2205145,ARG,RRo Negro,Populated place,8,5719,ne-ne_10m_populated_places
1159131835,General Conesa,科內薩將軍鎮,-64.433287,-40.100047,Q1985908,ARG,RRo Negro,Populated place,8,2958,ne-ne_10m_populated_places
1159131839,Choele Choel,喬埃萊喬埃爾,-65.683314,-39.26661,Q52522,ARG,RRo Negro,Populated place,8,10000,ne-ne_10m_populated_places
1159131845,San Francisco,聖弗朗西斯科,-62.089968,-31.430034,Q949535,ARG,Córdoba,Populated place,8,59062,ne-ne_10m_populated_places
1159131849,Alta Gracia,上格拉西亞,-64.42998,-31.659994,Q48293,ARG,Córdoba,Populated place,8,40384,ne-ne_10m_populated_places
1159131853,Villa María,瑪麗亞鎮,-63.260025,-32.410026,Q2525523,ARG,Córdoba,Populated place,8,92453,ne-ne_10m_populated_places
1159131857,Bell Ville,貝爾維爾,-62.679957,-32.60004,Q284308,ARG,Córdoba,Populated place,8,35105,ne-ne_10m_populated_places
1159131863,Villa Rumipal,鲁米帕尔别墅,-64.483284,-32.183321,Q10391476,ARG,CRrdoba,Populated place,8,1269,ne-ne_10m_populated_places
1159131867,Villa Carlos Paz,卡洛斯帕斯鎮,-64.500001,-31.420009,Q48285,ARG,Córdoba,Populated place,8,69451,ne-ne_10m_populated_places
1159131871,Chumbicha,瓊比查,-66.233306,-28.866624,Q5116156,ARG,Catamarca,Populated place,8,2572,ne-ne_10m_populated_places
1159131875,Tinogasta,蒂諾加斯塔,-67.566584,-28.066622,Q81563,ARG,Catamarca,Populated place,8,587,ne-ne_10m_populated_places
1159131881,Abra Pampa,阿布拉潘帕,-65.69998,-22.716664,Q55386,ARG,Jujuy,Populated place,8,4480,ne-ne_10m_populated_places
1159131885,Humahuaca,烏瑪瓦卡,-65.349949,-23.199994,Q1026833,ARG,Jujuy,Populated place,8,11369,ne-ne_10m_populated_places
1159131889,Susques,蘇斯克斯,-66.483317,-23.416673,Q1495796,ARG,Jujuy,Populated place,8,1093,ne-ne_10m_populated_places
1159131893,Chepes,切佩斯,-66.599951,-31.349987,Q1857870,ARG,La Rioja,Populated place,8,6020,ne-ne_10m_populated_places
1159131899,Yacuíba,亞奎瓦,-63.699998,-22.030039,Q990743,ARG,Salta,Populated place,8,82803,ne-ne_10m_populated_places
1159131903,Tartagal,塔塔加爾,-63.810018,-22.550007,Q106115,ARG,Salta,Populated place,8,60819,ne-ne_10m_populated_places
1159131907,Joaquín V. González,傑昆岡薩雷斯,-64.183354,-25.083341,Q1014965,ARG,Salta,Populated place,8,13376,ne-ne_10m_populated_places
1159131911,General Guemes,圭梅斯將軍鎮,-65.049968,-24.666622,Q1501621,ARG,Salta,Populated place,8,19828,ne-ne_10m_populated_places
1159131917,Trancas,特蘭卡斯,-65.283313,-26.216657,Q976838,ARG,Tucumtn,Populated place,8,1599,ne-ne_10m_populated_places
1159131921,Presidencia Roque Saenz Pena,羅克薩恩斯培尼亞總統城,-60.450016,-26.790007,Q1656936,ARG,Chaco,Populated place,8,81879,ne-ne_10m_populated_places
1159131925,Pampa del Infierno,潘帕德因菲爾諾,-61.166587,-26.516587,Q1578938,ARG,Chaco,Populated place,8,2921,ne-ne_10m_populated_places
1159131929,Villa Ángela,安吉拉鎮,-60.716666,-27.583292,Q1657303,ARG,Chaco,Populated place,8,30051,ne-ne_10m_populated_places
1159131935,Ingeniero Guillermo N. Juarez,因赫涅羅華雷斯,-61.849982,-23.900002,Q106075,ARG,Formosa,Populated place,8,6453,ne-ne_10m_populated_places
1159131939,Comandante Fontana,豐塔納少校鎮,-59.683318,-25.3333,Q106069,ARG,Formosa,Populated place,8,4277,ne-ne_10m_populated_places
1159131943,Doctor Pedro P. Peña,达科特佩德罗佩纳,-62.29998,-22.479986,Q5287369,ARG,Formosa,Populated place,8,6143,ne-ne_10m_populated_places
1159131947,San Lorenzo,圣洛伦索,-58.769989,-28.120003,Q549987,ARG,Corrientes,Populated place,8,47626,ne-ne_10m_populated_places
1159131953,Corrientes,科连特斯,-58.809987,-27.489964,Q44211,ARG,Corrientes,Admin-1 capital,8,340823,ne-ne_10m_populated_places
1159131957,Concepción del Uruguay,乌拉圭河畔康塞普西翁,-58.239996,-32.479996,Q727464,ARG,Entre Ríos,Populated place,8,67895,ne-ne_10m_populated_places
1159131961,Victoria,維多利亞,-60.179981,-32.610013,Q1905080,ARG,Entre Ríos,Populated place,8,25139,ne-ne_10m_populated_places
1159131965,Gualeguay,瓜萊瓜伊,-59.340006,-33.150032,Q52602,ARG,Entre Ríos,Populated place,8,33120,ne-ne_10m_populated_places
1159131971,Paraná,巴拉那,-60.533344,-31.733323,Q44213,ARG,Entre Ríos,Admin-1 capital,8,262295,ne-ne_10m_populated_places
1159131975,Villa Constitución,孔斯蒂圖西翁鎮,-60.350022,-33.230027,Q2584195,ARG,Santa Fe,Populated place,8,44271,ne-ne_10m_populated_places
1159131979,Rafaela,拉斐拉,-61.499978,-31.250045,Q259498,ARG,Santa Fe,Populated place,8,88713,ne-ne_10m_populated_places
1159131983,Santo André,圣安德烈,-46.527817,-23.652834,Q191652,BRA,São Paulo,Populated place,8,662373,ne-ne_10m_populated_places
1159131989,Pindamonhangaba,平达莫尼扬加巴,-45.470026,-22.919959,Q974642,BRA,São Paulo,Populated place,8,132218,ne-ne_10m_populated_places
1159131993,Rio Claro,里奥克拉鲁,-47.560027,-22.409964,Q291277,BRA,São Paulo,Populated place,8,180147,ne-ne_10m_populated_places
1159131997,Ourinhos,欧里尼奥斯,-49.86999,-22.970033,Q985605,BRA,São Paulo,Populated place,8,97799,ne-ne_10m_populated_places
1159132001,Itanhaem,伊塔尼亚恩,-46.800022,-24.179985,Q983491,BRA,São Paulo,Populated place,8,90385,ne-ne_10m_populated_places
1159132007,Jaboticabal,雅博蒂卡巴尔,-48.32998,-21.250035,Q938162,BRA,São Paulo,Populated place,8,69394,ne-ne_10m_populated_places
1159132011,Bragança Paulista,布拉干萨-保利斯塔,-46.533394,-22.952716,Q897232,BRA,São Paulo,Populated place,8,127676,ne-ne_10m_populated_places
1159132015,Jundiaí,容迪亚伊,-46.879992,-23.199994,Q275109,BRA,São Paulo,Populated place,8,505548,ne-ne_10m_populated_places
1159132019,São José dos Campos,圣若泽多斯坎波斯,-45.879949,-23.199994,Q191642,BRA,São Paulo,Populated place,8,753769,ne-ne_10m_populated_places
1159132025,Guaratinguetá,瓜拉廷格塔,-45.189991,-22.819965,Q905157,BRA,São Paulo,Populated place,8,203580,ne-ne_10m_populated_places
1159132029,Pirassununga,皮拉苏农加,-47.429984,-21.990042,Q1750431,BRA,São Paulo,Populated place,8,60413,ne-ne_10m_populated_places
1159132033,Americana,亚美利加纳,-47.32999,-22.749943,Q467421,BRA,São Paulo,Populated place,8,479472,ne-ne_10m_populated_places
1159132037,Piracicaba,皮拉西卡巴,-47.641127,-22.729659,Q330175,BRA,São Paulo,Populated place,8,342209,ne-ne_10m_populated_places
1159132043,São João da Boa Vista,圣若昂达博阿维斯塔,-46.789997,-21.980016,Q925419,BRA,São Paulo,Populated place,8,76540,ne-ne_10m_populated_places
1159132047,São Carlos,圣卡洛斯,-47.889981,-22.020014,Q194338,BRA,São Paulo,Populated place,8,205035,ne-ne_10m_populated_places
1159132049,Tupã,图庞,-50.51995,-21.929993,Q961143,BRA,São Paulo,Populated place,8,62035,ne-ne_10m_populated_places
1159132055,Penápolis,佩纳波利斯,-50.080003,-21.410025,Q986508,BRA,São Paulo,Populated place,8,54477,ne-ne_10m_populated_places
1159132061,Presidente Prudente,普鲁登特总统城,-51.39,-22.120008,Q525618,BRA,São Paulo,Populated place,8,209502,ne-ne_10m_populated_places
1159132065,Registro,雷吉斯特鲁,-47.839985,-24.490044,Q1798084,BRA,São Paulo,Populated place,8,53273,ne-ne_10m_populated_places
1159132069,Tatuí,塔图伊,-47.860009,-23.35001,Q1795613,BRA,São Paulo,Populated place,8,93580,ne-ne_10m_populated_places
1159132073,Avaré,阿瓦雷,-48.930021,-23.110025,Q782812,BRA,São Paulo,Populated place,8,81285,ne-ne_10m_populated_places
1159132079,Garça,加尔萨,-49.659977,-22.220002,Q940614,BRA,São Paulo,Populated place,8,41302,ne-ne_10m_populated_places
1159132081,Catanduva,卡坦杜瓦,-48.979967,-21.140016,Q983683,BRA,São Paulo,Populated place,8,109612,ne-ne_10m_populated_places
1159132087,Batatais,巴塔泰斯,-47.59,-20.890005,Q650500,BRA,São Paulo,Populated place,8,51976,ne-ne_10m_populated_places
1159132091,Barretos,巴雷图斯,-48.580017,-20.550026,Q1637488,BRA,São Paulo,Populated place,8,101220,ne-ne_10m_populated_places
1159132097,Marília,马里利亚,-49.950011,-22.210028,Q737660,BRA,São Paulo,Populated place,8,212218,ne-ne_10m_populated_places
1159132101,Itu,伊图,-47.300018,-23.260041,Q957653,BRA,São Paulo,Populated place,8,320170,ne-ne_10m_populated_places
1159132105,Itapetininga,伊塔佩蒂宁加,-48.039998,-23.589996,Q942071,BRA,São Paulo,Populated place,8,126243,ne-ne_10m_populated_places
1159132109,Eldorado,埃爾多拉多,-54.599985,-26.200017,Q1325690,ARG,Misiones,Populated place,8,17365,ne-ne_10m_populated_places
1159132115,Jaboatao,热博阿陶,-35.020044,-8.11001,Q271393,BRA,Pernambuco,Populated place,8,702621,ne-ne_10m_populated_places
1159132119,Olinda,奥林达,-34.849951,-7.999991,Q28301,BRA,Pernambuco,Populated place,8,921840,ne-ne_10m_populated_places
1159132123,Cabo de Santo Agostinho,卡博迪圣阿戈斯蒂尼奥,-35.029991,-8.289999,Q1637538,BRA,Pernambuco,Populated place,8,146219,ne-ne_10m_populated_places
1159132127,Carpina,卡皮纳,-35.253891,-7.847458,Q1993877,BRA,Pernambuco,Populated place,8,165579,ne-ne_10m_populated_places
1159132133,Arcoverde,阿尔科韦迪,-37.069996,-8.420017,Q637902,BRA,Pernambuco,Populated place,8,57163,ne-ne_10m_populated_places
1159132137,Dangriga,丹格里加,-88.22,16.970035,Q888300,BLZ,Stann Creek,Admin-1 capital,8,10750,ne-ne_10m_populated_places
1159132141,Vlorë,发罗拉,19.498231,40.47736,Q159610,ALB,Vlorë,Admin-1 capital,8,89546,ne-ne_10m_populated_places
1159132145,Elbasan,爱尔巴桑,20.083828,41.121507,Q114257,ALB,Elbasan,Admin-1 capital,8,165010,ne-ne_10m_populated_places
1159132151,Gyumri,久姆里,43.847494,40.789434,Q199500,ARM,Shirak,Admin-1 capital,8,148381,ne-ne_10m_populated_places
1159132155,Gent,根特,3.700022,51.029998,Q1296,BEL,East Flanders,Admin-1 capital,8,444336,ne-ne_10m_populated_places
1159132159,Vanadzor,瓦纳佐尔,44.488282,40.812766,Q62337,ARM,Lori,Populated place,8,101098,ne-ne_10m_populated_places
1159132163,Ganca,占贾,46.350028,40.684996,Q131290,AZE,G?nc?,Populated place,8,303268,ne-ne_10m_populated_places
1159132169,Yevlax,葉夫拉赫,47.150031,40.617196,Q175459,AZE,Yevlax,Admin-1 capital,8,53716,ne-ne_10m_populated_places
1159132173,Sumqayt,苏姆盖特,49.629983,40.580015,Q179833,AZE,Sumqayit,Admin-1 capital,8,279159,ne-ne_10m_populated_places
1159132177,Karokh,卡罗克,62.591776,34.48677,Q6373621,AFG,Hirat,Populated place,8,17484,ne-ne_10m_populated_places
1159132181,Sheberghan,希比尔甘,65.738302,36.657981,Q838954,AFG,Jawzjan,Admin-1 capital,8,93241,ne-ne_10m_populated_places
1159132187,Pol-e Khomri,普勒胡姆里,68.701119,35.951073,Q477148,AFG,Baghlan,Populated place,8,56369,ne-ne_10m_populated_places
1159132191,Tangail,坦盖尔,89.92003,24.249979,Q2306321,BGD,Dhaka,Populated place,8,180144,ne-ne_10m_populated_places
1159132195,Sica Sica,錫卡錫卡,-67.729985,-17.330016,Q494377,BOL,La Paz,Populated place,8,1006,ne-ne_10m_populated_places
1159132199,Rurrenabaque,魯雷納瓦克,-67.559995,-14.46001,Q749372,BOL,La Paz,Populated place,8,11749,ne-ne_10m_populated_places
1159132205,Sorata,索拉塔,-68.660057,-15.790007,Q1428069,BOL,La Paz,Populated place,8,2190,ne-ne_10m_populated_places
1159132209,Achacachi,阿查卡奇,-68.666569,-16.083322,Q1553175,BOL,La Paz,Populated place,8,8447,ne-ne_10m_populated_places
1159132213,Viacha,比亞查,-68.29995,-16.650006,Q1002035,BOL,La Paz,Populated place,8,34776,ne-ne_10m_populated_places
1159132217,Quime,基梅,-67.220016,-16.980011,Q590404,BOL,La Paz,Populated place,8,4045,ne-ne_10m_populated_places
1159132223,Llallagua,拉拉瓜,-66.64,-18.420027,Q283043,BOL,Potosí,Populated place,8,28069,ne-ne_10m_populated_places
1159132229,Uncia,溫西亞,-66.57003,-18.469998,Q1642052,BOL,Potosi,Populated place,8,4723,ne-ne_10m_populated_places
1159132231,Uyuni,烏尤尼,-66.829988,-20.460006,Q1014511,BOL,Potosí,Populated place,8,12939,ne-ne_10m_populated_places
1159132235,Villa Martin,科爾查K,-67.783341,-20.76655,Q1002020,BOL,Potosi,Populated place,8,10,ne-ne_10m_populated_places
1159132241,Betanzos,贝坦索斯,-65.450021,-19.559957,Q671341,BOL,Potosí,Populated place,8,4847,ne-ne_10m_populated_places
1159132245,Portachuelo,波爾丘埃洛,-63.400017,-17.36004,Q1626079,BOL,Santa Cruz,Populated place,8,11485,ne-ne_10m_populated_places
1159132251,Samaipata,萨迈帕塔,-63.77002,-18.180042,Q1014461,BOL,Santa Cruz,Populated place,8,2926,ne-ne_10m_populated_places
1159132255,Cuevo,奎沃,-63.529983,-20.450032,Q1143259,BOL,Santa Cruz,Populated place,8,953,ne-ne_10m_populated_places
1159132261,San Carlos,圣卡洛斯,-63.729997,-17.399986,Q1309601,BOL,Santa Cruz,Populated place,8,6353,ne-ne_10m_populated_places
1159132265,San Lorenzo,聖洛倫佐,-64.770011,-21.479943,Q1002061,BOL,Tarija,Populated place,8,3000,ne-ne_10m_populated_places
1159132269,Entre Ríos,恩特雷里奥斯,-64.189994,-21.530018,Q328674,BOL,Tarija,Populated place,8,2685,ne-ne_10m_populated_places
1159132273,Sliven,斯利文,26.33001,42.67937,Q178385,BGR,Sliven,Admin-1 capital,8,96368,ne-ne_10m_populated_places
1159132279,Plovdiv,普罗夫迪夫,24.753982,42.153976,Q459,BGR,Plovdiv,Admin-1 capital,8,340494,ne-ne_10m_populated_places
1159132283,Pernik,佩尔尼克,23.022718,42.609995,Q185289,BGR,Pernik,Admin-1 capital,8,82467,ne-ne_10m_populated_places
1159132287,Vratsa,弗拉察,23.562531,43.209984,Q189502,BGR,Vratsa,Admin-1 capital,8,71633,ne-ne_10m_populated_places
1159132291,Shumen,舒门,26.929353,43.270006,Q181830,BGR,Shumen,Admin-1 capital,8,87283,ne-ne_10m_populated_places
1159132297,Wiener Neustadt,维也纳新城,16.249954,47.815982,Q131612,AUT,Niederösterreich,Populated place,8,82762,ne-ne_10m_populated_places
1159132301,Baranavichy,巴拉诺维奇,26.01344,53.136846,Q237655,BLR,Brest,Populated place,8,168772,ne-ne_10m_populated_places
1159132305,Polatsk,波洛茨克,28.785984,55.48939,Q200797,BLR,Vitsyebsk,Populated place,8,82258,ne-ne_10m_populated_places
1159132309,Maladzyechna,莫洛傑奇諾,26.865326,54.318789,Q201203,BLR,Minsk,Populated place,8,101300,ne-ne_10m_populated_places
1159132315,Sylhet,锡尔赫特,91.873606,24.903556,Q466221,BGD,Sylhet,Admin-1 capital,8,237000,ne-ne_10m_populated_places
1159132319,Central Coast,中海岸,151.300005,-33.420042,Q2944411,AUS,New South Wales,Populated place,8,3026,ne-ne_10m_populated_places
1159132323,Sunshine Coast,阳光海岸区政府,153.050027,-26.679988,Q1065035,AUS,Queensland,Populated place,8,71043,ne-ne_10m_populated_places
1159132327,Zenica,泽尼察,17.919981,44.219974,Q184046,BIH,Zenica-Doboj,Populated place,8,164423,ne-ne_10m_populated_places
1159132333,Liège,列日,5.580011,50.629996,Q3992,BEL,Liege,Admin-1 capital,8,749110,ne-ne_10m_populated_places
1159132337,Diu,迪乌,70.990395,20.719673,Q631849,IND,Dadra and Nagar Haveli,Populated place,8,23779,ne-ne_10m_populated_places
1159132339,Jabal Ali,杰贝阿里,55.01074,24.976239,Q665502,ARE,Dubay,Populated place,8,80000,ne-ne_10m_populated_places
1159132343,Hilf,希尔夫,58.876762,20.656153,,OMN,Ash Sharqiyah,Populated place,8,8500,ne-ne_10m_populated_places
1159132349,Al Khalil,希伯仑,35.095573,31.540593,Q168225,PSX,,Populated place,8,280321,ne-ne_10m_populated_places
1159132353,Famagusta,法马古斯塔,33.95001,35.125025,Q193190,CYN,,Admin-1 capital,8,42526,ne-ne_10m_populated_places
1159132357,Bourke,伯克,145.933333,-30.1,Q895237,AUS,New South Wales,Populated place,8,2475,ne-ne_10m_populated_places
1159132361,Tofino,吐芬奴,-125.862124,49.098616,Q462564,CAN,British Columbia,Populated place,8,1655,ne-ne_10m_populated_places
1159132367,Fort William,威廉堡,-5.112076,56.816478,Q848909,GBR,Highland,Populated place,8,9652,ne-ne_10m_populated_places
1159132371,Koszalin,科沙林,16.183333,54.2,Q62868,POL,West Pomeranian,Populated place,8,107450,ne-ne_10m_populated_places
1159132375,Oymyakon,奥伊米亚康,142.769768,63.421446,Q192098,RUS,Sakha (Yakutia),Populated place,8,500,ne-ne_10m_populated_places
1159132379,Artigas Base,阿蒂加斯站,-58.863864,-62.173887,Q809827,ATA,,Scientific station,8,60,ne-ne_10m_populated_places
1159132385,Douliou,斗六,120.543889,23.7075,Q669566,TWN,Yunlin,Admin-1 capital,8,106653,ne-ne_10m_populated_places
1159132389,Zhongli,中坜区,121.216776,24.965025,Q172146,TWN,Taoyuan,Populated place,7,1632616,ne-ne_10m_populated_places
1159132393,Keelung,基隆,121.733282,25.133258,Q249996,TWN,Keelung City,Admin-1 capital,7,500000,ne-ne_10m_populated_places
1159132397,Nantou,南投,120.683333,23.916667,Q715171,TWN,Nantou,Admin-1 capital,8,165000,ne-ne_10m_populated_places
1159132403,Puzi,朴子,120.241944,23.461111,Q706520,TWN,Chiayi,Populated place,8,50000,ne-ne_10m_populated_places
1159132407,Carmelo,卡梅洛,-58.299992,-33.989619,Q1043575,URY,Colonia,Populated place,7,16921,ne-ne_10m_populated_places
1159132411,Bella Unión,貝亞烏尼翁,-57.599957,-30.259614,Q815782,URY,Artigas,Populated place,7,22723,ne-ne_10m_populated_places
1159132417,Mercedes,梅塞德斯,-58.029983,-33.259535,Q844914,URY,Soriano,Admin-1 capital,7,42359,ne-ne_10m_populated_places
1159132423,Melo,梅洛,-54.179985,-32.359486,Q738250,URY,Cerro Largo,Admin-1 capital,7,55494,ne-ne_10m_populated_places
1159132427,Rivera,里韦拉,-55.560004,-30.899575,Q646498,URY,Rivera,Admin-1 capital,7,200000,ne-ne_10m_populated_places
1159132431,Lascano,拉斯卡诺,-54.20001,-33.669587,Q1013691,URY,Rocha,Populated place,7,6976,ne-ne_10m_populated_places
1159132435,Castillos,卡斯蒂約斯,-53.829981,-34.169608,Q953667,URY,Rocha,Populated place,7,7686,ne-ne_10m_populated_places
1159132441,Virginia,维吉尼亚,-92.536404,47.523674,Q986681,USA,Minnesota,Populated place,7,8709,ne-ne_10m_populated_places
1159132445,Winona,威諾納,-91.639197,44.050424,Q773527,USA,Minnesota,Populated place,7,32897,ne-ne_10m_populated_places
1159132449,Rochester,罗彻斯特,-92.469689,44.022053,Q486479,USA,Minnesota,Populated place,7,108511,ne-ne_10m_populated_places
1159132453,Lakeville,雷克維,-93.24251,44.650103,Q983776,USA,Minnesota,Populated place,7,261308,ne-ne_10m_populated_places
1159132459,Ely,伊利,-91.825698,47.900421,Q514934,USA,Minnesota,Populated place,7,3731,ne-ne_10m_populated_places
1159132463,Moorhead,穆尔黑德,-96.742193,46.874308,Q983754,USA,Minnesota,Populated place,7,35528,ne-ne_10m_populated_places
1159132467,St. Cloud,圣云,-94.162222,45.56121,Q736834,USA,Minnesota,Populated place,7,112794,ne-ne_10m_populated_places
1159132471,Miles City,迈尔斯城,-105.839984,46.408884,Q960167,USA,Montana,Populated place,7,8615,ne-ne_10m_populated_places
1159132477,Bozeman,博兹曼,-111.037832,45.680092,Q569678,USA,Montana,Populated place,7,44921,ne-ne_10m_populated_places
1159132481,Glasgow,格拉斯哥,-106.635259,48.18397,Q955640,USA,Montana,Populated place,7,3240,ne-ne_10m_populated_places
1159132485,Dickinson,迪金森,-102.788801,46.883997,Q853559,USA,North Dakota,Populated place,7,16399,ne-ne_10m_populated_places
1159132489,Jamestown,詹姆斯敦,-98.702978,46.906012,Q1052658,USA,North Dakota,Populated place,7,15081,ne-ne_10m_populated_places
1159132495,Williston,威利斯顿,-103.628,48.156788,Q1999172,USA,North Dakota,Populated place,7,13564,ne-ne_10m_populated_places
1159132499,Lihue,利胡埃,-159.369271,21.975552,Q588881,USA,Hawaii,Populated place,7,15536,ne-ne_10m_populated_places
1159132503,Wahiawa,瓦西瓦,-158.023621,21.503092,Q2016119,USA,Hawaii,Populated place,7,174766,ne-ne_10m_populated_places
1159132507,Wailuku,怀卢库,-156.504721,20.891475,Q2087831,USA,Hawaii,Populated place,7,52148,ne-ne_10m_populated_places
1159132513,Montpelier,蒙特皮利爾,-111.296912,42.322622,Q984372,USA,Idaho,Populated place,7,2997,ne-ne_10m_populated_places
1159132519,Twin Falls,特温福尔斯,-114.460569,42.560954,Q548384,USA,Idaho,Populated place,7,47315,ne-ne_10m_populated_places
1159132523,Caldwell,考德威爾,-116.670538,43.660964,Q849592,USA,Idaho,Populated place,7,132476,ne-ne_10m_populated_places
1159132529,Salmon,萨蒙,-113.894997,45.175678,Q1516936,USA,Idaho,Populated place,7,3601,ne-ne_10m_populated_places
1159132533,Coeur d'Alene,科达伦,-116.779446,47.678083,Q499681,USA,Idaho,Populated place,7,34514,ne-ne_10m_populated_places
1159132537,Richland,里奇兰,-119.291101,46.291811,Q693638,USA,Washington,Populated place,7,44869,ne-ne_10m_populated_places
1159132541,Bellingham,贝灵厄姆,-122.486927,48.760136,Q430267,USA,Washington,Populated place,7,99662,ne-ne_10m_populated_places
1159132547,Longview,长景,-122.936951,46.13872,Q983801,USA,Washington,Populated place,7,66231,ne-ne_10m_populated_places
1159132551,Walla Walla,瓦拉瓦拉,-118.341883,46.065159,Q222338,USA,Washington,Populated place,7,45150,ne-ne_10m_populated_places
1159132555,Aberdeen,阿伯丁,-123.814391,46.974896,Q233808,USA,Washington,Populated place,7,32745,ne-ne_10m_populated_places
1159132559,Bremerton,布雷默顿,-122.642017,47.573596,Q695417,USA,Washington,Populated place,7,126820,ne-ne_10m_populated_places
1159132565,Everett,埃弗里特,-122.199968,47.960417,Q392599,USA,Washington,Populated place,7,486903,ne-ne_10m_populated_places
1159132569,Bullhead City,布尔海德,-114.567488,35.148176,Q79432,USA,Arizona,Populated place,7,37989,ne-ne_10m_populated_places
1159132573,Winslow,温斯洛,-110.696815,35.02361,Q79727,USA,Arizona,Populated place,7,9931,ne-ne_10m_populated_places
1159132577,Gila Bend,希拉本德,-112.724655,32.950378,Q991040,USA,Arizona,Populated place,7,2088,ne-ne_10m_populated_places
1159132583,Tombstone,汤姆斯通,-110.066884,31.713141,Q79873,USA,Arizona,Populated place,7,1570,ne-ne_10m_populated_places
1159132587,Willcox,威尔科克斯,-109.831395,32.253211,Q79450,USA,Arizona,Populated place,7,5146,ne-ne_10m_populated_places
1159132591,Scottsdale,斯科茨代爾,-111.925418,33.488537,Q49221,USA,Arizona,Populated place,7,15401,ne-ne_10m_populated_places
1159132595,Kingman,金曼,-114.052222,35.189879,Q79733,USA,Arizona,Populated place,7,42182,ne-ne_10m_populated_places
1159132601,Grand Canyon,大峽谷村,-112.138592,36.054788,Q182273,USA,Arizona,Populated place,7,1550,ne-ne_10m_populated_places
1159132605,Arcata,阿克塔,-124.082757,40.862706,Q631752,USA,California,Populated place,7,20905,ne-ne_10m_populated_places
1159132609,Stockton,斯托克顿,-121.289739,37.958134,Q49240,USA,California,Populated place,7,685306,ne-ne_10m_populated_places
1159132613,Barstow,巴斯托,-117.021886,34.899018,Q499174,USA,California,Populated place,7,21119,ne-ne_10m_populated_places
1159132619,Victorville,维克多维尔,-117.290319,34.536508,Q495353,USA,California,Populated place,7,83496,ne-ne_10m_populated_places
1159132623,Pasadena,帕萨迪纳,-118.138872,34.160381,Q485176,USA,California,Populated place,7,144618,ne-ne_10m_populated_places
1159132627,Visalia,维塞利亚,-119.316009,36.325029,Q495373,USA,California,Populated place,7,121968,ne-ne_10m_populated_places
1159132631,El Centro,埃尔森特罗,-115.558048,32.792377,Q495369,USA,California,Populated place,7,45000,ne-ne_10m_populated_places
1159132637,San Luis Obispo,聖路易斯-奧比斯波,-120.658589,35.283181,Q49012,USA,California,Populated place,7,65386,ne-ne_10m_populated_places
1159132641,Merced,美熹德,-120.481933,37.302618,Q499189,USA,California,Populated place,7,96091,ne-ne_10m_populated_places
1159132645,Yuba City,尤巴城,-121.615766,39.141033,Q169948,USA,California,Populated place,7,116217,ne-ne_10m_populated_places
1159132649,Redding,雷丁,-122.390576,40.587043,Q495361,USA,California,Populated place,7,96058,ne-ne_10m_populated_places
1159132655,Santa Rosa,圣罗莎,-122.699989,38.450404,Q212991,USA,California,Populated place,7,231792,ne-ne_10m_populated_places
1159132659,Oceanside,欧申赛德,-117.345811,33.191499,Q488924,USA,California,Populated place,7,609854,ne-ne_10m_populated_places
1159132663,Modesto,莫德斯托,-120.98999,37.655413,Q204561,USA,California,Populated place,7,323386,ne-ne_10m_populated_places
1159132667,Irvine,歐文,-117.82995,33.680411,Q49219,USA,California,Populated place,7,3010232,ne-ne_10m_populated_places
1159132675,Ukiah,尤奇亚,-123.210862,39.154237,Q837105,USA,California,Populated place,7,27828,ne-ne_10m_populated_places
1159132679,Needles,尼德尔斯,-114.613351,34.848427,Q846591,USA,California,Populated place,7,6974,ne-ne_10m_populated_places
1159132683,Bishop,毕晓普,-118.394076,37.363958,Q852658,USA,California,Populated place,7,4827,ne-ne_10m_populated_places
1159132687,Palm Springs,棕榈泉,-116.533053,33.777356,Q488004,USA,California,Populated place,7,390115,ne-ne_10m_populated_places
1159132693,Santa Maria,圣玛丽亚,-120.436639,34.940127,Q643953,USA,California,Populated place,7,110705,ne-ne_10m_populated_places
1159132697,Tulare,图莱里,-119.344121,36.207026,Q616562,USA,California,Populated place,7,55908,ne-ne_10m_populated_places
1159132701,Mt. Shasta,芒特沙斯塔,-122.309393,41.310358,Q987106,USA,California,Populated place,7,3855,ne-ne_10m_populated_places
1159132705,Crescent City,克雷森特城,-124.200492,41.756455,Q166866,USA,California,Populated place,7,11534,ne-ne_10m_populated_places
1159132711,Fort Collins,科林斯堡,-105.058869,40.560688,Q490732,USA,Colorado,Populated place,7,228385,ne-ne_10m_populated_places
1159132715,Pueblo,普韦布洛,-104.630007,38.280388,Q675576,USA,Colorado,Populated place,7,112195,ne-ne_10m_populated_places
1159132719,Lamar,拉马尔,-102.619406,38.086498,Q994475,USA,Colorado,Populated place,7,8620,ne-ne_10m_populated_places
1159132727,Trinidad,特立尼达,-104.506396,37.171335,Q74198,USA,Colorado,Populated place,7,9156,ne-ne_10m_populated_places
1159132731,Gunnison,吉纳森,-106.92829,38.544765,Q222762,USA,Colorado,Populated place,7,7324,ne-ne_10m_populated_places
1159132735,Durango,杜兰戈,-107.879989,37.275643,Q1012665,USA,Colorado,Populated place,7,23233,ne-ne_10m_populated_places
1159132739,Montrose,蒙特罗斯,-107.86552,38.477275,Q994436,USA,Colorado,Populated place,7,21789,ne-ne_10m_populated_places
1159132745,Craig,克雷格,-107.550397,40.51728,Q989873,USA,Colorado,Populated place,7,9391,ne-ne_10m_populated_places
1159132749,Boulder,博尔德,-105.244542,40.008137,Q192517,USA,Colorado,Populated place,7,122274,ne-ne_10m_populated_places
1159132753,Boulder City,博尔德城,-114.83158,35.978952,Q858801,USA,Nevada,Populated place,7,15479,ne-ne_10m_populated_places
1159132757,Winnemucca,温尼马卡,-117.734685,40.973376,Q983426,USA,Nevada,Populated place,7,9666,ne-ne_10m_populated_places
1159132763,Roswell,罗斯维尔,-104.522468,33.394537,Q33561,USA,New Mexico,Populated place,7,46096,ne-ne_10m_populated_places
1159132767,Clovis,克洛维斯（新墨西哥州）,-103.204771,34.405069,Q985559,USA,New Mexico,Populated place,7,33792,ne-ne_10m_populated_places
1159132771,Las Cruces,拉斯克鲁塞斯,-106.777808,32.312613,Q33264,USA,New Mexico,Populated place,7,115167,ne-ne_10m_populated_places
1159132775,Hobbs,霍布斯,-103.140614,32.712614,Q1010782,USA,New Mexico,Populated place,7,28738,ne-ne_10m_populated_places
1159132781,Socorro,索柯洛,-106.898989,34.062118,Q503818,USA,New Mexico,Populated place,7,8668,ne-ne_10m_populated_places
1159132785,Gallup,蓋洛普,-108.733994,35.524071,Q577981,USA,New Mexico,Populated place,7,23800,ne-ne_10m_populated_places
1159132789,Raton,拉顿,-104.439889,36.897398,Q990990,USA,New Mexico,Populated place,7,7073,ne-ne_10m_populated_places
1159132793,Tucumcari,圖克姆卡里,-103.725514,35.169803,Q986001,USA,New Mexico,Populated place,7,5313,ne-ne_10m_populated_places
1159132799,Roseburg,罗斯堡,-123.356099,43.218433,Q846170,USA,Oregon,Populated place,7,30479,ne-ne_10m_populated_places
1159132803,Pendleton,彭德尔顿,-118.787489,45.672598,Q944507,USA,Oregon,Populated place,7,16799,ne-ne_10m_populated_places
1159132807,John Day,约翰迪,-118.952026,44.416525,Q1282972,USA,Oregon,Populated place,7,1573,ne-ne_10m_populated_places
1159132811,Grants Pass,格兰茨帕斯,-123.327186,42.43954,Q143405,USA,Oregon,Populated place,7,46189,ne-ne_10m_populated_places
1159132817,Corvallis,科瓦利斯,-123.279979,44.572356,Q748474,USA,Oregon,Populated place,7,59030,ne-ne_10m_populated_places
1159132821,Albany,奥尔巴尼,-123.086942,44.620492,Q516817,USA,Oregon,Populated place,7,51376,ne-ne_10m_populated_places
1159132827,Astoria,阿斯托里亚,-123.829997,46.188381,Q490724,USA,Oregon,Populated place,7,10011,ne-ne_10m_populated_places
1159132831,Logan,洛根,-111.833598,41.73594,Q482657,USA,Utah,Populated place,7,72490,ne-ne_10m_populated_places
1159132837,Parowan,帕罗宛,-112.827207,37.842534,Q129989,USA,Utah,Populated place,7,2571,ne-ne_10m_populated_places
1159132839,Kanab,卡纳布,-112.525494,37.047388,Q130069,USA,Utah,Populated place,7,3442,ne-ne_10m_populated_places
1159132843,Monticello,蒙蒂塞洛,-109.3422,37.871783,Q130063,USA,Utah,Populated place,7,1864,ne-ne_10m_populated_places
1159132849,Moab,摩押,-109.549189,38.573704,Q130134,USA,Utah,Populated place,7,5730,ne-ne_10m_populated_places
1159132853,Price,普赖斯,-110.810017,39.599791,Q482891,USA,Utah,Populated place,7,10281,ne-ne_10m_populated_places
1159132857,Cedar City,雪松城,-113.061094,37.677428,Q487212,USA,Utah,Populated place,7,27738,ne-ne_10m_populated_places
1159132859,Vernal,韦纳尔,-109.528002,40.455398,Q482828,USA,Utah,Populated place,7,14353,ne-ne_10m_populated_places
1159132861,Ogden,奥格登,-111.968034,41.232379,Q52471,USA,Utah,Populated place,7,377224,ne-ne_10m_populated_places
1159132863,Green River,绿河,-109.464983,41.514558,Q983538,USA,Wyoming,Populated place,7,11358,ne-ne_10m_populated_places
1159132865,Rawlins,罗林斯,-107.234292,41.790665,Q958137,USA,Wyoming,Populated place,7,8533,ne-ne_10m_populated_places
1159132867,Douglas,道格拉斯,-105.384534,42.756472,Q983438,USA,Wyoming,Populated place,7,6298,ne-ne_10m_populated_places
1159132871,Riverton,里弗顿,-108.395048,43.02816,Q603240,USA,Wyoming,Populated place,7,11508,ne-ne_10m_populated_places
1159132873,Thermopolis,瑟莫波利斯,-108.214671,43.645978,Q1020393,USA,Wyoming,Populated place,7,3445,ne-ne_10m_populated_places
1159132875,Gillette,吉列,-105.50525,44.283174,Q919040,USA,Wyoming,Populated place,7,29113,ne-ne_10m_populated_places
1159132877,Jonesboro,琼斯伯勒,-90.704164,35.842578,Q61455,USA,Arkansas,Populated place,7,58619,ne-ne_10m_populated_places
1159132879,Texarkana,特克萨卡纳,-94.037475,33.442105,Q79438,USA,Arkansas,Populated place,7,74414,ne-ne_10m_populated_places
1159132881,Pine Bluff,派恩布鲁夫,-92.003051,34.228698,Q80012,USA,Arkansas,Populated place,7,53217,ne-ne_10m_populated_places
1159132883,Hot Springs,温泉城,-93.055003,34.503952,Q79924,USA,Arkansas,Populated place,7,44182,ne-ne_10m_populated_places
1159132885,Fort Smith,斯密斯堡,-94.398357,35.386224,Q79535,USA,Arkansas,Populated place,7,93988,ne-ne_10m_populated_places
1159132889,Fayetteville,费耶特维尔,-94.157209,36.062978,Q219526,USA,Arkansas,Populated place,7,151671,ne-ne_10m_populated_places
1159132891,Conway,康威,-92.451318,35.091281,Q79853,USA,Arkansas,Populated place,7,61995,ne-ne_10m_populated_places
1159132893,El Dorado,埃尔多拉多,-92.66252,33.213927,Q79489,USA,Arkansas,Populated place,7,22416,ne-ne_10m_populated_places
1159132897,Davenport,达文波特,-90.58753,41.553987,Q26887,USA,Iowa,Populated place,7,255738,ne-ne_10m_populated_places
1159132901,Burlington,伯灵顿,-91.11277,40.807934,Q580182,USA,Iowa,Populated place,7,29773,ne-ne_10m_populated_places
1159132907,Dubuque,迪比克,-90.664451,42.500932,Q493794,USA,Iowa,Populated place,7,62483,ne-ne_10m_populated_places
1159132911,Waterloo,艾奥瓦州,-92.342798,42.493154,Q496381,USA,Iowa,Populated place,7,98347,ne-ne_10m_populated_places
1159132915,Sioux City,苏城,-96.399992,42.500389,Q489255,USA,Iowa,Populated place,7,90932,ne-ne_10m_populated_places
1159132919,Council Bluffs,康瑟尔布拉夫斯,-95.8608,41.262273,Q695565,USA,Iowa,Populated place,7,101805,ne-ne_10m_populated_places
1159132925,Ames,艾姆斯,-93.623091,42.018668,Q470273,USA,Iowa,Populated place,7,57104,ne-ne_10m_populated_places
1159132929,Mason City,梅森城,-93.200833,43.154018,Q1444028,USA,Iowa,Populated place,7,27802,ne-ne_10m_populated_places
1159132933,Emporia,恩波里亚,-96.181375,38.404231,Q1583523,USA,Kansas,Populated place,7,29048,ne-ne_10m_populated_places
1159132937,Salina,萨利纳,-97.607179,38.82467,Q1650620,USA,Kansas,Populated place,7,48031,ne-ne_10m_populated_places
1159132943,Dodge City,道奇城,-100.018195,37.760058,Q647127,USA,Kansas,Populated place,7,25932,ne-ne_10m_populated_places
1159132947,Coffeyville,科菲维尔,-95.626318,37.038061,Q996804,USA,Kansas,Populated place,7,11760,ne-ne_10m_populated_places
1159132951,St. Charles,圣查尔斯,-90.506166,38.784285,Q773432,USA,Missouri,Populated place,7,360485,ne-ne_10m_populated_places
1159132955,Poplar Bluff,波普勒布拉夫,-90.402684,36.760197,Q955462,USA,Missouri,Populated place,7,20662,ne-ne_10m_populated_places
1159132961,Joplin,乔普林,-94.513079,37.084596,Q317865,USA,Missouri,Populated place,7,73763,ne-ne_10m_populated_places
1159132965,Columbia,哥伦比亚,-92.33391,38.952078,Q59670,USA,Missouri,Populated place,7,398093,ne-ne_10m_populated_places
1159132969,St. Joseph,圣若瑟,-94.846392,39.769031,Q745120,USA,Missouri,Populated place,7,78012,ne-ne_10m_populated_places
1159132973,McCook,麥庫克,-100.626168,40.205594,Q961951,USA,Nebraska,Populated place,7,8012,ne-ne_10m_populated_places
1159132979,Norfolk,诺福克,-97.433598,42.028712,Q959951,USA,Nebraska,Populated place,7,25030,ne-ne_10m_populated_places
1159132983,North Platte,北普拉特,-100.7705,41.136286,Q989960,USA,Nebraska,Populated place,7,25247,ne-ne_10m_populated_places
1159132987,Sidney,悉尼,-102.978273,41.1398,Q966516,USA,Nebraska,Populated place,7,6492,ne-ne_10m_populated_places
1159132991,Scottsbluff,斯科茨布拉夫,-103.660686,41.867508,Q959484,USA,Nebraska,Populated place,7,25475,ne-ne_10m_populated_places
1159132997,Chadron,沙德伦,-103.003077,42.827914,Q955662,USA,Nebraska,Populated place,7,5798,ne-ne_10m_populated_places
1159133001,Lawton,劳顿,-98.409973,34.599037,Q503336,USA,Oklahoma,Populated place,7,91752,ne-ne_10m_populated_places
1159133005,Norman,诺曼,-97.441991,35.22047,Q40347,USA,Oklahoma,Populated place,7,113525,ne-ne_10m_populated_places
1159133009,Muskogee,马斯科吉,-95.369435,35.748217,Q524233,USA,Oklahoma,Populated place,7,39295,ne-ne_10m_populated_places
1159133015,Ponca City,庞卡城,-97.085273,36.707358,Q1778752,USA,Oklahoma,Populated place,7,25273,ne-ne_10m_populated_places
1159133019,Shawnee,肖尼,-96.933784,35.34279,Q843999,USA,Oklahoma,Populated place,7,29628,ne-ne_10m_populated_places
1159133023,Woodward,伍德沃德,-99.39769,36.433421,Q2173029,USA,Oklahoma,Populated place,7,12931,ne-ne_10m_populated_places
1159133027,Guymon,盖蒙,-101.479501,36.685809,Q1920861,USA,Oklahoma,Populated place,7,11178,ne-ne_10m_populated_places
1159133033,Yankton,扬克顿,-97.39249,42.882019,Q989288,USA,South Dakota,Populated place,7,15580,ne-ne_10m_populated_places
1159133037,Brookings,布鲁金斯,-96.78803,44.306764,Q1650462,USA,South Dakota,Populated place,7,22411,ne-ne_10m_populated_places
1159133041,Mitchell,米切尔,-98.026198,43.714294,Q1988986,USA,South Dakota,Populated place,7,15205,ne-ne_10m_populated_places
1159133045,Aberdeen,阿伯丁,-98.486402,45.465118,Q236713,USA,South Dakota,Populated place,7,26041,ne-ne_10m_populated_places
1159133051,Mobridge,莫布里奇,-100.434707,45.540126,Q2284683,USA,South Dakota,Populated place,7,3156,ne-ne_10m_populated_places
1159133055,Houma,霍玛,-90.719486,29.595931,Q388503,USA,Louisiana,Populated place,7,64592,ne-ne_10m_populated_places
1159133059,Monroe,门罗,-92.119194,32.509603,Q947115,USA,Louisiana,Populated place,7,101724,ne-ne_10m_populated_places
1159133063,Conroe,康羅,-95.455864,30.312063,Q260282,USA,Texas,Populated place,7,41643,ne-ne_10m_populated_places
1159133071,Nacogdoches,纳科多奇斯,-94.655267,31.603742,Q970482,USA,Texas,Populated place,7,30691,ne-ne_10m_populated_places
1159133075,Eagle Pass,伊格尔帕斯,-100.489277,28.711024,Q982486,USA,Texas,Populated place,7,53276,ne-ne_10m_populated_places
1159133079,Edinburg,爱丁堡,-98.159962,26.303186,Q978246,USA,Texas,Populated place,7,150000,ne-ne_10m_populated_places
1159133083,Kingsville,金斯維爾,-97.855846,27.515955,Q970495,USA,Texas,Populated place,7,25264,ne-ne_10m_populated_places
1159133089,Port Arthur,阿瑟港,-93.928593,29.898988,Q45400,USA,Texas,Populated place,7,56945,ne-ne_10m_populated_places
1159133093,Huntsville,亨茨维尔,-95.550587,30.723769,Q864885,USA,Texas,Populated place,7,35590,ne-ne_10m_populated_places
1159133097,Killeen,基林,-97.727482,31.117285,Q128228,USA,Texas,Populated place,7,137919,ne-ne_10m_populated_places
1159133101,Lufkin,拉夫金,-94.72888,31.338435,Q975590,USA,Texas,Populated place,7,43264,ne-ne_10m_populated_places
1159133107,Del Rio,德尔里奥,-100.896384,29.362948,Q970792,USA,Texas,Populated place,7,36068,ne-ne_10m_populated_places
1159133111,San Angelo,圣安吉洛,-100.436697,31.464008,Q925598,USA,Texas,Populated place,7,88256,ne-ne_10m_populated_places
1159133115,Sherman,谢尔曼,-96.608584,33.635995,Q982379,USA,Texas,Populated place,7,40284,ne-ne_10m_populated_places
1159133119,Beaumont,博蒙特,-94.101683,30.086263,Q128282,USA,Texas,Populated place,7,111485,ne-ne_10m_populated_places
1159133125,Bay City,贝城,-95.96436,28.981111,Q812071,USA,Texas,Populated place,7,18663,ne-ne_10m_populated_places
1159133129,Port Lavaca,拉瓦卡港,-96.629694,28.616017,Q982477,USA,Texas,Populated place,7,11743,ne-ne_10m_populated_places
1159133133,Falfurrias,法爾菲里厄斯,-98.144898,27.226903,Q387737,USA,Texas,Populated place,7,5349,ne-ne_10m_populated_places
1159133137,Beeville,比維爾,-97.75084,28.405978,Q814163,USA,Texas,Populated place,7,13004,ne-ne_10m_populated_places
1159133143,Fort Stockton,斯托克顿堡,-102.884997,30.891692,Q979901,USA,Texas,Populated place,7,7721,ne-ne_10m_populated_places
1159133147,Pecos,貝可斯,-103.499895,31.415794,Q978232,USA,Texas,Populated place,7,8372,ne-ne_10m_populated_places
1159133151,Dumas,杜馬斯,-101.966887,35.862396,Q975768,USA,Texas,Populated place,7,13629,ne-ne_10m_populated_places
1159133155,Denton,登顿,-97.128837,33.215762,Q128306,USA,Texas,Populated place,7,176930,ne-ne_10m_populated_places
1159133161,Midland,米德兰,-102.0975,32.030718,Q128321,USA,Texas,Populated place,7,98501,ne-ne_10m_populated_places
1159133165,Temple,坦普尔,-97.363008,31.102093,Q427075,USA,Texas,Populated place,7,61161,ne-ne_10m_populated_places
1159133169,Trujillo,特魯希略,-70.44,9.380395,Q1020535,VEN,Trujillo,Admin-1 capital,7,50353,ne-ne_10m_populated_places
1159133177,Santa Rita,聖里塔,-71.503949,10.531827,Q976847,VEN,Trujillo,Populated place,7,31810,ne-ne_10m_populated_places
1159133181,Machiques,马奇克斯,-72.549949,10.070431,Q3236167,VEN,Zulia,Populated place,7,62968,ne-ne_10m_populated_places
1159133185,San Carlos del Zulia,聖卡洛斯德爾蘇利亞,-71.919988,9.010392,Q1005022,VEN,Zulia,Populated place,7,97288,ne-ne_10m_populated_places
1159133189,Puerto Cabello,卡贝略港,-68.006529,10.459714,Q995695,VEN,Carabobo,Populated place,7,174000,ne-ne_10m_populated_places
1159133195,Acarigua,阿卡里瓜,-69.200024,9.580383,Q338059,VEN,Portuguesa,Populated place,7,260921,ne-ne_10m_populated_places
1159133199,New Haven,纽黑文,-72.900005,41.330383,Q49145,USA,Connecticut,Populated place,7,846766,ne-ne_10m_populated_places
1159133203,Lowell,洛厄尔,-71.316691,42.633688,Q49162,USA,Massachusetts,Populated place,7,723629,ne-ne_10m_populated_places
1159133207,Worcester,伍斯特,-71.800021,42.270429,Q49179,USA,Massachusetts,Populated place,7,287365,ne-ne_10m_populated_places
1159133213,Manchester,曼彻斯特,-71.455287,42.995992,Q48370,USA,New Hampshire,Populated place,7,196566,ne-ne_10m_populated_places
1159133217,Newport,纽波特,-71.313358,41.490399,Q54264,USA,Rhode Island,Populated place,7,45968,ne-ne_10m_populated_places
1159133221,Dothan,多森,-85.390587,31.223455,Q79519,USA,Alabama,Populated place,7,61741,ne-ne_10m_populated_places
1159133225,Tuscaloosa,塔斯卡卢萨,-87.544176,33.225115,Q79580,USA,Alabama,Populated place,7,121373,ne-ne_10m_populated_places
1159133231,Gadsden,加兹登,-86.006647,34.01455,Q79389,USA,Alabama,Populated place,7,41709,ne-ne_10m_populated_places
1159133235,Enterprise,恩特普赖斯,-85.843996,31.327815,Q79260,USA,Alabama,Populated place,7,24205,ne-ne_10m_populated_places
1159133239,Selma,塞尔玛,-87.021159,32.407568,Q79941,USA,Alabama,Populated place,7,20126,ne-ne_10m_populated_places
1159133243,Coral Gables,科勒尔盖布尔斯,-80.291079,25.715419,Q427559,USA,Florida,Populated place,7,150000,ne-ne_10m_populated_places
1159133249,Cape Coral,开普科勒尔,-81.979684,26.60291,Q462789,USA,Florida,Populated place,7,132489,ne-ne_10m_populated_places
1159133253,Naples,那不勒斯,-81.794992,26.142059,Q257830,USA,Florida,Populated place,7,262306,ne-ne_10m_populated_places
1159133257,Fort Pierce,匹尔斯堡,-80.325805,27.446786,Q584340,USA,Florida,Populated place,7,228245,ne-ne_10m_populated_places
1159133261,Kissimmee,基西米,-81.407781,28.292057,Q583894,USA,Florida,Populated place,7,225494,ne-ne_10m_populated_places
1159133267,Titusville,泰特斯维尔,-80.807791,28.612348,Q983779,USA,Florida,Populated place,7,52311,ne-ne_10m_populated_places
1159133271,St. Augustine,圣奥古斯丁,-81.314711,29.894879,Q487988,USA,Florida,Populated place,7,76331,ne-ne_10m_populated_places
1159133275,Ocala,奥卡拉,-82.140268,29.187351,Q918195,USA,Florida,Populated place,7,141382,ne-ne_10m_populated_places
1159133279,Fort Lauderdale,劳德代尔堡,-80.141785,26.136065,Q165972,USA,Florida,Populated place,7,2042042,ne-ne_10m_populated_places
1159133285,Apalachicola,阿巴拉契科拉,-84.992523,29.725613,Q617392,USA,Florida,Populated place,7,2284,ne-ne_10m_populated_places
1159133289,Vero Beach,维罗海滩,-80.391124,27.642252,Q969026,USA,Florida,Populated place,7,86039,ne-ne_10m_populated_places
1159133293,Valdosta,瓦尔德斯塔,-83.278597,30.832858,Q1010240,USA,Georgia,Populated place,7,61179,ne-ne_10m_populated_places
1159133297,Albany,奥尔巴尼,-84.15583,31.57873,Q285599,USA,Georgia,Populated place,7,88766,ne-ne_10m_populated_places
1159133303,Athens,雅典,-83.378022,33.961298,Q203263,USA,Georgia,Populated place,7,110301,ne-ne_10m_populated_places
1159133307,Macon,梅肯,-83.630048,32.850384,Q219656,USA,Georgia,Populated place,7,115592,ne-ne_10m_populated_places
1159133311,Columbus,哥伦布,-84.980017,32.470433,Q239870,USA,Georgia,Populated place,7,217980,ne-ne_10m_populated_places
1159133315,Douglas,道格拉斯,-82.85069,31.507778,Q1004791,USA,Georgia,Populated place,7,13441,ne-ne_10m_populated_places
1159133323,Dublin,都柏林,-82.918283,32.537457,Q2671021,USA,Georgia,Populated place,7,22623,ne-ne_10m_populated_places
1159133327,Gulfport,格尔夫波特,-89.092764,30.367564,Q490587,USA,Mississippi,Populated place,7,82165,ne-ne_10m_populated_places
1159133331,Hattiesburg,哈蒂斯堡,-89.290245,31.327273,Q384464,USA,Mississippi,Populated place,7,58874,ne-ne_10m_populated_places
1159133335,Tupelo,图珀洛,-88.70333,34.257921,Q667727,USA,Mississippi,Populated place,7,35956,ne-ne_10m_populated_places
1159133341,Greenville,格林威尔,-91.061688,33.410375,Q988112,USA,Mississippi,Populated place,7,38107,ne-ne_10m_populated_places
1159133345,Natchez,纳奇兹,-91.387507,31.554804,Q944044,USA,Mississippi,Populated place,7,23863,ne-ne_10m_populated_places
1159133349,Florence,佛罗伦萨,-79.762791,34.195676,Q597842,USA,South Carolina,Populated place,7,57438,ne-ne_10m_populated_places
1159133353,Greenville,格林维尔,-82.394154,34.852923,Q574192,USA,South Carolina,Populated place,7,350954,ne-ne_10m_populated_places
1159133359,Sumter,萨姆特,-80.341722,33.920654,Q1010203,USA,South Carolina,Populated place,7,50868,ne-ne_10m_populated_places
1159133363,Anderson,安德森,-82.650263,34.503745,Q1150893,USA,South Carolina,Populated place,7,61558,ne-ne_10m_populated_places
1159133367,Aiken,艾肯,-81.720604,33.549462,Q404887,USA,South Carolina,Populated place,7,46196,ne-ne_10m_populated_places
1159133371,Beaufort,博福特,-80.689504,32.432166,Q813376,USA,South Carolina,Populated place,7,31626,ne-ne_10m_populated_places
1159133377,Rock Hill,石山,-81.03,34.940385,Q960774,USA,South Carolina,Populated place,7,94564,ne-ne_10m_populated_places
1159133381,Decatur,迪凯特,-88.954736,39.840706,Q506325,USA,Illinois,Populated place,7,77868,ne-ne_10m_populated_places
1159133385,Alton,奥尔顿,-90.184222,38.890997,Q443852,USA,Illinois,Populated place,7,84276,ne-ne_10m_populated_places
1159133389,Quincy,昆西,-91.409728,39.935972,Q575750,USA,Illinois,Populated place,7,47108,ne-ne_10m_populated_places
1159133395,Urbana,厄巴纳,-88.204188,40.109992,Q462184,USA,Illinois,Populated place,7,144074,ne-ne_10m_populated_places
1159133399,Bloomington,布卢明顿,-88.993597,40.484595,Q577802,USA,Illinois,Populated place,7,128979,ne-ne_10m_populated_places
1159133403,Kankakee,坎卡基,-87.861108,41.12037,Q578351,USA,Illinois,Populated place,7,69608,ne-ne_10m_populated_places
1159133407,Waukegan,沃基根,-87.844726,42.364041,Q578289,USA,Illinois,Populated place,7,200000,ne-ne_10m_populated_places
1159133413,Aurora,奥罗拉,-88.299996,41.765395,Q22595,USA,Illinois,Populated place,7,350000,ne-ne_10m_populated_places
1159133415,Carbondale,卡本戴尔,-89.220249,37.72683,Q577511,USA,Illinois,Populated place,7,32444,ne-ne_10m_populated_places
1159133417,Belleville,贝尔维尔,-90.000228,38.525154,Q79892,USA,Illinois,Populated place,7,143900,ne-ne_10m_populated_places
1159133419,Bloomington,布卢明顿,-86.526409,39.165657,Q490385,USA,Indiana,Populated place,7,100310,ne-ne_10m_populated_places
1159133421,Muncie,蒙夕,-85.386375,40.19376,Q932981,USA,Indiana,Populated place,7,85449,ne-ne_10m_populated_places
1159133423,Kokomo,科科莫,-86.133642,40.486765,Q913209,USA,Indiana,Populated place,7,61121,ne-ne_10m_populated_places
1159133425,Gary,加里,-87.330003,41.580393,Q184116,USA,Indiana,Populated place,7,591180,ne-ne_10m_populated_places
1159133429,Fort Wayne,韋恩堡,-85.129982,41.080398,Q49268,USA,Indiana,Populated place,7,299871,ne-ne_10m_populated_places
1159133431,Covington,卡温顿,-84.508599,39.084008,Q747599,USA,Kentucky,Populated place,7,585489,ne-ne_10m_populated_places
1159133433,Bowling Green,鲍灵格林,-86.443649,36.990699,Q694545,USA,Kentucky,Populated place,7,71140,ne-ne_10m_populated_places
1159133435,Paducah,帕迪尤卡,-88.600003,37.083717,Q984377,USA,Kentucky,Populated place,7,41317,ne-ne_10m_populated_places
1159133437,Owensboro,欧文斯伯勒,-87.113324,37.774579,Q494295,USA,Kentucky,Populated place,7,67825,ne-ne_10m_populated_places
1159133439,Jacksonville,杰克逊维尔,-77.430556,34.754324,Q986369,USA,North Carolina,Populated place,7,77288,ne-ne_10m_populated_places
1159133441,Goldsboro,戈尔兹伯勒,-77.993054,35.385139,Q367400,USA,North Carolina,Populated place,7,47602,ne-ne_10m_populated_places
1159133443,Greenville,格林维尔,-77.366684,35.612877,Q1989904,USA,North Carolina,Populated place,7,92565,ne-ne_10m_populated_places
1159133447,Fayetteville,费耶特维尔,-78.886999,35.051111,Q331104,USA,North Carolina,Populated place,7,243306,ne-ne_10m_populated_places
1159133449,Hickory,希科里,-81.341402,35.733489,Q2028564,USA,North Carolina,Populated place,7,89462,ne-ne_10m_populated_places
1159133451,Asheville,阿什维尔,-82.554145,35.601198,Q648501,USA,North Carolina,Populated place,7,142755,ne-ne_10m_populated_places
1159133453,Winston-Salem,温斯顿-塞勒姆,-80.259995,36.10543,Q49227,USA,North Carolina,Populated place,7,281683,ne-ne_10m_populated_places
1159133455,Kitty Hawk,小鷹鎮,-75.704718,36.077318,Q628311,USA,North Carolina,Populated place,7,3413,ne-ne_10m_populated_places
1159133457,Akron,阿克伦,-81.519996,41.070399,Q163132,USA,Ohio,Populated place,7,703200,ne-ne_10m_populated_places
1159133461,Lima,利馬郡,-84.105265,40.742874,Q983974,USA,Ohio,Populated place,7,68364,ne-ne_10m_populated_places
1159133467,Oak Ridge,橡树岭,-84.269725,36.010656,Q48809,USA,Tennessee,Populated place,7,33556,ne-ne_10m_populated_places
1159133471,Murfreesboro,默弗里斯伯勒,-86.390267,35.845963,Q501766,USA,Tennessee,Populated place,7,115774,ne-ne_10m_populated_places
1159133477,Clarksville,克拉克斯维尔,-87.359433,36.530082,Q328941,USA,Tennessee,Populated place,7,132536,ne-ne_10m_populated_places
1159133483,Jackson,杰克逊,-88.813892,35.614866,Q985409,USA,Tennessee,Populated place,7,63196,ne-ne_10m_populated_places
1159133487,Alexandria,亚历山德里亚,-77.055205,38.804338,Q88,USA,Virginia,Populated place,7,127273,ne-ne_10m_populated_places
1159133491,Fredericksburg,弗雷德里克斯堡,-77.460786,38.303513,Q492342,USA,Virginia,Populated place,7,133134,ne-ne_10m_populated_places
1159133495,Roanoke,罗亚诺克,-79.941617,37.271199,Q501796,USA,Virginia,Populated place,7,198171,ne-ne_10m_populated_places
1159133501,Danville,丹维尔,-79.395319,36.586254,Q511922,USA,Virginia,Populated place,7,45894,ne-ne_10m_populated_places
1159133505,Winchester,温切斯特,-78.166635,39.178731,Q492355,USA,Virginia,Populated place,7,53941,ne-ne_10m_populated_places
1159133509,Bristol,布里斯托尔,-82.176002,36.611524,Q917821,USA,Virginia,Populated place,7,37443,ne-ne_10m_populated_places
1159133513,Superior,苏必利尔,-92.103898,46.721243,Q984577,USA,Wisconsin,Populated place,7,27580,ne-ne_10m_populated_places
1159133519,West Bend,西本德,-88.183336,43.425707,Q989459,USA,Wisconsin,Populated place,7,34530,ne-ne_10m_populated_places
1159133523,Fond du Lac,冯杜拉克,-88.446912,43.773438,Q985584,USA,Wisconsin,Populated place,7,54299,ne-ne_10m_populated_places
1159133527,Oshkosh,奥什科什,-88.542513,44.025102,Q936741,USA,Wisconsin,Populated place,7,72698,ne-ne_10m_populated_places
1159133531,Rhinelander,萊茵蘭德,-89.412072,45.639913,Q1002641,USA,Wisconsin,Populated place,7,11483,ne-ne_10m_populated_places
1159133537,Racine,拉辛,-87.811834,42.727714,Q40340,USA,Wisconsin,Populated place,7,131654,ne-ne_10m_populated_places
1159133541,Marinette,马里内特,-87.630476,45.100385,Q1013700,USA,Wisconsin,Populated place,7,27169,ne-ne_10m_populated_places
1159133545,Wheeling,惠灵,-80.721078,40.06431,Q838112,USA,West Virginia,Populated place,7,52492,ne-ne_10m_populated_places
1159133549,Morgantown,摩根敦,-79.95606,39.629815,Q653636,USA,West Virginia,Populated place,7,58808,ne-ne_10m_populated_places
1159133555,Huntington,亨廷顿,-82.445288,38.419579,Q241808,USA,West Virginia,Populated place,7,85396,ne-ne_10m_populated_places
1159133559,Beckley,贝克利,-81.183014,37.780186,Q813745,USA,West Virginia,Populated place,7,37836,ne-ne_10m_populated_places
1159133563,Wilmington,威尔明顿,-75.546898,39.746268,Q174224,USA,Delaware,Populated place,7,161560,ne-ne_10m_populated_places
1159133569,Cumberland,坎伯兰,-78.762774,39.653173,Q754868,USA,Maryland,Populated place,7,21316,ne-ne_10m_populated_places
1159133575,Atlantic City,大西洋城,-74.423323,39.364637,Q139564,USA,New Jersey,Populated place,7,76573,ne-ne_10m_populated_places
1159133579,Newark,纽华克,-74.170005,40.700421,Q25395,USA,New Jersey,Populated place,7,280123,ne-ne_10m_populated_places
1159133583,Schenectady,斯克内克塔迪,-73.939968,42.814582,Q331380,USA,New York,Populated place,7,149255,ne-ne_10m_populated_places
1159133587,Binghamton,宾汉姆顿,-75.918322,42.099018,Q213814,USA,New York,Populated place,7,139895,ne-ne_10m_populated_places
1159133593,Utica,由提卡,-75.233067,43.101179,Q2495519,USA,New York,Populated place,7,105150,ne-ne_10m_populated_places
1159133597,Watertown,水镇,-75.911062,43.975157,Q1378026,USA,New York,Populated place,7,33821,ne-ne_10m_populated_places
1159133601,Niagara Falls,尼亚加拉瀑布城,-79.036943,43.094823,Q128133,USA,New York,Populated place,7,153134,ne-ne_10m_populated_places
1159133605,Jamestown,詹姆斯敦,-79.235536,42.097364,Q983861,USA,New York,Populated place,7,45756,ne-ne_10m_populated_places
1159133611,Elmira,埃尔迈拉,-76.808036,42.09013,Q934135,USA,New York,Populated place,7,62376,ne-ne_10m_populated_places
1159133615,York,约克,-76.72804,39.962921,Q821105,USA,Pennsylvania,Populated place,7,218010,ne-ne_10m_populated_places
1159133619,Johnstown,约翰斯敦,-78.922222,40.327085,Q1070763,USA,Pennsylvania,Populated place,7,69286,ne-ne_10m_populated_places
1159133623,Scranton,斯克兰顿,-75.662679,41.409293,Q271395,USA,Pennsylvania,Populated place,7,156196,ne-ne_10m_populated_places
1159133629,State College,州学院,-77.860245,40.793723,Q1187041,USA,Pennsylvania,Populated place,7,87926,ne-ne_10m_populated_places
1159133633,Erie,伊利,-80.084993,42.129921,Q234061,USA,Pennsylvania,Populated place,7,178182,ne-ne_10m_populated_places
1159133637,Wilkes-Barre,威尔克斯-巴里,-75.877937,41.249044,Q745594,USA,Pennsylvania,Populated place,7,158913,ne-ne_10m_populated_places
1159133641,Nieuw Nickerie,新尼克里,-56.989995,5.950424,Q738313,SUR,Nickerie,Admin-1 capital,7,15992,ne-ne_10m_populated_places
1159133647,Upata,烏帕塔,-62.41,8.020426,Q940082,VEN,Bolívar,Populated place,7,53685,ne-ne_10m_populated_places
1159133651,El Manteco,埃尔曼特科,-62.533325,7.35039,,VEN,Bol,Populated place,7,2215,ne-ne_10m_populated_places
1159133655,Chaguaramas,丘瓜拉馬斯,-66.25448,9.33597,Q1058829,VEN,Anzoztegui,Populated place,7,15000,ne-ne_10m_populated_places
1159133659,Barcelona,巴塞罗那,-64.720014,10.130375,Q391221,VEN,Anzoátegui,Admin-1 capital,7,600954,ne-ne_10m_populated_places
1159133665,El Tigre,埃尔蒂格雷,-64.260016,8.890348,Q1020297,VEN,Anzoátegui,Populated place,7,197440,ne-ne_10m_populated_places
1159133669,Maiquetía,邁克蒂亞,-66.96998,10.600398,Q1677956,VEN,Vargas,Populated place,7,315442,ne-ne_10m_populated_places
1159133673,Calabozo,卡拉沃索,-67.439977,8.930397,Q1026185,VEN,Guárico,Populated place,7,117132,ne-ne_10m_populated_places
1159133677,Zaraza,薩拉薩,-65.320003,9.340398,Q147782,VEN,Guárico,Populated place,7,41483,ne-ne_10m_populated_places
1159133683,Altagracia de Orituco,奧里圖科河畔阿爾塔格拉西亞,-66.37999,9.850418,Q433758,VEN,Guárico,Populated place,7,40052,ne-ne_10m_populated_places
1159133687,Tucupita,圖庫皮塔,-62.059995,9.060492,Q179007,VEN,Monagas,Admin-1 capital,7,51534,ne-ne_10m_populated_places
1159133691,Porlamar,波拉马尔,-63.849989,10.960376,Q953449,VEN,Nueva Esparta,Populated place,7,196934,ne-ne_10m_populated_places
1159133695,Brokopondo,布罗科蓬多,-55.020011,5.040376,Q926060,SUR,Brokopondo,Admin-1 capital,7,8340,ne-ne_10m_populated_places
1159133701,Totness,托特内斯,-56.319984,5.890427,Q1357920,SUR,Coronie,Admin-1 capital,7,1685,ne-ne_10m_populated_places
1159133705,Bar Harbor,巴港,-68.204375,44.387896,Q1672375,USA,Maine,Populated place,7,6090,ne-ne_10m_populated_places
1159133709,Lewiston,刘易斯顿,-70.21526,44.100705,Q501170,USA,Maine,Populated place,7,57688,ne-ne_10m_populated_places
1159133713,Presque Isle,普雷斯克艾尔,-68.012464,46.675577,Q986013,USA,Maine,Populated place,7,9466,ne-ne_10m_populated_places
1159133719,Ann Arbor,安娜堡,-83.719991,42.300375,Q485172,USA,Michigan,Populated place,7,265976,ne-ne_10m_populated_places
1159133723,Kalamazoo,卡拉马祖,-85.58719,42.292159,Q167155,USA,Michigan,Populated place,7,183381,ne-ne_10m_populated_places
1159133727,Muskegon,馬斯基根,-86.248364,43.234582,Q952097,USA,Michigan,Populated place,7,101177,ne-ne_10m_populated_places
1159133731,Flint,弗林特,-83.687538,43.012864,Q490584,USA,Michigan,Populated place,7,295212,ne-ne_10m_populated_places
1159133737,Grand Rapids,大急流城,-85.669949,42.96372,Q184587,USA,Michigan,Populated place,7,535829,ne-ne_10m_populated_places
1159133741,Pontiac,庞蒂亚克,-83.290224,42.651853,Q847596,USA,Michigan,Populated place,7,67994,ne-ne_10m_populated_places
1159133745,Cadillac,凯迪拉克,-85.413608,44.251212,Q1025149,USA,Michigan,Populated place,7,14097,ne-ne_10m_populated_places
1159133749,Traverse City,特拉弗斯城,-85.622174,44.768442,Q984544,USA,Michigan,Populated place,7,43189,ne-ne_10m_populated_places
1159133755,Petoskey,佩托斯基,-84.955187,45.373754,Q2415663,USA,Michigan,Populated place,7,12667,ne-ne_10m_populated_places
1159133759,Escanaba,埃斯卡诺巴,-87.06436,45.745695,Q1022872,USA,Michigan,Populated place,7,17318,ne-ne_10m_populated_places
1159133763,Marquette,马凯特,-87.406588,46.546731,Q12443,USA,Michigan,Populated place,7,26591,ne-ne_10m_populated_places
1159133767,Hancock,汉考克,-88.580805,47.12729,Q12435,USA,Michigan,Populated place,7,16355,ne-ne_10m_populated_places
1159133773,Almería,阿尔梅里亚,-2.429991,36.830348,Q10400,ESP,Andalucía,Populated place,7,179405,ne-ne_10m_populated_places
1159133777,Málaga,马拉加,-4.419999,36.720406,Q8851,ESP,Andalucía,Populated place,7,550058,ne-ne_10m_populated_places
1159133781,Jaén,哈恩,-3.799985,37.770393,Q15681,ESP,Andalucía,Populated place,7,116400,ne-ne_10m_populated_places
1159133785,Huelva,韦尔瓦,-6.929949,37.250374,Q12246,ESP,Andalucía,Populated place,7,144174,ne-ne_10m_populated_places
1159133791,Albacete,阿尔瓦塞特,-1.87,39.000344,Q15095,ESP,Castilla-La Mancha,Populated place,7,158094,ne-ne_10m_populated_places
1159133795,Toledo,托莱多,-4.016716,39.867036,Q5836,ESP,Castilla-La Mancha,Admin-1 capital,7,74632,ne-ne_10m_populated_places
1159133799,Guadalajara,瓜达拉哈拉,-3.166587,40.633707,Q11953,ESP,Castilla-La Mancha,Populated place,7,72850,ne-ne_10m_populated_places
1159133803,Santander,桑坦德,-3.799985,43.380465,Q12233,ESP,Cantabria,Admin-1 capital,7,208763,ne-ne_10m_populated_places
1159133809,Salamanca,萨拉曼卡,-5.67,40.970405,Q15695,ESP,Castilla y León,Populated place,7,162353,ne-ne_10m_populated_places
1159133813,Burgos,布尔戈斯,-3.679967,42.350398,Q9580,ESP,Castilla y León,Populated place,7,170183,ne-ne_10m_populated_places
1159133817,Kpalimé,帕利梅,0.630028,6.900391,Q995413,TGO,Plateaux,Admin-1 capital,7,100479,ne-ne_10m_populated_places
1159133821,Sokodé,索科德,1.149997,8.990471,Q845097,TGO,Centre,Admin-1 capital,7,117811,ne-ne_10m_populated_places
1159133827,Mango,曼戈,0.470813,10.35956,Q1392195,TGO,Savanes,Populated place,7,42626,ne-ne_10m_populated_places
1159133831,Ben Gardane,本加尔丹,11.220028,33.140392,Q1143002,TUN,Médenine,Populated place,7,19843,ne-ne_10m_populated_places
1159133835,Zarzis,傑爾吉斯,11.099984,33.510395,Q148142,TUN,Médenine,Populated place,7,159161,ne-ne_10m_populated_places
1159133839,Dehibat,德希巴特,10.700008,32.01705,Q1015418,TUN,Tataouine,Populated place,7,3525,ne-ne_10m_populated_places
1159133845,Tarragona,塔拉戈纳,1.249991,41.12037,Q15088,ESP,Cataluña,Populated place,7,126291,ne-ne_10m_populated_places
1159133849,Tozeur,托泽尔,8.129984,33.930421,Q504661,TUN,Tozeur,Admin-1 capital,7,39504,ne-ne_10m_populated_places
1159133853,Béja,巴杰,9.190023,36.730405,Q814982,TUN,Béja,Admin-1 capital,7,59567,ne-ne_10m_populated_places
1159133857,Bizerte,比塞大,9.854995,37.290423,Q189546,TUN,Bizerte,Admin-1 capital,7,139843,ne-ne_10m_populated_places
1159133863,Nabeul,纳布勒,10.730032,36.460344,Q867615,TUN,Nabeul,Admin-1 capital,7,115149,ne-ne_10m_populated_places
1159133869,El Kef,卡夫,8.714755,36.182635,Q27155,TUN,Le Kef,Admin-1 capital,7,47979,ne-ne_10m_populated_places
1159133873,Qasserine,卡塞林,8.829993,35.180397,Q852735,TUN,Kassérine,Populated place,7,81987,ne-ne_10m_populated_places
1159133879,Gabès,加贝斯,10.099993,33.900423,Q215661,TUN,Gabès,Admin-1 capital,7,219517,ne-ne_10m_populated_places
1159133883,Gafsa,加夫萨,8.780022,34.420443,Q466006,TUN,Gafsa,Admin-1 capital,7,126803,ne-ne_10m_populated_places
1159133887,Qairouan,凯鲁万,10.099993,35.680392,Q179570,TUN,Kairouan,Admin-1 capital,7,144522,ne-ne_10m_populated_places
1159133891,Tartus,塔尔图斯,35.886584,34.884634,Q174916,SYR,Tartus,Admin-1 capital,7,162980,ne-ne_10m_populated_places
1159133897,Ar Raqqah,拉卡,39.019985,35.930377,Q283368,SYR,Ar Raqqah,Admin-1 capital,7,177636,ne-ne_10m_populated_places
1159133901,Hamah,哈马,36.729996,35.150347,Q173545,SYR,Hamah,Admin-1 capital,7,460602,ne-ne_10m_populated_places
1159133905,Tadmur,泰德穆尔,38.283337,34.550409,Q938457,SYR,Homs (Hims),Populated place,7,55111,ne-ne_10m_populated_places
1159133909,Abu Kamal,阿布凯马勒,40.918629,34.450415,Q152828,SYR,Dayr Az Zawr,Populated place,7,80808,ne-ne_10m_populated_places
1159133915,Dayr az Zawr,代尔祖尔,40.129995,35.330387,Q239097,SYR,Dayr Az Zawr,Admin-1 capital,7,309141,ne-ne_10m_populated_places
1159133919,As Suwayda,苏韦达,36.566595,32.700419,Q311099,SYR,As Suwayda',Admin-1 capital,7,72248,ne-ne_10m_populated_places
1159133923,Ad Nabk,奈卜克,36.733303,34.017031,Q2317068,SYR,Damascus,Populated place,7,50178,ne-ne_10m_populated_places
1159133927,Ad Damazīn,達馬津,34.349986,11.770404,Q311307,SDN,Blue Nile,Admin-1 capital,7,186051,ne-ne_10m_populated_places
1159133933,Haiya,海亚站,36.384177,18.336231,Q3782462,SDN,Red Sea,Populated place,7,20000,ne-ne_10m_populated_places
1159133939,Zabīd,扎比德,43.315537,14.195088,Q138986,YEM,Al Hudaydah,Populated place,7,152504,ne-ne_10m_populated_places
1159133943,Hajjah,哈杰,43.602134,15.691741,Q1770704,YEM,Hajjah,Admin-1 capital,7,208287,ne-ne_10m_populated_places
1159133947,Lahij,拉赫季,44.883761,13.058181,Q249175,YEM,Lahij,Admin-1 capital,7,66288,ne-ne_10m_populated_places
1159133953,Luzern,卢塞恩,8.280001,47.050421,Q4191,CHE,Lucerne,Admin-1 capital,7,250000,ne-ne_10m_populated_places
1159133957,Lugano,卢加诺,8.966677,46.000382,Q7024,CHE,Ticino,Populated place,7,105388,ne-ne_10m_populated_places
1159133961,Wrangell,兰格尔,-132.371595,56.471268,Q43983,USA,Alaska,Populated place,7,2070,ne-ne_10m_populated_places
1159133965,Shishmaref,希什马廖夫,-166.071889,66.256975,Q79723,USA,Alaska,Populated place,7,254,ne-ne_10m_populated_places
1159133971,Hoonah,霍纳,-135.438617,58.115405,Q79525,USA,Alaska,Populated place,7,361,ne-ne_10m_populated_places
1159133975,Atka,阿特卡,-174.200489,52.19649,Q748556,USA,Alaska,Populated place,7,61,ne-ne_10m_populated_places
1159133979,Nikolski,尼科尔斯基,-168.867688,52.938434,Q770944,USA,Alaska,Populated place,7,18,ne-ne_10m_populated_places
1159133983,Karluk,卡勒克,-154.455027,57.572286,Q2497728,USA,Alaska,Populated place,7,96,ne-ne_10m_populated_places
1159133991,False Pass,假山口,-163.415023,54.851211,Q79514,USA,Alaska,Populated place,7,35,ne-ne_10m_populated_places
1159133995,Kivalina,基瓦利纳,-164.485903,67.731492,Q80133,USA,Alaska,Populated place,7,374,ne-ne_10m_populated_places
1159133997,Newhalen,纽哈伦,-154.897197,59.720346,Q79547,USA,Alaska,Populated place,7,160,ne-ne_10m_populated_places
1159134005,Pilot Point,派勒特波因特,-157.569127,57.56456,Q79339,USA,Alaska,Populated place,7,68,ne-ne_10m_populated_places
1159134007,Chignik,奇格尼克,-158.402228,56.295671,Q79530,USA,Alaska,Populated place,7,118,ne-ne_10m_populated_places
1159134011,King Salmon,鮭魚王,-156.661378,58.688703,Q532057,USA,Alaska,Populated place,7,292,ne-ne_10m_populated_places
1159134015,Quinhagak,奎纳加克,-161.915786,59.749233,Q79426,USA,Alaska,Populated place,7,250,ne-ne_10m_populated_places
1159134019,Aniak,阿尼亚克,-159.522186,61.578708,Q79540,USA,Alaska,Populated place,7,501,ne-ne_10m_populated_places
1159134025,Kotlit,科特利克,-163.553283,63.034588,Q79561,USA,Alaska,Populated place,7,1002,ne-ne_10m_populated_places
1159134029,Unalakleet,尤纳拉克利特,-160.788052,63.873426,Q79812,USA,Alaska,Populated place,7,741,ne-ne_10m_populated_places
1159134035,Koyuk,科尤克,-161.157472,64.940269,Q80055,USA,Alaska,Populated place,7,254,ne-ne_10m_populated_places
1159134041,McGrath,麦格拉思,-155.595785,62.956815,Q79574,USA,Alaska,Populated place,7,138,ne-ne_10m_populated_places
1159134045,Hughes,休斯,-154.254988,66.049184,Q79705,USA,Alaska,Populated place,7,78,ne-ne_10m_populated_places
1159134049,Ambler,安布勒,-157.851409,67.086485,Q602422,USA,Alaska,Populated place,7,258,ne-ne_10m_populated_places
1159134053,Wales,威尔士,-168.087503,65.609599,Q80043,USA,Alaska,Populated place,7,99,ne-ne_10m_populated_places
1159134059,Kotzebue,科策布,-162.596598,66.898693,Q79810,USA,Alaska,Populated place,7,3194,ne-ne_10m_populated_places
1159134063,Wasilla,瓦西拉,-149.439442,61.581731,Q79957,USA,Alaska,Populated place,7,8521,ne-ne_10m_populated_places
1159134067,Circle,瑟克爾,-144.06052,65.82589,Q974350,USA,Alaska,Populated place,7,100,ne-ne_10m_populated_places
1159134071,Denali Park,麦金利帕克,-148.914099,63.733098,,USA,Alaska,Populated place,7,1826,ne-ne_10m_populated_places
1159134077,Yakutat,亚库塔特,-139.727218,59.547307,Q487681,USA,Alaska,Populated place,7,109,ne-ne_10m_populated_places
1159134081,Homer,荷马,-151.54828,59.642934,Q79441,USA,Alaska,Populated place,7,6560,ne-ne_10m_populated_places
1159134085,Tanacross,塔納克羅斯,-143.346403,63.385703,Q1927486,USA,Alaska,Populated place,7,136,ne-ne_10m_populated_places
1159134089,Wiseman,懷斯曼,-150.107489,67.410471,Q924763,USA,Alaska,Populated place,7,14,ne-ne_10m_populated_places
1159134095,Bollnäs,博爾奈斯,16.366587,61.352003,Q953769,SWE,Gävleborg,Populated place,7,13398,ne-ne_10m_populated_places
1159134099,Gävle,耶夫勒,17.166642,60.66698,Q25748,SWE,Gävleborg,Admin-1 capital,7,68635,ne-ne_10m_populated_places
1159134103,Kalmar,卡尔马,16.366587,56.667018,Q26345,SWE,Kalmar,Admin-1 capital,7,35024,ne-ne_10m_populated_places
1159134107,Växjö,韦克舍,14.816708,56.883697,Q26152,SWE,Kronoberg,Admin-1 capital,7,59600,ne-ne_10m_populated_places
1159134115,Örebro,厄勒布鲁,15.219991,59.280347,Q25732,SWE,Orebro,Admin-1 capital,7,98573,ne-ne_10m_populated_places
1159134119,Norrköping,北雪平,16.178692,58.595427,Q25724,SWE,Östergötland,Populated place,7,88639,ne-ne_10m_populated_places
1159134123,Halmstad,哈尔姆斯塔德,12.855587,56.671772,Q26521,SWE,Halland,Admin-1 capital,7,55657,ne-ne_10m_populated_places
1159134127,Karlstad,卡尔斯塔德,13.499941,59.367137,Q25457,SWE,Värmland,Admin-1 capital,7,74141,ne-ne_10m_populated_places
1159134133,Skellefteå,謝萊夫特奧,20.950028,64.772079,Q54344,SWE,Västerbotten,Populated place,7,31311,ne-ne_10m_populated_places
1159134137,Visby,維斯比,18.300009,57.633651,Q54757,SWE,Gotland,Admin-1 capital,7,22593,ne-ne_10m_populated_places
1159134141,Dzhankoy,占科伊,34.400008,45.71704,Q161978,RUS,Crimea,Populated place,7,43879,ne-ne_10m_populated_places
1159134145,Yevpatoriya,叶夫帕托里亚,33.363069,45.196891,Q33345,RUS,Crimea,Populated place,7,105223,ne-ne_10m_populated_places
1159134151,Kerch,刻赤,36.488098,45.368508,Q157065,RUS,Crimea,Populated place,7,152195,ne-ne_10m_populated_places
1159134155,Simferopol,辛菲罗波尔,34.098735,44.949154,Q19566,RUS,Crimea,Admin-1 capital,7,358108,ne-ne_10m_populated_places
1159134159,Kherson,赫尔松,32.600665,46.632537,Q156732,UKR,Crimea,Admin-1 capital,7,320477,ne-ne_10m_populated_places
1159134163,Voznesensk,沃茲涅先斯克,31.333322,47.550365,Q615451,UKR,Mykolayiv,Populated place,7,43996,ne-ne_10m_populated_places
1159134169,Nizhyn,涅任,31.890291,51.054079,Q952457,UKR,Chernihiv,Populated place,7,116288,ne-ne_10m_populated_places
1159134173,Rivne,罗夫诺,26.252806,50.616586,Q156739,UKR,Rivne,Admin-1 capital,7,255106,ne-ne_10m_populated_places
1159134177,Chernivtsi,切尔诺夫策,25.92156,48.305306,Q157725,UKR,Chernivtsi,Admin-1 capital,7,298251,ne-ne_10m_populated_places
1159134181,Ivano-Frankivsk,伊万诺-弗兰科夫斯克,24.709385,48.934751,Q156726,UKR,Ivano-Frankivs'k,Admin-1 capital,7,241239,ne-ne_10m_populated_places
1159134187,Ternopil,捷尔诺波尔,25.582149,49.53598,Q156743,UKR,Ternopil',Admin-1 capital,7,244768,ne-ne_10m_populated_places
1159134191,Lutsk,卢茨克,25.333378,50.747198,Q7550,UKR,Volyn,Admin-1 capital,7,213661,ne-ne_10m_populated_places
1159134195,Kovel,科韦利,24.71662,51.217066,Q156704,UKR,Volyn,Populated place,7,71301,ne-ne_10m_populated_places
1159134199,Cherkasy,切尔卡瑟,32.0709,49.43472,Q157055,UKR,Cherkasy,Admin-1 capital,7,297568,ne-ne_10m_populated_places
1159134205,Kirovohrad,基洛沃格勒,32.260294,48.504054,Q158292,UKR,Kirovohrad,Admin-1 capital,7,249454,ne-ne_10m_populated_places
1159134209,Izmayil,伊斯梅尔,28.837351,45.350344,Q147739,UKR,Odessa,Populated place,7,83194,ne-ne_10m_populated_places
1159134213,Vinnytsya,文尼察,28.481558,49.225379,Q157144,UKR,Vinnytsya,Admin-1 capital,7,352115,ne-ne_10m_populated_places
1159134217,Korosten,科罗斯坚,28.650024,50.950416,Q158904,UKR,Zhytomyr,Populated place,7,72984,ne-ne_10m_populated_places
1159134223,Shostka,绍斯特卡,33.479651,51.873409,Q1000454,UKR,Sumy,Populated place,7,96825,ne-ne_10m_populated_places
1159134227,Nikopol,尼科波尔,34.40621,47.566591,Q156760,UKR,Dnipropetrovs'k,Populated place,7,130500,ne-ne_10m_populated_places
1159134231,Kupyansk,库皮扬斯克,37.598056,49.721783,Q889555,UKR,Kharkiv,Populated place,7,78870,ne-ne_10m_populated_places
1159134235,Lysychansk,利西昌斯克,38.42736,48.920411,Q33280,UKR,Luhans'k,Populated place,7,124421,ne-ne_10m_populated_places
1159134241,Luhansk,卢甘斯克,39.334384,48.56976,Q134279,UKR,Luhans'k,Admin-1 capital,7,452000,ne-ne_10m_populated_places
1159134245,Poltava,波尔塔瓦,34.570282,49.57404,Q156747,UKR,Poltava,Admin-1 capital,7,317847,ne-ne_10m_populated_places
1159134249,Kremenchuk,克列缅丘格,33.429628,49.083527,Q156724,UKR,Poltava,Populated place,7,232742,ne-ne_10m_populated_places
1159134253,Melitopol,梅利托波尔,35.377468,46.837825,Q33349,UKR,Zaporizhzhya,Populated place,7,158000,ne-ne_10m_populated_places
1159134259,Al Ghaydah,蓋達,52.163782,16.239408,Q310626,YEM,Al Mahrah,Populated place,7,27404,ne-ne_10m_populated_places
1159134263,Rida,里达,44.8341,14.429493,,YEM,Al Bayda',Populated place,7,45233,ne-ne_10m_populated_places
1159134267,Hadiboh,哈迪布,54.023927,12.651875,Q1015916,YEM,Hadramawt,Populated place,7,11396,ne-ne_10m_populated_places
1159134271,Saywun,赛文,48.787347,15.942992,Q2320876,YEM,Hadramawt,Populated place,7,68747,ne-ne_10m_populated_places
1159134277,Ras al Khaymah,拉斯海玛,55.942776,25.791538,Q2126436,ARE,Ras Al Khaymah,Admin-1 capital,7,160849,ne-ne_10m_populated_places
1159134281,Al Fujayrah,富吉拉,56.337481,25.123439,Q4045,ARE,Fujayrah,Admin-1 capital,7,94163,ne-ne_10m_populated_places
1159134285,Al Ayn,艾因,55.739998,24.230471,Q234600,ARE,Abu Dhabi,Populated place,7,408733,ne-ne_10m_populated_places
1159134289,Balkanabat,巴尔坎纳巴德,54.36494,39.51238,Q199762,TKM,Balkan,Admin-1 capital,7,110827,ne-ne_10m_populated_places
1159134295,Kaka,卡赫卡,59.600021,37.350342,Q782190,TKM,Ahal,Populated place,7,38381,ne-ne_10m_populated_places
1159134299,Kogon,科贡,64.545765,39.721075,Q1658752,UZB,Bukhoro,Populated place,7,107566,ne-ne_10m_populated_places
1159134303,Khiwa,希瓦,60.355737,41.391129,Q486195,UZB,Khorezm,Populated place,7,149751,ne-ne_10m_populated_places
1159134307,Chimboy,欽博伊,59.77076,42.931138,Q1073108,UZB,Karakalpakstan,Populated place,7,36917,ne-ne_10m_populated_places
1159134313,Qunghirot,昆格勒,58.900012,43.070406,Q1657994,UZB,Karakalpakstan,Populated place,7,57758,ne-ne_10m_populated_places
1159134317,Zarafshon,扎拉夫尚,64.201807,41.582228,Q147697,UZB,Navoi,Populated place,7,63543,ne-ne_10m_populated_places
1159134321,Navoi,纳沃伊,65.354967,40.110406,Q763015,UZB,Navoi,Admin-1 capital,7,214828,ne-ne_10m_populated_places
1159134325,Atamyrat,阿塔穆拉特,65.199731,37.824809,Q2357934,TKM,Chardzhou,Populated place,7,33242,ne-ne_10m_populated_places
1159134331,Shahrisabz,沙赫里薩布茲,66.831466,39.061788,Q569766,UZB,Kashkadarya,Populated place,7,498545,ne-ne_10m_populated_places
1159134335,Qarshi,卡尔希,65.800004,38.87043,Q644008,UZB,Kashkadarya,Admin-1 capital,7,386361,ne-ne_10m_populated_places
1159134339,Qoqon,浩罕,70.94,40.540405,Q489890,UZB,Ferghana,Populated place,7,350000,ne-ne_10m_populated_places
1159134343,Kuybyshevskiy,古比雪夫斯基,68.688975,37.979399,Q6449099,TJK,Khatlon,Populated place,7,8925,ne-ne_10m_populated_places
1159134349,Kulob,库洛布,69.77573,37.92116,Q132043,TJK,Khatlon,Admin-1 capital,7,115164,ne-ne_10m_populated_places
1159134353,Uroteppa,伊斯塔拉夫尚,69.001462,39.921916,Q936510,TJK,Leninabad,Populated place,7,156621,ne-ne_10m_populated_places
1159134357,Jizzax,吉扎克,67.830009,40.10038,Q572380,UZB,Jizzakh,Admin-1 capital,7,235352,ne-ne_10m_populated_places
1159134359,Angren,安格連,70.154932,41.030375,Q542966,UZB,Tashkent,Populated place,7,202070,ne-ne_10m_populated_places
1159134365,Olmaliq,阿尔马雷克,69.595018,40.850438,Q986429,UZB,Tashkent,Populated place,7,121207,ne-ne_10m_populated_places
1159134369,Chumphon,春蓬,99.187217,10.512677,Q637500,THA,Chumphon,Admin-1 capital,7,85686,ne-ne_10m_populated_places
1159134373,Thung Song,童颂,99.728631,8.153958,Q15199303,THA,Nakhon Si Thammarat,Populated place,7,28223,ne-ne_10m_populated_places
1159134377,Trang,董里,99.608018,7.5634,Q1014322,THA,Trang,Admin-1 capital,7,147820,ne-ne_10m_populated_places
1159134383,Yala,亚拉,101.285073,6.55049,Q1207083,THA,Yala,Admin-1 capital,7,148140,ne-ne_10m_populated_places
1159134387,Chiang Rai,清莱,99.826454,19.911871,Q856772,THA,Chiang Rai,Admin-1 capital,7,117127,ne-ne_10m_populated_places
1159134391,Lampang,林邦,99.481256,18.291557,Q1012610,THA,Lampang,Admin-1 capital,7,204081,ne-ne_10m_populated_places
1159134395,Nan,难,100.771461,18.786849,Q1014345,THA,Nan,Admin-1 capital,7,82483,ne-ne_10m_populated_places
1159134401,Phayao,帕夭,99.90831,19.170702,Q1207122,THA,Phayao,Admin-1 capital,7,21058,ne-ne_10m_populated_places
1159134405,Phrae,帕府,100.16292,18.153296,Q1207145,THA,Phrae,Admin-1 capital,7,38538,ne-ne_10m_populated_places
1159134409,Phitsanulok,彭世洛,100.272887,16.828313,Q867579,THA,Phitsanulok,Admin-1 capital,7,164017,ne-ne_10m_populated_places
1159134413,Sukhothai,素可泰,99.751523,17.011867,Q986737,THA,Sukhothai,Admin-1 capital,7,10276,ne-ne_10m_populated_places
1159134419,Uttaradit,程逸,100.097187,17.631623,Q1359241,THA,Uttaradit,Admin-1 capital,7,76630,ne-ne_10m_populated_places
1159134423,Kanchanaburi,北碧府,99.522028,14.017425,Q239121,THA,Kanchanaburi,Admin-1 capital,7,63699,ne-ne_10m_populated_places
1159134427,Mae Sot,湄索,98.570769,16.716175,Q1015445,THA,Tak,Populated place,7,45781,ne-ne_10m_populated_places
1159134431,Tak,来兴镇,99.129339,16.884743,Q118901,THA,Tak,Admin-1 capital,7,33146,ne-ne_10m_populated_places
1159134437,Uthai Thani,烏泰他尼,100.026442,15.381863,Q1332721,THA,Uthai Thani,Admin-1 capital,7,22219,ne-ne_10m_populated_places
1159134441,Lop Buri,華富里,100.618602,14.804018,Q1363891,THA,Lop Buri,Admin-1 capital,7,57761,ne-ne_10m_populated_places
1159134445,Prachin Buri,巴真武里,101.376799,14.057216,Q1365804,THA,Prachin Buri,Admin-1 capital,7,79757,ne-ne_10m_populated_places
1159134449,Ayutthaya,阿瑜陀耶,100.568424,14.358799,Q203370,THA,Phra Nakhon Si Ayutthaya,Admin-1 capital,7,145615,ne-ne_10m_populated_places
1159134455,Pathum Thani,巴吞他尼,100.533336,14.017115,Q1365723,THA,Pathum Thani,Admin-1 capital,7,154412,ne-ne_10m_populated_places
1159134465,Saraburi,沙拉武里,100.879982,14.530365,Q686387,THA,Saraburi,Admin-1 capital,7,70769,ne-ne_10m_populated_places
1159134469,Nonthaburi,暖武里,100.483313,13.833689,Q768864,THA,Nonthaburi,Admin-1 capital,7,258550,ne-ne_10m_populated_places
1159134473,Phetchaburi,佛丕,99.941176,13.113294,Q641383,THA,Phetchaburi,Admin-1 capital,7,90497,ne-ne_10m_populated_places
1159134475,Hua Hin,华欣,99.944328,12.56971,Q667576,THA,Prachuap Khiri Khan,Populated place,7,50456,ne-ne_10m_populated_places
1159134479,Ratchaburi,叻武里,99.821545,13.541898,Q1207138,THA,Ratchaburi,Admin-1 capital,7,106996,ne-ne_10m_populated_places
1159134483,Samut Prakan,北榄府,100.611471,13.606907,Q13139252,THA,Samut Prakan,Admin-1 capital,7,388920,ne-ne_10m_populated_places
1159134487,Sisaket,西萨菊,104.329849,15.120252,Q1207432,THA,Si Sa Ket,Admin-1 capital,7,44751,ne-ne_10m_populated_places
1159134493,Hong Gai,下龙,107.100015,20.960412,Q36077,VNM,Qu?ng Ninh,Admin-1 capital,7,172915,ne-ne_10m_populated_places
1159134497,Cẩm Phả,锦普,107.320002,21.040433,Q1031051,VNM,Qu?ng Ninh,Populated place,7,135477,ne-ne_10m_populated_places
1159134501,Si Racha,是拉差,100.928661,13.159028,Q13409879,THA,Chon Buri,Populated place,7,178916,ne-ne_10m_populated_places
1159134509,Chon Buri,春武里,100.999974,13.400408,Q138589,THA,Chon Buri,Admin-1 capital,7,226618,ne-ne_10m_populated_places
1159134513,Chanthaburi,庄他武里,102.097892,12.613273,Q1015899,THA,Chanthaburi,Admin-1 capital,7,99819,ne-ne_10m_populated_places
1159134517,Aranyaprathet,亞蘭,102.496937,13.682355,Q4784166,THA,Sa Kaeo,Populated place,7,22472,ne-ne_10m_populated_places
1159134521,Rayong,羅勇,101.281456,12.671848,Q1015123,THA,Rayong,Admin-1 capital,7,37035,ne-ne_10m_populated_places
1159134527,Buriram,武里南,103.116641,15.00044,Q1026460,THA,Buri Ram,Admin-1 capital,7,47292,ne-ne_10m_populated_places
1159134531,Chaiyaphum,猜也蓬,102.038619,15.804008,Q997062,THA,Chaiyaphum,Admin-1 capital,7,58350,ne-ne_10m_populated_places
1159134535,Bua Yai,波艾县,102.418596,15.584022,Q475290,THA,Nakhon Ratchasima,Populated place,7,18269,ne-ne_10m_populated_places
1159134541,Surin,素林,103.49145,14.886829,Q1207067,THA,Surin,Admin-1 capital,7,62536,ne-ne_10m_populated_places
1159134547,Loei,黎,101.731506,17.49189,Q598784,THA,Loei,Admin-1 capital,7,35273,ne-ne_10m_populated_places
1159134551,Nong Khai,廊开,102.747878,17.873262,Q1026138,THA,Nong Khai,Admin-1 capital,7,104505,ne-ne_10m_populated_places
1159134555,Sakhon Nakhon,色軍,104.147896,17.167904,Q1012639,THA,Sakon Nakhon,Admin-1 capital,7,76237,ne-ne_10m_populated_places
1159134559,Udon Thani,乌隆他尼,102.789322,17.404763,Q816331,THA,Udon Thani,Admin-1 capital,7,247231,ne-ne_10m_populated_places
1159134565,Lao Chi,老街,103.965995,22.501351,Q33373,VNM,Lào Cai,Admin-1 capital,7,67206,ne-ne_10m_populated_places
1159134569,Hoa Binh,和平,105.338314,20.813702,Q130324,VNM,Hòa Bình,Admin-1 capital,7,105260,ne-ne_10m_populated_places
1159134573,Sơn Tây,山西市社,105.505022,21.138179,Q1365138,VNM,Hà Tây,Populated place,7,189547,ne-ne_10m_populated_places
1159134577,Ninh Bình,寧平,105.97502,20.254305,Q33929,VNM,Ninh Bmnh,Admin-1 capital,7,130517,ne-ne_10m_populated_places
1159134583,Việt Trì,越池,105.429988,21.330415,Q36082,VNM,Phú Th?,Admin-1 capital,7,350000,ne-ne_10m_populated_places
1159134587,Bắc Giang,北江,106.200019,21.267008,Q36736,VNM,B?c Giang,Admin-1 capital,7,53728,ne-ne_10m_populated_places
1159134591,Nakhon Phanom,那空拍儂,104.76946,17.39448,Q777162,THA,Nakhon Phanom,Admin-1 capital,7,55377,ne-ne_10m_populated_places
1159134595,Hà Tĩnh,哈爾婷,105.900037,18.333776,Q33996,VNM,Ha Tinh,Admin-1 capital,7,165396,ne-ne_10m_populated_places
1159134601,Buon Me Thuot,邦美蜀,108.049983,12.667042,Q33469,VNM,Dak Lak,Admin-1 capital,7,349945,ne-ne_10m_populated_places
1159134607,Da Lat,大叻,108.419986,11.93042,Q25281,VNM,Lâm Ð?ng,Admin-1 capital,7,256019,ne-ne_10m_populated_places
1159134611,Phan Rang,潘郎-塔占,108.983311,11.567032,Q19013,VNM,Ninh Thu?n,Admin-1 capital,7,179773,ne-ne_10m_populated_places
1159134617,Hon Quan,汉管县,106.600046,11.650386,Q10772337,VNM,BNnh Phu?c,Populated place,7,40279,ne-ne_10m_populated_places
1159134621,Kon Tum,崑嵩,107.983321,14.383759,Q36493,VNM,Qu?ng Nam,Admin-1 capital,7,105489,ne-ne_10m_populated_places
1159134625,Quảng Ngãi,广义,108.829987,15.150431,Q33994,VNM,Qu?ng Ngãi,Admin-1 capital,7,250000,ne-ne_10m_populated_places
1159134629,Quảng Trị,广治市社,107.200009,16.750359,Q1320413,VNM,Qu?ng Tr?,Admin-1 capital,7,72722,ne-ne_10m_populated_places
1159134635,Narathiwat,那拉提瓦,101.821423,6.431841,Q535747,THA,Narathiwat,Admin-1 capital,7,68112,ne-ne_10m_populated_places
1159134639,Vung Tau,头顿,107.084978,10.355374,Q21194,VNM,Bà R?a - Vung Tàu,Admin-1 capital,7,248767,ne-ne_10m_populated_places
1159134643,Phan Thiet,藩切,108.100058,10.933737,Q25315,VNM,Bình Thu?n,Admin-1 capital,7,336846,ne-ne_10m_populated_places
1159134647,Long Xuyen,龍川,105.420015,10.380386,Q33421,VNM,An Giang,Admin-1 capital,7,350000,ne-ne_10m_populated_places
1159134653,Châu Đốc,朱笃,105.116674,10.700392,Q373214,VNM,An Giang,Admin-1 capital,7,70239,ne-ne_10m_populated_places
1159134657,Rạch Giá,迪石,105.091352,10.015395,Q36093,VNM,Kiên Giang,Admin-1 capital,7,300000,ne-ne_10m_populated_places
1159134673,Tan An,新安,106.416698,10.533736,Q25897,VNM,Long An,Admin-1 capital,7,137498,ne-ne_10m_populated_places
1159134677,Mỹ Tho,美萩,106.350035,10.350413,Q33425,VNM,B?n Tre,Admin-1 capital,7,124143,ne-ne_10m_populated_places
1159134681,Bạc Liêu,薄寮,105.719996,9.280375,Q36142,VNM,B?c Liêu,Admin-1 capital,7,225000,ne-ne_10m_populated_places
1159134685,Cà Mau,金瓯,105.150005,9.177358,Q25262,VNM,Cà Mau,Admin-1 capital,7,356636,ne-ne_10m_populated_places
1159134691,Sóc Trăng,朔庄,105.980032,9.603741,Q33418,VNM,Sóc Trang,Admin-1 capital,7,300000,ne-ne_10m_populated_places
1159134695,Ha Giang,河江,104.983349,22.833657,Q36519,VNM,Hà Giang,Admin-1 capital,7,38362,ne-ne_10m_populated_places
1159134699,Kawambwa,卡萬布瓦,29.080023,-9.779521,Q1737290,ZMB,Luapula,Populated place,7,20589,ne-ne_10m_populated_places
1159134703,Nchelenge,恩切倫戈,28.730019,-9.349573,Q287722,ZMB,Luapula,Populated place,7,23693,ne-ne_10m_populated_places
1159134709,Chinsali,欽薩利,32.059996,-10.549603,Q1074444,ZMB,Northern,Populated place,7,14015,ne-ne_10m_populated_places
1159134713,Kasama,卡薩馬,31.179947,-10.199598,Q600893,ZMB,Northern,Admin-1 capital,7,200000,ne-ne_10m_populated_places
1159134717,Kapiri Mposhi,卡皮里姆波希,28.659997,-13.969601,Q985822,ZMB,Central,Populated place,7,37942,ne-ne_10m_populated_places
1159134721,Mumbwa,蒙布瓦,27.070017,-14.979617,Q1952600,ZMB,Central,Populated place,7,19086,ne-ne_10m_populated_places
1159134727,Chingola,欽戈拉,27.850021,-12.539611,Q431533,ZMB,Copperbelt,Populated place,7,182015,ne-ne_10m_populated_places
1159134731,Chililabombwe,奇利拉邦布韦,27.819997,-12.369595,Q993200,ZMB,Copperbelt,Populated place,7,82068,ne-ne_10m_populated_places
1159134735,Nyimba,恩因巴縣,30.809995,-14.549514,Q3031656,ZMB,Eastern,Populated place,7,1336,ne-ne_10m_populated_places
1159134739,Lundazi,隆達濟,33.170006,-12.289548,Q260171,ZMB,Eastern,Populated place,7,11635,ne-ne_10m_populated_places
1159134745,Chipata,奇帕塔,32.640013,-13.62957,Q856151,ZMB,Eastern,Admin-1 region capital,7,85963,ne-ne_10m_populated_places
1159134749,Mwinilunga,姆維尼倫加,24.439996,-11.739556,Q1956313,ZMB,North-Western,Populated place,7,13798,ne-ne_10m_populated_places
1159134753,Kasempa,卡森帕,25.820015,-13.459606,Q1734917,ZMB,North-Western,Populated place,7,5622,ne-ne_10m_populated_places
1159134757,Solwezi,索卢韦齐,26.39998,-12.179581,Q871209,ZMB,North-Western,Admin-1 capital,7,65000,ne-ne_10m_populated_places
1159134763,Choma,喬馬,26.970023,-16.809479,Q1076003,ZMB,Southern,Populated place,7,46746,ne-ne_10m_populated_places
1159134767,Mongu,芒古,23.120025,-15.279598,Q644799,ZMB,Western,Admin-1 capital,7,52534,ne-ne_10m_populated_places
1159134771,Kaoma,考馬,24.799974,-14.779629,Q1728285,ZMB,Western,Populated place,7,14212,ne-ne_10m_populated_places
1159134775,Sesheke,塞謝凱,24.300005,-17.469542,Q1756357,ZMB,Western,Populated place,7,20149,ne-ne_10m_populated_places
1159134781,Lukulu,盧庫盧,23.240018,-14.389575,Q1629398,ZMB,Western,Populated place,7,3349,ne-ne_10m_populated_places
1159134785,Kalabo,卡拉博,22.68,-14.98959,Q1015056,ZMB,Western,Populated place,7,7731,ne-ne_10m_populated_places
1159134789,Senanga,塞南加,23.270042,-16.119599,Q569090,ZMB,Western,Populated place,7,10005,ne-ne_10m_populated_places
1159134793,Mazowe,马佐埃,30.970037,-17.519617,Q6798645,ZWE,Mashonaland Central,Populated place,7,9966,ne-ne_10m_populated_places
1159134799,Shamva,沙姆瓦,31.57,-17.319629,Q606345,ZWE,Mashonaland Central,Populated place,7,10317,ne-ne_10m_populated_places
1159134803,Victoria Falls,維多利亞瀑布（津巴布韋）,25.840014,-17.929617,Q1393804,ZWE,Matabeleland North,Populated place,7,35761,ne-ne_10m_populated_places
1159134807,Zvishavane,兹维沙瓦内,30.04999,-20.329574,Q231399,ZWE,Midlands,Populated place,7,35896,ne-ne_10m_populated_places
1159134811,Kwekwe,奎奎,29.799979,-18.929608,Q399083,ZWE,Midlands,Populated place,7,99149,ne-ne_10m_populated_places
1159134817,Plumtree,普拉姆特里,27.819997,-20.479539,Q1974068,ZWE,Matabeleland South,Populated place,7,2148,ne-ne_10m_populated_places
1159134821,Beitbridge,貝特橋,29.989993,-22.209615,Q814922,ZWE,Matabeleland South,Populated place,7,26459,ne-ne_10m_populated_places
1159134825,Gwanda,關達,29.010002,-20.939615,Q1557796,ZWE,Matabeleland South,Admin-1 capital,7,14450,ne-ne_10m_populated_places
1159134829,Chiredzi,奇雷济,31.660021,-21.049582,Q1074697,ZWE,Masvingo,Populated place,7,28205,ne-ne_10m_populated_places
1159134835,Masvingo,馬斯溫戈,30.82002,-20.059617,Q601142,ZWE,Masvingo,Admin-1 capital,7,76311,ne-ne_10m_populated_places
1159134841,Karoi,卡萊伊,29.679986,-16.819556,Q994419,ZWE,Mashonaland West,Populated place,7,25030,ne-ne_10m_populated_places
1159134845,Chinhoyi,奇諾伊,30.180008,-17.359626,Q782743,ZWE,Mashonaland West,Admin-1 capital,7,61739,ne-ne_10m_populated_places
1159134851,Kariba,卡里巴,28.80004,-16.5296,Q1025799,ZWE,Mashonaland West,Admin-1 capital,7,25531,ne-ne_10m_populated_places
1159134855,Golela,戈莱拉,31.900006,-27.296178,Q310006,SWZ,Shiselweni,Populated place,7,3695,ne-ne_10m_populated_places
1159134859,Luganville,卢甘维尔,167.176607,-15.512556,Q876557,VUT,Sanma,Populated place,7,13397,ne-ne_10m_populated_places
1159134863,Trujillo,特鲁希略,-85.960009,15.910358,Q992173,HND,Colón,Admin-1 capital,7,9646,ne-ne_10m_populated_places
1159134869,Brus Laguna,布魯斯拉古納,-84.479996,15.75042,Q2102693,HND,Gracias a Dios,Populated place,7,4067,ne-ne_10m_populated_places
1159134873,Puerto Lempira,伦皮拉港,-83.771642,15.262026,Q2075665,HND,Gracias a Dios,Admin-1 capital,7,4856,ne-ne_10m_populated_places
1159134877,Juticalpa,胡蒂卡尔帕,-86.229967,14.670408,Q773764,HND,Olancho,Admin-1 capital,7,37442,ne-ne_10m_populated_places
1159134881,Comayagua,科马亚瓜,-87.649984,14.460395,Q679169,HND,Comayagua,Admin-1 capital,7,71142,ne-ne_10m_populated_places
1159134887,Choluteca,乔卢特卡,-87.190813,13.300673,Q1773148,HND,Choluteca,Admin-1 capital,7,99429,ne-ne_10m_populated_places
1159134891,Kumaka,库马卡,-58.380013,3.900394,Q5762406,GUY,Upper Demerara-Berbice,Populated place,7,2190,ne-ne_10m_populated_places
1159134895,Bartica,巴蒂卡,-58.630024,6.410421,Q809428,GUY,Pomeroon-Supenaam,Populated place,7,11524,ne-ne_10m_populated_places
1159134899,Anna Regina,安娜女王村,-58.500057,7.270421,Q563067,GUY,Cuyuni-Mazaruni,Populated place,7,3113,ne-ne_10m_populated_places
1159134905,Egilsstaðir,埃伊尔斯塔济,-14.394998,65.267423,Q14453,ISL,Austur-Hérað,Admin-1 capital,7,2265,ne-ne_10m_populated_places
1159134909,Sauðárkrókur,瑟伊藻克罗屈尔,-19.638993,65.746412,Q831718,ISL,Akrahreppur,Admin-1 capital,7,2682,ne-ne_10m_populated_places
1159134913,Selfoss,塞尔福斯,-20.996946,63.933422,Q192898,ISL,Biskupstungnahreppur,Admin-1 capital,7,6275,ne-ne_10m_populated_places
1159134917,Lorca,洛尔卡,-1.698512,37.688564,Q47571,ESP,Región de Murcia,Populated place,7,86119,ne-ne_10m_populated_places
1159134923,Cartagena,卡塔赫纳,-0.980028,37.60043,Q162615,ESP,Región de Murcia,Populated place,7,201274,ne-ne_10m_populated_places
1159134927,Oviedo,奥维耶多,-5.829991,43.350492,Q14317,ESP,Principado de Asturias,Admin-1 capital,7,235651,ne-ne_10m_populated_places
1159134933,Santiago de Compostela,圣地亚哥－德孔波斯特拉,-8.541091,42.882898,Q14314,ESP,Galicia,Admin-1 capital,7,92430,ne-ne_10m_populated_places
1159134937,Badajoz,巴达霍斯,-6.969973,38.880429,Q15679,ESP,Extremadura,Populated place,7,140133,ne-ne_10m_populated_places
1159134943,Logroño,洛格罗尼奥,-2.429991,42.470365,Q14325,ESP,La Rioja,Admin-1 capital,7,143698,ne-ne_10m_populated_places
1159134947,San Sebastián,圣塞瓦斯蒂安,-1.979993,43.320391,Q10313,ESP,País Vasco,Populated place,7,357468,ne-ne_10m_populated_places
1159134951,Maridi,马里迪,29.47695,4.915112,Q3132444,SSD,West Equatoria,Populated place,7,14224,ne-ne_10m_populated_places
1159134955,Yei,耶伊,30.680029,4.090382,Q1561403,SSD,Central Equatoria,Admin-1 capital,7,185000,ne-ne_10m_populated_places
1159134961,Melut,迈卢特,32.200039,10.43369,Q11048692,SSD,Upper Nile,Populated place,7,6407,ne-ne_10m_populated_places
1159134965,Nasir,納西爾,33.066601,8.600391,Q1965843,SSD,Upper Nile,Populated place,7,1741,ne-ne_10m_populated_places
1159134969,Gogrial,戈格里亞勒,28.116671,8.533729,Q1534350,SSD,Warap,Populated place,7,50065,ne-ne_10m_populated_places
1159134973,El Manaqil,马纳基尔,32.979992,14.250382,Q4119840,SDN,Gezira,Admin-1 capital,7,151827,ne-ne_10m_populated_places
1159134979,Shendi,沉迪,33.420017,16.680492,Q997838,SDN,River Nile,Populated place,7,186611,ne-ne_10m_populated_places
1159134983,Berber,柏柏尔,33.98329,18.017026,Q375935,SDN,River Nile,Populated place,7,49556,ne-ne_10m_populated_places
1159134987,Kerma,凯马,30.416582,19.633697,Q1107569,SDN,Northern,Populated place,7,3928,ne-ne_10m_populated_places
1159135019,Ed Dueim,艾德蒂姆,32.299982,13.990398,Q2501279,SDN,White Nile,Populated place,7,87068,ne-ne_10m_populated_places
1159135023,Umm Ruwaba,乌姆鲁瓦巴,31.199997,12.910438,Q2618048,SDN,North Kurdufan,Populated place,7,55742,ne-ne_10m_populated_places
1159135027,Kapoeta,卡波埃塔,33.590239,4.772123,Q1018945,SSD,East Equatoria,Admin-1 capital,7,7042,ne-ne_10m_populated_places
1159135033,Les Cayes,莱凯,-73.749979,18.200374,Q984786,HTI,Sud,Admin-1 capital,7,175457,ne-ne_10m_populated_places
1159135037,Gonaïves,戈纳伊夫,-72.683249,19.450426,Q852550,HTI,L'Artibonite,Admin-1 capital,7,166678,ne-ne_10m_populated_places
1159135041,Ayr,艾尔,-4.61668,55.4504,Q654216,GBR,South Ayrshire,Populated place,7,69042,ne-ne_10m_populated_places
1159135045,Aberdeen,阿伯丁,-2.10505,57.145133,Q36405,GBR,Aberdeen,Populated place,7,189364,ne-ne_10m_populated_places
1159135051,Perth,伯斯,-3.436375,56.392609,Q203000,GBR,Perthshire and Kinross,Populated place,7,39654,ne-ne_10m_populated_places
1159135055,Dundee,邓迪,-3.000008,56.470389,Q123709,GBR,Dundee,Populated place,7,151592,ne-ne_10m_populated_places
1159135059,Middlesbrough,米德尔斯伯勒,-1.230013,54.580375,Q171866,GBR,Stockton-on-Tees,Populated place,7,416042,ne-ne_10m_populated_places
1159135067,Coventry,考文垂,-1.502675,52.400741,Q6225,GBR,West Midlands,Populated place,7,388271,ne-ne_10m_populated_places
1159135071,Bath,巴斯,-2.350022,51.383749,Q22889,GBR,Bath and North East Somerset,Populated place,7,93238,ne-ne_10m_populated_places
1159135075,Exeter,埃克塞特,-3.52995,50.700405,Q134672,GBR,Devon,Populated place,7,113118,ne-ne_10m_populated_places
1159135079,Cambridge,剑桥,0.116623,52.200391,Q350,GBR,Cambridgeshire,Populated place,7,128488,ne-ne_10m_populated_places
1159135085,Kingston upon Hull,赫尔河畔金斯顿,-0.329991,53.750426,Q128147,GBR,Kingston upon Hull,Populated place,7,302296,ne-ne_10m_populated_places
1159135089,Londonderry/Derry,德里,-7.333284,55.000375,Q163584,GBR,Derry,Populated place,7,83652,ne-ne_10m_populated_places
1159135093,Lisburn,利斯本,-6.047723,54.51034,Q1828035,GBR,Dungannon,Populated place,7,12899,ne-ne_10m_populated_places
1159135097,Penzance,彭赞斯,-5.550034,50.133722,Q208209,GBR,Cornwall,Populated place,7,20812,ne-ne_10m_populated_places
1159135103,York,约克,-1.072104,53.951168,Q42462,GBR,York,Populated place,7,158947,ne-ne_10m_populated_places
1159135107,Blackpool,布莱克浦,-3.050005,53.830395,Q170377,GBR,Lancashire,Populated place,7,272792,ne-ne_10m_populated_places
1159135111,Dumfries,鄧弗里斯,-3.550001,55.06709,Q652035,GBR,Dumfries and Galloway,Populated place,7,31044,ne-ne_10m_populated_places
1159135115,Scarborough,斯卡布罗,-0.429984,54.280394,Q743521,GBR,North Yorkshire,Populated place,7,70571,ne-ne_10m_populated_places
1159135121,Plymouth,普利茅斯,-4.159989,50.385386,Q43382,GBR,Plymouth,Populated place,7,247297,ne-ne_10m_populated_places
1159135125,Söke,瑟凯,27.410254,37.751221,Q1012854,TUR,Aydin,Populated place,7,77341,ne-ne_10m_populated_places
1159135129,Balıkesir,巴勒克埃西尔,27.890018,39.650382,Q199723,TUR,Balikesir,Admin-1 capital,7,261516,ne-ne_10m_populated_places
1159135133,Çanakkale,恰纳卡莱,26.406388,40.145933,Q199712,TUR,Çanakkale,Admin-1 capital,7,87791,ne-ne_10m_populated_places
1159135139,Edirne,埃迪尔内,26.569996,41.67044,Q43387,TUR,Edirne,Admin-1 capital,7,126470,ne-ne_10m_populated_places
1159135143,Tekirdağ,泰基尔达,27.50999,40.990869,Q182009,TUR,Tekirdag,Admin-1 capital,7,122287,ne-ne_10m_populated_places
1159135147,İzmit,伊兹密特,29.930617,40.776024,Q129649,TUR,Kocaeli,Admin-1 capital,7,466504,ne-ne_10m_populated_places
1159135151,Bolu,博卢,31.606122,40.736259,Q200951,TUR,Bolu,Admin-1 capital,7,96629,ne-ne_10m_populated_places
1159135157,Afyon,阿菲永卡拉希萨尔,30.550011,38.750385,Q166824,TUR,Afyon,Admin-1 capital,7,156992,ne-ne_10m_populated_places
1159135161,Denizli,代尼兹利,29.080023,37.770393,Q170967,TUR,Denizli,Admin-1 capital,7,372344,ne-ne_10m_populated_places
1159135165,Manisa,马尼萨,27.439968,38.630393,Q147089,TUR,Manisa,Admin-1 capital,7,243971,ne-ne_10m_populated_places
1159135169,Adıyaman,阿德亚曼,38.279927,37.770393,Q168197,TUR,Adiyaman,Admin-1 capital,7,223744,ne-ne_10m_populated_places
1159135175,Malatya,马拉蒂亚,38.300029,38.370434,Q165995,TUR,Malatya,Admin-1 capital,7,461574,ne-ne_10m_populated_places
1159135179,Tarsus,塔尔苏斯,34.879979,36.920394,Q134287,TUR,Mersin,Populated place,7,894318,ne-ne_10m_populated_places
1159135183,Samandagi,萨曼达厄,35.9333,36.117058,Q840957,TUR,Hatay,Populated place,7,93638,ne-ne_10m_populated_places
1159135193,İskenderun,伊斯肯德伦,36.17003,36.580414,Q174341,TUR,Hatay,Populated place,7,297943,ne-ne_10m_populated_places
1159135197,Amasya,阿马西亚,35.833048,40.65368,Q170532,TUR,Amasya,Admin-1 capital,7,82896,ne-ne_10m_populated_places
1159135201,Ordu,奥尔杜,37.869926,41.000429,Q184539,TUR,Ordu,Admin-1 capital,7,155117,ne-ne_10m_populated_places
1159135205,Sivas,锡瓦斯,37.03499,39.745415,Q107401,TUR,Sivas,Admin-1 capital,7,264022,ne-ne_10m_populated_places
1159135211,Bafra,巴夫拉,35.906893,41.568172,Q799805,TUR,Samsun,Populated place,7,97452,ne-ne_10m_populated_places
1159135215,Erzurum,埃尔祖鲁姆,41.290027,39.920392,Q122803,TUR,Erzurum,Admin-1 capital,7,420691,ne-ne_10m_populated_places
1159135219,Erzincan,埃尔津詹,39.492773,39.75265,Q136217,TUR,Erzincan,Admin-1 capital,7,129407,ne-ne_10m_populated_places
1159135223,Ağrı,阿勒,43.051315,39.719835,Q199575,TUR,Agri,Admin-1 capital,7,87854,ne-ne_10m_populated_places
1159135229,Diyarbakır,迪亚巴克尔,40.23004,37.920436,Q83387,TUR,Diyarbakir,Admin-1 capital,7,644763,ne-ne_10m_populated_places
1159135233,Muş,穆什,41.49694,38.749016,Q118995,TUR,Mus,Admin-1 capital,7,82536,ne-ne_10m_populated_places
1159135237,Ipswich,伊普斯威奇,1.169995,52.070347,Q184775,GBR,Suffolk,Populated place,7,143767,ne-ne_10m_populated_places
1159135241,Norwich,诺里奇,1.300013,52.630365,Q130191,GBR,Norfolk,Populated place,7,190756,ne-ne_10m_populated_places
1159135247,Batticaloa,巴提卡洛阿,81.700015,7.717008,Q810963,LKA,Batticaloa,Populated place,7,129222,ne-ne_10m_populated_places
1159135251,Kilinochchi,基利诺奇,80.39994,9.40042,Q303317,LKA,Kilinochchi,Populated place,7,103717,ne-ne_10m_populated_places
1159135255,Matara,馬塔拉,80.542773,5.948977,Q13360574,LKA,Matara,Populated place,7,68244,ne-ne_10m_populated_places
1159135259,Badulla,巴杜勒,81.049926,6.983694,Q390096,LKA,Badulla,Admin-1 capital,7,47587,ne-ne_10m_populated_places
1159135265,Moratuwa,莫拉图瓦,79.880023,6.780399,Q867213,LKA,Colombo,Populated place,7,200000,ne-ne_10m_populated_places
1159135289,Yeosu,麗水,127.745835,34.73678,Q42125,KOR,Gwangju,Populated place,7,341994,ne-ne_10m_populated_places
1159135291,Andong,安东,128.725,36.565919,Q42116,KOR,Daegu,Populated place,7,129319,ne-ne_10m_populated_places
1159135293,Jeju,济州,126.521931,33.510137,Q42142,KOR,Jeju,Admin-1 capital,7,408364,ne-ne_10m_populated_places
1159135295,Brighton,布赖顿,-0.169974,50.830346,Q131491,GBR,Brighton and Hove,Populated place,7,503008,ne-ne_10m_populated_places
1159135297,Kirkwall,柯克沃尔,-2.950011,58.966981,Q208329,GBR,Moray,Populated place,7,8500,ne-ne_10m_populated_places
1159135301,Inverness,因弗内斯,-4.233266,57.467124,Q160493,GBR,Highland,Populated place,7,45158,ne-ne_10m_populated_places
1159135303,Oxford,牛津,-1.248076,51.751828,Q34217,GBR,Oxfordshire,Populated place,7,192796,ne-ne_10m_populated_places
1159135305,Luton,卢顿,-0.420011,51.880359,Q203889,GBR,Luton,Populated place,7,235958,ne-ne_10m_populated_places
1159135309,Portsmouth,朴次茅斯,-1.080022,50.800348,Q72259,GBR,Portsmouth,Populated place,7,442252,ne-ne_10m_populated_places
1159135313,Peterborough,彼得伯勒,-0.248404,52.567187,Q172438,GBR,Peterborough,Populated place,7,140141,ne-ne_10m_populated_places
1159135319,Nottingham,诺丁汉,-1.165706,52.941084,Q41262,GBR,Nottingham,Populated place,7,825600,ne-ne_10m_populated_places
1159135323,Stoke,特伦特河畔斯托克,-2.180007,53.000368,Q134902,GBR,Stoke-on-Trent,Populated place,7,390801,ne-ne_10m_populated_places
1159135327,Zonguldak,宗古尔达克,31.780013,41.430377,Q187895,TUR,Zinguldak,Admin-1 capital,7,156918,ne-ne_10m_populated_places
1159135331,Ereğli,埃雷利,34.051658,37.506275,Q996056,TUR,Konya,Populated place,7,92117,ne-ne_10m_populated_places
1159135337,Karaman,卡拉曼,33.215016,37.18154,Q262579,TUR,Karaman,Admin-1 capital,7,120399,ne-ne_10m_populated_places
1159135341,Uşak,乌沙克,29.420002,38.680364,Q189134,TUR,Usak,Admin-1 capital,7,152862,ne-ne_10m_populated_places
1159135345,Kilis,基利斯,37.119997,36.720406,Q206881,TUR,Gaziantep,Admin-1 capital,7,82301,ne-ne_10m_populated_places
1159135349,Kırıkkale,克勒克卡莱,33.529984,39.85037,Q206891,TUR,Kinkkale,Populated place,7,211138,ne-ne_10m_populated_places
1159135355,Kars,卡尔斯,43.097462,40.608463,Q127063,TUR,Kars,Admin-1 capital,7,77486,ne-ne_10m_populated_places
1159135359,Mardin,马尔丁,40.742722,37.311507,Q188022,TUR,Mardin,Admin-1 capital,7,71373,ne-ne_10m_populated_places
1159135363,Batman,巴特曼,41.140011,37.890412,Q159835,TUR,Batman,Admin-1 capital,7,302074,ne-ne_10m_populated_places
1159135367,Van,凡城,43.399976,38.49544,Q83061,TUR,Van,Admin-1 capital,7,371713,ne-ne_10m_populated_places
1159135375,Al Qunaytirah,库奈特拉,35.823591,33.125664,Q576368,SYR,Golan,Admin-1 capital,7,4318,ne-ne_10m_populated_places
1159135379,Jinja,金贾,33.199927,0.440424,Q501709,UGA,Jinja,Admin-1 region capital,7,301619,ne-ne_10m_populated_places
1159135383,Soroti,索羅提,33.600006,1.710398,Q2141024,UGA,Soroti,Admin-1 capital,7,1038,ne-ne_10m_populated_places
1159135385,Arua,阿鲁阿,30.900015,3.02037,Q500111,UGA,Arua Municipality,Admin-1 region capital,7,250000,ne-ne_10m_populated_places
1159135391,Pakwach,帕夸奇,31.47998,2.470378,Q451589,UGA,Nebbi,Populated place,7,17541,ne-ne_10m_populated_places
1159135395,Moyo,莫约,31.720017,3.650409,Q992016,UGA,Moyo,Admin-1 capital,7,22434,ne-ne_10m_populated_places
1159135399,Entebbe,恩德培,32.460024,0.060395,Q211970,UGA,Wakiso,Admin-1 capital,7,175128,ne-ne_10m_populated_places
1159135403,Mubende,穆本德,31.370013,0.590441,Q3528929,UGA,Mubende,Admin-1 capital,7,18936,ne-ne_10m_populated_places
1159135409,Mityana,米盐纳,32.050023,0.400427,Q2267729,UGA,Busujju,Admin-1 capital,7,41131,ne-ne_10m_populated_places
1159135413,Kitgum,基特古姆,32.870024,3.300404,Q544320,UGA,Kitgum,Admin-1 capital,7,56891,ne-ne_10m_populated_places
1159135417,Lira,里拉,32.890023,2.26039,Q1015699,UGA,Lira,Admin-1 capital,7,135445,ne-ne_10m_populated_places
1159135421,Masindi-Port,马辛迪港,32.069918,1.700399,Q6783287,UGA,Masindi,Admin-1 capital,7,8319,ne-ne_10m_populated_places
1159135427,Mbale,姆巴莱,34.169997,1.09041,Q1015727,UGA,Bungokho,Admin-1 region capital,7,402368,ne-ne_10m_populated_places
1159135431,Tororo,托罗罗,34.169997,0.710382,Q1207825,UGA,Tororo,Admin-1 capital,7,150000,ne-ne_10m_populated_places
1159135435,Kaabong,卡邦,34.120026,3.520391,Q6272909,UGA,Kaabong,Populated place,7,1137,ne-ne_10m_populated_places
1159135439,Moroto,莫罗托,34.639994,2.540348,Q2193389,UGA,Moroto,Admin-1 region capital,7,371,ne-ne_10m_populated_places
1159135445,Pécs,佩奇,18.220014,46.080429,Q45779,HUN,Baranya,Admin-1 capital,7,186262,ne-ne_10m_populated_places
1159135449,Győr,杰尔,17.630024,47.700356,Q134494,HUN,Gyor-Moson-Sopron,Admin-1 capital,7,136081,ne-ne_10m_populated_places
1159135453,Kaposvár,考波什堡,17.799988,46.367026,Q184998,HUN,Somogy,Admin-1 capital,7,108528,ne-ne_10m_populated_places
1159135457,Vác,瓦茨,19.13324,47.783658,Q207408,HUN,Pest,Populated place,7,35293,ne-ne_10m_populated_places
1159135463,Miskolc,米什科尔茨,20.780013,48.100409,Q102397,HUN,Borsod-Abaúj-Zemplén,Admin-1 capital,7,247757,ne-ne_10m_populated_places
1159135467,Szeged,塞格德,20.150026,46.250393,Q81581,HUN,Csongrád,Admin-1 capital,7,187765,ne-ne_10m_populated_places
1159135471,Debrecen,德布勒森,21.630039,47.53047,Q79880,HUN,Hajdú-Bihar,Admin-1 capital,7,231286,ne-ne_10m_populated_places
1159135475,Szolnok,索尔诺克,20.179378,47.186356,Q181276,HUN,Jász-Nagykun-Szolnok,Admin-1 capital,7,109261,ne-ne_10m_populated_places
1159135481,Tunduma,通杜马,32.77494,-9.284615,Q7852915,TZA,Mbeya,Populated place,7,36556,ne-ne_10m_populated_places
1159135485,Tukuyu,图库尤,33.640003,-9.249579,Q995249,TZA,Mbeya,Populated place,7,127570,ne-ne_10m_populated_places
1159135489,Sumbawanga,鲁夸,31.620023,-7.95958,Q115323,TZA,Rukwa,Admin-1 capital,7,89161,ne-ne_10m_populated_places
1159135493,Mpanda,姆潘达,31.050032,-6.359574,Q391599,TZA,Rukwa,Populated place,7,73338,ne-ne_10m_populated_places
1159135499,Kipili,基皮利,30.599982,-7.432894,,TZA,Rukwa,Admin-1 capital,7,1533,ne-ne_10m_populated_places
1159135503,Karema,卡雷马,30.433274,-6.816187,Q15233670,TZA,Rukwa,Populated place,7,16385,ne-ne_10m_populated_places
1159135507,Geita,盖塔,32.166605,-2.866196,Q4622385,TZA,Mwanza,Populated place,7,1536,ne-ne_10m_populated_places
1159135511,Nyahanga,尼亚汉加,33.550035,-2.382918,,TZA,Mwanza,Populated place,7,16092,ne-ne_10m_populated_places
1159135517,Kahama,卡哈馬,32.580016,-3.819574,Q6346798,TZA,Shinyanga,Populated place,7,36014,ne-ne_10m_populated_places
1159135521,Shinyanga,欣延加,33.420017,-3.659584,Q818765,TZA,Shinyanga,Admin-1 capital,7,107362,ne-ne_10m_populated_places
1159135525,Nzega,恩泽加,33.180031,-4.209628,,TZA,Tabora,Populated place,7,26584,ne-ne_10m_populated_places
1159135529,Sikonge,锡孔盖,32.77003,-5.629541,Q7513858,TZA,Tabora,Populated place,7,27113,ne-ne_10m_populated_places
1159135535,Biharamulo,比哈拉穆洛,31.310016,-2.629621,Q15941811,TZA,Kagera,Populated place,7,34038,ne-ne_10m_populated_places
1159135539,Bukoba,布科巴,31.799961,-1.319624,Q654259,TZA,Kagera,Admin-1 capital,7,100504,ne-ne_10m_populated_places
1159135543,Ngara,恩加拉,30.650005,-2.469528,Q4810507,TZA,Kagera,Populated place,7,16890,ne-ne_10m_populated_places
1159135547,Masaka,马萨卡,31.729991,-0.329607,Q956659,UGA,Masaka,Admin-1 region capital,7,65373,ne-ne_10m_populated_places
1159135553,Kakonko,卡孔科,30.960012,-3.279607,Q13123200,TZA,Kigoma,Populated place,7,24688,ne-ne_10m_populated_places
1159135557,Kasulu,卡蘇盧,30.100013,-4.57958,Q15554012,TZA,Kigoma,Populated place,7,37349,ne-ne_10m_populated_places
1159135561,Kanyato,卡尼亚托,30.261398,-4.456538,,TZA,Kigoma,Populated place,7,232,ne-ne_10m_populated_places
1159135565,Uvinza,乌温扎,30.390021,-5.119598,Q133448,TZA,Kigoma,Populated place,7,80350,ne-ne_10m_populated_places
1159135571,Kigoma,基戈马,29.610017,-4.879613,Q244509,TZA,Kigoma,Admin-1 capital,7,164268,ne-ne_10m_populated_places
1159135575,Katwe,卡特威,29.920024,-0.129619,,UGA,Kasese,Populated place,7,1957,ne-ne_10m_populated_places
1159135579,Mbarara,姆巴拉拉,30.650005,-0.599616,Q731039,UGA,Kashari,Admin-1 region capital,7,83700,ne-ne_10m_populated_places
1159135583,Kabale,卡巴莱,29.979968,-1.249602,Q588930,UGA,Kabale,Admin-1 capital,7,44600,ne-ne_10m_populated_places
1159135589,Mikumi,米库米,36.980006,-7.399614,Q6850269,TZA,Morogoro,Populated place,7,16780,ne-ne_10m_populated_places
1159135593,Ifakara,伊法卡拉,36.680024,-8.129596,Q995454,TZA,Morogoro,Populated place,7,49528,ne-ne_10m_populated_places
1159135597,Kilosa,基洛萨,36.990031,-6.839597,Q6408133,TZA,Morogoro,Populated place,7,91889,ne-ne_10m_populated_places
1159135601,Chake Chake,查凱查凱,39.770017,-5.239539,Q993159,TZA,Kusini-Pemba,Admin-1 capital,7,49959,ne-ne_10m_populated_places
1159135607,Kibiti,基比蒂,38.950015,-7.72962,,TZA,Pwani,Populated place,7,30163,ne-ne_10m_populated_places
1159135611,Bagamoyo,巴加莫約,38.890019,-6.439621,Q799843,TZA,Pwani,Populated place,7,82426,ne-ne_10m_populated_places
1159135615,Kilindoni,基林多尼,39.650024,-7.916275,Q3366013,TZA,Pwani,Populated place,7,12409,ne-ne_10m_populated_places
1159135619,Mpwapwa,姆普瓦普瓦,36.479985,-6.349601,Q3711197,TZA,Dodoma,Populated place,7,19806,ne-ne_10m_populated_places
1159135625,Njombe,恩琼贝,34.770012,-9.329626,Q4623904,TZA,Iringa,Populated place,7,46724,ne-ne_10m_populated_places
1159135629,Iringa,伊林加,35.690007,-7.769617,Q735609,TZA,Iringa,Admin-1 capital,7,111820,ne-ne_10m_populated_places
1159135633,Masasi,马萨西,38.799947,-10.729592,Q1003089,TZA,Mtwara,Populated place,7,36032,ne-ne_10m_populated_places
1159135637,Mtwara,姆特瓦拉,40.189991,-10.26962,Q646684,TZA,Mtwara,Admin-1 capital,7,96602,ne-ne_10m_populated_places
1159135643,Tunduru,通杜鲁,37.370008,-11.08957,Q1514015,TZA,Ruvuma,Populated place,7,600,ne-ne_10m_populated_places
1159135647,Mbamba Bay,姆巴巴湾,34.766601,-11.282943,Q637890,TZA,Ruvuma,Populated place,7,8997,ne-ne_10m_populated_places
1159135651,Manyoni,马尼奥尼,34.90003,-5.77961,Q11204578,TZA,Singida,Populated place,7,310,ne-ne_10m_populated_places
1159135655,Itigi,伊蒂吉,34.480004,-5.699615,Q13123112,TZA,Singida,Populated place,7,19711,ne-ne_10m_populated_places
1159135661,Singida,辛吉達,34.740039,-4.819617,Q153331,TZA,Singida,Admin-1 capital,7,62432,ne-ne_10m_populated_places
1159135665,Ngorongoro,恩戈罗恩戈罗,35.519992,-3.249583,Q7192944,TZA,Arusha,Populated place,7,10836,ne-ne_10m_populated_places
1159135669,Oldeani,奥尔德阿尼,35.550016,-3.349629,Q7193632,TZA,Arusha,Populated place,7,8000,ne-ne_10m_populated_places
1159135673,Mbulu,姆布卢,35.530017,-3.849598,Q1009154,TZA,Arusha,Populated place,7,13430,ne-ne_10m_populated_places
1159135679,Babati,巴巴蒂,35.750004,-4.21955,Q276746,TZA,Arusha,Admin-1 capital,7,34291,ne-ne_10m_populated_places
1159135683,Same,萨梅,37.720013,-4.069585,Q6120947,TZA,Kilimanjaro,Populated place,7,17455,ne-ne_10m_populated_places
1159135687,Moshi,莫希,37.339984,-3.339604,Q271733,TZA,Kilimanjaro,Admin-1 capital,7,721018,ne-ne_10m_populated_places
1159135691,Musoma,穆索马,33.799993,-1.489587,Q847315,TZA,Mara,Admin-1 capital,7,133156,ne-ne_10m_populated_places
1159135697,Korogwe,科罗圭,38.540014,-5.089574,Q1027843,TZA,Tanga,Populated place,7,50000,ne-ne_10m_populated_places
1159135701,Dover,多佛尔,1.300013,51.133712,Q179224,GBR,Kent,Populated place,7,36384,ne-ne_10m_populated_places
1159135705,Lausanne,洛桑,6.650023,46.530427,Q807,CHE,Vaud,Admin-1 capital,7,265702,ne-ne_10m_populated_places
1159135709,Basel,巴塞尔,7.590017,47.580389,Q78,CHE,Basel-Stadt,Admin-1 capital,7,830000,ne-ne_10m_populated_places
1159135715,Trollhättan,特罗尔海坦,12.299962,58.267101,Q54339,SWE,Västra Götaland,Populated place,7,44543,ne-ne_10m_populated_places
1159135719,Borås,布羅斯,12.939247,57.717756,Q26040,SWE,Västra Götaland,Populated place,7,65008,ne-ne_10m_populated_places
1159135723,Kristianstad,克里斯蒂安斯塔德,14.133287,56.033671,Q26937,SWE,Skåne,Admin-1 capital,7,32188,ne-ne_10m_populated_places
1159135729,Helsingborg,赫尔辛堡,12.72327,56.041291,Q25411,SWE,Skåne,Populated place,7,91304,ne-ne_10m_populated_places
1159135735,Alicante,阿利坎特,-0.483641,38.35122,Q11959,ESP,Comunidad Valenciana,Populated place,7,315863,ne-ne_10m_populated_places
1159135739,Castello,卡斯特利翁-德拉普拉纳,-0.050008,39.970414,Q15092,ESP,Comunidad Valenciana,Populated place,7,180610,ne-ne_10m_populated_places
1159135743,En Nuhud,恩纳胡德,28.420012,12.690426,Q287343,SDN,South Kordofan,Populated place,7,108008,ne-ne_10m_populated_places
1159135747,Muglad,穆格莱德,27.733335,11.033731,Q14624862,SDN,South Kordofan,Populated place,7,19997,ne-ne_10m_populated_places
1159135751,Nyanza,恩延扎,29.740035,-2.349587,Q528679,RWA,Southern,Populated place,7,225209,ne-ne_10m_populated_places
1159135755,Gitarama,吉塔拉马,29.759982,-2.069604,Q668180,RWA,Southern,Admin-1 capital,7,87613,ne-ne_10m_populated_places
1159135759,Butare,布塔雷,29.730009,-2.589624,Q509739,RWA,Southern,Admin-1 capital,7,77000,ne-ne_10m_populated_places
1159135763,Gisenyi,吉塞尼,29.262906,-1.684666,Q830631,RWA,Western,Admin-1 capital,7,83623,ne-ne_10m_populated_places
1159135769,Cyangugu,尚古古,28.899983,-2.479605,Q782857,RWA,Western,Admin-1 capital,7,19900,ne-ne_10m_populated_places
1159135773,Byumba,比温巴,30.060015,-1.579556,Q391747,RWA,Northern,Admin-1 capital,7,70593,ne-ne_10m_populated_places
1159135777,Ruhengeri,鲁亨盖里,29.630015,-1.499613,Q246145,RWA,Northern,Admin-1 capital,7,86685,ne-ne_10m_populated_places
1159135781,Rivas,里瓦斯,-85.819992,11.440373,Q1757609,NIC,Nicaragua,Admin-1 capital,7,31941,ne-ne_10m_populated_places
1159135787,San Juan de Nicaragua,聖胡安德尼加拉瓜,-83.699992,10.920405,Q2063725,NIC,Nicaragua,Populated place,7,1000,ne-ne_10m_populated_places
1159135791,Gouré,古雷,10.270008,13.987401,Q986061,NER,Zinder,Populated place,7,14639,ne-ne_10m_populated_places
1159135795,Gaya,加亞,3.446652,11.888175,Q766896,NER,Dosso,Populated place,7,33051,ne-ne_10m_populated_places
1159135799,Tillabéri,蒂拉贝里,1.453079,14.212038,Q1011866,NER,Niamey,Admin-1 capital,7,19262,ne-ne_10m_populated_places
1159135805,Ayorou,阿約魯,0.919468,14.7318,Q793407,NER,Niamey,Populated place,7,26290,ne-ne_10m_populated_places
1159135809,Birni Nkonni,比尼,5.259927,13.790436,Q865804,NER,Tahoua,Populated place,7,65252,ne-ne_10m_populated_places
1159135813,Madaoua,馬達瓦,5.958592,14.076181,Q1883198,NER,Tahoua,Populated place,7,24804,ne-ne_10m_populated_places
1159135817,Craiova,克拉约瓦,23.825874,44.326272,Q168057,ROU,Dolj,Admin-1 capital,7,304142,ne-ne_10m_populated_places
1159135823,Călărași,克勒拉希,27.325918,44.20628,Q212561,ROU,Calarasi,Admin-1 capital,7,73224,ne-ne_10m_populated_places
1159135827,Maribor,马里博尔,15.650042,46.540478,Q1010,SVN,Maribor,Populated place,7,114228,ne-ne_10m_populated_places
1159135831,Reșița,雷希察,21.886509,45.296962,Q75634,ROU,Caras-Severin,Admin-1 capital,7,83324,ne-ne_10m_populated_places
1159135835,Timișoara,蒂米什瓦拉,21.223448,45.758821,Q83404,ROU,Timis,Admin-1 capital,7,315053,ne-ne_10m_populated_places
1159135841,Botoșani,博托沙尼,26.659654,47.748415,Q178855,ROU,Botosani,Admin-1 capital,7,114783,ne-ne_10m_populated_places
1159135847,Baia Mare,巴亚马雷,23.579067,47.659454,Q185280,ROU,Maramures,Admin-1 capital,7,136553,ne-ne_10m_populated_places
1159135849,Tirgu Mures,特尔古穆列什,24.557819,46.558203,Q186349,ROU,Mures,Admin-1 capital,7,149433,ne-ne_10m_populated_places
1159135853,Pitești,皮特什蒂,24.875835,44.856318,Q187938,ROU,Arges,Admin-1 capital,7,171021,ne-ne_10m_populated_places
1159135859,Brașov,布拉索夫,25.60716,45.647535,Q82174,ROU,Brasov,Admin-1 capital,7,311044,ne-ne_10m_populated_places
1159135863,Ploiești,普洛耶什蒂,26.036488,44.946906,Q179585,ROU,Prahova,Admin-1 capital,7,232542,ne-ne_10m_populated_places
1159135867,Bacău,巴克乌,26.919638,46.578435,Q10737004,ROU,Bacau,Admin-1 capital,7,199668,ne-ne_10m_populated_places
1159135871,Pimentel,皮门特尔,-79.92999,-6.829623,Q19950488,PER,Lambayeque,Populated place,7,15552,ne-ne_10m_populated_places
1159135877,Olmos,奥尔莫斯,-79.749975,-5.979598,Q27194541,PER,Lambayeque,Populated place,7,9800,ne-ne_10m_populated_places
1159135881,Sechura,塞丘拉,-80.819987,-5.559623,Q3236446,PER,Piura,Populated place,7,23020,ne-ne_10m_populated_places
1159135885,Chulucanas,丘卢卡纳斯,-80.170001,-5.089574,Q1089449,PER,Piura,Populated place,7,68835,ne-ne_10m_populated_places
1159135891,Sullana,苏亚纳,-80.679996,-4.889587,Q510413,PER,Piura,Populated place,7,160789,ne-ne_10m_populated_places
1159135897,Abancay,阿班凯,-72.890006,-13.639595,Q215238,PER,Apurímac,Admin-1 capital,7,55111,ne-ne_10m_populated_places
1159135901,Camaná,卡马纳,-72.71999,-16.61962,Q1028011,PER,Arequipa,Populated place,7,20956,ne-ne_10m_populated_places
1159135905,Sicuani,錫夸尼,-71.229978,-14.289581,Q4419079,PER,Cusco,Populated place,7,33575,ne-ne_10m_populated_places
1159135909,Puno,普诺,-70.033307,-15.83295,Q232842,PER,Callao,Admin-1 capital,7,116552,ne-ne_10m_populated_places
1159135915,Ayaviri,阿亚维里,-70.599991,-14.879571,Q3344141,PER,Callao,Populated place,7,19310,ne-ne_10m_populated_places
1159135919,Ilave,伊拉韦,-69.669996,-16.079601,Q3348236,PER,Callao,Populated place,7,16033,ne-ne_10m_populated_places
1159135923,Desaguadero,德萨瓜德罗,-69.044995,-16.564584,Q1200491,PER,Callao,Populated place,7,5329,ne-ne_10m_populated_places
1159135927,Huarmey,瓦尔梅,-78.159994,-10.069581,Q430862,PER,Ancash,Populated place,7,16172,ne-ne_10m_populated_places
1159135933,Cajabamba,卡哈班巴,-78.040002,-7.619601,Q3344351,PER,Cajamarca,Populated place,7,13486,ne-ne_10m_populated_places
1159135937,Jaén,哈恩,-78.80998,-5.709588,Q1229885,PER,Cajamarca,Populated place,7,52493,ne-ne_10m_populated_places
1159135941,Chota,喬塔,-78.650042,-6.549589,Q2964558,PER,Cajamarca,Populated place,7,14240,ne-ne_10m_populated_places
1159135945,Tingo María,廷戈玛丽亚,-75.989998,-9.289628,Q1974467,PER,Huánuco,Populated place,7,53177,ne-ne_10m_populated_places
1159135951,Moyobamba,莫约班巴,-76.966656,-6.049619,Q285672,PER,San Martín,Admin-1 capital,7,47734,ne-ne_10m_populated_places
1159135955,Juanjuí,胡安惠,-76.739978,-7.169602,Q2671983,PER,San Martín,Populated place,7,37715,ne-ne_10m_populated_places
1159135959,Tocache,托卡切,-76.520017,-8.179618,Q3344048,PER,San Martín,Populated place,7,29029,ne-ne_10m_populated_places
1159135969,Chachapoyas,查查波亚斯,-77.870012,-6.229608,Q757133,PER,Amazonas,Admin-1 capital,7,25978,ne-ne_10m_populated_places
1159135973,Caballococha,卡瓦約科查,-70.508342,-3.916261,Q3317724,PER,Loreto,Populated place,7,3195,ne-ne_10m_populated_places
1159135977,Puca Urco,普卡乌尔科,-71.91668,-2.332792,,PER,Loreto,Populated place,7,10,ne-ne_10m_populated_places
1159135981,Andoas,安多阿斯,-76.402479,-2.902059,Q3649471,PER,Loreto,Populated place,7,10,ne-ne_10m_populated_places
1159135987,Soldado Bartra,索尔达多巴特拉,-75.7666,-2.51614,,PER,Loreto,Populated place,7,10,ne-ne_10m_populated_places
1159135991,Nuevo Rocafuerte,新罗卡堡,-75.399982,-0.932929,Q647791,PER,Loreto,Populated place,7,40,ne-ne_10m_populated_places
1159135995,Requena,雷克纳,-73.909995,-5.069627,Q3344103,PER,Loreto,Populated place,7,18000,ne-ne_10m_populated_places
1159135999,Huanta,万塔,-74.25,-12.949611,Q2158344,PER,Ayacucho,Populated place,7,18627,ne-ne_10m_populated_places
1159136005,Coracora,科拉科拉,-73.789977,-15.019614,Q763662,PER,Ayacucho,Populated place,7,7420,ne-ne_10m_populated_places
1159136009,Chincha Alta,上钦查,-76.139988,-13.419609,Q990685,PER,Ica,Populated place,7,153076,ne-ne_10m_populated_places
1159136013,Santiago,圣地亚哥,-75.739961,-14.189587,Q27194740,PER,Ica,Populated place,7,10449,ne-ne_10m_populated_places
1159136017,San Ramon,圣拉蒙,-75.340011,-11.129619,Q2219996,PER,Junín,Populated place,7,14708,ne-ne_10m_populated_places
1159136023,Junín,胡宁,-76.010022,-11.149618,Q2640092,PER,Junín,Populated place,7,15320,ne-ne_10m_populated_places
1159136027,Jauja,豪哈,-75.500028,-11.799604,Q917434,PER,Junín,Populated place,7,21057,ne-ne_10m_populated_places
1159136031,Pativilca,帕蒂维尔卡,-77.799991,-10.69962,Q3368805,PER,Lima,Populated place,7,31905,ne-ne_10m_populated_places
1159136035,Chancay,钱凯,-77.269971,-11.559619,Q11168982,PER,Lima,Populated place,7,26958,ne-ne_10m_populated_places
1159136041,Chilca,奇尔卡,-76.739978,-12.519612,Q16890238,PER,Lima,Populated place,7,12884,ne-ne_10m_populated_places
1159136045,Fuerte Olimpo,奥林波堡,-57.899991,-21.069581,Q136498,PRY,Alto Paraguay,Admin-1 capital,7,2475,ne-ne_10m_populated_places
1159136049,Capitan Pablo Lagerenza,巴勃罗拉海伦萨少校镇,-60.783277,-19.916111,Q302441,PRY,Alto Paraguay,Admin-1 capital,7,1200,ne-ne_10m_populated_places
1159136053,La Victoria,卡萨多港,-57.939988,-22.28961,,PRY,Alto Paraguay,Populated place,7,5000,ne-ne_10m_populated_places
1159136059,Horqueta,奧爾克塔,-57.050017,-23.339623,Q2639236,PRY,Concepción,Populated place,7,16171,ne-ne_10m_populated_places
1159136065,Belén,貝倫,-57.239979,-23.469486,Q1990186,PRY,Concepción,Populated place,7,11359,ne-ne_10m_populated_places
1159136069,Rosario,普埃尔托德尔罗萨里奥,-57.100014,-24.419609,Q540185,PRY,San Pedro,Populated place,7,5123,ne-ne_10m_populated_places
1159136075,Itá,伊塔,-57.360024,-25.50962,Q1093448,PRY,Asunción,Populated place,7,41090,ne-ne_10m_populated_places
1159136077,Pilar,皮拉尔,-58.299992,-26.869485,Q135970,PRY,Peembucy,Admin-1 capital,7,28435,ne-ne_10m_populated_places
1159136083,Pedro Juan Caballero,佩德罗胡安卡瓦列罗,-55.759992,-22.544581,Q849292,PRY,Amambay,Admin-1 capital,7,102787,ne-ne_10m_populated_places
1159136087,Bella Vista,北貝亞維斯塔,-56.519997,-22.12962,Q815785,PRY,Amambay,Populated place,7,16852,ne-ne_10m_populated_places
1159136093,Abaí,阿瓦伊,-55.940007,-26.029588,Q1318585,PRY,Caazapá,Populated place,7,3024,ne-ne_10m_populated_places
1159136097,Ygatimí,伊加蒂米鎮,-55.643151,-24.125302,Q1987369,PRY,Canindeyú,Populated place,7,2809,ne-ne_10m_populated_places
1159136101,Hohenau,奧埃瑙,-55.646576,-27.089778,Q1984240,PRY,Itapúa,Populated place,7,5306,ne-ne_10m_populated_places
1159136105,Granada‎,格拉纳达,-85.949984,11.933728,Q205648,NIC,Granada,Admin-1 capital,7,105219,ne-ne_10m_populated_places
1159136111,Chinandega,奇南德加,-87.130041,12.630378,Q974354,NIC,Chinandega,Admin-1 capital,7,139023,ne-ne_10m_populated_places
1159136115,Matagalpa,馬塔加爾帕,-85.916653,12.917079,Q596688,NIC,Matagalpa,Admin-1 capital,7,109089,ne-ne_10m_populated_places
1159136119,Horta,奥尔塔,-28.644757,38.534656,Q990385,PRT,Azores,Populated place,7,6611,ne-ne_10m_populated_places
1159136123,Angra do Heroísmo,英雄港,-27.21667,38.650391,Q193677,PRT,Azores,Populated place,7,12045,ne-ne_10m_populated_places
1159136129,Portimão,波尔蒂芒,-8.533314,37.13374,Q2652703,PRT,Faro,Populated place,7,61226,ne-ne_10m_populated_places
1159136133,Faro,法鲁,-7.933273,37.01708,Q159457,PRT,Faro,Admin-1 capital,7,41355,ne-ne_10m_populated_places
1159136139,Coimbra,科英布拉,-8.41668,40.200374,Q45412,PRT,Coimbra,Admin-1 capital,7,106582,ne-ne_10m_populated_places
1159136141,Makeni,馬卡尼,-12.049973,8.880426,Q42678,SLE,Northern,Admin-1 capital,7,87679,ne-ne_10m_populated_places
1159136149,Diourbel,久尔贝勒,-16.240001,14.660383,Q910973,SEN,Diourbel,Admin-1 capital,7,148024,ne-ne_10m_populated_places
1159136153,Louga,盧加,-16.250001,15.610377,Q280243,SEN,Louga,Admin-1 capital,7,85075,ne-ne_10m_populated_places
1159136157,Thiès,捷斯,-16.930011,14.8104,Q600693,SEN,Thiès,Admin-1 capital,7,293001,ne-ne_10m_populated_places
1159136161,Kolda,科尔达,-14.950028,12.910438,Q1011890,SEN,Kolda,Admin-1 capital,7,69267,ne-ne_10m_populated_places
1159136167,Tambacounda,坦巴昆達,-13.680028,13.780359,Q977305,SEN,Tambacounda,Admin-1 capital,7,89212,ne-ne_10m_populated_places
1159136171,Kédougou,凱杜古,-12.179991,12.560434,Q586498,SEN,Tambacounda,Populated place,7,18226,ne-ne_10m_populated_places
1159136175,Harper,哈珀,-7.716981,4.375378,Q1019486,LBR,Maryland,Admin-1 capital,7,32661,ne-ne_10m_populated_places
1159136179,Gbarnga,邦加,-9.49,7.010411,Q985291,LBR,Bong,Admin-1 capital,7,45835,ne-ne_10m_populated_places
1159136185,Koidu,考度,-10.849994,8.440478,Q1002580,SLE,Eastern,Populated place,7,87539,ne-ne_10m_populated_places
1159136189,Kenema,凯内马,-11.189974,7.880409,Q634698,SLE,Eastern,Admin-1 capital,7,143137,ne-ne_10m_populated_places
1159136193,Zwedru,绥德鲁,-8.130005,6.07039,Q231884,LBR,GrandGedeh,Admin-1 capital,7,25678,ne-ne_10m_populated_places
1159136197,Diffa,迪法,12.608884,13.317054,Q990527,NER,Diffa,Admin-1 capital,7,30988,ne-ne_10m_populated_places
1159136203,Nguigmi,恩吉格米,13.110817,14.253173,Q646915,NER,Diffa,Populated place,7,17897,ne-ne_10m_populated_places
1159136207,Pec,佩奇,20.310739,42.660328,Q112657,KOS,Ðakovica,Populated place,7,105163,ne-ne_10m_populated_places
1159136211,Buraydah,布赖代,43.962836,26.366387,Q259253,SAU,Al Quassim,Admin-1 capital,7,398581,ne-ne_10m_populated_places
1159136215,Hail,哈伊勒,41.70008,27.523577,Q675568,SAU,Ha'il,Admin-1 capital,7,385257,ne-ne_10m_populated_places
1159136221,Arar,阿尔阿尔,41.02069,30.990006,Q626199,SAU,Al Hudud ash Shamaliyah,Admin-1 capital,7,222016,ne-ne_10m_populated_places
1159136225,Rafha,拉夫哈,43.494802,29.620219,Q27219,SAU,Al Hudud ash Shamaliyah,Populated place,7,64755,ne-ne_10m_populated_places
1159136229,Mwingi,姆溫基,38.070017,-0.92957,Q3499659,KEN,Eastern,Populated place,7,11219,ne-ne_10m_populated_places
1159136233,Embu,恩布,37.450003,-0.519569,Q186362,KEN,Eastern,Admin-1 capital,7,58620,ne-ne_10m_populated_places
1159136239,Machakos,马查科斯,37.259989,-1.509535,Q693093,KEN,Eastern,Populated place,7,144925,ne-ne_10m_populated_places
1159136243,Nanyuki,納紐基,37.060001,0.020398,Q123160,KEN,Rift Valley,Populated place,7,36142,ne-ne_10m_populated_places
1159136247,Maralal,马腊拉尔,36.680024,1.110461,Q2341879,KEN,Rift Valley,Populated place,7,20841,ne-ne_10m_populated_places
1159136251,Konza,孔扎,37.119997,-1.749623,Q6430460,KEN,Rift Valley,Populated place,7,2004,ne-ne_10m_populated_places
1159136257,Lodwar,洛德瓦尔,35.570015,3.130389,Q995707,KEN,Rift Valley,Populated place,7,20219,ne-ne_10m_populated_places
1159136261,Eldama Ravine,埃尔达马勒温,35.720031,0.05037,Q1009186,KEN,Rift Valley,Populated place,7,17581,ne-ne_10m_populated_places
1159136265,Sotik,索蒂克,35.120016,-0.679559,Q5069408,KEN,Rift Valley,Populated place,7,71285,ne-ne_10m_populated_places
1159136269,Namanga,纳曼加,36.800017,-2.539601,Q3235662,KEN,Rift Valley,Populated place,7,13193,ne-ne_10m_populated_places
1159136275,Naivasha,奈瓦沙,36.429962,-0.709583,Q1007647,KEN,Rift Valley,Populated place,7,43983,ne-ne_10m_populated_places
1159136279,Kericho,凯里乔,35.280006,-0.359579,Q996730,KEN,Rift Valley,Populated place,7,98852,ne-ne_10m_populated_places
1159136283,Kitale,基塔萊,34.989947,1.030466,Q523000,KEN,Rift Valley,Populated place,7,150495,ne-ne_10m_populated_places
1159136287,Bungoma,奔戈马,34.559999,0.57039,Q996851,KEN,Western,Populated place,7,55962,ne-ne_10m_populated_places
1159136293,Kakamega,卡卡梅加,34.730014,0.290407,Q302912,KEN,Western,Admin-1 capital,7,63426,ne-ne_10m_populated_places
1159136297,Wajir,瓦吉尔,40.05,1.75037,Q730791,KEN,North-Eastern,Populated place,7,45771,ne-ne_10m_populated_places
1159136301,Garissa,加里萨,39.670023,-0.439626,Q845717,KEN,North-Eastern,Admin-1 capital,7,67861,ne-ne_10m_populated_places
1159136305,Leeuwarden,吕伐登,5.783357,53.250379,Q25390,NLD,Friesland,Admin-1 capital,7,125778,ne-ne_10m_populated_places
1159136311,Groningen,格罗宁根,6.580001,53.220407,Q749,NLD,Groningen,Admin-1 capital,7,216688,ne-ne_10m_populated_places
1159136315,Harstad,哈爾斯塔,16.51557,68.787906,Q1034159,NOR,Troms,Populated place,7,19433,ne-ne_10m_populated_places
1159136319,Utrecht,乌得勒支,5.120039,52.100346,Q803,NLD,Utrecht,Admin-1 capital,7,640000,ne-ne_10m_populated_places
1159136323,Ålesund,奥勒松,6.26328,62.459799,Q62266,NOR,MOre og Romsdal,Populated place,7,47772,ne-ne_10m_populated_places
1159136329,Sandnes,桑内斯,5.69003,58.845412,Q27587,NOR,Rogaland,Populated place,7,46911,ne-ne_10m_populated_places
1159136333,Drammen,德拉门,10.199232,59.738481,Q26525,NOR,Buskerud,Admin-1 capital,7,90722,ne-ne_10m_populated_places
1159136337,Moss,莫斯,10.669157,59.436978,Q109021,NOR,Ãstfold,Admin-1 capital,7,36901,ne-ne_10m_populated_places
1159136341,Steinkjer,斯泰恩谢尔,11.500011,64.01706,Q110431,NOR,Nord-Trøndelag,Admin-1 capital,7,11274,ne-ne_10m_populated_places
1159136347,Ventspils,文茨皮尔斯,21.560585,57.389868,Q104036,LVA,Ventspils,Admin-1 capital,7,42884,ne-ne_10m_populated_places
1159136351,Klaipėda,克莱佩达,21.119941,55.720409,Q776965,LTU,Klaipedos,Admin-1 capital,7,192307,ne-ne_10m_populated_places
1159136355,Zvolen,兹沃伦,19.13324,48.583739,Q11874,SVK,Banskobystrický,Populated place,7,44502,ne-ne_10m_populated_places
1159136359,Žilina,日利纳,18.749388,49.219824,Q25797,SVK,Žilinský,Admin-1 capital,7,87625,ne-ne_10m_populated_places
1159136365,Košice,科希策,21.25001,48.730448,Q25409,SVK,Košický,Admin-1 capital,7,236563,ne-ne_10m_populated_places
1159136371,Prešov,普雷绍夫,21.239365,48.999734,Q26119,SVK,Prešov,Admin-1 capital,7,94718,ne-ne_10m_populated_places
1159136375,Kaunas,考纳斯,23.880031,54.950404,Q4115712,LTU,Kauno,Admin-1 capital,7,374643,ne-ne_10m_populated_places
1159136381,Jelgava,叶尔加瓦,23.712806,56.652704,Q179830,LVA,Jelgava,Populated place,7,67207,ne-ne_10m_populated_places
1159136385,Al Kharj,阿尔卡,47.312037,24.155566,Q2162128,SAU,Ar Riyad,Populated place,7,298428,ne-ne_10m_populated_places
1159136389,Dammam,达曼,50.097724,26.430138,Q160320,SAU,Ash Sharqiyah,Admin-1 capital,7,2054710,ne-ne_10m_populated_places
1159136393,Hafar al Batin,哈费尔巴廷,45.960078,28.433651,Q27400,SAU,Ash Sharqiyah,Populated place,7,249194,ne-ne_10m_populated_places
1159136395,Al Jubayl,朱拜勒,49.646003,27.004642,Q27430,SAU,Ash Sharqiyah,Populated place,7,237274,ne-ne_10m_populated_places
1159136401,Gwadar,瓜达尔,62.328588,25.138968,Q580533,PAK,Baluchistan,Populated place,7,51901,ne-ne_10m_populated_places
1159136405,Zhob,兹霍布,69.438593,31.348977,Q2665223,PAK,Baluchistan,Populated place,7,88356,ne-ne_10m_populated_places
1159136409,Gilgit,吉尔吉特,74.300002,35.917096,Q609024,PAK,Northern Areas,Admin-1 capital,7,216760,ne-ne_10m_populated_places
1159136417,Kasur,卡苏尔,74.455031,31.125373,Q989283,PAK,Punjab,Populated place,7,290643,ne-ne_10m_populated_places
1159136421,Kundian,贡迪扬,71.471802,32.452191,Q951628,PAK,Punjab,Populated place,7,35406,ne-ne_10m_populated_places
1159136423,Okara,大田,73.450028,30.810405,Q968211,PAK,Punjab,Populated place,7,223648,ne-ne_10m_populated_places
1159136427,Jhang,姜,72.32498,31.280376,Q1026616,PAK,Punjab,Populated place,7,341210,ne-ne_10m_populated_places
1159136431,Sargodha,萨戈达,72.674985,32.085366,Q855997,PAK,Punjab,Populated place,7,542603,ne-ne_10m_populated_places
1159136437,Dera Ghazi Khan,德拉加齐汗,70.635058,30.060399,Q999076,PAK,Punjab,Populated place,7,236093,ne-ne_10m_populated_places
1159136441,Sadiqabad,萨迪加巴德,70.130231,28.300636,Q1251234,PAK,Punjab,Populated place,7,189876,ne-ne_10m_populated_places
1159136445,Nawabshah,讷瓦布沙阿,68.4,26.245438,Q1017637,PAK,Sind,Populated place,7,229504,ne-ne_10m_populated_places
1159136449,Balykchy,巴雷克奇,76.185365,42.456025,Q805876,KGZ,Ysyk-Köl,Populated place,7,40527,ne-ne_10m_populated_places
1159136455,At Bashy,阿特巴希,75.79681,41.172486,Q2349598,KGZ,Naryn,Populated place,7,15601,ne-ne_10m_populated_places
1159136459,Jalal Abad,贾拉拉巴德,73.00251,40.942887,Q487689,KGZ,Jalal-Abad,Admin-1 capital,7,248899,ne-ne_10m_populated_places
1159136463,Toktogul,托克托古尔,72.937191,41.882571,Q1647779,KGZ,Jalal-Abad,Populated place,7,26115,ne-ne_10m_populated_places
1159136467,Tash Komur,塔什库梅尔,72.231446,41.341855,Q2283488,KGZ,Jalal-Abad,Populated place,7,23594,ne-ne_10m_populated_places
1159136473,Talas,塔拉斯,72.242918,42.518372,Q643955,KGZ,Talas,Admin-1 capital,7,35172,ne-ne_10m_populated_places
1159136477,Osh,奥什,72.790017,40.540405,Q47282,KGZ,Osh,Admin-1 capital,7,391277,ne-ne_10m_populated_places
1159136481,Bannu,本努,70.598574,32.98898,Q806916,PAK,N.W.F.P.,Populated place,7,622419,ne-ne_10m_populated_places
1159136485,Dera Ismail Khan,德拉·伊斯·梅尔汗,70.898556,31.828999,Q1249888,PAK,N.W.F.P.,Populated place,7,101616,ne-ne_10m_populated_places
1159136491,Nepalganj,尼泊尔根杰,81.616661,28.050341,Q1025462,NPL,Banke,Admin-1 capital,7,64400,ne-ne_10m_populated_places
1159136495,Birganj,比爾甘傑,84.866592,27.000405,Q8252,NPL,Narayani,Populated place,7,133238,ne-ne_10m_populated_places
1159136499,Biratnagar,比拉德讷格尔,87.283344,26.483744,Q8247,NPL,Bhojpur,Admin-1 capital,7,182324,ne-ne_10m_populated_places
1159136507,Teluk Intan,安顺,101.031445,4.01186,Q1317145,MYS,Perak,Populated place,7,101659,ne-ne_10m_populated_places
1159136511,Butterworth,北海,100.400011,5.417071,Q1018159,MYS,Pulau Pinang,Populated place,7,821652,ne-ne_10m_populated_places
1159136515,Sungai Petani,双溪大年,100.479334,5.649718,Q939738,MYS,Kedah,Populated place,7,358499,ne-ne_10m_populated_places
1159136519,Alor Setar,亚罗士打,100.372933,6.113308,Q474868,MYS,Kedah,Admin-1 capital,7,336475,ne-ne_10m_populated_places
1159136525,Muar,麻坡,102.566597,2.033738,Q1832744,MYS,Johor,Populated place,7,191346,ne-ne_10m_populated_places
1159136529,Batu Pahat,峇株巴辖,102.933345,1.850364,Q2306850,MYS,Johor,Populated place,7,199619,ne-ne_10m_populated_places
1159136533,Keluang,居銮,103.317869,2.038311,Q1200738,MYS,Johor,Populated place,7,169828,ne-ne_10m_populated_places
1159136537,Seremban,芙蓉,101.94002,2.710492,Q847610,MYS,Negeri Sembilan,Admin-1 capital,7,372917,ne-ne_10m_populated_places
1159136543,Raub,劳勿,101.8423,3.7927,Q2352205,MYS,Pahang,Populated place,7,40024,ne-ne_10m_populated_places
1159136547,Chukai,朱盖,103.447887,4.233242,Q2546441,MYS,Trengganu,Populated place,7,82425,ne-ne_10m_populated_places
1159136553,Kuala Terengganu,瓜拉登嘉楼,103.12,5.33041,Q846502,MYS,Trengganu,Admin-1 capital,7,350210,ne-ne_10m_populated_places
1159136557,Lahad Datu,拿笃,118.33597,5.046396,Q1018501,MYS,Sabah,Populated place,7,105622,ne-ne_10m_populated_places
1159136563,Bintulu,民都鲁,113.035984,3.166408,Q594209,MYS,Sarawak,Populated place,7,151617,ne-ne_10m_populated_places
1159136567,Miri,美里,113.984505,4.399924,Q986803,MYS,Sarawak,Populated place,7,228212,ne-ne_10m_populated_places
1159136571,Colesberg,科尔斯伯格,25.100008,-30.719535,Q2232441,ZAF,Northern Cape,Populated place,7,12423,ne-ne_10m_populated_places
1159136575,Poffader,波法德尔,19.383354,-29.132913,Q993179,ZAF,Northern Cape,Populated place,7,4220,ne-ne_10m_populated_places
1159136581,Carnarvon,卡那封,22.133315,-30.949598,Q625378,ZAF,Northern Cape,Populated place,7,5785,ne-ne_10m_populated_places
1159136585,Prieska,普里斯卡,22.730023,-29.659547,Q1021731,ZAF,Northern Cape,Populated place,7,11236,ne-ne_10m_populated_places
1159136589,Kuruman,库鲁曼,23.420007,-27.449553,Q1025965,ZAF,Northern Cape,Populated place,7,10006,ne-ne_10m_populated_places
1159136593,Knysna,克尼斯纳,23.033312,-34.032924,Q251137,ZAF,Western Cape,Populated place,7,63106,ne-ne_10m_populated_places
1159136599,Swellendam,斯韦伦丹,20.430008,-34.019591,Q1023257,ZAF,Western Cape,Populated place,7,13674,ne-ne_10m_populated_places
1159136603,Hermanus,赫爾馬努斯,19.229927,-34.409593,Q1613480,ZAF,Western Cape,Populated place,7,25153,ne-ne_10m_populated_places
1159136607,Paarl,帕阿尔,18.960021,-33.699559,Q1018144,ZAF,Western Cape,Populated place,7,187865,ne-ne_10m_populated_places
1159136611,Bredasdorp,布雷达斯多普,20.029981,-34.529534,Q1640898,ZAF,Western Cape,Populated place,7,14936,ne-ne_10m_populated_places
1159136617,Beaufort West,西博福特,22.569981,-32.349616,Q813395,ZAF,Western Cape,Populated place,7,44737,ne-ne_10m_populated_places
1159136621,Moatize,莫阿蒂澤,33.95001,-16.099548,Q1289776,MOZ,Tete,Populated place,7,42000,ne-ne_10m_populated_places
1159136625,Luangwa,盧安戈瓦,30.41002,-15.619578,Q1304609,MOZ,Tete,Populated place,7,3065,ne-ne_10m_populated_places
1159136629,Manica,馬尼卡,32.879998,-18.969606,Q383170,MOZ,Manica,Populated place,7,4000,ne-ne_10m_populated_places
1159136635,Espungabera,埃斯蓬加貝拉,32.77003,-20.450135,Q25048568,MOZ,Manica,Populated place,7,393,ne-ne_10m_populated_places
1159136639,Witu,维图,40.430028,-2.379611,Q8028643,KEN,Coast,Populated place,7,5380,ne-ne_10m_populated_places
1159136641,Tsavo,特萨沃,38.466634,-2.982778,Q7849441,KEN,Coast,Populated place,7,414,ne-ne_10m_populated_places
1159136643,Voi,沃伊,38.569986,-3.369576,Q1552910,KEN,Coast,Populated place,7,36487,ne-ne_10m_populated_places
1159136645,Kilifi,基利菲,39.850012,-3.609613,Q1009199,KEN,Coast,Populated place,7,80339,ne-ne_10m_populated_places
1159136647,Karonga,卡龙加,33.933319,-9.932896,Q1022512,MWI,Chitipa,Admin-1 capital,7,34207,ne-ne_10m_populated_places
1159136651,Thika,锡卡,37.090025,-1.039589,Q589616,KEN,Central,Populated place,7,99322,ne-ne_10m_populated_places
1159136653,Kendu Bay,肯杜贝,34.639994,-0.359579,Q616198,KEN,Nyanza,Populated place,7,91248,ne-ne_10m_populated_places
1159136655,Karungu,卡龙古,34.149998,-0.849626,Q6373700,KEN,Nyanza,Populated place,7,2376,ne-ne_10m_populated_places
1159136659,Kisii,基西,34.759986,-0.669586,Q1007719,KEN,Nyanza,Populated place,7,28547,ne-ne_10m_populated_places
1159136663,Montepuez,蒙特普埃茲,39.000038,-13.119575,Q1027174,MOZ,Cabo Delgado,Populated place,7,72279,ne-ne_10m_populated_places
1159136669,Mocimboa,濱海莫辛布瓦區,40.349981,-11.319582,Q2444632,MOZ,Cabo Delgado,Populated place,7,27909,ne-ne_10m_populated_places
1159136673,Marrupa,馬魯帕,37.499458,-13.198382,Q5649378,MOZ,Nassa,Populated place,7,8762,ne-ne_10m_populated_places
1159136677,Cuamba,誇姆巴,36.539981,-14.789602,Q1142811,MOZ,Nassa,Populated place,7,73268,ne-ne_10m_populated_places
1159136681,Ligonha,利戈尼亚,37.740011,-15.175677,,MOZ,Nampula,Populated place,7,3500,ne-ne_10m_populated_places
1159136687,Brits,布里茨,27.779999,-25.629613,Q3948,ZAF,North West,Populated place,7,122497,ne-ne_10m_populated_places
1159136691,Bloemhof,布卢姆霍夫,25.590004,-27.649593,Q2633575,ZAF,North West,Populated place,7,17122,ne-ne_10m_populated_places
1159136695,Potchefstroom,波切夫斯特鲁姆,27.099989,-26.699573,Q605167,ZAF,North West,Populated place,7,123669,ne-ne_10m_populated_places
1159136699,Brandfort,布萊德弗特,26.470002,-28.699554,Q2805770,ZAF,Orange Free State,Populated place,7,12091,ne-ne_10m_populated_places
1159136705,Bethlehem,伯利恆,28.299967,-28.219584,Q831326,ZAF,Orange Free State,Populated place,7,83654,ne-ne_10m_populated_places
1159136709,Macia,馬希亞,33.090011,-25.019521,Q2653584,MOZ,Gaza,Populated place,7,23156,ne-ne_10m_populated_places
1159136713,Massangena,马桑热纳,32.956376,-21.537304,Q6784527,MOZ,Gaza,Populated place,7,650,ne-ne_10m_populated_places
1159136717,Mapai,马帕伊,31.963051,-22.842651,Q1102602,MOZ,Gaza,Populated place,7,201,ne-ne_10m_populated_places
1159136723,Springs,斯普林斯,28.430037,-26.269573,Q761408,ZAF,Gauteng,Populated place,7,236083,ne-ne_10m_populated_places
1159136727,Volksrust,福尔克斯勒斯特,29.89,-27.359585,Q118638,ZAF,Mpumalanga,Populated place,7,43378,ne-ne_10m_populated_places
1159136731,Mbombela,内尔斯普雷特,30.98001,-25.469622,Q170313,ZAF,Mpumalanga,Admin-1 capital,7,348138,ne-ne_10m_populated_places
1159136735,Komatipoort,科馬提普特,31.940004,-25.409574,Q1779827,ZAF,Mpumalanga,Populated place,7,20508,ne-ne_10m_populated_places
1159136741,Middelburg,米德尔堡,29.470025,-25.759631,Q1931836,ZAF,Mpumalanga,Populated place,7,154706,ne-ne_10m_populated_places
1159136745,Bethal,贝瑟尔,29.450026,-26.469613,Q747174,ZAF,Mpumalanga,Populated place,7,101919,ne-ne_10m_populated_places
1159136749,Standerton,斯坦德顿,29.240013,-26.939507,Q742514,ZAF,Mpumalanga,Populated place,7,74021,ne-ne_10m_populated_places
1159136753,Lebowakgomo,萊博瓦科莫,29.499997,-24.199622,Q544201,ZAF,Limpopo,Populated place,7,33308,ne-ne_10m_populated_places
1159136761,Tzaneen,察嫩,30.169982,-23.819542,Q964666,ZAF,Limpopo,Populated place,7,67245,ne-ne_10m_populated_places
1159136765,Ulundi,烏倫迪,31.41001,-28.329603,Q1013421,ZAF,KwaZulu-Natal,Populated place,7,20753,ne-ne_10m_populated_places
1159136769,Ladysmith,雷地史密斯,29.780032,-28.549486,Q874262,ZAF,KwaZulu-Natal,Populated place,7,47375,ne-ne_10m_populated_places
1159136773,Port Shepstone,谢普斯敦港,30.459991,-30.719535,Q121395,ZAF,KwaZulu-Natal,Populated place,7,52793,ne-ne_10m_populated_places
1159136779,Ubomba,乌邦巴,32.083302,-27.566084,Q7876579,ZAF,KwaZulu-Natal,Populated place,7,564,ne-ne_10m_populated_places
1159136783,Sambava,桑巴瓦,50.166591,-14.266172,Q254480,MDG,Antsiranana,Populated place,7,43465,ne-ne_10m_populated_places
1159136787,Ambanja,安班加,48.450004,-13.6829,Q456642,MDG,Antsiranana,Populated place,7,30621,ne-ne_10m_populated_places
1159136791,Ihosy,伊胡西,46.116658,-22.399629,Q1657947,MDG,Fianarantsoa,Populated place,7,16990,ne-ne_10m_populated_places
1159136797,Mandritsara,曼德里察拉,48.816648,-15.832846,Q1028283,MDG,Mahajanga,Populated place,7,9705,ne-ne_10m_populated_places
1159136801,Besalampy,贝萨兰皮,44.483321,-16.749534,Q1099539,MDG,Mahajanga,Populated place,7,1022,ne-ne_10m_populated_places
1159136805,Marovoay,馬魯武艾,46.633319,-16.099548,Q1902425,MDG,Mahajanga,Populated place,7,31253,ne-ne_10m_populated_places
1159136809,Antsohihy,安楚希希,47.983365,-14.866084,Q609567,MDG,Mahajanga,Populated place,7,21290,ne-ne_10m_populated_places
1159136815,Ambatondrazaka,安巴通德拉扎卡,48.416672,-17.832879,Q456731,MDG,Toamasina,Populated place,7,43134,ne-ne_10m_populated_places
1159136819,Bekiy,贝基,45.316603,-24.216159,,MDG,Toliary,Populated place,7,4286,ne-ne_10m_populated_places
1159136823,Manja,曼扎,44.333252,-21.432918,Q3123057,MDG,Toliary,Populated place,7,1536,ne-ne_10m_populated_places
1159136827,Miandrivazo,米安德里瓦祖,45.46662,-19.516187,Q2573754,MDG,Toliary,Populated place,7,20631,ne-ne_10m_populated_places
1159136833,Sohano,索哈诺,154.671137,-5.429742,,PNG,North Solomons,Populated place,7,2338,ne-ne_10m_populated_places
1159136837,Kieta,基埃塔,155.633332,-6.216276,Q1187240,PNG,North Solomons,Populated place,7,6958,ne-ne_10m_populated_places
1159136841,Gizo,吉佐,156.835016,-8.099623,Q1236908,SLB,Choiseul,Populated place,7,6154,ne-ne_10m_populated_places
1159136845,Mendi,门迪,143.645227,-6.144394,Q1017120,PNG,Southern Highlands,Admin-1 capital,7,26252,ne-ne_10m_populated_places
1159136851,Abau,阿包,148.56503,-10.042605,,PNG,Central,Populated place,7,230,ne-ne_10m_populated_places
1159136857,Alotau,阿洛陶,150.459074,-10.302073,Q568137,PNG,Milne Bay,Admin-1 capital,7,11624,ne-ne_10m_populated_places
1159136861,Popondetta,波蓬德塔,148.248408,-8.769195,Q1017376,PNG,Northern,Admin-1 capital,7,28198,ne-ne_10m_populated_places
1159136867,Hoskins,霍斯金斯,150.409982,-5.474615,,PNG,West New Britain,Populated place,7,871,ne-ne_10m_populated_places
1159136871,Haarlem,哈勒姆,4.629991,52.380432,Q9920,NLD,Noord-Holland,Admin-1 capital,7,349957,ne-ne_10m_populated_places
1159136875,Las Tablas,拉斯塔布拉斯,-80.28002,7.760391,Q2712890,PAN,Los Santos,Admin-1 capital,7,11358,ne-ne_10m_populated_places
1159136879,Santiago,圣地亚哥-德贝拉瓜斯,-80.983336,8.10037,Q685509,PAN,Veraguas,Admin-1 capital,7,45955,ne-ne_10m_populated_places
1159136885,La Palma,拉帕尔马,-78.140228,8.398181,Q1798993,PAN,Darién,Admin-1 capital,7,1845,ne-ne_10m_populated_places
1159136889,Ksar El Kebir,凯比尔堡,-5.909986,35.020381,Q52603,MAR,Tanger - Tétouan,Populated place,7,306600,ne-ne_10m_populated_places
1159136893,Larache,拉腊什,-6.160022,35.200421,Q606775,MAR,Tanger - Tétouan,Populated place,7,120082,ne-ne_10m_populated_places
1159136897,Taza,塔扎,-4.019972,34.220378,Q574469,MAR,Taza - Al Hoceima - Taounate,Admin-1 capital,7,199633,ne-ne_10m_populated_places
1159136903,Ouezzane,瓦萨尼,-5.570007,34.810342,Q602426,MAR,Gharb - Chrarda - Béni Hssen,Populated place,7,69658,ne-ne_10m_populated_places
1159136905,Kenitra,盖尼特拉,-6.579997,34.2704,Q478207,MAR,Gharb - Chrarda - Béni Hssen,Admin-1 capital,7,551786,ne-ne_10m_populated_places
1159136909,Settat,塞塔特,-7.620011,33.010426,Q818019,MAR,Chaouia - Ouardigha,Admin-1 capital,7,161748,ne-ne_10m_populated_places
1159136915,Er Rachidia,拉希迪耶,-4.449972,31.940413,Q1980885,MAR,Mekncs - Tafilalet,Populated place,7,228489,ne-ne_10m_populated_places
1159136917,Meknes,梅克内斯,-5.559981,33.900423,Q178663,MAR,Meknès - Tafilalet,Admin-1 capital,7,697628,ne-ne_10m_populated_places
1159136923,Tiznit,提兹尼特,-9.739985,29.71042,Q587107,MAR,Souss - Massa - Draâ,Populated place,7,57705,ne-ne_10m_populated_places
1159136927,El Jadida,杰迪代,-8.509982,33.260359,Q219583,MAR,Doukkala - Abda,Populated place,7,180470,ne-ne_10m_populated_places
1159136931,Bălți,伯尔兹,27.905314,47.759086,Q37801,MDA,Balti,Admin-1 capital,7,151355,ne-ne_10m_populated_places
1159136935,Cahul,卡胡尔,28.194444,45.907881,Q503469,MDA,Cahul,Admin-1 capital,7,63407,ne-ne_10m_populated_places
1159136941,Tiraspol,蒂拉斯波尔,29.639989,46.853095,Q132572,MDA,Bender,Admin-1 capital,7,157000,ne-ne_10m_populated_places
1159136945,Chitipa,奇蒂帕,33.266641,-9.716217,Q1074915,MWI,Chitipa,Admin-1 capital,7,13412,ne-ne_10m_populated_places
1159136949,Nkhata Bay,恩卡塔湾,34.300015,-11.599616,Q1370650,MWI,Nkhata Bay,Admin-1 capital,7,22108,ne-ne_10m_populated_places
1159136953,Nkhotakota,恩科塔科塔,34.300015,-12.91628,Q1022510,MWI,Nkhotakota,Admin-1 capital,7,59854,ne-ne_10m_populated_places
1159136959,Dondo,棟多,34.730014,-19.619592,Q1241126,MOZ,Sofala,Populated place,7,78648,ne-ne_10m_populated_places
1159136963,Chiramba,希兰巴,34.655859,-16.89211,,MOZ,Sofala,Populated place,7,556,ne-ne_10m_populated_places
1159136967,Mocuba,莫庫巴,38.260031,-16.84958,Q520687,MOZ,Zambezia,Populated place,7,68984,ne-ne_10m_populated_places
1159136971,Nicuadala,尼夸达拉,36.819706,-17.607673,,MOZ,Zambezia,Populated place,7,6945,ne-ne_10m_populated_places
1159136977,Mangochi,曼戈切,35.269981,-14.459597,Q1890257,MWI,Mangochi,Admin-1 capital,7,97711,ne-ne_10m_populated_places
1159136981,Salima,萨利马,34.433288,-13.782946,Q979028,MWI,Salima,Admin-1 capital,7,71181,ne-ne_10m_populated_places
1159136985,Maxixe,馬希謝,35.388551,-23.866023,Q525118,MOZ,Inhambane,Admin-1 capital,7,119868,ne-ne_10m_populated_places
1159136989,Panda,潘达,34.730273,-24.062887,,MOZ,Inhambane,Populated place,7,602,ne-ne_10m_populated_places
1159136995,Quissico,薩瓦拉,34.765981,-24.725689,Q166838,MOZ,Inhambane,Populated place,7,1210,ne-ne_10m_populated_places
1159136999,Vilanculos,维兰库洛,35.316593,-21.99955,Q2006546,MOZ,Inhambane,Populated place,7,177,ne-ne_10m_populated_places
1159137005,Cradock,克拉多克,25.610002,-32.199548,Q1138465,ZAF,Eastern Cape,Populated place,7,32898,ne-ne_10m_populated_places
1159137011,Uitenhage,尤丹赫支,25.390016,-33.759607,Q1020192,ZAF,Eastern Cape,Populated place,7,228912,ne-ne_10m_populated_places
1159137015,Port Alfred,艾尔弗雷德港,26.880002,-33.599514,Q1693203,ZAF,Eastern Cape,Populated place,7,17959,ne-ne_10m_populated_places
1159137019,Grahamstown,格拉罕镇,26.520024,-33.299584,Q951161,ZAF,Eastern Cape,Populated place,7,91548,ne-ne_10m_populated_places
1159137023,Port St. Johns,圣约翰斯港,29.528316,-31.627851,Q2604557,ZAF,Eastern Cape,Populated place,7,5939,ne-ne_10m_populated_places
1159137029,Aliwal North,北阿利瓦尔,26.710039,-30.689562,Q2143142,ZAF,Eastern Cape,Populated place,7,44436,ne-ne_10m_populated_places
1159137033,Queenstown,昆士敦,26.880002,-31.899618,Q610600,ZAF,Eastern Cape,Populated place,7,105309,ne-ne_10m_populated_places
1159137037,Matola,马托拉,32.460024,-25.969592,Q109949,MOZ,Maputo,Populated place,7,543907,ne-ne_10m_populated_places
1159137041,Lata,拉塔,165.856735,-10.738018,Q646756,SLB,Temotu,Populated place,7,553,ne-ne_10m_populated_places
1159137047,Timiryazevskiy,季米里亚泽夫区,84.903593,56.49261,Q4457440,RUS,Tomsk,Populated place,7,7182,ne-ne_10m_populated_places
1159137051,Asino,阿西诺,86.162689,56.993122,Q104111,RUS,Tomsk,Populated place,7,27070,ne-ne_10m_populated_places
1159137055,Strezhevoy,斯特列热沃伊,77.577683,60.733152,Q180082,RUS,Tomsk,Populated place,7,44784,ne-ne_10m_populated_places
1159137059,Cherkessk,切尔克斯克,42.060006,44.290409,Q5326,RUS,Karachay-Cherkess,Admin-1 capital,7,116224,ne-ne_10m_populated_places
1159137065,Vladikavkaz,弗拉季高加索,44.669976,43.050381,Q5239,RUS,North Ossetia,Admin-1 capital,7,364630,ne-ne_10m_populated_places
1159137069,Blagodarnyy,布拉戈达尔内,43.434393,45.104726,Q105208,RUS,Stavropol',Populated place,7,35995,ne-ne_10m_populated_places
1159137071,Zelenokumsk,泽列诺库姆斯克,43.878706,44.40911,Q139794,RUS,Stavropol',Populated place,7,41306,ne-ne_10m_populated_places
1159137075,Buurhakaba,布哈卡巴,44.083293,2.783718,Q1018270,SOM,Bay,Populated place,7,31267,ne-ne_10m_populated_places
1159137079,Luuq,卢奇,42.550002,3.800477,Q1878274,SOM,Gedo,Populated place,7,33820,ne-ne_10m_populated_places
1159137085,Mandera,曼德拉,41.860018,3.940443,Q949915,SOM,Gedo,Populated place,7,52885,ne-ne_10m_populated_places
1159137089,Mukhomornoye,穆霍莫诺耶,173.333337,66.417069,,RUS,Chukchi Autonomous Okrug,Populated place,7,100,ne-ne_10m_populated_places
1159137093,Beringovskiy,白令戈夫斯基,179.306667,63.065464,Q820680,RUS,Chukchi Autonomous Okrug,Populated place,7,1861,ne-ne_10m_populated_places
1159137097,Bilibino,比利比诺,166.448574,68.052627,Q105116,RUS,Chukchi Autonomous Okrug,Populated place,7,5757,ne-ne_10m_populated_places
1159137103,Mys Shmidta,迈斯施密达,-179.499984,68.933711,Q1020259,RUS,Chukchi Autonomous Okrug,Populated place,7,492,ne-ne_10m_populated_places
1159137107,Egvekinot,耶吉柯諾特,-179.183722,66.322132,Q1240765,RUS,Chukchi Autonomous Okrug,Populated place,7,2248,ne-ne_10m_populated_places
1159137111,Sovetsk,苏维埃茨克,21.881961,55.071766,Q5647,RUS,Kaliningrad,Populated place,7,43309,ne-ne_10m_populated_places
1159137115,Nikel,尼克尔,30.218817,69.412571,Q1002571,RUS,Murmansk,Populated place,7,15866,ne-ne_10m_populated_places
1159137121,Monchegorsk,蒙切戈尔斯克,32.828735,67.929121,Q159217,RUS,Murmansk,Populated place,7,49868,ne-ne_10m_populated_places
1159137125,Kirovsk,基洛夫斯克,33.668735,67.609089,Q153609,RUS,Murmansk,Populated place,7,29605,ne-ne_10m_populated_places
1159137129,Borovichi,博罗维奇,33.897404,58.397817,Q132714,RUS,Novgorod,Populated place,7,57887,ne-ne_10m_populated_places
1159137133,Staraya Russa,旧鲁萨,31.354355,57.994766,Q196479,RUS,Novgorod,Populated place,7,34303,ne-ne_10m_populated_places
1159137139,Volkhov,沃尔霍夫,32.338739,59.929093,Q15245,RUS,Leningrad,Populated place,7,45673,ne-ne_10m_populated_places
1159137143,Tikhvin,季赫温,33.514378,59.644846,Q15336,RUS,Leningrad,Populated place,7,62075,ne-ne_10m_populated_places
1159137147,Svetogorsk,斯韦托戈尔斯克,28.917656,61.101321,Q15306,RUS,Leningrad,Populated place,7,30115,ne-ne_10m_populated_places
1159137151,Gatchina,加特契纳,30.133344,59.570665,Q7436,RUS,Leningrad,Populated place,7,90486,ne-ne_10m_populated_places
1159137157,Luga,卢加,29.838995,58.736349,Q15322,RUS,Leningrad,Populated place,7,40114,ne-ne_10m_populated_places
1159137161,Klintsy,克林齐,32.244843,52.76524,Q153715,RUS,Bryansk,Populated place,7,66336,ne-ne_10m_populated_places
1159137165,Roslavl,罗斯拉夫尔,32.860413,53.950905,Q193328,RUS,Smolensk,Populated place,7,56971,ne-ne_10m_populated_places
1159137173,Safonovo,萨福诺沃,33.216101,55.14649,Q193575,RUS,Smolensk,Populated place,7,46637,ne-ne_10m_populated_places
1159137177,Vyazma,维亚济马,34.291798,55.212197,Q102307,RUS,Smolensk,Populated place,7,55500,ne-ne_10m_populated_places
1159137181,Segezha,谢格扎,34.324303,63.754776,Q193922,RUS,Karelia,Populated place,7,33354,ne-ne_10m_populated_places
1159137185,Vichuga,维丘加,41.928748,57.219129,Q133102,RUS,Ivanovo,Populated place,7,39071,ne-ne_10m_populated_places
1159137187,Sharya,沙里亚,45.509356,58.379756,Q198182,RUS,Kostroma,Populated place,7,35532,ne-ne_10m_populated_places
1159137195,Buy,布伊,41.52438,58.484685,Q132855,RUS,Kostroma,Populated place,7,26486,ne-ne_10m_populated_places
1159137199,Dzerzhinsk,捷尔任斯克,43.460024,56.250377,Q76493,RUS,Nizhegorod,Populated place,7,256537,ne-ne_10m_populated_places
1159137203,Vyska,维克萨,42.164392,55.324723,Q134163,RUS,Nizhegorod,Populated place,7,61664,ne-ne_10m_populated_places
1159137209,Kimry,基姆雷,37.344377,56.869124,Q146435,RUS,Tver',Populated place,7,52070,ne-ne_10m_populated_places
1159137213,Bezhetsk,别热茨克,36.689998,57.764729,Q104654,RUS,Tver',Populated place,7,34736,ne-ne_10m_populated_places
1159137217,Nelidovo,涅利多沃,32.773079,56.223505,Q172366,RUS,Tver',Populated place,7,25349,ne-ne_10m_populated_places
1159137223,Bologoye,博洛戈耶,34.051761,57.872164,Q105298,RUS,Tver',Populated place,7,25142,ne-ne_10m_populated_places
1159137229,Torzhok,托尔若克,34.978733,57.029063,Q196678,RUS,Tver',Populated place,7,48546,ne-ne_10m_populated_places
1159137233,Sokol,索科尔,40.114388,59.46478,Q196378,RUS,Vologda,Populated place,7,42174,ne-ne_10m_populated_places
1159137235,Cherepovets,切列波韦茨,37.909975,59.140433,Q2144,RUS,Vologda,Populated place,7,311850,ne-ne_10m_populated_places
1159137239,Rybinsk,雷宾斯克,38.819997,58.050344,Q193413,RUS,Yaroslavl',Populated place,7,216724,ne-ne_10m_populated_places
1159137245,Rostov,罗斯托夫,39.404303,57.189157,Q193342,RUS,Yaroslavl',Populated place,7,33803,ne-ne_10m_populated_places
1159137249,Kaluga,卡卢加,36.270024,54.520379,Q2837,RUS,Kaluga,Admin-1 capital,7,338978,ne-ne_10m_populated_places
1159137253,Kirov,基洛夫,34.30482,54.085186,Q153490,RUS,Kaluga,Populated place,7,39319,ne-ne_10m_populated_places
1159137257,Obninsk,奥布宁斯克,36.620028,55.080448,Q175651,RUS,Kaluga,Populated place,7,107392,ne-ne_10m_populated_places
1159137263,Lgov,利戈夫,35.274374,51.694763,Q157790,RUS,Kursk,Populated place,7,23500,ne-ne_10m_populated_places
1159137265,Zheleznogorsk,热列兹诺哥尔斯克,35.404392,52.354775,Q72536,RUS,Kursk,Populated place,7,97900,ne-ne_10m_populated_places
1159137269,Gryazi,格里亚济,39.934348,52.494766,Q134663,RUS,Lipetsk,Populated place,7,47413,ne-ne_10m_populated_places
1159137273,Yegoryevsk,叶戈里耶夫斯克,39.02939,55.384796,Q135572,RUS,Moskovsskaya,Populated place,7,89795,ne-ne_10m_populated_places
1159137277,Podolsk,波多利斯克,37.529947,55.38043,Q19520,RUS,Moskovsskaya,Populated place,7,320635,ne-ne_10m_populated_places
1159137283,Solnechnogorsk,索尔涅奇诺戈尔斯克,36.980885,56.180691,Q196386,RUS,Moskovsskaya,Populated place,7,58891,ne-ne_10m_populated_places
1159137287,Noginsk,诺金斯克,38.480018,55.870426,Q175480,RUS,Moskovsskaya,Populated place,7,229731,ne-ne_10m_populated_places
1159137291,Serpukhov,谢尔普霍夫,37.430004,54.93038,Q194067,RUS,Moskovsskaya,Populated place,7,135584,ne-ne_10m_populated_places
1159137295,Livny,利夫内,37.604361,52.424796,Q157576,RUS,Orel,Populated place,7,52915,ne-ne_10m_populated_places
1159137301,Mtsensk,姆岑斯克,36.547164,53.264745,Q162698,RUS,Orel,Populated place,7,47609,ne-ne_10m_populated_places
1159137305,Salsk,萨利斯克,41.542001,46.477511,Q193473,RUS,Rostov,Populated place,7,61000,ne-ne_10m_populated_places
1159137309,Belaya Kalitva,白卡利特瓦,40.78613,48.186502,Q104658,RUS,Rostov,Populated place,7,48098,ne-ne_10m_populated_places
1159137313,Shakhty,沙赫特,40.270038,47.72038,Q198206,RUS,Rostov,Populated place,7,221312,ne-ne_10m_populated_places
1159137319,Millerovo,米列罗沃,40.39742,48.937851,Q158872,RUS,Rostov,Populated place,7,38527,ne-ne_10m_populated_places
1159137323,Yefremov,叶夫列莫夫,38.121538,53.149119,Q135809,RUS,Tula,Populated place,7,45497,ne-ne_10m_populated_places
1159137327,Bogoroditsk,博戈罗季茨克,38.114355,53.774688,Q105235,RUS,Tula,Populated place,7,39553,ne-ne_10m_populated_places
1159137331,Kamyshin,卡梅申,45.400009,50.080391,Q144170,RUS,Volgograd,Populated place,7,128626,ne-ne_10m_populated_places
1159137337,Pallasovka,帕拉索夫卡,46.877335,50.047732,Q177920,RUS,Volgograd,Populated place,7,17139,ne-ne_10m_populated_places
1159137341,Frolovo,弗罗洛沃,43.651795,49.772193,Q197385,RUS,Volgograd,Populated place,7,40882,ne-ne_10m_populated_places
1159137345,Volzhskiy,伏尔加斯基,44.774362,48.794811,Q98995,RUS,Volgograd,Populated place,7,323293,ne-ne_10m_populated_places
1159137353,Mikhaylovka,米哈伊洛夫卡,43.217455,50.06786,Q159081,RUS,Volgograd,Populated place,7,58898,ne-ne_10m_populated_places
1159137357,Uryupinsk,乌留平斯克,42.003059,50.77345,Q105538,RUS,Volgograd,Populated place,7,41644,ne-ne_10m_populated_places
1159137361,Starsy Oskol,旧奥斯科尔,37.839954,51.30042,Q196486,RUS,Belgorod,Populated place,7,226977,ne-ne_10m_populated_places
1159137365,Alekseyevka,阿列克谢耶夫卡,38.69308,50.653483,Q103427,RUS,Belgorod,Populated place,7,39848,ne-ne_10m_populated_places
1159137371,Valuyki,瓦卢伊基,38.098698,50.209092,Q132957,RUS,Belgorod,Populated place,7,35887,ne-ne_10m_populated_places
1159137375,Tuapse,图阿普谢,39.064375,44.114761,Q196702,RUS,Krasnodar,Populated place,7,99145,ne-ne_10m_populated_places
1159137379,Gelendzhik,格连吉克,38.064384,44.574759,Q15775,RUS,Krasnodar,Populated place,7,55508,ne-ne_10m_populated_places
1159137383,Labinsk,拉宾斯克,40.744272,44.634781,Q16985,RUS,Krasnodar,Populated place,7,61945,ne-ne_10m_populated_places
1159137389,Armavir,阿尔马维尔,41.130037,45.000391,Q15767,RUS,Krasnodar,Populated place,7,199548,ne-ne_10m_populated_places
1159137391,Timashevsk,季马绍夫斯克,38.944382,45.624746,Q196654,RUS,Krasnodar,Populated place,7,44024,ne-ne_10m_populated_places
1159137395,Tikhoretsk,季霍列茨克,40.137746,45.853104,Q196658,RUS,Krasnodar,Populated place,7,64387,ne-ne_10m_populated_places
1159137399,Yeysk,叶伊斯克,38.26339,46.698789,Q135616,RUS,Krasnodar,Populated place,7,87814,ne-ne_10m_populated_places
1159137403,Saransk,萨兰斯克,45.180022,54.170374,Q5343,RUS,Mordovia,Admin-1 capital,7,303394,ne-ne_10m_populated_places
1159137409,Kamenka,卡缅卡,44.044381,53.194723,Q143839,RUS,Penza,Populated place,7,16560,ne-ne_10m_populated_places
1159137413,Kuznetsk,库兹涅茨克,46.599987,53.120413,Q155947,RUS,Penza,Populated place,7,95574,ne-ne_10m_populated_places
1159137417,Serdobsk,谢尔多布斯克,44.221786,52.462184,Q194048,RUS,Penza,Populated place,7,36652,ne-ne_10m_populated_places
1159137421,Kasimov,卡西莫夫,41.39307,54.943454,Q145457,RUS,Ryazan',Populated place,7,36663,ne-ne_10m_populated_places
1159137429,Sasovo,萨索沃,41.908698,54.349149,Q193557,RUS,Ryazan',Populated place,7,31325,ne-ne_10m_populated_places
1159137433,Kotovsk,科托夫斯克,41.504381,52.594734,Q155489,RUS,Tambov,Populated place,7,33077,ne-ne_10m_populated_places
1159137437,Morshansk,莫尔尚斯克,41.804363,53.454733,Q159230,RUS,Tambov,Populated place,7,49350,ne-ne_10m_populated_places
1159137443,Kovrov,科夫罗夫,41.330025,56.36037,Q102445,RUS,Vladimir,Populated place,7,154224,ne-ne_10m_populated_places
1159137447,Murom,穆罗姆,42.040007,55.570418,Q162677,RUS,Vladimir,Populated place,7,131287,ne-ne_10m_populated_places
1159137451,Rayevskiy,雷耶夫斯基,54.926921,54.067383,Q1018495,RUS,Bashkortostan,Populated place,7,20060,ne-ne_10m_populated_places
1159137455,Sibay,锡拜,58.638736,52.70912,Q194438,RUS,Bashkortostan,Populated place,7,61590,ne-ne_10m_populated_places
1159137461,Kumertau,库梅尔套,55.784336,52.774775,Q155968,RUS,Bashkortostan,Populated place,7,65321,ne-ne_10m_populated_places
1159137465,Salavat,萨拉瓦特,55.92996,53.370346,Q193443,RUS,Bashkortostan,Populated place,7,159893,ne-ne_10m_populated_places
1159137469,Belebey,别列别伊,54.118702,54.129137,Q104703,RUS,Bashkortostan,Populated place,7,62582,ne-ne_10m_populated_places
1159137473,Tuymazy,图伊马济,53.694335,54.604792,Q196705,RUS,Bashkortostan,Populated place,7,68829,ne-ne_10m_populated_places
1159137479,Neftekamsk,涅夫捷卡姆斯克,54.263086,56.083513,Q172601,RUS,Bashkortostan,Populated place,7,126805,ne-ne_10m_populated_places
1159137483,Troitsk,特罗伊茨克,61.570236,54.10565,Q196694,RUS,Chelyabinsk,Populated place,7,82338,ne-ne_10m_populated_places
1159137487,Yemanzhelinsk,叶曼热林斯克,61.293509,54.748866,Q135665,RUS,Chelyabinsk,Populated place,7,42023,ne-ne_10m_populated_places
1159137491,Kartaly,卡尔塔雷,60.681919,53.047394,Q145426,RUS,Chelyabinsk,Populated place,7,28503,ne-ne_10m_populated_places
1159137497,Asha,阿沙,57.272618,54.997998,Q104262,RUS,Chelyabinsk,Populated place,7,38883,ne-ne_10m_populated_places
1159137501,Miass,米阿斯,60.094926,54.995414,Q105455,RUS,Chelyabinsk,Populated place,7,167500,ne-ne_10m_populated_places
1159137505,Kyshtym,克什特姆,60.559549,55.699997,Q156320,RUS,Chelyabinsk,Populated place,7,50911,ne-ne_10m_populated_places
1159137509,Kurtamysh,庫爾塔梅什,64.433266,54.908676,Q156209,RUS,Kurgan,Populated place,7,17936,ne-ne_10m_populated_places
1159137515,Shadrinsk,沙德林斯克,63.633263,56.083668,Q198155,RUS,Kurgan,Populated place,7,79479,ne-ne_10m_populated_places
1159137519,Varnek,瓦尔涅克,60.063558,69.730148,Q4103950,RUS,Nenets,Populated place,7,10,ne-ne_10m_populated_places
1159137523,Bugrino,布格里诺,49.304163,68.807879,Q71912,RUS,Nenets,Populated place,7,300,ne-ne_10m_populated_places
1159137527,Yamburg,扬堡,74.925313,67.922117,Q1679866,RUS,Yamal-Nenets,Populated place,7,48488,ne-ne_10m_populated_places
1159137533,Nakhodka,纳霍德卡,77.51996,67.750398,Q2626420,RUS,Yamal-Nenets,Populated place,7,159551,ne-ne_10m_populated_places
1159137537,Sosnogorsk,索斯諾戈爾斯克,53.894323,63.59476,Q196415,RUS,Komi,Populated place,7,29343,ne-ne_10m_populated_places
1159137541,Sovetsk,苏维埃茨克,48.958086,57.578461,Q196369,RUS,Kirov,Populated place,7,17869,ne-ne_10m_populated_places
1159137545,Slobodskoy,斯洛博茨科伊,50.188037,58.718495,Q195683,RUS,Kirov,Populated place,7,48962,ne-ne_10m_populated_places
1159137551,Kirs,基爾斯,52.245173,59.313833,Q153636,RUS,Kirov,Populated place,7,11385,ne-ne_10m_populated_places
1159137555,Omutninsk,奥穆特宁斯克,52.159183,58.658938,Q176395,RUS,Kirov,Populated place,7,32800,ne-ne_10m_populated_places
1159137559,Kotelnich,科捷利尼奇,48.313733,58.304127,Q155437,RUS,Kirov,Populated place,7,28431,ne-ne_10m_populated_places
1159137563,Yoshkar Ola,约什卡尔奥拉,47.874948,56.635392,Q5449,RUS,Mariy-El,Admin-1 capital,7,324406,ne-ne_10m_populated_places
1159137569,Kamensk Uralskiy,乌拉尔地区卡缅斯克,61.93502,56.42047,Q105444,RUS,Sverdlovsk,Populated place,7,182500,ne-ne_10m_populated_places
1159137573,Polevskoy,波列夫斯科伊,60.188047,56.443414,Q182871,RUS,Sverdlovsk,Populated place,7,65770,ne-ne_10m_populated_places
1159137577,Tavda,塔夫达,65.25828,58.053652,Q196537,RUS,Sverdlovsk,Populated place,7,39480,ne-ne_10m_populated_places
1159137581,Artemovskiy,阿尔乔莫夫斯基,61.869753,57.365192,Q104030,RUS,Sverdlovsk,Populated place,7,44689,ne-ne_10m_populated_places
1159137587,Nevyansk,涅维扬斯克,60.214763,57.490249,Q165844,RUS,Sverdlovsk,Populated place,7,28170,ne-ne_10m_populated_places
1159137591,Verkhnyaya Salda,上萨尔达,60.549782,58.050189,Q133045,RUS,Sverdlovsk,Populated place,7,48992,ne-ne_10m_populated_places
1159137595,Nizhnyaya Tura,下图拉,59.798251,58.643641,Q173015,RUS,Sverdlovsk,Populated place,7,56084,ne-ne_10m_populated_places
1159137599,Karpinsk,卡尔平斯克,60.009815,59.760162,Q145406,RUS,Sverdlovsk,Populated place,7,30807,ne-ne_10m_populated_places
1159137605,Ivdel,伊夫杰利,60.413253,60.693645,Q141578,RUS,Sverdlovsk,Populated place,7,19379,ne-ne_10m_populated_places
1159137609,Krasnoufimsk,克拉斯诺乌菲姆斯克,57.758634,56.599115,Q155785,RUS,Sverdlovsk,Populated place,7,43121,ne-ne_10m_populated_places
1159137613,Sarapul,萨拉普尔,53.798721,56.479148,Q193505,RUS,Udmurt,Populated place,7,101344,ne-ne_10m_populated_places
1159137617,Mozhga,莫日加,52.184349,56.454757,Q159149,RUS,Udmurt,Populated place,7,47270,ne-ne_10m_populated_places
1159137623,Votkinsk,沃特金斯克,53.990027,57.030406,Q133838,RUS,Udmurt,Populated place,7,98633,ne-ne_10m_populated_places
1159137627,Glazov,格拉佐夫,52.628767,58.123208,Q134433,RUS,Udmurt,Populated place,7,100676,ne-ne_10m_populated_places
1159137631,Kanash,卡纳什,47.468668,55.50913,Q144234,RUS,Chuvash,Populated place,7,49886,ne-ne_10m_populated_places
1159137637,Shumerlya,舒梅尔利亚,46.424391,55.484816,Q198349,RUS,Chuvash,Populated place,7,35230,ne-ne_10m_populated_places
1159137643,Alatyr,阿拉特里,46.599987,54.850359,Q103255,RUS,Chuvash,Populated place,7,46427,ne-ne_10m_populated_places
1159137647,Sol-lletsk,索利-伊列茨克,54.999888,51.1603,Q196387,RUS,Orenburg,Populated place,7,27419,ne-ne_10m_populated_places
1159137651,Dombarovskiy,多姆巴羅夫斯基區,59.540024,50.754588,Q1651664,RUS,Orenburg,Populated place,7,9556,ne-ne_10m_populated_places
1159137655,Mednogorsk,梅德諾戈爾斯克,57.578749,51.419121,Q158424,RUS,Orenburg,Populated place,7,30676,ne-ne_10m_populated_places
1159137661,Gay,盖伊,58.454302,51.474725,Q134371,RUS,Orenburg,Populated place,7,41619,ne-ne_10m_populated_places
1159137665,Buzuluk,布祖卢克,52.261761,52.782113,Q42234,RUS,Orenburg,Populated place,7,87714,ne-ne_10m_populated_places
1159137671,Otradnyy,奥特拉德内,51.347398,53.377813,Q177770,RUS,Samara,Populated place,7,50127,ne-ne_10m_populated_places
1159137677,Tolyatti,陶里亚蒂,49.420063,53.508094,Q1341,RUS,Samara,Populated place,7,702879,ne-ne_10m_populated_places
1159137681,Engels,恩格斯城,46.120017,51.500408,Q198748,RUS,Saratov,Populated place,7,196011,ne-ne_10m_populated_places
1159137685,Pugachev,普加乔夫,48.794375,52.014769,Q184220,RUS,Saratov,Populated place,7,26690,ne-ne_10m_populated_places
1159137691,Volsk,沃利斯克,47.374307,52.034717,Q133416,RUS,Saratov,Populated place,7,70500,ne-ne_10m_populated_places
1159137697,Atkarsk,阿特卡尔斯克,44.996106,51.876458,Q104143,RUS,Saratov,Populated place,7,27554,ne-ne_10m_populated_places
1159137701,Balashov,巴拉绍夫,43.163091,51.553506,Q104564,RUS,Saratov,Populated place,7,98107,ne-ne_10m_populated_places
1159137705,Almetyevsk,阿尔梅季耶夫斯克,52.319948,54.900407,Q103483,RUS,Tatarstan,Populated place,7,140437,ne-ne_10m_populated_places
1159137709,Chistopol,奇斯托波爾,50.640671,55.364772,Q198102,RUS,Tatarstan,Populated place,7,62200,ne-ne_10m_populated_places
1159137715,Nizhnekamsk,下卡姆斯克,51.820031,55.64044,Q172657,RUS,Tatarstan,Populated place,7,234297,ne-ne_10m_populated_places
1159137719,Dimitrovgrad,季米特洛夫格勒,49.560013,54.250421,Q135285,RUS,Ul'yanovsk,Populated place,7,132226,ne-ne_10m_populated_places
1159137725,Peregrebnoye,佩列格廖布诺耶,65.085939,62.966995,Q4350155,RUS,Khanty-Mansiy,Populated place,7,10,ne-ne_10m_populated_places
1159137731,Saranpaul,萨兰保尔,60.970015,64.250457,Q4408338,RUS,Khanty-Mansiy,Populated place,7,2985,ne-ne_10m_populated_places
1159137735,Uray,乌拉伊,64.754796,60.140139,Q196833,RUS,Khanty-Mansiy,Populated place,7,39878,ne-ne_10m_populated_places
1159137739,Laryak,拉里亚克,80.25137,61.101192,Q4254695,RUS,Khanty-Mansiy,Populated place,7,10,ne-ne_10m_populated_places
1159137743,Kogalym,科加雷姆,74.494099,62.044622,Q154630,RUS,Khanty-Mansiy,Populated place,7,58192,ne-ne_10m_populated_places
1159137749,Megion,梅吉翁,76.095345,61.060755,Q158405,RUS,Khanty-Mansiy,Populated place,7,48691,ne-ne_10m_populated_places
1159137753,Cherlak,切拉克,74.820022,54.160478,Q1621837,RUS,Omsk,Populated place,7,12122,ne-ne_10m_populated_places
1159137757,Kalachinsk,卡拉钦斯克,74.568254,55.048667,Q143614,RUS,Omsk,Populated place,7,24059,ne-ne_10m_populated_places
1159137761,Nazyvayevsk,纳济瓦耶夫斯克,71.350001,55.566956,Q163954,RUS,Omsk,Populated place,7,12284,ne-ne_10m_populated_places
1159137767,Isikul,伊西利库尔,71.268249,54.9287,Q143247,RUS,Omsk,Populated place,7,21136,ne-ne_10m_populated_places
1159137771,Ishim,伊希姆,69.449807,56.150228,Q143334,RUS,Tyumen',Populated place,7,67762,ne-ne_10m_populated_places
1159137775,Golyshmanovo,戈雷什马诺沃,68.371475,56.381945,Q974374,RUS,Tyumen',Populated place,7,13424,ne-ne_10m_populated_places
1159137779,Yalutorovsk,亚卢托罗夫斯克,66.298268,56.673632,Q150346,RUS,Tyumen',Populated place,7,35892,ne-ne_10m_populated_places
1159137781,Biysk,比斯克,85.18001,52.534066,Q102667,RUS,Altay,Populated place,7,215430,ne-ne_10m_populated_places
1159137787,Zmeinogorsk,兹梅伊诺戈尔斯克,82.195024,51.157096,Q141260,RUS,Altay,Populated place,7,11514,ne-ne_10m_populated_places
1159137791,Aleysk,阿列伊斯克,82.777676,52.491769,Q102603,RUS,Altay,Populated place,7,28019,ne-ne_10m_populated_places
1159137795,Novoaltaysk,新阿尔泰斯克,83.958844,53.399259,Q173903,RUS,Altay,Populated place,7,91386,ne-ne_10m_populated_places
1159137799,Kamenna Obi,鄂毕河畔卡缅,81.338797,53.793602,Q144057,RUS,Altay,Populated place,7,44564,ne-ne_10m_populated_places
1159137805,Gornyak,戈爾尼亞克,81.487677,50.988088,Q134493,RUS,Altay,Populated place,7,15668,ne-ne_10m_populated_places
1159137809,Kulunda,库伦达,78.947264,52.582668,Q913181,RUS,Altay,Populated place,7,15345,ne-ne_10m_populated_places
1159137813,Slavgorod,斯拉夫戈罗德,78.669554,53.004942,Q194693,RUS,Altay,Populated place,7,34141,ne-ne_10m_populated_places
1159137817,Tashtagol,塔什塔戈尔,87.867701,52.79175,Q196629,RUS,Kemerovo,Populated place,7,22779,ne-ne_10m_populated_places
1159137823,Guryevsk,古里耶夫斯克,85.93769,54.298144,Q134717,RUS,Kemerovo,Populated place,7,38757,ne-ne_10m_populated_places
1159137827,Yurga,尤尔加,84.885402,55.725758,Q198824,RUS,Kemerovo,Populated place,7,84220,ne-ne_10m_populated_places
1159137831,Topki,托普基,85.610836,55.280177,Q196675,RUS,Kemerovo,Populated place,7,24672,ne-ne_10m_populated_places
1159137835,Mariinsk,马林斯克,87.760369,56.210767,Q49771,RUS,Kemerovo,Populated place,7,43122,ne-ne_10m_populated_places
1159137841,Shira,希拉,89.953052,54.49144,Q2236301,RUS,Khakass,Populated place,7,9358,ne-ne_10m_populated_places
1159137845,Cherepanovo,切列帕诺沃,83.368802,54.233626,Q197954,RUS,Novosibirsk,Populated place,7,20125,ne-ne_10m_populated_places
1159137849,Kargat,卡爾加特,80.281136,55.195945,Q145187,RUS,Novosibirsk,Populated place,7,10881,ne-ne_10m_populated_places
1159137853,Ob,鄂毕,82.707654,54.99805,Q175727,RUS,Novosibirsk,Populated place,7,39949,ne-ne_10m_populated_places
1159137859,Karasuk,卡拉苏克,78.021894,53.727301,Q145012,RUS,Novosibirsk,Populated place,7,28589,ne-ne_10m_populated_places
1159137863,Barabinsk,巴拉宾斯克,78.351899,55.357279,Q104609,RUS,Novosibirsk,Populated place,7,31508,ne-ne_10m_populated_places
1159137867,Tatarsk,鞑靼斯克,75.966515,55.221938,Q196622,RUS,Novosibirsk,Populated place,7,25150,ne-ne_10m_populated_places
1159137871,Ferfer,费弗,45.165036,5.085412,Q1017194,SOM,Hiiraan,Populated place,7,6000,ne-ne_10m_populated_places
1159137877,Jawhar,喬哈爾,45.516591,2.767,Q646574,SOM,Shabeellaha Dhexe,Admin-1 capital,7,111308,ne-ne_10m_populated_places
1159137881,Mirbat,米尔巴特,54.691793,16.992437,Q1938064,OMN,Dhofar,Populated place,7,1120,ne-ne_10m_populated_places
1159137885,Hurdiyo,胡尔迪约,51.123329,10.582027,,SOM,Bari,Populated place,7,176,ne-ne_10m_populated_places
1159137889,Qardho,卡尔多,49.165981,9.500414,Q1641881,SOM,Bari,Populated place,7,1341,ne-ne_10m_populated_places
1159137895,Caluula,阿盧拉,50.750018,11.966956,Q448076,SOM,Bari,Populated place,7,513,ne-ne_10m_populated_places
1159137899,Ibri,伊比利,56.516953,23.22539,Q225376,OMN,Al Dhahira,Populated place,7,101640,ne-ne_10m_populated_places
1159137903,Kaspiysk,卡斯皮斯克,47.624369,42.874733,Q145507,RUS,Dagestan,Populated place,7,81752,ne-ne_10m_populated_places
1159137907,Derbent,杰尔宾特,48.277404,42.057806,Q131416,RUS,Dagestan,Populated place,7,105965,ne-ne_10m_populated_places
1159137913,Buynaksk,布伊纳克斯克,47.113031,42.833495,Q132931,RUS,Dagestan,Populated place,7,75800,ne-ne_10m_populated_places
1159137917,Gangneung,江陵,128.896153,37.755872,Q42056,KOR,Gangwon-do,Populated place,7,180611,ne-ne_10m_populated_places
1159137921,Sokcho,束草,128.591158,38.208713,Q42109,KOR,Gangwon-do,Populated place,7,85430,ne-ne_10m_populated_places
1159137925,Jeonju,全州,127.140394,35.831416,Q42140,KOR,Jeollabuk-do,Admin-1 capital,7,711424,ne-ne_10m_populated_places
1159137931,Gunsan,群山,126.716021,35.981766,Q42074,KOR,Jeollabuk-do,Populated place,7,244080,ne-ne_10m_populated_places
1159137935,Mokpo,木浦,126.39584,34.806802,Q42094,KOR,Gwangju,Populated place,7,268402,ne-ne_10m_populated_places
1159137939,San Carlos,圣卡洛斯,123.380004,10.550375,Q1025390,PHL,Negros Occidental,Populated place,7,6353,ne-ne_10m_populated_places
1159137943,Cadiz,加的斯,123.308587,10.958748,Q1020688,PHL,Negros Occidental,Populated place,7,283157,ne-ne_10m_populated_places
1159137951,Pagadian,帕嘎蒂安,123.507024,7.852969,Q874270,PHL,Zamboanga Del Sur,Populated place,7,159590,ne-ne_10m_populated_places
1159137953,Ozamis,奥三棉示,123.84442,8.146207,Q263837,PHL,Misamis Occidental,Populated place,7,97806,ne-ne_10m_populated_places
1159137955,Tarlac,打拉,120.583378,15.483795,Q5285,PHL,Tarlac,Populated place,7,183930,ne-ne_10m_populated_places
1159137957,Cabanatuan,甲万那端,120.961702,15.502089,Q55595,PHL,Nueva Ecija,Populated place,7,220250,ne-ne_10m_populated_places
1159137959,Olongapo,奥隆阿波,120.282777,14.829572,Q56759,PHL,Zambales,Populated place,7,304388,ne-ne_10m_populated_places
1159137961,Dagupan,达古潘,120.340809,16.047895,Q875070,PHL,Pangasinan,Populated place,7,163676,ne-ne_10m_populated_places
1159137965,San Pablo,圣巴勃罗,121.32261,14.069566,Q76001,PHL,Laguna,Populated place,7,240830,ne-ne_10m_populated_places
1159137967,Quezon City,奎松,121.029966,14.650435,Q1475,PHL,Metropolitan Manila,Populated place,7,2761720,ne-ne_10m_populated_places
1159137969,Pasay City,帕谢,120.999994,14.550441,Q17189,PHL,Metropolitan Manila,Populated place,7,403064,ne-ne_10m_populated_places
1159137973,Iligan,伊利甘,124.215353,8.171244,Q285488,PHL,Lanao del Norte,Populated place,7,464599,ne-ne_10m_populated_places
1159137977,Ormac,奥尔莫克,124.607526,11.064298,Q1014782,PHL,Leyte,Populated place,7,167584,ne-ne_10m_populated_places
1159137983,Tacloban,独鲁万,125.000008,11.250436,Q40626,PHL,Leyte,Populated place,7,280006,ne-ne_10m_populated_places
1159137987,Butuan,武端,125.543593,8.949543,Q1686,PHL,Agusan del Norte,Populated place,7,190557,ne-ne_10m_populated_places
1159137991,Tagum,塔古姆,125.801665,7.382145,Q725168,PHL,Davao del Norte,Populated place,7,6726,ne-ne_10m_populated_places
1159137995,Surigao,苏里高,125.488816,9.784298,Q1019949,PHL,Dinagat Islands,Populated place,7,87832,ne-ne_10m_populated_places
1159138003,Gingoog,欣奥奥格,125.129974,8.830377,Q1525029,PHL,Misamis Oriental,Populated place,7,218,ne-ne_10m_populated_places
1159138007,Yessey,耶西,102.166622,68.483738,Q4177204,RUS,Evenk,Populated place,7,10,ne-ne_10m_populated_places
1159138011,Ulkan,乌尔坎,107.783333,55.900398,Q2475103,RUS,Irkutsk,Populated place,7,10,ne-ne_10m_populated_places
1159138015,Kirensk,基廉斯克,108.111943,57.785735,Q153412,RUS,Irkutsk,Populated place,7,13308,ne-ne_10m_populated_places
1159138021,Zheleznogorsk Ilimskiy,热列兹诺哥尔斯克-伊利姆斯基,104.122678,56.576248,Q135968,RUS,Irkutsk,Populated place,7,28456,ne-ne_10m_populated_places
1159138025,Vikhorevka,維霍列夫卡,101.242699,56.093099,Q133099,RUS,Irkutsk,Populated place,7,166,ne-ne_10m_populated_places
1159138029,Biryusinsk,比留辛斯克,97.814432,55.960653,Q105141,RUS,Irkutsk,Populated place,7,9583,ne-ne_10m_populated_places
1159138033,Kodinskiy,科金斯克,99.099619,58.694558,Q154648,RUS,Krasnoyarsk,Populated place,7,15670,ne-ne_10m_populated_places
1159138049,Artemovsk,阿爾喬莫夫斯克,93.435526,54.348736,Q104010,RUS,Krasnoyarsk,Populated place,7,4948,ne-ne_10m_populated_places
1159138055,Uyar,烏亞爾,94.315318,55.810378,Q197351,RUS,Krasnoyarsk,Populated place,7,13167,ne-ne_10m_populated_places
1159138059,Uzhur,烏茹爾,89.820708,55.329167,Q196803,RUS,Krasnoyarsk,Populated place,7,19212,ne-ne_10m_populated_places
1159138063,Sayanogorsk,萨亚诺戈尔斯克,91.400405,53.089433,Q193580,RUS,Krasnoyarsk,Populated place,7,55642,ne-ne_10m_populated_places
1159138067,Podkamennaya Tunguska,波德卡门纳亚通古斯,90.123636,61.599508,Q2946788,RUS,Krasnoyarsk,Populated place,7,10,ne-ne_10m_populated_places
1159138073,Igarka,伊加尔卡,86.583335,67.467108,Q141606,RUS,Krasnoyarsk,Populated place,7,7470,ne-ne_10m_populated_places
1159138077,Agapa,阿加帕,89.249994,71.450379,,RUS,Taymyr,Populated place,7,10,ne-ne_10m_populated_places
1159138081,Boyarka,博亚尔卡,97.500033,70.766984,,RUS,Taymyr,Populated place,7,35968,ne-ne_10m_populated_places
1159138085,Nordvik,诺德维克,111.51003,74.016502,Q2364258,RUS,Taymyr,Historic place,7,0,ne-ne_10m_populated_places
1159138091,Chelyuskin,切柳斯金角,104.250009,77.716973,,RUS,Taymyr,Populated place,7,885,ne-ne_10m_populated_places
1159138095,Taksimo,塔克西莫,114.889979,56.331534,Q14208650,RUS,Buryat,Populated place,7,10359,ne-ne_10m_populated_places
1159138099,Gusinoozyorsk,古西诺奥泽尔斯克,106.500362,51.280757,Q134732,RUS,Buryat,Populated place,7,24083,ne-ne_10m_populated_places
1159138103,Aginskoye,阿金斯科耶,114.522818,51.103068,Q393898,RUS,Aga Buryat,Admin-1 capital,7,11491,ne-ne_10m_populated_places
1159138109,Progress,普罗格列斯,129.616677,49.750386,Q2003829,RUS,Amur,Populated place,7,146,ne-ne_10m_populated_places
1159138113,Belogorsk,别洛戈尔斯克,128.463724,50.9191,Q104735,RUS,Amur,Populated place,7,70203,ne-ne_10m_populated_places
1159138117,Nyukzha,纽扎,121.613083,56.531212,,RUS,Amur,Populated place,7,10,ne-ne_10m_populated_places
1159138123,Nerchinsk,尼布楚,116.548586,52.008956,Q146043,RUS,Chita,Populated place,7,15360,ne-ne_10m_populated_places
1159138129,Kavalerovo,卡瓦列羅沃,135.049782,44.270204,Q1737281,RUS,Primor'ye,Populated place,7,18657,ne-ne_10m_populated_places
1159138133,Spassk Dalniy,斯帕斯克达利尼,132.819789,44.600158,Q196446,RUS,Primor'ye,Populated place,7,45900,ne-ne_10m_populated_places
1159138137,Shalaurova,沙劳罗夫岛,143.183343,73.220374,,RUS,Sakha (Yakutia),Populated place,7,10,ne-ne_10m_populated_places
1159138141,Logashkino,洛加什基诺,153.900001,70.85039,Q3836417,RUS,Sakha (Yakutia),Historic place,7,0,ne-ne_10m_populated_places
1159138147,Ust Kuyga,烏斯季庫伊加,135.600033,70.017056,Q2283330,RUS,Sakha (Yakutia),Populated place,7,1517,ne-ne_10m_populated_places
1159138153,Pokrovsk,波克罗夫斯克,129.12725,61.493442,Q181548,RUS,Sakha (Yakutia),Populated place,7,9763,ne-ne_10m_populated_places
1159138157,Verkhnevilyuysk,上维柳伊斯克,120.316728,63.4457,Q1526948,RUS,Sakha (Yakutia),Populated place,7,6341,ne-ne_10m_populated_places
1159138163,Vitim,維季姆,112.557822,59.451499,Q2307132,RUS,Sakha (Yakutia),Populated place,7,3843,ne-ne_10m_populated_places
1159138167,Olyokminsk,奥廖克明斯克,120.392589,60.503192,Q176348,RUS,Sakha (Yakutia),Populated place,7,10000,ne-ne_10m_populated_places
1159138171,Tunguskhaya,通古斯卡,125.250019,64.900443,,RUS,Sakha (Yakutia),Populated place,7,10,ne-ne_10m_populated_places
1159138175,Natara,名良,123.9255,68.410616,,RUS,Sakha (Yakutia),Populated place,7,10,ne-ne_10m_populated_places
1159138181,Zhilinda,日琳达,114.000008,70.133689,Q4180338,RUS,Sakha (Yakutia),Populated place,7,10,ne-ne_10m_populated_places
1159138187,Trofimovsk,特罗菲莫夫斯克,127.033682,72.599689,,RUS,Sakha (Yakutia),Populated place,7,10,ne-ne_10m_populated_places
1159138191,Tukchi,图奇,139.500002,57.366975,,RUS,Khabarovsk,Populated place,7,10,ne-ne_10m_populated_places
1159138195,Amursk,阿穆尔斯克,136.897421,50.222837,Q103493,RUS,Khabarovsk,Populated place,7,46993,ne-ne_10m_populated_places
1159138201,Bikin,比金,134.264921,46.820254,Q105056,RUS,Khabarovsk,Populated place,7,19659,ne-ne_10m_populated_places
1159138205,Vyazemskiy,维亚泽姆斯基,134.747475,47.532847,Q134206,RUS,Khabarovsk,Populated place,7,15247,ne-ne_10m_populated_places
1159138209,Chegdomyn,切格多明,133.024118,51.117796,Q910773,RUS,Khabarovsk,Populated place,7,14855,ne-ne_10m_populated_places
1159138213,Siglan,西格兰,152.416577,59.033721,,RUS,Maga Buryatdan,Populated place,7,10,ne-ne_10m_populated_places
1159138219,Karamken,卡拉姆肯,151.166628,60.20042,Q1847743,RUS,Maga Buryatdan,Populated place,7,10,ne-ne_10m_populated_places
1159138223,Strelka,斯特雷尔卡,152.250179,61.866985,,RUS,Maga Buryatdan,Populated place,7,10,ne-ne_10m_populated_places
1159138227,Severo Kurilsk,大洋城,156.085036,50.690483,Q193652,RUS,Sakhalin,Populated place,7,2422,ne-ne_10m_populated_places
1159138231,Krasnogorsk,克拉斯诺戈尔斯克,142.089973,48.46155,Q1786706,RUS,Sakhalin,Populated place,7,3304,ne-ne_10m_populated_places
1159138237,Poronaysk,波罗奈斯克,143.085002,49.241554,Q183093,RUS,Sakhalin,Populated place,7,16677,ne-ne_10m_populated_places
1159138241,Makarov,马卡罗夫,142.800007,48.633736,Q157930,RUS,Sakhalin,Populated place,7,6663,ne-ne_10m_populated_places
1159138245,Dolinsk,多林斯克,142.800007,47.350429,Q135406,RUS,Sakhalin,Populated place,7,11989,ne-ne_10m_populated_places
1159138249,Nevelsk,涅韦尔斯克,141.869934,46.680289,Q165790,RUS,Sakhalin,Populated place,7,17000,ne-ne_10m_populated_places
1159138255,Buur Gaabo,布尔加博,41.85196,-1.20087,Q1018258,SOM,Jubbada Hoose,Populated place,7,3096,ne-ne_10m_populated_places
1159138261,Goundam,贡达姆,-3.666583,16.416994,Q976923,MLI,Timbuktu,Populated place,7,8456,ne-ne_10m_populated_places
1159138265,Aguelhok,阿蓋洛克,0.856371,19.454871,Q357768,MLI,Kidal,Populated place,7,9000,ne-ne_10m_populated_places
1159138271,Bourem,布雷姆,-0.349989,16.900375,Q2337119,MLI,Gao,Populated place,7,30000,ne-ne_10m_populated_places
1159138275,San Quintín,圣金廷,-115.940084,30.558465,Q2249597,MEX,Baja California,Populated place,7,5433,ne-ne_10m_populated_places
1159138279,Punta Prieta,蓬塔普列塔,-114.166582,28.933698,Q959021,MEX,Baja California,Populated place,7,527,ne-ne_10m_populated_places
1159138283,San Felipe,圣费利佩,-114.849615,31.024113,Q586007,MEX,Baja California,Populated place,7,20750,ne-ne_10m_populated_places
1159138289,Santa Rosalía,圣罗萨利亚,-112.283364,27.317078,Q1640231,MEX,Baja California Sur,Populated place,7,11899,ne-ne_10m_populated_places
1159138291,Guerrero Negro,格雷罗内格罗,-114.169967,27.990422,Q957163,MEX,Baja California Sur,Populated place,7,13054,ne-ne_10m_populated_places
1159138293,Piedras Negras,彼德拉斯内格拉斯,-100.531652,28.707639,Q1856408,MEX,Coahuila,Populated place,7,139619,ne-ne_10m_populated_places
1159138295,San Pedro de las Colonias,圣佩德罗,-102.982691,25.759214,Q2449386,MEX,Coahuila,Populated place,7,53688,ne-ne_10m_populated_places
1159138297,Sierra Mojada,谢拉莫哈达,-103.70184,27.288892,Q2000131,MEX,Coahuila,Populated place,7,10,ne-ne_10m_populated_places
1159138299,Parras,帕拉斯-德拉富恩特,-102.179949,25.420398,Q1861513,MEX,Coahuila,Populated place,7,32253,ne-ne_10m_populated_places
1159138301,Cuauhtémoc,夸乌特莫克自治区,-106.869586,28.425744,Q2656480,MEX,Chihuahua,Populated place,7,90835,ne-ne_10m_populated_places
1159138303,Nuevo Casas Grandes,新大卡萨斯,-107.911899,30.418491,Q1858936,MEX,Chihuahua,Populated place,7,54826,ne-ne_10m_populated_places
1159138307,Ojinaga,奥希纳加,-104.41002,29.540405,Q1971351,MEX,Chihuahua,Populated place,7,22128,ne-ne_10m_populated_places
1159138309,Villa Ahumada,阿乌马达镇,-106.509995,30.610443,Q20148488,MEX,Chihuahua,Populated place,7,9326,ne-ne_10m_populated_places
1159138311,Santa Barbara,聖巴巴拉,-105.820037,26.800443,Q522152,MEX,Chihuahua,Populated place,7,10800,ne-ne_10m_populated_places
1159138313,Ciudad Camargo,卡马勾,-105.170051,27.690414,Q2528602,MEX,Chihuahua,Populated place,7,37743,ne-ne_10m_populated_places
1159138317,Cuencame,昆卡梅,-103.699986,24.870406,Q933194,MEX,Durango,Populated place,7,8876,ne-ne_10m_populated_places
1159138321,Papasquiaro,圣地亚哥 - 德帕帕斯基亚罗,-105.339989,24.830408,Q2465593,MEX,Durango,Populated place,7,22750,ne-ne_10m_populated_places
1159138327,Escuinapa,埃斯奎纳帕德伊达尔戈,-105.799987,22.850426,Q7467918,MEX,Sinaloa,Populated place,7,28248,ne-ne_10m_populated_places
1159138331,Guamúchil,瓜穆奇尔,-108.090002,25.470369,Q1552698,MEX,Sinaloa,Populated place,7,62695,ne-ne_10m_populated_places
1159138335,Guasave,瓜薩維,-108.469979,25.570492,Q588515,MEX,Sinaloa,Populated place,7,96860,ne-ne_10m_populated_places
1159138339,El Fuerte,埃尔富埃尔特,-108.619996,26.420414,Q1324181,MEX,Sinaloa,Populated place,7,11171,ne-ne_10m_populated_places
1159138345,Eldorado,埃爾多拉多,-107.369994,24.330465,Q5351160,MEX,Sinaloa,Populated place,7,17365,ne-ne_10m_populated_places
1159138349,La Cruz,拉克鲁斯,-106.900023,23.920412,Q2012391,MEX,Sinaloa,Populated place,7,11900,ne-ne_10m_populated_places
1159138353,Agua Prieta,阿瓜普列塔,-109.563039,31.322337,Q397759,MEX,Sonora,Populated place,7,86083,ne-ne_10m_populated_places
1159138357,Ciudad Obregon,奧夫雷貢城,-109.924981,27.466604,Q681340,MEX,Sonora,Populated place,7,288002,ne-ne_10m_populated_places
1159138363,Navajoa,纳沃华,-109.454622,27.081899,Q1001522,MEX,Sonora,Populated place,7,116093,ne-ne_10m_populated_places
1159138367,Caborca,卡波卡,-112.164249,30.716147,Q1024929,MEX,Sonora,Populated place,7,57357,ne-ne_10m_populated_places
1159138371,Mazatlán,马萨特兰,-110.13334,29.017104,Q3311957,MEX,Sonora,Populated place,7,500000,ne-ne_10m_populated_places
1159138375,Cananea,卡纳内阿,-110.300048,30.99042,Q176924,MEX,Sonora,Populated place,7,33433,ne-ne_10m_populated_places
1159138381,Huatabampo,瓦塔万波,-109.630037,26.830415,Q1632892,MEX,Sonora,Populated place,7,30426,ne-ne_10m_populated_places
1159138385,Zacatecas,萨卡特卡斯,-102.580003,22.77043,Q139242,MEX,Zacatecas,Admin-1 capital,7,234481,ne-ne_10m_populated_places
1159138389,Juan Aldama,胡安阿尔达马,-103.389979,24.290415,Q6298792,MEX,Zacatecas,Populated place,7,14162,ne-ne_10m_populated_places
1159138393,Valparaíso,瓦尔帕莱索,-103.569968,22.77043,Q2651632,MEX,Zacatecas,Populated place,7,10545,ne-ne_10m_populated_places
1159138399,Fresnillo,弗雷斯尼約,-102.859985,23.170432,Q1816543,MEX,Zacatecas,Populated place,7,105488,ne-ne_10m_populated_places
1159138403,Linares,利纳雷斯,-99.570031,24.860381,Q991413,MEX,Nuevo León,Populated place,7,57731,ne-ne_10m_populated_places
1159138407,Matehuala,马特瓦拉,-100.650017,23.660376,Q665723,MEX,San Luis Potosí,Populated place,7,67717,ne-ne_10m_populated_places
1159138411,Tamuín,塔穆因,-98.750004,21.980375,Q2655761,MEX,San Luis Potosí,Populated place,7,14748,ne-ne_10m_populated_places
1159138417,Tamazunchale,塔马孙查莱,-98.77995,21.270419,Q2471832,MEX,San Luis Potosí,Populated place,7,72685,ne-ne_10m_populated_places
1159138421,Tula,图拉,-99.719996,23.000391,Q2000148,MEX,Tamaulipas,Populated place,7,9054,ne-ne_10m_populated_places
1159138425,Aldama,阿尔达马,-98.069968,22.920421,Q3851217,MEX,Tamaulipas,Populated place,7,12292,ne-ne_10m_populated_places
1159138429,San Fernando,圣费尔南多,-98.160014,24.850433,Q745811,MEX,Tamaulipas,Populated place,7,29171,ne-ne_10m_populated_places
1159138435,Tecoman,特科曼,-103.879975,18.920381,Q3850513,MEX,Colima,Populated place,7,91321,ne-ne_10m_populated_places
1159138439,Puerto Vallarta,巴亚尔塔港,-105.244982,20.677096,Q853258,MEX,Jalisco,Populated place,7,187134,ne-ne_10m_populated_places
1159138443,La Barca,拉巴尔卡,-102.560004,20.280376,Q568688,MEX,Jalisco,Populated place,7,35345,ne-ne_10m_populated_places
1159138445,Ciudad Guzman,古斯曼城,-103.46,19.710411,Q1094355,MEX,Jalisco,Populated place,7,92161,ne-ne_10m_populated_places
1159138447,Lagos de Moreno,拉戈斯德莫雷诺,-101.929991,21.370413,Q1962295,MEX,Jalisco,Populated place,7,94127,ne-ne_10m_populated_places
1159138451,Morelia,莫雷利亚,-101.189493,19.733381,Q200252,MEX,Michoacán,Admin-1 capital,7,644306,ne-ne_10m_populated_places
1159138455,Lázaro Cárdenas,拉萨罗卡德纳斯,-102.199974,17.958709,Q1785340,MEX,Michoacán,Populated place,7,160087,ne-ne_10m_populated_places
1159138459,Zamora,萨莫拉-德伊达尔戈,-102.280021,19.980368,Q145865,MEX,Michoacán,Populated place,7,214947,ne-ne_10m_populated_places
1159138463,Coalcoman,科阿尔科曼,-103.149968,18.78039,Q3847177,MEX,Michoacán,Populated place,7,10715,ne-ne_10m_populated_places
1159138469,Uruapan,乌鲁阿潘,-102.070008,19.420377,Q399270,MEX,Michoacán,Populated place,7,264531,ne-ne_10m_populated_places
1159138473,Tuxpan,图斯潘,-105.269968,21.930404,Q2652089,MEX,Nayarit,Populated place,7,26115,ne-ne_10m_populated_places
1159138477,Tepic,特皮克,-104.879991,21.505392,Q207972,MEX,Nayarit,Admin-1 capital,7,318781,ne-ne_10m_populated_places
1159138481,Compostela,孔波斯特拉,-104.89999,21.230421,Q2651919,MEX,Nayarit,Populated place,7,16162,ne-ne_10m_populated_places
1159138487,Tecuala,特夸拉,-105.459982,22.400427,Q2449012,MEX,Nayarit,Populated place,7,14921,ne-ne_10m_populated_places
1159138491,Ciudad del Carmen,卡门城,-91.82448,18.653659,Q991435,MEX,Campeche,Populated place,7,156195,ne-ne_10m_populated_places
1159138495,Champotón,钱波通,-90.720003,19.350433,Q584115,MEX,Campeche,Populated place,7,26636,ne-ne_10m_populated_places
1159138499,Salina Cruz,萨利纳克鲁斯,-95.199988,16.167061,Q1640261,MEX,Oaxaca,Populated place,7,81063,ne-ne_10m_populated_places
1159138505,Puerto Escondido,埃斯孔迪多港,-97.065888,15.85918,Q1752991,MEX,Oaxaca,Populated place,7,19488,ne-ne_10m_populated_places
1159138509,Pochutla,波丘特拉,-96.469988,15.730395,Q602726,MEX,Oaxaca,Populated place,7,24481,ne-ne_10m_populated_places
1159138513,Mitla,米特拉遗址,-96.399992,16.917041,Q1366027,MEX,Oaxaca,Populated place,7,7547,ne-ne_10m_populated_places
1159138517,Tlaxiaco,特拉希亚科,-97.680017,17.270405,Q2652096,MEX,Oaxaca,Populated place,7,21391,ne-ne_10m_populated_places
1159138523,Huajuapan de León,瓦华潘德莱昂,-97.789985,17.810371,Q1005759,MEX,Oaxaca,Populated place,7,47844,ne-ne_10m_populated_places
1159138527,Tehuacan,提瓦坎,-97.379984,18.450358,Q842261,MEX,Puebla,Populated place,7,241429,ne-ne_10m_populated_places
1159138531,Teziutlán,特休特兰,-97.359985,19.82043,Q7708625,MEX,Puebla,Populated place,7,177796,ne-ne_10m_populated_places
1159138533,Frontera,弗龙特拉,-92.649988,18.580376,Q2448297,MEX,Tabasco,Populated place,7,22621,ne-ne_10m_populated_places
1159138541,Tenosique,特诺西奎,-91.429985,17.480366,Q2656511,MEX,Tabasco,Populated place,7,32415,ne-ne_10m_populated_places
1159138545,Salamanca,萨拉曼卡,-101.200009,20.57041,Q1801321,MEX,Guanajuato,Populated place,7,197524,ne-ne_10m_populated_places
1159138549,Guanajuato,瓜纳华托,-101.279978,21.020408,Q61306,MEX,Guanajuato,Admin-1 capital,7,112200,ne-ne_10m_populated_places
1159138553,Taxco,塔克斯科,-99.619951,18.570377,Q990095,MEX,Guerrero,Populated place,7,53217,ne-ne_10m_populated_places
1159138559,Ayutla,阿尤特拉,-99.094666,16.964355,Q957478,MEX,Guerrero,Populated place,7,9897,ne-ne_10m_populated_places
1159138563,Ciudad Altamirano,阿尔塔米拉诺城,-100.650017,18.320392,Q2000092,MEX,Guerrero,Populated place,7,24533,ne-ne_10m_populated_places
1159138567,Petatlán,佩塔特兰,-101.270031,17.520415,Q4360151,MEX,Guerrero,Populated place,7,31910,ne-ne_10m_populated_places
1159138571,Pachuca,帕丘卡,-98.735589,20.106424,Q160750,MEX,Hidalgo,Admin-1 capital,7,319581,ne-ne_10m_populated_places
1159138577,Toluca,托卢卡,-99.653179,19.289308,Q209034,MEX,México,Admin-1 capital,7,1531000,ne-ne_10m_populated_places
1159138581,Zumpango,孙潘戈,-99.109982,19.810405,Q1115965,MEX,México,Populated place,7,250000,ne-ne_10m_populated_places
1159138585,Minatitlán,米纳蒂特兰,-94.530003,17.980465,Q991006,MEX,Veracruz,Populated place,7,201902,ne-ne_10m_populated_places
1159138589,Coatzacoalcos,夸察夸尔科斯,-94.42001,18.120404,Q502023,MEX,Veracruz,Populated place,7,287285,ne-ne_10m_populated_places
1159138595,Poza Rica de Hidalgo,波萨里卡,-97.443949,20.525715,Q1010503,MEX,Veracruz,Populated place,7,254481,ne-ne_10m_populated_places
1159138599,Córdoba,科尔多瓦,-96.919986,18.920381,Q989492,MEX,Veracruz,Populated place,7,220563,ne-ne_10m_populated_places
1159138603,Santiago Tuxtla,圣地亚哥·图斯特拉,-95.299982,18.470383,Q4769997,MEX,Veracruz,Populated place,7,15681,ne-ne_10m_populated_places
1159138607,Tuxpam,图斯潘,-97.409982,20.960412,Q1010971,MEX,Veracruz,Populated place,7,109049,ne-ne_10m_populated_places
1159138613,Pánuco,帕努科,-98.189986,22.060448,Q2991100,MEX,Veracruz,Populated place,7,35316,ne-ne_10m_populated_places
1159138617,Pijijiapan,皮希希亞潘,-93.220031,15.690398,Q2571410,MEX,Chiapas,Populated place,7,23675,ne-ne_10m_populated_places
1159138621,Isla Mujeres,穆赫雷斯岛,-86.711455,21.208391,Q927815,MEX,Quintana Roo,Populated place,7,12491,ne-ne_10m_populated_places
1159138625,Felipe Carrillo Puerto,费利佩卡里略波多,-88.049985,19.580393,Q1403187,MEX,Quintana Roo,Populated place,7,24807,ne-ne_10m_populated_places
1159138631,Tizimín,蒂西明,-88.149979,21.130427,Q2085590,MEX,Yucatán,Populated place,7,41993,ne-ne_10m_populated_places
1159138635,Valladolid,巴利亚多利德,-88.200002,20.670404,Q1024731,MEX,Yucatán,Populated place,7,48479,ne-ne_10m_populated_places
1159138639,Izamal,艾扎马,-89.020055,20.930414,Q1020762,MEX,Yucatán,Populated place,7,14954,ne-ne_10m_populated_places
1159138643,Ticul,蒂庫爾,-89.530024,20.400394,Q2657301,MEX,Yucatán,Populated place,7,30519,ne-ne_10m_populated_places
1159138649,Zouirat,祖埃拉特,-12.483306,22.730381,Q227072,MRT,Tiris Zemmour,Populated place,7,56345,ne-ne_10m_populated_places
1159138653,Chegga,舍加,-5.779968,25.3804,Q3498088,MRT,Tiris Zemmour,Populated place,7,10,ne-ne_10m_populated_places
1159138657,Magta Lajar,马格塔拉赫贾尔,-13.499988,17.000395,Q2579658,MRT,Brakna,Populated place,7,10,ne-ne_10m_populated_places
1159138661,Bogue,鲍埃,-14.269967,16.590394,Q890721,MRT,Brakna,Populated place,7,10415,ne-ne_10m_populated_places
1159138667,Boutilimit,布提利米特,-14.700044,17.550387,Q895292,MRT,Trarza,Populated place,7,14142,ne-ne_10m_populated_places
1159138673,Sélibaby,塞利巴比,-12.183324,15.167019,Q1010137,MRT,Guidimaka,Admin-1 capital,7,460,ne-ne_10m_populated_places
1159138677,Kati,卡蒂,-8.080008,12.750422,Q771251,MLI,Bamako,Populated place,7,66895,ne-ne_10m_populated_places
1159138681,Banamba,巴南巴,-7.449995,13.550399,Q572737,MLI,Bamako,Populated place,7,30591,ne-ne_10m_populated_places
1159138687,Kangaba,康加巴,-8.440012,11.94042,Q1031919,MLI,Bamako,Admin-1 capital,7,17232,ne-ne_10m_populated_places
1159138691,Nioro du Sahel,尼奧羅,-9.589968,15.230426,Q614243,MLI,Kayes,Populated place,7,14421,ne-ne_10m_populated_places
1159138695,Bafoulabé,巴富拉贝,-10.820022,13.800384,Q799794,MLI,Kayes,Populated place,7,26823,ne-ne_10m_populated_places
1159138699,Satadougou,萨塔杜古,-11.406601,12.616993,,MLI,Kayes,Populated place,7,706,ne-ne_10m_populated_places
1159138705,Yélimané,耶利馬內,-10.566627,15.133713,Q3574261,MLI,Kayes,Populated place,7,988,ne-ne_10m_populated_places
1159138709,Kita,基塔,-9.483308,13.050404,Q578014,MLI,Kayes,Populated place,7,46435,ne-ne_10m_populated_places
1159138713,Koutiala,庫佳拉,-5.469987,12.390418,Q281000,MLI,Sikasso,Populated place,7,104927,ne-ne_10m_populated_places
1159138717,Sikasso,锡卡索,-5.68,11.320406,Q722827,MLI,Sikasso,Admin-1 capital,7,225753,ne-ne_10m_populated_places
1159138723,Bougouni,布古尼,-7.489967,11.420426,Q848574,MLI,Sikasso,Populated place,7,35450,ne-ne_10m_populated_places
1159138727,Timbedra,廷贝德拉,-8.166618,16.250415,Q986057,MRT,Hodh ech Chargui,Populated place,7,245,ne-ne_10m_populated_places
1159138731,Nema,内马,-7.250007,16.617059,Q752257,MRT,Hodh ech Chargui,Admin-1 capital,7,200000,ne-ne_10m_populated_places
1159138735,Markala,馬爾卡拉,-6.06995,13.670366,Q976115,MLI,Ségou,Populated place,7,53738,ne-ne_10m_populated_places
1159138741,Sokolo,索科洛,-6.133305,14.733738,Q2257485,MLI,Ségou,Populated place,7,4374,ne-ne_10m_populated_places
1159138745,San,桑鎮,-4.900047,13.300414,Q950460,MLI,Ségou,Admin-1 capital,7,41386,ne-ne_10m_populated_places
1159138749,Biu,比乌,12.189995,10.620423,Q2904965,NGA,Borno,Populated place,7,95005,ne-ne_10m_populated_places
1159138753,Bama,巴马,13.690007,11.520394,Q3331583,NGA,Borno,Populated place,7,118121,ne-ne_10m_populated_places
1159138759,Aba,阿巴,7.34998,5.100398,Q202162,NGA,Abia,Populated place,7,897560,ne-ne_10m_populated_places
1159138763,Opobo,奥波博,7.559993,4.570405,Q3238928,NGA,Akwa Ibom,Populated place,7,34911,ne-ne_10m_populated_places
1159138767,Orlu,奥尔吕,7.033307,5.783715,Q3508985,NGA,Imo,Populated place,7,9351,ne-ne_10m_populated_places
1159138771,Oturkpo,欧土帕,8.129984,7.1904,Q3511323,NGA,Benue,Populated place,7,68220,ne-ne_10m_populated_places
1159138777,Calabar,卡拉巴尔,8.330024,4.960407,Q844091,NGA,Cross River,Admin-1 capital,7,461796,ne-ne_10m_populated_places
1159138781,Wukari,烏卡瑞,9.780013,7.87041,Q3509190,NGA,Taraba,Populated place,7,92933,ne-ne_10m_populated_places
1159138785,Jalingo,贾林戈,11.360019,8.900373,Q1023720,NGA,Taraba,Admin-1 capital,7,117757,ne-ne_10m_populated_places
1159138789,Kontagora,孔塔戈拉,5.46994,10.400359,Q994129,NGA,Niger,Populated place,7,98754,ne-ne_10m_populated_places
1159138795,Bida,比达,6.01001,9.080413,Q3320844,NGA,Niger,Populated place,7,173849,ne-ne_10m_populated_places
1159138799,Abeokuta,阿贝奥库塔,3.350017,7.160427,Q206484,NGA,Ogun,Admin-1 capital,7,593100,ne-ne_10m_populated_places
1159138803,Ijebu Ode,伊杰布奥德,3.920008,6.820448,Q1023726,NGA,Ogun,Populated place,7,209175,ne-ne_10m_populated_places
1159138807,Akure,阿庫雷,5.199982,7.250396,Q423831,NGA,Ondo,Admin-1 capital,7,420594,ne-ne_10m_populated_places
1159138813,Ikare,伊卡雷,5.76,7.53043,Q3320803,NGA,Ondo,Populated place,7,1099931,ne-ne_10m_populated_places
1159138817,Owo,奧沃,5.589984,7.200399,Q1788128,NGA,Ondo,Populated place,7,276574,ne-ne_10m_populated_places
1159138821,Ondo,翁多,4.840004,7.090406,Q1853310,NGA,Ondo,Populated place,7,257005,ne-ne_10m_populated_places
1159138825,Ado Ekiti,阿多埃基蒂,5.219981,7.630373,Q359955,NGA,Ekiti,Admin-1 capital,7,446749,ne-ne_10m_populated_places
1159138831,Ife,伊費,4.560021,7.480434,Q180084,NGA,Osun,Populated place,7,482365,ne-ne_10m_populated_places
1159138835,Oshogbo,奥绍博,4.560021,7.770364,Q868203,NGA,Osun,Admin-1 capital,7,408245,ne-ne_10m_populated_places
1159138839,Oyo,奥约,3.929982,7.850437,Q1023703,NGA,Oyo,Populated place,7,736072,ne-ne_10m_populated_places
1159138843,Awka,奧卡,7.069997,6.210434,Q791766,NGA,Anambra,Admin-1 capital,7,500000,ne-ne_10m_populated_places
1159138849,Onitsha,奥尼查,6.779989,6.140412,Q852238,NGA,Anambra,Admin-1 capital,7,73374,ne-ne_10m_populated_places
1159138853,Azare,阿扎雷,10.190013,11.68041,Q793588,NGA,Bauchi,Populated place,7,105687,ne-ne_10m_populated_places
1159138857,Bauchi,包奇,9.840009,10.310364,Q811144,NGA,Bauchi,Admin-1 capital,7,316149,ne-ne_10m_populated_places
1159138861,Gombe,貢貝,11.169954,10.290443,Q591598,NGA,Gombe,Admin-1 capital,7,270366,ne-ne_10m_populated_places
1159138867,Kumo,库莫,11.213052,10.045703,Q12731737,NGA,Gombe,Populated place,7,35712,ne-ne_10m_populated_places
1159138871,Sapele,萨佩莱,5.680004,5.890427,Q3495356,NGA,Delta,Populated place,7,309162,ne-ne_10m_populated_places
1159138875,Nsukka,恩蘇卡,7.383363,6.867034,Q681198,NGA,Enugu,Populated place,7,111017,ne-ne_10m_populated_places
1159138883,Lokoja,洛科贾,6.73994,7.800388,Q994085,NGA,Kogi,Admin-1 capital,7,60579,ne-ne_10m_populated_places
1159138887,Idah,伊达,6.73994,7.110404,Q3048500,NGA,Kogi,Populated place,7,75087,ne-ne_10m_populated_places
1159138891,Lafia,拉菲亚,8.520038,8.490424,Q1023721,NGA,Nassarawa,Admin-1 capital,7,127236,ne-ne_10m_populated_places
1159138895,Keffi,科菲,7.873617,8.849032,Q3510599,NGA,Nassarawa,Populated place,7,85911,ne-ne_10m_populated_places
1159138901,Funtua,丰图阿,7.320008,11.520394,Q3056264,NGA,Katsina,Populated place,7,180475,ne-ne_10m_populated_places
1159138905,Katsina,卡齐纳,7.599991,12.990407,Q937487,NGA,Katsina,Admin-1 capital,7,432149,ne-ne_10m_populated_places
1159138909,Gusau,古紹,6.659996,12.170406,Q600405,NGA,Zamfara,Admin-1 capital,7,226857,ne-ne_10m_populated_places
1159138913,Nguru,恩古鲁,10.449998,12.880388,Q3508977,NGA,Yobe,Populated place,7,111014,ne-ne_10m_populated_places
1159138919,Gashua,加舒阿,11.039987,12.870492,Q5526456,NGA,Yobe,Admin-1 capital,7,125817,ne-ne_10m_populated_places
1159138923,Potiskum,波蒂斯库姆,11.079985,11.710382,Q3309364,NGA,Yobe,Populated place,7,86002,ne-ne_10m_populated_places
1159138927,Birnin Kebbi,比爾寧凱比,4.19994,12.450414,Q865828,NGA,Kebbi,Admin-1 capital,7,108164,ne-ne_10m_populated_places
1159138931,Koko,科科,4.516975,11.42319,,NGA,Kebbi,Populated place,7,25792,ne-ne_10m_populated_places
1159138937,Mubi,穆比,13.270032,10.270341,Q1951627,NGA,Adamawa,Populated place,7,225705,ne-ne_10m_populated_places
1159138941,Numan,努曼,12.04003,9.460442,Q3510590,NGA,Adamawa,Populated place,7,77617,ne-ne_10m_populated_places
1159138945,Dirj,代赖季,10.456664,30.167912,,LBY,Ghadamis,Populated place,7,931,ne-ne_10m_populated_places
1159138951,Nalut,纳鲁特,10.970018,31.880443,Q132409,LBY,Ghadamis,Populated place,7,66609,ne-ne_10m_populated_places
1159138957,Bitola,比托拉,21.339514,41.039057,Q157246,MKD,Bitola,Admin-1 capital,7,86528,ne-ne_10m_populated_places
1159138961,Zillah,齐拉,17.583361,28.550414,Q3648087,LBY,Al Jufrah,Populated place,7,10,ne-ne_10m_populated_places
1159138965,Al Khums,胡姆斯,14.259998,32.660421,Q310381,LBY,Al Marqab,Admin-1 capital,7,201943,ne-ne_10m_populated_places
1159138969,Tajarhi,塔杰希,14.470837,24.370359,Q84160,LBY,Murzuq,Populated place,7,1500,ne-ne_10m_populated_places
1159138975,Umm al Abid,乌姆阿比德,15.033335,27.517014,Q18210632,LBY,Sabha,Populated place,7,300,ne-ne_10m_populated_places
1159138981,Az Zawiyah,扎维耶,12.719988,32.760415,Q221503,LBY,Az Zawiyah,Admin-1 capital,7,200000,ne-ne_10m_populated_places
1159138985,Gharyan,盖尔扬,13.01997,32.170374,Q867102,LBY,Mizdah,Admin-1 capital,7,146810,ne-ne_10m_populated_places
1159138993,Mizdah,米兹达,12.983331,31.433726,Q2266662,LBY,Mizdah,Populated place,7,26107,ne-ne_10m_populated_places
1159138997,Bani Walid,拜尼沃利德,13.989988,31.770398,Q244230,LBY,Bani Walid,Populated place,7,65392,ne-ne_10m_populated_places
1159139001,Al Marj,迈尔季,20.829984,32.500457,Q427646,LBY,Al Hizam Al Akhdar,Populated place,7,169540,ne-ne_10m_populated_places
1159139005,Al Bayda,贝达,21.620013,32.760415,Q35784,LBY,Al Jabal al Akhdar,Populated place,7,1794,ne-ne_10m_populated_places
1159139011,Shahhat,舍哈特,21.862169,32.828137,Q2217718,LBY,Al Jabal al Akhdar,Populated place,7,45000,ne-ne_10m_populated_places
1159139015,El Agheila,埃尔阿盖拉,19.200006,30.257028,Q41339,LBY,Ajdabiya,Populated place,7,100,ne-ne_10m_populated_places
1159139019,Maradah,马拉达,19.216646,29.233705,Q3646468,LBY,Ajdabiya,Populated place,7,2500,ne-ne_10m_populated_places
1159139023,Qaminis,卡米尼斯,20.01546,31.660637,Q36053,LBY,Benghazi,Populated place,7,5348,ne-ne_10m_populated_places
1159139029,As Sidr,錫德拉,18.266626,30.670413,Q291912,LBY,Surt,Populated place,7,50,ne-ne_10m_populated_places
1159139033,Al Jaghbub,贾格布,24.516581,29.750392,Q284251,LBY,Al Butnan,Populated place,7,1744,ne-ne_10m_populated_places
1159139037,Zahlé,扎赫勒,35.904154,33.850116,Q26569,LBN,Mount Lebanon,Admin-1 capital,7,78145,ne-ne_10m_populated_places
1159139041,Ełk,埃烏克,22.349995,53.833702,Q61480,POL,Warmian-Masurian,Populated place,7,55769,ne-ne_10m_populated_places
1159139047,Gdynia,格丁尼亚,18.530021,54.520379,Q385,POL,Pomeranian,Populated place,7,314664,ne-ne_10m_populated_places
1159139051,Wrocław,弗罗茨瓦夫,17.030009,51.110432,Q1799,POL,Lower Silesian,Admin-1 capital,7,634893,ne-ne_10m_populated_places
1159139055,Szczecin,什切青,14.530007,53.420394,Q393,POL,West Pomeranian,Admin-1 capital,7,407811,ne-ne_10m_populated_places
1159139059,Zielona Góra,绿山城,15.500025,51.950406,Q104720,POL,Lubusz,Admin-1 capital,7,118433,ne-ne_10m_populated_places
1159139065,Poznań,波茲南,16.89994,52.405753,Q268,POL,Greater Poland,Admin-1 capital,7,623997,ne-ne_10m_populated_places
1159139069,Grudziądz,格魯瓊茲,18.750008,53.480391,Q123511,POL,Kuyavian-Pomeranian,Populated place,7,102443,ne-ne_10m_populated_places
1159139073,Bydgoszcz,比得哥什,18.010001,53.120413,Q41252,POL,Kuyavian-Pomeranian,Admin-1 capital,7,366452,ne-ne_10m_populated_places
1159139075,Katowice,卡托维兹,19.020017,50.26038,Q588,POL,Silesian,Admin-1 capital,7,2746000,ne-ne_10m_populated_places
1159139083,Gliwice,格利维采,18.670013,50.330376,Q105084,POL,Silesian,Populated place,7,507670,ne-ne_10m_populated_places
1159139087,Kielce,凯尔采,20.66002,50.890394,Q102317,POL,Swietokrzyskie,Admin-1 capital,7,215733,ne-ne_10m_populated_places
1159139091,Białystok,比亚韦斯托克,23.182319,53.131696,Q761,POL,Podlachian,Admin-1 capital,7,291855,ne-ne_10m_populated_places
1159139095,Lublin,卢布林,22.57272,51.250398,Q37333,POL,Lublin,Admin-1 capital,7,360044,ne-ne_10m_populated_places
1159139101,Rzeszów,热舒夫,21.995992,50.028655,Q598,POL,Subcarpathian,Admin-1 capital,7,245686,ne-ne_10m_populated_places
1159139105,Kudymkar,库德姆卡尔,54.633037,59.016177,Q155936,RUS,Komi-Permyak,Admin-1 capital,7,32423,ne-ne_10m_populated_places
1159139111,Kungur,昆古尔,56.954342,57.434775,Q155974,RUS,Perm',Populated place,7,66389,ne-ne_10m_populated_places
1159139117,Krasnokamsk,克拉斯诺卡姆斯克,55.744287,58.074736,Q155632,RUS,Perm',Populated place,7,52689,ne-ne_10m_populated_places
1159139121,Chusovoy,丘索沃伊,57.81305,58.29343,Q198143,RUS,Perm',Populated place,7,72113,ne-ne_10m_populated_places
1159139125,Gubakha,古巴哈,57.588722,58.869132,Q134670,RUS,Perm',Populated place,7,31424,ne-ne_10m_populated_places
1159139129,Olgiy,乌列盖,89.950003,48.933691,Q297060,MNG,Bayan-Ölgiy,Admin-1 capital,7,34934,ne-ne_10m_populated_places
1159139135,Xaignabouri,沙耶武里,101.750058,19.250464,Q2344474,LAO,Xaignabouri,Admin-1 capital,7,16200,ne-ne_10m_populated_places
1159139139,Pakxe,巴色,105.818337,15.12206,Q383622,LAO,Champasak,Admin-1 capital,7,102775,ne-ne_10m_populated_places
1159139143,Phonsavan,丰沙湾,103.195997,19.451896,Q1011711,LAO,Xiangkhoang,Populated Place,7,37507,ne-ne_10m_populated_places
1159139147,Louangphrabang,琅勃拉邦,102.14161,19.884534,Q190165,LAO,Louangphrabang,Admin-1 capital,7,107142,ne-ne_10m_populated_places
1159139153,Thakhek,他曲,104.836123,17.411197,Q1018701,LAO,Khammouan,Admin-1 capital,7,76928,ne-ne_10m_populated_places
1159139157,Ulaan-Uul,乌兰乌尔,111.233303,44.333714,,MNG,Dornogovi,Populated place,7,3726,ne-ne_10m_populated_places
1159139161,Pyongsan,平壤,126.386642,38.33669,Q18808,PRK,Hwanghae-bukto,Populated place,7,66260,ne-ne_10m_populated_places
1159139165,Ongjin,瓯津,125.357092,37.937102,,PRK,Hwanghae-namdo,Populated place,7,69195,ne-ne_10m_populated_places
1159139171,Haeju,海州,125.714383,38.039421,Q714865,PRK,Hwanghae-namdo,Admin-1 capital,7,224231,ne-ne_10m_populated_places
1159139175,Kilchu,吉州郡,129.320416,40.960431,Q196062,PRK,Hamgyong-bukto,Populated place,7,101165,ne-ne_10m_populated_places
1159139179,Musan,茂山郡,129.230396,42.230431,,PRK,Hamgyong-bukto,Populated place,7,80146,ne-ne_10m_populated_places
1159139183,Rason,罗先,130.402727,42.337686,Q221734,PRK,Hamgyong-bukto,Populated place,7,60864,ne-ne_10m_populated_places
1159139189,Kanggye,江界,126.603218,40.973221,Q489825,PRK,Chagang-do,Admin-1 capital,7,299514,ne-ne_10m_populated_places
1159139199,Taedong,大同,125.45011,40.617093,,PRK,P'yongan-bukto,Populated place,7,1884,ne-ne_10m_populated_places
1159139203,Chongju,定州,125.216326,39.681285,Q213169,PRK,P'yongan-bukto,Populated place,7,141769,ne-ne_10m_populated_places
1159139209,Hyeson,惠山,128.192733,41.39273,Q489829,PRK,Ryanggang,Admin-1 capital,7,227461,ne-ne_10m_populated_places
1159139211,Hodrogo,霍卓戈,96.783281,48.966428,,MNG,Dzavhan,Populated place,7,10,ne-ne_10m_populated_places
1159139217,Karasburg,卡拉斯堡,18.739982,-28.019596,Q1003328,NAM,Karas,Admin-1 capital,7,6054,ne-ne_10m_populated_places
1159139221,Bethanie,贝塔尼,17.150002,-26.499534,Q251677,NAM,Karas,Admin-1 capital,7,10363,ne-ne_10m_populated_places
1159139227,Oranjemund,奥兰治蒙德,16.429994,-28.549486,Q1404518,NAM,Karas,Populated place,7,8496,ne-ne_10m_populated_places
1159139231,Mariental,马林塔尔,17.959927,-24.619597,Q876166,NAM,Hardap,Admin-1 capital,7,13380,ne-ne_10m_populated_places
1159139235,Rehoboth,里霍博斯,17.080032,-23.319573,Q700050,NAM,Hardap,Admin-1 capital,7,25219,ne-ne_10m_populated_places
1159139239,Outjo,奧喬,16.140038,-20.109536,Q1704346,NAM,Kunene,Admin-1 capital,7,6557,ne-ne_10m_populated_places
1159139245,Opuwo,奥普沃,13.820024,-18.059584,Q1024089,NAM,Kunene,Populated place,7,4857,ne-ne_10m_populated_places
1159139249,Usakos,烏薩科斯,15.58002,-21.99955,Q1457265,NAM,Erongo,Populated place,7,9147,ne-ne_10m_populated_places
1159139253,Okahandja,奥卡汉贾,16.910017,-21.979603,Q597491,NAM,Otjozondjupa,Admin-1 capital,7,20879,ne-ne_10m_populated_places
1159139257,Otjiwarongo,奥奇瓦龙戈,16.640007,-20.459541,Q993149,NAM,Otjozondjupa,Admin-1 region capital,7,24815,ne-ne_10m_populated_places
1159139263,Oshikango,奧希坎戈,15.880002,-17.399521,Q2033319,NAM,Ohangwena,Populated place,7,12423,ne-ne_10m_populated_places
1159139267,Cuangar,寬加爾,18.61999,-17.609534,Q203050,NAM,Kavango,Populated place,7,500,ne-ne_10m_populated_places
1159139271,Katima Mulilo,卡蒂马穆利洛,24.260007,-17.499618,Q864100,NAM,Caprivi,Populated place,7,25027,ne-ne_10m_populated_places
1159139275,Mucusso,穆库索,21.429999,-18.019534,Q1106933,AGO,Cuando Cubango,Populated place,7,100,ne-ne_10m_populated_places
1159139279,Dawra,道拉,-12.992189,27.462909,Q1165464,MAR,LaRyoune - Boujdour - Sakia El Hamra,Populated place,7,10,ne-ne_10m_populated_places
1159139283,Lemsid,沃赞,-13.848192,26.548187,Q6521520,MAR,LaRyoune - Boujdour - Sakia El Hamra,Populated place,7,100,ne-ne_10m_populated_places
1159139287,Tan Tan,谭谭,-11.100031,28.430395,Q936316,MAR,Guelmim - Es-Semara,Populated place,7,64868,ne-ne_10m_populated_places
1159139291,Utkholok,乌特霍洛克,157.233338,57.550401,,RUS,Kamchatka,Populated place,7,10,ne-ne_10m_populated_places
1159139297,Bol'sheretsk,乌斯季博利舍列茨克,156.359386,52.438981,,RUS,Kamchatka,Populated place,7,10,ne-ne_10m_populated_places
1159139301,Il'pyrskiy,伊尔皮尔斯基,164.172005,59.967388,Q4199946,RUS,Kamchatka,Populated place,7,10,ne-ne_10m_populated_places
1159139305,Korf,科尔夫,165.818343,60.332065,Q1210332,RUS,Kamchatka,Populated place,7,400,ne-ne_10m_populated_places
1159139309,Bir Anzarane,比尔恩扎兰,-14.53331,23.883748,Q4915523,MAR,Oued el Dahab,Populated place,7,6597,ne-ne_10m_populated_places
1159139315,Binjai,民礼,98.500075,3.620359,Q5954,IDN,Sumatera Utara,Populated place,7,564979,ne-ne_10m_populated_places
1159139319,Padangsidempuan,巴東石林潘,99.273361,1.388738,Q5974,IDN,Sumatera Utara,Populated place,7,266882,ne-ne_10m_populated_places
1159139323,Tarutung,打鹿洞,98.966662,2.017072,Q1883729,IDN,Sumatera Utara,Populated place,7,1305,ne-ne_10m_populated_places
1159139327,Tebingtinggi,直名丁宜,99.130011,3.330377,Q5989,IDN,Sumatera Utara,Populated place,7,268043,ne-ne_10m_populated_places
1159139333,Tidore,蒂多雷,127.435983,0.696377,Q19153,IDN,Maluku Utara,Populated place,7,60611,ne-ne_10m_populated_places
1159139337,Bukittinggi,武吉丁宜,100.36146,-0.303148,Q7248,IDN,Sumatera Barat,Populated place,7,506964,ne-ne_10m_populated_places
1159139341,Sawahlunto,沙哇倫多,100.783347,-0.666278,Q7263,IDN,Sumatera Barat,Populated place,7,50354,ne-ne_10m_populated_places
1159139345,Padangpanjang,巴當班讓,100.416651,-0.449599,Q7256,IDN,Sumatera Barat,Populated place,7,44096,ne-ne_10m_populated_places
1159139351,Amahai,马索希,128.940491,-3.328132,Q6783501,IDN,Maluku,Populated place,7,47653,ne-ne_10m_populated_places
1159139355,Mataram,馬塔蘭,116.135019,-8.579542,Q14126,IDN,Nusa Tenggara Barat,Admin-1 capital,7,499409,ne-ne_10m_populated_places
1159139359,Praya,普拉亚,116.292322,-8.722324,Q967690,IDN,Nusa Tenggara Barat,Populated place,7,35183,ne-ne_10m_populated_places
1159139363,Baubau,巴务巴务,122.616329,-5.469861,Q15378,IDN,Sulawesi Tenggara,Populated place,7,24412,ne-ne_10m_populated_places
1159139369,Luwuk,盧武克,122.790014,-0.939595,Q2152993,IDN,Sulawesi Tengah,Populated place,7,47778,ne-ne_10m_populated_places
1159139373,Poso,波索,120.760008,-1.389593,Q8167769,IDN,Sulawesi Tengah,Populated place,7,47110,ne-ne_10m_populated_places
1159139377,Biak,比亞克島,136.048481,-1.161494,Q855314,IDN,Papua,Populated place,7,103610,ne-ne_10m_populated_places
1159139381,Timika,蒂米卡,136.88998,-4.549607,Q1026405,IDN,Papua,Populated place,7,26021,ne-ne_10m_populated_places
1159139387,Saint-Georges,聖喬治,-51.810001,3.910471,Q731606,FRA,Amapá,Populated place,7,2742,ne-ne_10m_populated_places
1159139391,Drogheda,德罗赫达,-6.350462,53.708887,Q207223,IRL,Louth,Populated place,7,36533,ne-ne_10m_populated_places
1159139395,Dundalk,邓多克,-6.395592,53.999796,Q204956,IRL,Louth,Admin-1 capital,7,38884,ne-ne_10m_populated_places
1159139399,Galway,戈尔韦,-9.048812,53.272393,Q129610,IRL,Galway,Admin-1 capital,7,75594,ne-ne_10m_populated_places
1159139407,Kilkenny,基尔肯尼,-7.252255,52.65455,Q109092,IRL,Kilkenny,Admin-1 capital,7,21589,ne-ne_10m_populated_places
1159139411,Killarney,基拉尼,-9.516665,52.0504,Q623382,IRL,Kerry,Populated place,7,11902,ne-ne_10m_populated_places
1159139415,Sligo,斯莱戈,-8.483317,54.267061,Q190002,IRL,Sligo,Admin-1 capital,7,20228,ne-ne_10m_populated_places
1159139419,Bolama,博拉马,-15.482804,11.582953,Q681802,GNB,Bolama,Admin-1 capital,7,10769,ne-ne_10m_populated_places
1159139425,Bafatá,巴法塔,-14.666015,12.166995,Q799788,GNB,Bafatá,Admin-1 capital,7,29704,ne-ne_10m_populated_places
1159139429,Mbaïki,姆拜基,17.999976,3.870421,Q593435,CAF,Lobaye,Admin-1 capital,7,67132,ne-ne_10m_populated_places
1159139433,Carnot,卡諾,15.866618,4.93369,Q521702,CAF,Mambéré-Kadéï,Populated place,7,38071,ne-ne_10m_populated_places
1159139437,Bozoum,博祖姆,16.38333,6.31699,Q896185,CAF,Ouham-Pendé,Admin-1 capital,7,40201,ne-ne_10m_populated_places
1159139443,Kaga Bandoro,卡加班多罗,19.180007,6.980387,Q1210015,CAF,Nana-Grébizi,Admin-1 capital,7,56520,ne-ne_10m_populated_places
1159139447,Parma,帕尔马,10.320031,44.810429,Q2683,ITA,Emilia-Romagna,Populated place,7,166011,ne-ne_10m_populated_places
1159139451,Ravenna,拉文纳,12.220019,44.420375,Q13364,ITA,Emilia-Romagna,Populated place,7,134631,ne-ne_10m_populated_places
1159139455,Ferrara,费拉拉,11.609927,44.850426,Q13362,ITA,Emilia-Romagna,Populated place,7,130992,ne-ne_10m_populated_places
1159139461,Bologna,波隆那,11.340021,44.500422,Q1891,ITA,Emilia-Romagna,Admin-1 region capital,7,488172,ne-ne_10m_populated_places
1159139465,Olbia,奥尔比亚,9.515072,40.914285,Q13630,ITA,Sardegna,Populated place,7,45366,ne-ne_10m_populated_places
1159139469,Cagliari,卡利亞里,9.103981,39.222398,Q1897,ITA,Sardegna,Admin-1 region capital,7,291511,ne-ne_10m_populated_places
1159139473,Pisa,比萨,10.400026,43.72047,Q13375,ITA,Toscana,Populated place,7,203336,ne-ne_10m_populated_places
1159139479,Livorno,里窝那,10.302275,43.551134,Q6761,ITA,Toscana,Populated place,7,156274,ne-ne_10m_populated_places
1159139483,Siena,锡耶纳,11.349994,43.317032,Q2751,ITA,Toscana,Populated place,7,52625,ne-ne_10m_populated_places
1159139487,Arezzo,阿雷佐,11.874975,43.461726,Q13378,ITA,Toscana,Populated place,7,91589,ne-ne_10m_populated_places
1159139491,Catanzaro,卡坦扎罗,16.60001,38.900376,Q3883,ITA,Calabria,Admin-1 region capital,7,95251,ne-ne_10m_populated_places
1159139497,Salerno,萨莱诺,14.769941,40.680397,Q1083,ITA,Campania,Populated place,7,954265,ne-ne_10m_populated_places
1159139501,Benevento,贝内文托,14.749993,41.133702,Q13437,ITA,Campania,Populated place,7,61791,ne-ne_10m_populated_places
1159139505,Bari,巴里,16.872758,41.11422,Q3519,ITA,Apulia,Admin-1 region capital,7,500577,ne-ne_10m_populated_places
1159139509,Foggia,福賈,15.55997,41.460478,Q13464,ITA,Apulia,Populated place,7,155203,ne-ne_10m_populated_places
1159139515,Lecce,莱切,18.149993,40.36039,Q13386,ITA,Apulia,Populated place,7,162582,ne-ne_10m_populated_places
1159139519,Brindisi,布林迪西,17.930006,40.640347,Q13496,ITA,Apulia,Populated place,7,104437,ne-ne_10m_populated_places
1159139523,Taranto,塔兰托,17.229997,40.508392,Q13498,ITA,Apulia,Populated place,7,202033,ne-ne_10m_populated_places
1159139527,Messina,赞克勒,15.549996,38.200471,Q13666,ITA,Sicily,Populated place,7,252026,ne-ne_10m_populated_places
1159139533,Marsala,马尔萨拉,12.438662,37.805404,Q481514,ITA,Sicily,Populated place,7,77784,ne-ne_10m_populated_places
1159139537,Siracusa,锡拉库萨,15.28996,37.070359,Q13670,ITA,Sicily,Populated place,7,123657,ne-ne_10m_populated_places
1159139541,Pescara,佩斯卡拉,14.218656,42.45543,Q2704,ITA,Abruzzo,Populated place,7,314789,ne-ne_10m_populated_places
1159139545,L'Aquila,拉奎拉,13.390025,42.350398,Q3476,ITA,Abruzzo,Admin-1 region capital,7,68503,ne-ne_10m_populated_places
1159139551,Civitavecchia,奇维塔韦基亚,11.799993,42.100413,Q242533,ITA,Lazio,Populated place,7,61316,ne-ne_10m_populated_places
1159139555,Ancona,安科納,13.499941,43.600374,Q3415,ITA,Marche,Admin-1 region capital,7,100507,ne-ne_10m_populated_places
1159139559,Perugia,佩鲁贾,12.389983,43.110378,Q3437,ITA,Umbria,Admin-1 region capital,7,149125,ne-ne_10m_populated_places
1159139563,Al Aqabah,亚喀巴,35.077693,29.526995,Q180522,JOR,Aqaba,Admin-1 capital,7,95048,ne-ne_10m_populated_places
1159139569,Al Karak,卡拉克,35.704735,31.185111,Q31572,JOR,Karak,Admin-1 capital,7,80062,ne-ne_10m_populated_places
1159139573,Zemio,泽米奥,25.133287,5.033658,Q1771417,CAF,Haut-Mbomou,Populated place,7,20000,ne-ne_10m_populated_places
1159139577,Yakossi,亚科西,23.316654,5.617007,,CAF,Mbomou,Populated place,7,500,ne-ne_10m_populated_places
1159139581,Bergamo,贝尔加莫,9.669993,45.7004,Q628,ITA,Lombardia,Populated place,7,200000,ne-ne_10m_populated_places
1159139587,Trieste,的里雅斯特,13.800026,45.650378,Q546,ITA,Friuli-Venezia Giulia,Admin-1 region capital,7,216035,ne-ne_10m_populated_places
1159139591,Bolzano,波尔查诺,11.360019,46.500429,Q6526,ITA,Trentino-Alto Adige,Populated place,7,95895,ne-ne_10m_populated_places
1159139597,Trento,特伦托,11.119983,46.080429,Q3376,ITA,Trentino-Alto Adige,Admin-1 region capital,7,107808,ne-ne_10m_populated_places
1159139603,Verona,维罗纳,10.990016,45.44039,Q2028,ITA,Veneto,Populated place,7,347459,ne-ne_10m_populated_places
1159139607,Langsa,冷沙,97.966361,4.673577,Q5781,IDN,Aceh,Populated place,7,117256,ne-ne_10m_populated_places
1159139611,Longxi,陇西,104.671479,35.002721,,CHN,Gansu,Populated place,7,355037,ne-ne_10m_populated_places
1159139615,Pingliang,平凉,106.680093,35.530375,Q533985,CHN,Gansu,Populated place,7,207256,ne-ne_10m_populated_places
1159139621,Anxi,安溪,95.799982,40.500434,Q4778099,CHN,Gansu,Populated place,7,17886,ne-ne_10m_populated_places
1159139625,Minxian,岷县,104.03059,34.436178,,CHN,Gansu,Populated place,7,67826,ne-ne_10m_populated_places
1159139629,Jinchang,金昌,102.173908,38.495698,Q532776,CHN,Gansu,Populated place,7,144363,ne-ne_10m_populated_places
1159139633,Guide,贵德,101.424186,36.045098,,CHN,Gansu,Populated place,7,7642,ne-ne_10m_populated_places
1159139639,Qinzhou,钦州,108.619974,21.950429,Q571766,CHN,Guangxi,Populated place,7,245376,ne-ne_10m_populated_places
1159139643,Pingxiang,凭祥,106.756677,22.097371,Q1027734,CHN,Guangxi,Populated place,7,31109,ne-ne_10m_populated_places
1159139647,Yishan,峄山镇,108.66669,24.500377,,CHN,Guangxi,Populated place,7,47062,ne-ne_10m_populated_places
1159139651,Beihai,北海,109.100048,21.480406,Q210365,CHN,Guangxi,Populated place,7,728978,ne-ne_10m_populated_places
1159139657,Hechi,河池,108.083,24.695252,Q572089,CHN,Guangxi,Populated place,7,3830000,ne-ne_10m_populated_places
1159139661,Tongren,铜仁,109.130021,27.680415,Q486235,CHN,Guizhou,Populated place,7,118290,ne-ne_10m_populated_places
1159139667,Fengjie,奉节,109.516664,31.050442,,CHN,Chongqing,Populated place,7,49168,ne-ne_10m_populated_places
1159139669,Changping,常平镇,116.194396,40.224766,,CHN,Beijing,Populated place,7,614821,ne-ne_10m_populated_places
1159139675,Shaowu,邵武,117.500001,27.300387,Q1025451,CHN,Fujian,Populated place,7,112585,ne-ne_10m_populated_places
1159139679,Longyan,龙岩,116.995048,25.073515,Q68862,CHN,Fujian,Populated place,7,367896,ne-ne_10m_populated_places
1159139683,Zhangzhou,漳州,117.670016,24.520375,Q68814,CHN,Fujian,Populated place,7,3531147,ne-ne_10m_populated_places
1159139687,Putian,莆田,119.020011,25.430346,Q68579,CHN,Fujian,Populated place,7,376558,ne-ne_10m_populated_places
1159139693,Fuan,福安,119.620026,27.070426,Q1374581,CHN,Fujian,Populated place,7,92470,ne-ne_10m_populated_places
1159139697,Changting,长汀县,116.316662,25.866986,,CHN,Fujian,Populated place,7,87458,ne-ne_10m_populated_places
1159139701,Nanping,南平,118.169986,26.630376,Q68534,CHN,Fujian,Populated place,7,213054,ne-ne_10m_populated_places
1159139707,Ninde,蕉城区,119.530058,26.680373,Q1337912,CHN,Fujian,Populated place,7,314077,ne-ne_10m_populated_places
1159139713,Jieshou,界首,115.350003,33.250437,Q1018527,CHN,Anhui,Populated place,7,141993,ne-ne_10m_populated_places
1159139717,Tongling,铜陵,117.780035,30.950448,Q360326,CHN,Anhui,Populated place,7,562832,ne-ne_10m_populated_places
1159139721,Maanshan,马鞍山,118.485148,31.672564,Q360235,CHN,Anhui,Populated place,7,1366302,ne-ne_10m_populated_places
1159139725,Fuyang,阜阳,115.82,32.900407,Q360584,CHN,Anhui,Populated place,7,170023,ne-ne_10m_populated_places
1159139731,Yangjiang,阳江,111.970002,21.850409,Q59209,CHN,Guangdong,Populated place,7,872363,ne-ne_10m_populated_places
1159139735,Meizhou,梅州,116.119982,24.300492,Q59184,CHN,Guangdong,Populated place,7,414930,ne-ne_10m_populated_places
1159139739,Heyuan,河源,114.680018,23.730424,Q59205,CHN,Guangdong,Populated place,7,330961,ne-ne_10m_populated_places
1159139743,Qingyuan,清远,113.030093,23.7004,Q59213,CHN,Guangdong,Populated place,7,706717,ne-ne_10m_populated_places
1159139749,Zhaoqing,肇庆,112.450025,23.050413,Q59164,CHN,Guangdong,Populated place,7,480000,ne-ne_10m_populated_places
1159139753,Lianxian,连州,112.382535,24.781522,Q1023910,CHN,Guangdong,Populated place,7,203639,ne-ne_10m_populated_places
1159139757,Jiangmen,江门,113.080012,22.58039,Q59132,CHN,Guangdong,Populated place,7,532419,ne-ne_10m_populated_places
1159139761,Maoming,茂名,110.870018,21.920405,Q38927,CHN,Guangdong,Populated place,7,1217715,ne-ne_10m_populated_places
1159139767,Indramayu,南安由,108.319011,-6.335648,Q838033,IDN,Jawa Barat,Populated place,7,123263,ne-ne_10m_populated_places
1159139771,Sukabumi,苏加武眉,106.899976,-6.909618,Q10397,IDN,Jawa Barat,Populated place,7,276414,ne-ne_10m_populated_places
1159139775,Cilacap,芝拉扎,109.015402,-7.71882,Q12478970,IDN,Jawa Tengah,Populated place,7,1174964,ne-ne_10m_populated_places
1159139779,Pati,巴蒂,111.034659,-6.741515,Q4135102,IDN,Jawa Tengah,Populated place,7,122785,ne-ne_10m_populated_places
1159139785,Pakalongan,北加浪岸,109.670039,-6.879594,Q11026,IDN,Jawa Tengah,Populated place,7,272000,ne-ne_10m_populated_places
1159139791,Tegal,直葛,109.119996,-6.869569,Q11027,IDN,Jawa Tengah,Populated place,7,237084,ne-ne_10m_populated_places
1159139795,Salatiga,沙拉迪加,110.490093,-7.309542,Q11021,IDN,Jawa Tengah,Populated place,7,176000,ne-ne_10m_populated_places
1159139801,Magelang,馬格朗,110.179982,-7.469584,Q11017,IDN,Jawa Tengah,Populated place,7,111461,ne-ne_10m_populated_places
1159139805,Serang,西冷,106.149634,-6.109977,Q10126,IDN,Banten,Populated place,7,164767,ne-ne_10m_populated_places
1159139809,Bekasi,勿加泗,106.972323,-6.217257,Q10392,IDN,Jakarta Raya,Populated place,7,2378211,ne-ne_10m_populated_places
1159139813,Singkawang,山口洋,108.96547,0.911981,Q14169,IDN,Kalimantan Barat,Populated place,7,248012,ne-ne_10m_populated_places
1159139819,Bandar Lampung,班達楠榜,105.300022,-5.449604,Q8156,IDN,Lampung,Admin-1 capital,7,881801,ne-ne_10m_populated_places
1159139823,Perabumulih,普拉布穆利,104.231457,-3.443163,Q8133,IDN,Sumatera Selatan,Populated place,7,103470,ne-ne_10m_populated_places
1159139827,Kuta,登巴萨,115.184121,-8.715113,Q11506,IDN,Bali,Populated place,7,30012,ne-ne_10m_populated_places
1159139831,Singaraja,新加拉惹,115.094398,-8.115199,Q1013537,IDN,Bali,Populated place,7,234468,ne-ne_10m_populated_places
1159139837,Sumenep,蘇民納縣,113.849629,-7.00491,Q11137,IDN,Jawa Timur,Admin-1 capital,7,84656,ne-ne_10m_populated_places
1159139841,Banyuwangi,外南夢,114.369597,-8.195018,Q4857377,IDN,Jawa Timur,Populated place,7,172424,ne-ne_10m_populated_places
1159139845,Tuban,厨闽,112.049998,-6.899541,Q17058459,IDN,Jawa Timur,Admin-1 capital,7,76242,ne-ne_10m_populated_places
1159139849,Probolinggo,龐越,113.150034,-7.749619,Q11450,IDN,Jawa Timur,Populated place,7,181656,ne-ne_10m_populated_places
1159139855,Pasuruan,岩望,112.900023,-7.629574,Q11449,IDN,Jawa Timur,Populated place,7,500000,ne-ne_10m_populated_places
1159139859,Mojokerto,莫佐克托,112.429974,-7.469584,Q11447,IDN,Jawa Timur,Populated place,7,112557,ne-ne_10m_populated_places
1159139863,Madiun,茉莉芬,111.514991,-7.634587,Q11444,IDN,Jawa Timur,Populated place,7,186099,ne-ne_10m_populated_places
1159139867,Kediri,諫義里,112.000026,-7.789616,Q11443,IDN,Jawa Timur,Populated place,7,235143,ne-ne_10m_populated_places
1159139873,Blitar,勿里達,112.149991,-8.069599,Q11441,IDN,Jawa Timur,Populated place,7,132416,ne-ne_10m_populated_places
1159139877,Waingapu,哥打瓦英阿普,120.253011,-9.658236,Q781361,IDN,Nusa Tenggara Timur,Populated place,7,48828,ne-ne_10m_populated_places
1159139881,Maumere,毛梅雷,122.212323,-8.618868,Q1911163,IDN,Nusa Tenggara Timur,Populated place,7,104285,ne-ne_10m_populated_places
1159139885,Ende,英德,121.648946,-8.862316,Q1340301,IDN,Nusa Tenggara Timur,Populated place,7,77205,ne-ne_10m_populated_places
1159139891,Makale,马卡勒,119.853087,-3.096828,Q57079173,IDN,Sulawesi Selatan,Populated place,7,9960,ne-ne_10m_populated_places
1159139895,Palopo,帕洛波,120.236319,-3.099928,Q14635,IDN,Sulawesi Selatan,Populated place,7,2444,ne-ne_10m_populated_places
1159139899,Watampone,瓦坦波尼,120.333368,-4.532813,Q984451,IDN,Sulawesi Selatan,Populated place,7,81629,ne-ne_10m_populated_places
1159139903,Pinrang,平朗,119.652221,-3.785726,,IDN,Sulawesi Selatan,Populated place,7,182731,ne-ne_10m_populated_places
1159139909,Majene,马杰内,118.966009,-3.533597,,IDN,Sulawesi Barat,Populated place,7,272377,ne-ne_10m_populated_places
1159139913,Saint-Étienne,圣艾蒂安,4.380032,45.430391,Q42716,FRA,Rhône-Alpes,Populated place,7,265684,ne-ne_10m_populated_places
1159139917,Grenoble,格勒诺布尔,5.720002,45.18038,Q1289,FRA,Rhône-Alpes,Populated place,7,388574,ne-ne_10m_populated_places
1159139921,Macará,馬卡拉,-79.949988,-4.379592,Q6722685,ECU,Loja,Populated place,7,13035,ne-ne_10m_populated_places
1159139927,Zamora,萨莫拉,-78.969997,-4.069585,Q2283736,ECU,Zamora Chinchipe,Admin-1 capital,7,15276,ne-ne_10m_populated_places
1159139931,Latacunga,拉塔昆加,-78.609967,-0.92957,Q379338,ECU,Cotopaxi,Admin-1 capital,7,94972,ne-ne_10m_populated_places
1159139935,Milagro,米拉格罗,-79.599984,-2.179623,Q773238,ECU,Guayas,Populated place,7,109970,ne-ne_10m_populated_places
1159139939,Babahoyo,巴巴奧約,-79.540014,-1.799594,Q797568,ECU,Los Rios,Admin-1 capital,7,76279,ne-ne_10m_populated_places
1159139945,Chone,喬內,-80.090006,-0.689585,Q2756591,ECU,Manabi,Populated place,7,44751,ne-ne_10m_populated_places
1159139949,Jipijapa,希皮哈帕,-80.580002,-1.349596,,ECU,Manabi,Populated place,7,35901,ne-ne_10m_populated_places
1159139953,Yaupi,油皮,-77.936339,-2.85431,Q8050349,ECU,Morona Santiago,Populated place,7,293,ne-ne_10m_populated_places
1159139957,Macas,马卡斯,-78.119997,-2.309589,Q1014554,ECU,Morona Santiago,Admin-1 capital,7,23687,ne-ne_10m_populated_places
1159139963,Cayambe,卡掦貝,-78.159994,0.05037,Q1051957,ECU,Pichincha,Populated place,7,27881,ne-ne_10m_populated_places
1159139967,Ambato,安巴托,-78.619992,-1.269601,Q210161,ECU,Napo,Admin-1 capital,7,281425,ne-ne_10m_populated_places
1159139971,Tena,特纳,-77.80999,-0.979593,Q994312,ECU,Tungurahua,Admin-1 capital,7,31126,ne-ne_10m_populated_places
1159139975,Yarumal,亞魯馬爾,-75.590487,7.03059,Q972405,COL,Antioquia,Populated place,7,35315,ne-ne_10m_populated_places
1159139981,Puerto Berrío,贝里奥港,-74.420016,6.480443,Q1946640,COL,Antioquia,Populated place,7,33983,ne-ne_10m_populated_places
1159139985,Turbo,圖爾博,-76.739978,8.10037,Q727559,COL,Antioquia,Populated place,7,50508,ne-ne_10m_populated_places
1159139989,Tunja,通哈,-73.370028,5.550448,Q236744,COL,Boyacá,Admin-1 capital,7,161412,ne-ne_10m_populated_places
1159139993,Chiquinquirá,奇金基拉,-73.819949,5.620392,Q951897,COL,Boyacá,Populated place,7,53975,ne-ne_10m_populated_places
1159139999,Duitama,杜伊塔马,-73.02005,5.830457,Q1011125,COL,Boyacá,Populated place,7,101156,ne-ne_10m_populated_places
1159140003,Ayapel,阿亞佩爾,-75.150023,8.330407,Q2430087,COL,Córdoba,Populated place,7,23639,ne-ne_10m_populated_places
1159140007,Lorica,聖克魯斯德洛里卡,-75.816003,9.241851,Q775761,COL,Córdoba,Populated place,7,52771,ne-ne_10m_populated_places
1159140013,Socorro,索科羅,-73.269983,6.460341,Q979980,COL,Santander,Populated place,7,24895,ne-ne_10m_populated_places
1159140019,Riohacha,里奥阿查,-72.909979,11.540341,Q826566,COL,La Guajira,Admin-1 capital,7,133186,ne-ne_10m_populated_places
1159140023,Cienfuegos,西恩富戈斯,-80.440294,22.144448,Q190005,CUB,Cienfuegos,Admin-1 capital,7,186644,ne-ne_10m_populated_places
1159140027,Nueva Gerona,新赫罗纳,-82.799995,21.883715,Q833946,CUB,Isla de la Juventud,Admin-1 capital,7,25566,ne-ne_10m_populated_places
1159140031,Sancti Spíritus,圣斯皮里图斯,-79.4425,21.930146,Q845720,CUB,Sancti Spíritus,Admin-1 capital,7,127069,ne-ne_10m_populated_places
1159140037,Sixaola,锡克绍拉,-82.61998,9.520387,Q1759580,CRI,Limón,Populated place,7,1823,ne-ne_10m_populated_places
1159140041,Puntarenas,蓬塔雷納斯,-84.83359,9.970164,Q30687,CRI,Puntarenas,Admin-1 capital,7,57102,ne-ne_10m_populated_places
1159140045,Ciudad Cortés,科爾特斯城區,-83.530002,8.960369,Q3925393,CRI,Puntarenas,Populated place,7,3850,ne-ne_10m_populated_places
1159140049,Quesada,克薩達,-84.439973,10.330492,Q787675,CRI,Alajuela,Populated place,7,31106,ne-ne_10m_populated_places
1159140055,Liberia,利韦里亚,-85.433323,10.633755,Q1387526,CRI,Guanacaste,Admin-1 capital,7,45380,ne-ne_10m_populated_places
1159140059,La Cruz,拉克魯斯區,-85.630004,11.070421,Q3820791,CRI,Guanacaste,Populated place,7,4319,ne-ne_10m_populated_places
1159140063,Valdez,巴尔德斯,-78.985499,1.267104,Q7909405,ECU,Esmeraldas,Populated place,7,11441,ne-ne_10m_populated_places
1159140067,San Lorenzo,聖洛伦佐,-78.860055,1.270399,Q7414682,ECU,Esmeraldas,Populated place,7,20209,ne-ne_10m_populated_places
1159140073,Esmeraldas,埃斯梅拉达斯,-79.66998,0.93042,Q149955,ECU,Esmeraldas,Admin-1 capital,7,173101,ne-ne_10m_populated_places
1159140077,Santa Ana,聖安娜,-89.559764,13.99461,Q739664,SLV,Santa Ana,Admin-1 capital,7,234478,ne-ne_10m_populated_places
1159140081,Morón,莫隆,-78.627485,22.109851,Q959528,CUB,Ciego de Ávila,Populated place,7,66060,ne-ne_10m_populated_places
1159140085,Nuevitas,努埃维塔斯,-77.264442,21.545647,Q643081,CUB,Camagüey,Populated place,7,54022,ne-ne_10m_populated_places
1159140091,Manzanillo,曼萨尼约,-77.116647,20.343757,Q115403,CUB,Granma,Admin-1 capital,7,128188,ne-ne_10m_populated_places
1159140095,Bayamo,巴亚莫,-76.643291,20.379543,Q115382,CUB,Granma,Populated place,7,192632,ne-ne_10m_populated_places
1159140099,Banes,巴内斯,-75.718593,20.962918,Q806424,CUB,Holguín,Populated place,7,53104,ne-ne_10m_populated_places
1159140103,Las Tunas,维多利亚-德拉斯图纳斯,-76.954383,20.960128,Q115527,CUB,Las Tunas,Admin-1 capital,7,203684,ne-ne_10m_populated_places
1159140109,San Pedro de Macorís,圣佩德罗德马科里斯,-69.299967,18.450358,Q680596,DOM,San Pedro de Macorís,Admin-1 capital,7,217899,ne-ne_10m_populated_places
1159140113,Armenia,亚美尼亚城,-75.681128,4.534283,Q328518,COL,Quindío,Admin-1 capital,7,315328,ne-ne_10m_populated_places
1159140117,Pereira,佩雷拉,-75.679991,4.81039,Q51111,COL,Risaralda,Admin-1 capital,7,568750,ne-ne_10m_populated_places
1159140121,Honda,翁達,-74.749996,5.190341,Q932513,COL,Tolima,Populated place,7,35469,ne-ne_10m_populated_places
1159140127,San Vicente del Caguán,圣维森特德尔卡古安,-74.770317,2.109486,Q1642041,COL,Caqueti,Populated place,7,1500,ne-ne_10m_populated_places
1159140131,Florencia,弗洛伦西亚,-75.619994,1.610404,Q849859,COL,Caquetá,Admin-1 capital,7,130337,ne-ne_10m_populated_places
1159140135,Guapi,瓜比,-77.859987,2.560398,Q2432113,COL,Cauca,Populated place,7,13853,ne-ne_10m_populated_places
1159140139,Neiva,内瓦,-75.330245,2.931047,Q638260,COL,Huila,Admin-1 capital,7,352855,ne-ne_10m_populated_places
1159140145,Garzón,加爾松,-75.649967,2.210393,Q1970613,COL,Huila,Populated place,7,56603,ne-ne_10m_populated_places
1159140149,Ipiales,伊皮亚莱斯,-77.65,0.830374,Q1010094,COL,Nariño,Populated place,7,109618,ne-ne_10m_populated_places
1159140153,Buenaventura,布埃纳文图拉,-77.050453,3.872402,Q996581,COL,Valle del Cauca,Populated place,7,252805,ne-ne_10m_populated_places
1159140157,Tuluá,图卢阿,-76.21001,4.090382,Q1002577,COL,Valle del Cauca,Populated place,7,165501,ne-ne_10m_populated_places
1159140163,Ibarra,伊瓦拉,-78.129996,0.360377,Q946384,ECU,Imbabura,Admin-1 capital,7,146741,ne-ne_10m_populated_places
1159140167,El Carmen de Bolívar,埃爾卡門,-75.129998,9.720374,Q1323930,COL,Bolívar,Populated place,7,60980,ne-ne_10m_populated_places
1159140171,Juradó,胡拉多,-77.756401,7.121747,Q1655005,COL,Chocó,Populated place,7,2351,ne-ne_10m_populated_places
1159140175,Nuquí,努基,-77.274548,5.68518,Q1577833,COL,Chocó,Populated place,7,2741,ne-ne_10m_populated_places
1159140181,Quibdó,基布多,-76.660008,5.690414,Q816420,COL,Chocó,Admin-1 capital,7,92780,ne-ne_10m_populated_places
1159140185,El Banco,埃爾班科,-73.980017,9.000341,Q2330760,COL,Magdalena,Populated place,7,54522,ne-ne_10m_populated_places
1159140189,Ciénaga,谢纳加,-74.25,11.010399,Q1092797,COL,Magdalena,Populated place,7,131171,ne-ne_10m_populated_places
1159140193,Sincelejo,辛塞莱霍,-75.379957,9.290427,Q1043513,COL,Sucre,Admin-1 capital,7,261187,ne-ne_10m_populated_places
1159140199,Tolú,托盧,-75.572039,9.535838,Q601893,COL,Sucre,Populated place,7,27390,ne-ne_10m_populated_places
1159140203,Arauca,阿劳卡,-70.761635,7.090664,Q626543,COL,Arauca,Admin-1 capital,7,69264,ne-ne_10m_populated_places
1159140207,Tame,塔梅,-71.740025,6.460341,Q2434750,COL,Arauca,Populated place,7,29099,ne-ne_10m_populated_places
1159140211,Pamplona,潘普洛纳,-72.66002,7.390387,Q997796,COL,Norte de Santander,Populated place,7,53587,ne-ne_10m_populated_places
1159140217,Ocaña,奥卡尼亚,-73.350004,8.240413,Q2283773,COL,Norte de Santander,Populated place,7,83511,ne-ne_10m_populated_places
1159140221,Orocue,奥罗库埃,-71.340023,4.794551,Q1576308,COL,Casanare,Populated place,7,2835,ne-ne_10m_populated_places
1159140225,Inírida,伊尼里达,-67.906098,3.85404,Q130281,COL,Guainía,Admin-1 capital,7,9065,ne-ne_10m_populated_places
1159140229,San Martín,圣马丁,-73.689983,3.690406,Q1441359,COL,Meta,Populated place,7,16273,ne-ne_10m_populated_places
1159140235,Puerto Carreño,卡雷尼奥港,-67.493023,6.185035,Q130304,COL,Vichada,Admin-1 capital,7,10216,ne-ne_10m_populated_places
1159140239,Artemisa,阿尔特米萨,-82.761884,22.813399,Q115006,CUB,La Habana,Populated place,7,68073,ne-ne_10m_populated_places
1159140243,Matanzas,马坦萨斯,-81.577486,23.041525,Q272471,CUB,Matanzas,Admin-1 capital,7,146733,ne-ne_10m_populated_places
1159140247,Colón,科隆,-80.905796,22.719581,Q5029,CUB,Matanzas,Populated place,7,63882,ne-ne_10m_populated_places
1159140253,Sagua la Grande,大萨瓜,-80.071092,22.809033,Q5030,CUB,Villa Clara,Populated place,7,62073,ne-ne_10m_populated_places
1159140257,Fort-de-France,法兰西堡,-61.080029,14.610412,Q81621,FRA,Martinique,Admin-1 region capital,7,253995,ne-ne_10m_populated_places
1159140261,Zongo,松戈,18.615029,4.330342,Q219930,COD,Cquateur,Populated place,7,17667,ne-ne_10m_populated_places
1159140269,Libenge,劫持,18.61999,3.660434,Q3237716,COD,Équateur,Populated place,7,27053,ne-ne_10m_populated_places
1159140273,Bongandanga,拜甘丹加,21.050022,1.510359,Q2910050,COD,Équateur,Populated place,7,4105,ne-ne_10m_populated_places
1159140275,Ikela,伊凯拉,23.266579,-1.182939,Q3086891,COD,Cquateur,Populated place,7,291,ne-ne_10m_populated_places
1159140281,Binga,宾加,20.419983,2.383406,Q4086832,COD,Cquateur,Populated place,7,64639,ne-ne_10m_populated_places
1159140283,Basankusu,巴桑库苏,19.800021,1.233709,Q1102117,COD,Cquateur,Populated place,7,52216,ne-ne_10m_populated_places
1159140291,Boende,博恩代,20.860008,-0.219587,Q616131,COD,Équateur,Populated place,7,32091,ne-ne_10m_populated_places
1159140295,Gbadolite,戈巴多莱,21.019947,4.29037,Q833866,COD,Équateur,Populated place,7,50493,ne-ne_10m_populated_places
1159140299,Businga,布辛加,20.869982,3.340376,Q581003,COD,Équateur,Populated place,7,34247,ne-ne_10m_populated_places
1159140305,Bosobolo,博索博洛,19.880016,4.190376,Q2911484,COD,Équateur,Populated place,7,14553,ne-ne_10m_populated_places
1159140309,Zouar,茲瓦爾,16.527766,20.458737,Q2586396,TCD,Bet,Populated place,7,204,ne-ne_10m_populated_places
1159140313,Bol,博爾,14.714698,13.458958,Q891241,TCD,Lac,Admin-1 capital,7,3303,ne-ne_10m_populated_places
1159140317,Calatrava,卡拉特拉瓦,9.418588,1.116403,,GNQ,Litoral,Populated place,7,628,ne-ne_10m_populated_places
1159140323,Mongomo,蒙戈莫,11.31656,1.633684,Q526539,GNQ,Wele-Nzás,Admin-1 capital,7,6560,ne-ne_10m_populated_places
1159140327,Ati,阿提,18.333289,13.21706,Q755791,TCD,Batha,Admin-1 capital,7,25373,ne-ne_10m_populated_places
1159140331,Oum Hadjer,乌姆哈杰尔,19.683336,13.300414,Q2656174,TCD,Batha,Populated place,7,19271,ne-ne_10m_populated_places
1159140335,Mongo,蒙戈,18.699985,12.183738,Q540895,TCD,Guéra,Admin-1 capital,7,27763,ne-ne_10m_populated_places
1159140341,Doba,多巴,16.85002,8.65044,Q985618,TCD,Logone Oriental,Admin-1 capital,7,29597,ne-ne_10m_populated_places
1159140345,Pala,帕拉,14.966621,9.350423,Q1774419,TCD,Mayo-Kebbi Est,Populated place,7,35466,ne-ne_10m_populated_places
1159140349,Bongor,邦戈爾,15.387164,10.285947,Q892441,TCD,Mayo-Kebbi Est,Admin-1 capital,7,193941,ne-ne_10m_populated_places
1159140353,Kelo,凯洛,15.800007,9.317066,Q1011669,TCD,Tandjilé,Populated place,7,96224,ne-ne_10m_populated_places
1159140359,Dubrovnik,杜布罗夫尼克,18.091392,42.660948,Q1722,HRV,Dubrovacko-Neretvanska,Admin-1 capital,7,36994,ne-ne_10m_populated_places
1159140363,Split,斯普利特,16.469992,43.520404,Q1663,HRV,Splitsko-Dalmatinska,Admin-1 capital,7,214741,ne-ne_10m_populated_places
1159140367,Zadar,扎达尔,15.262262,44.120135,Q3370,HRV,Zadarska,Admin-1 capital,7,71258,ne-ne_10m_populated_places
1159140371,Tanta,坦塔,31.000009,30.790432,Q271771,EGY,Al Gharbiyah,Admin-1 capital,7,404901,ne-ne_10m_populated_places
1159140377,Ismaïlia,伊斯梅利亚,32.259984,30.590341,Q217156,EGY,Al Isma`iliyah,Admin-1 capital,7,656135,ne-ne_10m_populated_places
1159140381,El Mansura,曼苏拉,31.380038,31.050442,Q223587,EGY,Ad Daqahliyah,Admin-1 capital,7,600000,ne-ne_10m_populated_places
1159140385,Dumyat,杜姆亚特,31.820011,31.420393,Q189383,EGY,Dumyat,Admin-1 capital,7,299459,ne-ne_10m_populated_places
1159140389,Matruh,马特鲁港,27.230007,31.350424,Q393829,EGY,Matruh,Admin-1 capital,7,103470,ne-ne_10m_populated_places
1159140395,El Alamein,阿莱曼,28.949954,30.817071,Q204439,EGY,Matruh,Populated place,7,7400,ne-ne_10m_populated_places
1159140399,El Daba,埃尔达巴,28.433293,31.033776,Q3136983,EGY,Matruh,Populated place,7,14212,ne-ne_10m_populated_places
1159140403,Salum,塞卢姆,25.15003,31.566974,Q1245502,EGY,Matruh,Populated place,7,7330,ne-ne_10m_populated_places
1159140407,Damanhûr,达曼胡尔,30.470016,31.050442,Q328153,EGY,Al Buhayrah,Admin-1 capital,7,500000,ne-ne_10m_populated_places
1159140413,Samalut,塞马卢特,30.710001,28.300429,Q950924,EGY,Al Minya,Populated place,7,152097,ne-ne_10m_populated_places
1159140417,Mallawi,迈莱维,30.839967,27.730412,Q393498,EGY,Al Minya,Populated place,7,217365,ne-ne_10m_populated_places
1159140421,Beni Mazar,贝尼迈扎尔,30.809995,28.490392,Q951324,EGY,Al Minya,Populated place,7,79553,ne-ne_10m_populated_places
1159140425,Beni Suef,贝尼苏韦夫,31.09003,29.080381,Q394080,EGY,Bani Suwayf,Admin-1 capital,7,489450,ne-ne_10m_populated_places
1159140431,Rashid,罗塞塔,30.390021,31.460391,Q243699,EGY,Kafr ash Shaykh,Populated place,7,199509,ne-ne_10m_populated_places
1159140435,Qasr Farafra,法拉夫拉,27.966551,27.067145,Q647638,EGY,Al Wadi at Jadid,Populated place,7,5000,ne-ne_10m_populated_places
1159140439,El Qasr,埃尔卡斯尔,28.883291,25.700433,,EGY,Al Wadi at Jadid,Populated place,7,1716,ne-ne_10m_populated_places
1159140445,Isna,伊斯纳,32.549941,25.290406,Q626031,EGY,Qina,Populated place,7,100000,ne-ne_10m_populated_places
1159140451,Qena,基纳,32.720008,26.150457,Q336661,EGY,Qina,Admin-1 capital,7,302027,ne-ne_10m_populated_places
1159140455,Girga,吉尔贾,31.880007,26.330368,Q749187,EGY,Suhaj,Populated place,7,128250,ne-ne_10m_populated_places
1159140459,Sohag,索哈杰,31.700018,26.550407,Q388108,EGY,Suhaj,Admin-1 capital,7,600000,ne-ne_10m_populated_places
1159140473,Berenice,贝雷尼斯,35.48418,23.945992,Q819050,EGY,Al Bahr al Ahmar,Populated place,7,10,ne-ne_10m_populated_places
1159140477,Bur Safaga,塞法杰,33.933319,26.733729,Q986325,EGY,Al Bahr al Ahmar,Populated place,7,32944,ne-ne_10m_populated_places
1159140481,El Tur,图尔,33.614797,28.239389,Q867603,EGY,Janub Sina',Admin-1 capital,7,27628,ne-ne_10m_populated_places
1159140485,El Arish,阿里什,33.800562,31.124882,Q238452,EGY,Shamal Sina',Admin-1 capital,7,178651,ne-ne_10m_populated_places
1159140489,Yangambi,扬甘比,24.430023,0.770378,Q1102132,COD,Orientale,Populated place,7,35531,ne-ne_10m_populated_places
1159140493,Aketi,阿凱蒂,23.779985,2.740464,Q417523,COD,Orientale,Populated place,7,58601,ne-ne_10m_populated_places
1159140497,Mongbwalu,蒙布瓦卢,30.033298,1.950435,Q6899470,COD,Orientale,Populated place,7,2819,ne-ne_10m_populated_places
1159140503,Bafwasende,巴富瓦森代,27.266594,1.083847,Q2878913,COD,Orientale,Populated place,7,149,ne-ne_10m_populated_places
1159140507,Bunia,布尼亞,30.240004,1.560407,Q648298,COD,Orientale,Populated place,7,96764,ne-ne_10m_populated_places
1159140511,Wamba,万巴,27.98996,2.140424,Q3565982,COD,Orientale,Populated place,7,146871,ne-ne_10m_populated_places
1159140515,Basoko,巴索科,23.590022,1.240427,Q1101913,COD,Orientale,Populated place,7,43709,ne-ne_10m_populated_places
1159140521,Tessenei,特瑟內,36.657493,15.110381,Q1797764,ERI,Gash Barka,Populated place,7,15255,ne-ne_10m_populated_places
1159140525,Agordat,阿科達特,37.886669,15.549037,Q395433,ERI,Gash Barka,Populated place,7,28600,ne-ne_10m_populated_places
1159140529,Massawa,马萨瓦,39.450036,15.610118,Q275635,ERI,Debub,Admin-1 capital,7,142564,ne-ne_10m_populated_places
1159140531,Keren,克伦,38.454351,15.781441,Q534409,ERI,Semenawi Keyih Bahri,Admin-1 capital,7,150000,ne-ne_10m_populated_places
1159140533,Mendefera,门德费拉,38.816328,14.885976,Q1019356,ERI,Maekel,Admin-1 capital,7,257390,ne-ne_10m_populated_places
1159140535,Ali Sabih,阿里萨比耶,42.712524,11.15623,Q842854,DJI,Ali Sabieh,Admin-1 capital,7,40074,ne-ne_10m_populated_places
1159140539,Obock,奥博克,43.285564,11.973441,Q860179,DJI,Obock,Admin-1 capital,7,17776,ne-ne_10m_populated_places
1159140541,Bonn,波恩,7.080022,50.720456,Q586,DEU,Nordrhein-Westfalen,Populated place,7,680543,ne-ne_10m_populated_places
1159140543,Münster,明斯特,7.620041,51.970405,Q2742,DEU,Nordrhein-Westfalen,Populated place,7,270184,ne-ne_10m_populated_places
1159140545,Düsseldorf,杜塞道夫,6.779989,51.220374,Q1718,DEU,Nordrhein-Westfalen,Admin-1 capital,7,1220000,ne-ne_10m_populated_places
1159140547,Ulm,乌尔姆,9.999999,48.400391,Q3012,DEU,Baden-Württemberg,Populated place,7,172955,ne-ne_10m_populated_places
1159140549,Mannheim,曼海姆,8.470015,49.500375,Q2119,DEU,Baden-Württemberg,Populated place,7,2362000,ne-ne_10m_populated_places
1159140553,Freiburg,弗赖堡,7.869948,48.000415,Q2833,DEU,Baden-Württemberg,Populated place,7,254889,ne-ne_10m_populated_places
1159140559,Gießen,吉森,8.650004,50.58372,Q3874,DEU,Hessen,Populated place,7,82358,ne-ne_10m_populated_places
1159140563,Wiesbaden,威斯巴登,8.250028,50.080391,Q1721,DEU,Hessen,Admin-1 capital,7,617126,ne-ne_10m_populated_places
1159140567,Bremerhaven,不来梅哈芬,8.579982,53.550438,Q2706,DEU,Bremen,Populated place,7,137751,ne-ne_10m_populated_places
1159140571,Osnabrück,奥斯纳布吕克,8.049989,52.280438,Q2916,DEU,Niedersachsen,Populated place,7,231268,ne-ne_10m_populated_places
1159140577,Hanover,汉诺威,9.716657,52.36697,Q1715,DEU,Niedersachsen,Admin-1 capital,7,722490,ne-ne_10m_populated_places
1159140581,Göttingen,哥廷根,9.920004,51.520433,Q3033,DEU,Niedersachsen,Populated place,7,139419,ne-ne_10m_populated_places
1159140585,Gera,格拉,12.070002,50.870369,Q3750,DEU,Thüringen,Populated place,7,104659,ne-ne_10m_populated_places
1159140589,Jena,耶拿,11.580006,50.930443,Q3150,DEU,Thüringen,Populated place,7,104712,ne-ne_10m_populated_places
1159140595,Flensburg,佛伦斯堡,9.433315,54.783748,Q3798,DEU,Schleswig-Holstein,Populated place,7,97930,ne-ne_10m_populated_places
1159140599,Lübeck,吕贝克,10.669984,53.870393,Q2843,DEU,Schleswig-Holstein,Populated place,7,235390,ne-ne_10m_populated_places
1159140603,Kiel,基尔,10.130017,54.33039,Q1707,DEU,Schleswig-Holstein,Admin-1 capital,7,269427,ne-ne_10m_populated_places
1159140607,Koblenz,科布伦茨,7.599991,50.350478,Q3104,DEU,Rheinland-Pfalz,Populated place,7,312633,ne-ne_10m_populated_places
1159140613,Saarbrücken,萨尔布吕肯,6.970003,49.25039,Q1724,DEU,Saarland,Admin-1 capital,7,770001,ne-ne_10m_populated_places
1159140617,Pizen,比尔森,13.360001,49.740438,Q43453,CZE,Karlovarský,Admin-1 capital,7,164180,ne-ne_10m_populated_places
1159140621,Regensburg,雷根斯堡,12.120025,49.020404,Q2978,DEU,Bayern,Populated place,7,164359,ne-ne_10m_populated_places
1159140625,Rosenheim,罗森海姆,12.133306,47.850347,Q4007,DEU,Bayern,Populated place,7,92809,ne-ne_10m_populated_places
1159140631,Hof,霍夫,11.916678,50.317044,Q6938,DEU,Bayern,Populated place,7,56153,ne-ne_10m_populated_places
1159140635,Würzburg,维尔茨堡,9.950028,49.800434,Q2999,DEU,Bayern,Populated place,7,168561,ne-ne_10m_populated_places
1159140639,Ingolstadt,因戈尔施塔特,11.449988,48.77042,Q3004,DEU,Bayern,Populated place,7,163325,ne-ne_10m_populated_places
1159140643,Pula,普拉,13.848085,44.86872,Q4656,HRV,Istarska,Populated place,7,61599,ne-ne_10m_populated_places
1159140653,Jihlava,伊赫拉瓦,15.583328,49.400381,Q183111,CZE,Kraj Vysocina,Admin-1 capital,7,53921,ne-ne_10m_populated_places
1159140657,Zlín,兹林,17.650023,49.230418,Q171018,CZE,Kraj Vysocina,Populated place,7,124610,ne-ne_10m_populated_places
1159140661,Brno,布尔诺,16.609983,49.200393,Q14960,CZE,Kraj Vysocina,Admin-1 capital,7,388277,ne-ne_10m_populated_places
1159140667,Pardubice,帕尔杜比采,15.760009,50.04042,Q36989,CZE,Královéhradecký,Admin-1 capital,7,107064,ne-ne_10m_populated_places
1159140671,Cottbus,科特布斯,14.329967,51.770418,Q3214,DEU,Brandenburg,Populated place,7,105067,ne-ne_10m_populated_places
1159140675,Potsdam,波茨坦,13.069993,52.400405,Q1711,DEU,Brandenburg,Admin-1 capital,7,218095,ne-ne_10m_populated_places
1159140679,Magdeburg,马格德堡,11.620004,52.130421,Q1733,DEU,Sachsen-Anhalt,Admin-1 capital,7,229826,ne-ne_10m_populated_places
1159140685,Leipzig,莱比锡,12.409981,51.335405,Q2079,DEU,Sachsen,Populated place,7,542529,ne-ne_10m_populated_places
1159140689,Osijek,奥西耶克,18.680038,45.550384,Q1640,HRV,Osjecko-Baranjska,Admin-1 capital,7,95077,ne-ne_10m_populated_places
1159140693,Ostrava,俄斯特拉发,18.249986,49.830355,Q8385,CZE,Moravskoslezský,Admin-1 capital,7,478963,ne-ne_10m_populated_places
1159140697,Narva,纳尔瓦,28.160286,59.377628,Q102158,EST,Ida-Viru,Populated place,7,66980,ne-ne_10m_populated_places
1159140703,Gar,噶尔县,79.983324,32.200398,,CHN,Xizang,Populated place,7,10000,ne-ne_10m_populated_places
1159140707,Turpan,吐鲁番,89.165038,42.935375,Q868527,CHN,Xinjiang Uygur,Populated place,7,651853,ne-ne_10m_populated_places
1159140711,Quiemo,且末镇,85.533321,38.133756,Q3360588,CHN,Xinjiang Uygur,Populated place,7,65572,ne-ne_10m_populated_places
1159140715,Koktokay,可可托海镇,89.530218,46.991123,Q1525001,CHN,Xinjiang Uygur,Populated place,7,80000,ne-ne_10m_populated_places
1159140721,Tanjungpinang,丹戎槟榔,104.471442,0.916829,Q10104,IDN,Kepulauan Riau,Populated place,7,226666,ne-ne_10m_populated_places
1159140725,Telukbutun,直落布屯,108.2,4.216989,,IDN,Kepulauan Riau,Populated place,7,140,ne-ne_10m_populated_places
1159140729,Hancheng,韩城,110.429993,35.47043,Q577415,CHN,Shaanxi,Populated place,7,222135,ne-ne_10m_populated_places
1159140733,Weinan,渭南,109.500076,34.500438,Q126995,CHN,Shaanxi,Populated place,7,172321,ne-ne_10m_populated_places
1159140741,Shuozhou,朔州,112.420001,39.300378,Q73020,CHN,Shanxi,Populated place,7,570000,ne-ne_10m_populated_places
1159140743,Xinzhou,忻州,112.719983,38.410432,Q73119,CHN,Shanxi,Populated place,7,279607,ne-ne_10m_populated_places
1159140747,Jincheng,晋城,112.830002,35.500377,Q72990,CHN,Shanxi,Populated place,7,760000,ne-ne_10m_populated_places
1159140751,Jiexiu,介休,111.899981,37.040025,Q1362530,CHN,Shanxi,Populated place,7,77178,ne-ne_10m_populated_places
1159140757,Changzhi,长治,113.105282,36.183875,Q72945,CHN,Shanxi,Populated place,7,706000,ne-ne_10m_populated_places
1159140761,Guangshui,广水,114.000008,31.620381,Q930230,CHN,Hubei,Populated place,7,154771,ne-ne_10m_populated_places
1159140765,Jingmen,荆门,112.201034,31.03141,Q71323,CHN,Hubei,Populated place,7,400000,ne-ne_10m_populated_places
1159140769,Zicheng,枝城镇,111.500005,30.300436,Q2009842,CHN,Hubei,Populated place,7,237042,ne-ne_10m_populated_places
1159140775,Shishou,石首,112.400002,29.700395,Q1359319,CHN,Hubei,Populated place,7,231787,ne-ne_10m_populated_places
1159140779,Xiaogan,孝感,113.900014,30.920398,Q71339,CHN,Hubei,Populated place,7,160437,ne-ne_10m_populated_places
1159140783,Puqi,赤壁市,113.880015,29.72042,,CHN,Hubei,Populated place,7,205164,ne-ne_10m_populated_places
1159140787,Yunxian,郧县,110.813639,32.808164,,CHN,Hubei,Populated place,7,133558,ne-ne_10m_populated_places
1159140793,Jinshi,津市,111.851715,29.632105,Q1374715,CHN,Hunan,Populated place,7,274000,ne-ne_10m_populated_places
1159140797,Chenzhou,郴州,113.030093,25.800427,Q416748,CHN,Hunan,Populated place,7,322997,ne-ne_10m_populated_places
1159140801,Zhijiang,芷江镇,109.678049,27.440946,Q14297991,CHN,Hunan,Populated place,7,113907,ne-ne_10m_populated_places
1159140809,Xiangtan,湘潭,112.900023,27.850431,Q215755,CHN,Hunan,Populated place,7,2586948,ne-ne_10m_populated_places
1159140813,Zigong,自贡,104.778056,29.401946,Q29015,CHN,Sichuan,Populated place,7,1105000,ne-ne_10m_populated_places
1159140817,Yaan,雅安,103.080002,29.98043,Q427557,CHN,Sichuan,Populated place,7,340000,ne-ne_10m_populated_places
1159140821,Langzhong,阆中,105.965563,31.57594,Q1200170,CHN,Sichuan,Populated place,7,60542,ne-ne_10m_populated_places
1159140827,Rongzhag,丹巴县,101.916663,30.950448,,CHN,Sichuan,Populated place,7,70000,ne-ne_10m_populated_places
1159140831,Simao,思茅,100.978167,22.780688,,CHN,Yunnan,Populated place,7,162725,ne-ne_10m_populated_places
1159140833,Wenshan,文山,104.249698,23.372358,Q1201048,CHN,Yunnan,Populated place,7,152388,ne-ne_10m_populated_places
1159140837,Zhanyi,沾益,103.81665,25.600465,,CHN,Yunnan,Populated place,7,652604,ne-ne_10m_populated_places
1159140841,Huize,会泽,103.416674,26.350419,,CHN,Yunnan,Populated place,7,5170,ne-ne_10m_populated_places
1159140847,Chengde,承德,117.93,40.96038,Q58675,CHN,Hebei,Populated place,7,449325,ne-ne_10m_populated_places
1159140851,Cangzhou,沧州,116.870013,38.320386,Q58695,CHN,Hebei,Populated place,7,527681,ne-ne_10m_populated_places
1159140855,Baoding,保定,115.468897,38.85834,Q58584,CHN,Hebei,Populated place,7,1107000,ne-ne_10m_populated_places
1159140859,Huanghua,黄骅,117.330037,38.370434,Q1207090,CHN,Hebei,Populated place,7,120000,ne-ne_10m_populated_places
1159140865,Dingzhou,定州,114.999998,38.500427,Q645183,CHN,Hebei,Populated place,7,152934,ne-ne_10m_populated_places
1159140871,Nangong,南宫,115.370002,37.370392,Q1014384,CHN,Hebei,Populated place,7,82386,ne-ne_10m_populated_places
1159140875,Linqing,临清,115.680008,36.850398,Q1207099,CHN,Hebei,Populated place,7,110046,ne-ne_10m_populated_places
1159140881,Xiangtai,邢台,114.500029,37.049972,Q58576,CHN,Hebei,Populated place,7,611739,ne-ne_10m_populated_places
1159140885,Puyang,濮阳,114.98,35.700391,Q404484,CHN,Henan,Populated place,7,666322,ne-ne_10m_populated_places
1159140889,Hebi,鹤壁,114.220046,35.950375,Q404301,CHN,Henan,Populated place,7,244662,ne-ne_10m_populated_places
1159140893,Xuchang,许昌,113.820019,34.02039,Q404529,CHN,Henan,Populated place,7,449258,ne-ne_10m_populated_places
1159140899,Zhoukou,周口,114.630047,33.630414,Q198061,CHN,Henan,Populated place,7,377061,ne-ne_10m_populated_places
1159140903,Dengzhou,邓州,112.080022,32.680368,Q1187144,CHN,Henan,Populated place,7,59338,ne-ne_10m_populated_places
1159140907,Tieling,铁岭,123.819977,42.300375,Q75268,CHN,Liaoning,Populated place,7,340000,ne-ne_10m_populated_places
1159140911,Chaoyang,朝阳,120.419978,41.550421,Q75336,CHN,Liaoning,Populated place,7,470296,ne-ne_10m_populated_places
1159140917,Huanren,桓仁镇,125.345982,41.256331,Q5926085,CHN,Liaoning,Populated place,7,116621,ne-ne_10m_populated_places
1159140921,Zhuanghe,庄河,122.96189,39.682292,Q198159,CHN,Liaoning,Populated place,7,261510,ne-ne_10m_populated_places
1159140925,Yishui,沂水县,118.619984,35.790437,Q1198349,CHN,Shandong,Populated place,7,94115,ne-ne_10m_populated_places
1159140929,Shanxian,单县,116.079984,34.79042,,CHN,Shandong,Populated place,7,74459,ne-ne_10m_populated_places
1159140935,Pingyi,平邑,117.620045,35.510428,,CHN,Shandong,Populated place,7,78254,ne-ne_10m_populated_places
1159140939,Pingdu,平度,119.940007,36.790376,Q2060398,CHN,Shandong,Populated place,7,91077,ne-ne_10m_populated_places
1159140943,Laiwu,莱芜,117.660043,36.200412,Q373234,CHN,Shandong,Populated place,7,124108,ne-ne_10m_populated_places
1159140947,Buizhou,滨州,117.984443,37.38045,Q373687,CHN,Shandong,Populated place,7,115893,ne-ne_10m_populated_places
1159140953,Liaocheng,聊城,115.970017,36.430424,Q373564,CHN,Shandong,Populated place,7,226930,ne-ne_10m_populated_places
1159140957,Rizhao,日照,119.450011,35.430381,Q373101,CHN,Shandong,Populated place,7,865000,ne-ne_10m_populated_places
1159140961,Dezhou,德州,116.300022,37.450413,Q162880,CHN,Shandong,Populated place,7,379555,ne-ne_10m_populated_places
1159140965,Linchuan,临川,116.360019,27.970346,,CHN,Jiangxi,Populated place,7,241104,ne-ne_10m_populated_places
1159140973,Fengcheng,丰城,115.770029,28.200409,Q1375351,CHN,Jiangxi,Populated place,7,61469,ne-ne_10m_populated_places
1159140977,Jian,吉安,114.999998,27.130423,Q363262,CHN,Jiangxi,Populated place,7,520248,ne-ne_10m_populated_places
1159140981,Shangrao,上饶,117.969998,28.470393,Q363479,CHN,Jiangxi,Populated place,7,1144577,ne-ne_10m_populated_places
1159140985,Jingdezhen,景德镇,117.18002,29.270421,Q34405,CHN,Jiangxi,Populated place,7,457298,ne-ne_10m_populated_places
1159140991,Taizhou,泰州,119.900009,32.490406,Q57931,CHN,Jiangsu,Populated place,7,612356,ne-ne_10m_populated_places
1159140995,Shuyang,沭阳县,118.77336,34.129866,,CHN,Jiangsu,Populated place,7,1770000,ne-ne_10m_populated_places
1159140999,Lianyungang,连云港,119.226193,34.587014,Q57756,CHN,Jiangsu,Populated place,7,715600,ne-ne_10m_populated_places
1159141003,Lishui,丽水,119.900009,28.45042,Q58294,CHN,Zhejiang,Populated place,7,172777,ne-ne_10m_populated_places
1159141009,Jiaojing,椒江区,121.449992,28.680406,Q513077,CHN,Zhejiang,Populated place,7,471500,ne-ne_10m_populated_places
1159141013,Quzhou,衢州,118.869995,28.97044,Q58235,CHN,Zhejiang,Populated place,7,370000,ne-ne_10m_populated_places
1159141017,Kure,吴,132.565593,34.25097,Q223439,JPN,Hiroshima,Populated place,7,196991,ne-ne_10m_populated_places
1159141025,Matsue,松江,133.066647,35.466994,Q207321,JPN,Shimane,Admin-1 capital,7,156811,ne-ne_10m_populated_places
1159141027,Tottori,鸟取,134.233295,35.500377,Q200731,JPN,Tottori,Populated place,7,154098,ne-ne_10m_populated_places
1159141033,Sasebo,佐世保,129.717705,33.163129,Q328000,JPN,Nagasaki,Populated place,7,237444,ne-ne_10m_populated_places
1159141037,Songyuan,松原,124.820019,45.18038,Q92364,CHN,Jilin,Populated place,7,495900,ne-ne_10m_populated_places
1159141043,Dunhua,敦化,128.220018,43.350492,Q713307,CHN,Jilin,Populated place,7,191870,ne-ne_10m_populated_places
1159141047,Nongan,农安镇,125.170075,44.4304,Q1996202,CHN,Jilin,Populated place,7,141482,ne-ne_10m_populated_places
1159141051,Taonan,洮南,122.78004,45.330423,Q1004248,CHN,Jilin,Populated place,7,116611,ne-ne_10m_populated_places
1159141055,Liuhe,柳河镇,125.717329,42.278852,Q11109923,CHN,Jilin,Populated place,7,68938,ne-ne_10m_populated_places
1159141061,Huinan,辉南县,126.26143,42.62294,Q926818,CHN,Jilin,Populated place,7,66315,ne-ne_10m_populated_places
1159141065,Panshi,磐石,126.056119,42.942636,Q1361953,CHN,Jilin,Populated place,7,86216,ne-ne_10m_populated_places
1159141069,Jiaohe,蛟河,127.345963,43.716284,Q1014635,CHN,Jilin,Populated place,7,123018,ne-ne_10m_populated_places
1159141073,Linjiang,临江,126.935962,41.836347,Q594843,CHN,Jilin,Populated place,7,84315,ne-ne_10m_populated_places
1159141079,Wangqing,汪清镇,129.734344,43.324783,Q13897219,CHN,Jilin,Populated place,7,88732,ne-ne_10m_populated_places
1159141083,Helong,和龙,129.004363,42.534754,Q699125,CHN,Jilin,Populated place,7,85756,ne-ne_10m_populated_places
1159141087,Shulan,舒兰,126.948726,44.40911,Q1205127,CHN,Jilin,Populated place,7,78764,ne-ne_10m_populated_places
1159141091,Jiutai,九台区,125.844349,44.144733,Q1015907,CHN,Jilin,Populated place,7,205399,ne-ne_10m_populated_places
1159141097,Kitakyūshū,北九州,130.820015,33.870399,Q188806,JPN,Fukuoka,Admin-1 capital,7,997536,ne-ne_10m_populated_places
1159141101,Kumamoto,熊本,130.700642,32.800929,Q199889,JPN,Kumamoto,Admin-1 capital,7,718232,ne-ne_10m_populated_places
1159141105,Ōita,大分,131.5979,33.243228,Q199609,JPN,Oita,Admin-1 capital,7,448907,ne-ne_10m_populated_places
1159141109,Alxa Zuoqi,阿拉善左旗,105.66863,38.83901,Q1367222,CHN,Nei Mongol,Populated place,7,56387,ne-ne_10m_populated_places
1159141115,Linxi,林西镇,118.033302,43.517071,Q11106980,CHN,Nei Mongol,Populated place,7,679,ne-ne_10m_populated_places
1159141117,Kailu,开鲁县,121.199982,43.583734,,CHN,Nei Mongol,Populated place,7,2809,ne-ne_10m_populated_places
1159141123,Bairin Zuoqi,巴林左旗,119.183361,43.983709,Q1329235,CHN,Nei Mongol,Populated place,7,50000,ne-ne_10m_populated_places
1159141127,Yitulihe,伊图里河镇,121.516655,50.651623,Q10884943,CHN,Nei Mongol,Populated place,7,19645,ne-ne_10m_populated_places
1159141133,Yakeshi,牙克石,120.730036,49.280414,Q1010264,CHN,Nei Mongol,Populated place,7,116284,ne-ne_10m_populated_places
1159141137,Bugt,布格特,121.933374,48.783804,,CHN,Nei Mongol,Populated place,7,17457,ne-ne_10m_populated_places
1159141141,Wuyuan,婺源,108.272192,41.089622,,CHN,Nei Mongol,Populated place,7,30057,ne-ne_10m_populated_places
1159141151,Bayan Obo,白云鄂博矿区,109.971106,41.767643,,CHN,Nei Mongol,Populated place,7,27476,ne-ne_10m_populated_places
1159141157,Fengzhen,丰镇,113.144349,40.4547,Q1341574,CHN,Nei Mongol,Populated place,7,99174,ne-ne_10m_populated_places
1159141161,Suihua,绥化,126.979991,46.630421,Q349985,CHN,Heilongjiang,Populated place,7,252245,ne-ne_10m_populated_places
1159141165,Shuangyashan,双鸭山,131.350008,46.670419,Q349973,CHN,Heilongjiang,Populated place,7,500000,ne-ne_10m_populated_places
1159141171,Shangzhi,尚志,127.970008,45.22043,Q1015925,CHN,Heilongjiang,Populated place,7,96980,ne-ne_10m_populated_places
1159141175,Fujin,富锦,132.019993,47.270382,Q614877,CHN,Heilongjiang,Populated place,7,89442,ne-ne_10m_populated_places
1159141179,Yian,依安镇,125.29999,47.880397,Q2600269,CHN,Heilongjiang,Populated place,7,39924,ne-ne_10m_populated_places
1159141183,Tailai,泰来镇,123.409976,46.390358,Q11145142,CHN,Heilongjiang,Populated place,7,75992,ne-ne_10m_populated_places
1159141189,Longjiang,龙江镇,123.180016,47.340404,Q1869551,CHN,Heilongjiang,Populated place,7,106384,ne-ne_10m_populated_places
1159141193,Gannan,甘南镇,123.510021,47.920368,Q1493582,CHN,Heilongjiang,Populated place,7,59239,ne-ne_10m_populated_places
1159141197,Hailun,海伦,126.93002,47.450423,Q1278514,CHN,Heilongjiang,Populated place,7,109881,ne-ne_10m_populated_places
1159141201,Mishan,密山,131.880002,45.550384,Q203738,CHN,Heilongjiang,Populated place,7,87257,ne-ne_10m_populated_places
1159141209,Tieli,铁力,128.050003,46.950376,Q1344820,CHN,Heilongjiang,Populated place,7,109636,ne-ne_10m_populated_places
1159141213,Shuangcheng,双城区,126.279982,45.350344,Q1000142,CHN,Heilongjiang,Populated place,7,130710,ne-ne_10m_populated_places
1159141217,Zhaodong,肇东,125.98,46.080429,Q197495,CHN,Heilongjiang,Populated place,7,179980,ne-ne_10m_populated_places
1159141223,Lanxi,兰西镇,126.275951,46.266361,Q10893722,CHN,Heilongjiang,Populated place,7,72528,ne-ne_10m_populated_places
1159141227,Keshan,克山镇,125.86595,48.026331,Q1522472,CHN,Heilongjiang,Populated place,7,72403,ne-ne_10m_populated_places
1159141231,Nancha,联合街道,129.285948,47.136359,Q2043360,CHN,Heilongjiang,Populated place,7,121367,ne-ne_10m_populated_places
1159141235,Xinqing,新青区,129.505935,48.236344,Q787402,CHN,Heilongjiang,Populated place,7,55415,ne-ne_10m_populated_places
1159141241,Hulin,虎林,132.992233,45.769027,Q1361161,CHN,Heilongjiang,Populated place,7,42559,ne-ne_10m_populated_places
1159141245,Boli,勃利县,130.575947,45.756366,,CHN,Heilongjiang,Populated place,7,95260,ne-ne_10m_populated_places
1159141251,Ningan,宁安,129.465937,44.331337,Q1321612,CHN,Heilongjiang,Populated place,7,54636,ne-ne_10m_populated_places
1159141255,Gifu,岐阜,136.762753,35.423095,Q45798,JPN,Gifu,Admin-1 region capital,7,412895,ne-ne_10m_populated_places
1159141259,Tsu,津,136.51667,34.717066,Q203027,JPN,Mie,Admin-1 capital,7,500000,ne-ne_10m_populated_places
1159141263,Matsumoto,松本,137.970018,36.240435,Q213324,JPN,Nagano,Populated place,7,224926,ne-ne_10m_populated_places
1159141267,Shizuoka,静冈,138.385393,34.985835,Q174691,JPN,Shizuoka,Admin-1 capital,7,701561,ne-ne_10m_populated_places
1159141271,Hamamatsu,滨松,137.732719,34.718073,Q185125,JPN,Shizuoka,Populated place,7,977023,ne-ne_10m_populated_places
1159141277,Obihiro,带广,143.17001,42.930414,Q177149,JPN,Hokkaido,Populated place,7,173890,ne-ne_10m_populated_places
1159141281,Tomakomai,苫小牧,141.550006,42.650406,Q390413,JPN,Hokkaido,Admin-1 capital,7,174806,ne-ne_10m_populated_places
1159141285,Kitami,北见,143.899991,43.850358,Q265555,JPN,Hokkaido,Populated place,7,113137,ne-ne_10m_populated_places
1159141289,Otaru,小樽,140.978309,43.188719,Q242108,JPN,Hokkaido,Populated place,7,143792,ne-ne_10m_populated_places
1159141295,Fukui,福井,136.220047,36.07042,Q201618,JPN,Fukui,Admin-1 capital,7,248707,ne-ne_10m_populated_places
1159141299,Maizuru,舞鹤,135.333331,35.450406,Q750573,JPN,Kyoto,Populated place,7,92465,ne-ne_10m_populated_places
1159141303,Wakayama,和歌山,135.167708,34.223117,Q200747,JPN,Wakayama,Admin-1 capital,7,440006,ne-ne_10m_populated_places
1159141307,Mito,水户,140.480045,36.370427,Q204249,JPN,Ibaraki,Admin-1 capital,7,353892,ne-ne_10m_populated_places
1159141313,Kōfu,甲府,138.583313,35.650394,Q201932,JPN,Yamanashi,Admin-1 capital,7,197540,ne-ne_10m_populated_places
1159141317,Iwaki,磐城,140.890046,37.055347,Q274384,JPN,Fukushima,Populated place,7,357309,ne-ne_10m_populated_places
1159141321,Nagaoka,长冈,138.860041,37.450413,Q540312,JPN,Niigata,Populated place,7,195318,ne-ne_10m_populated_places
1159141325,Yamagata,山形,140.320003,38.270492,Q205526,JPN,Yamagata,Admin-1 capital,7,272209,ne-ne_10m_populated_places
1159141331,Tsuruoka,鹤冈,139.830214,38.700414,Q734416,JPN,Yamagata,Populated place,7,99820,ne-ne_10m_populated_places
1159141335,Kenge,根蓋,16.89994,-4.82959,Q186056,COD,Bandundu,Populated place,7,241,ne-ne_10m_populated_places
1159141339,Bolobo,波罗堡,16.23998,-2.159521,Q2594437,COD,Bandundu,Populated place,7,27862,ne-ne_10m_populated_places
1159141343,Kahemba,卡亨巴,19.000018,-7.282929,,COD,Bandundu,Populated place,7,50000,ne-ne_10m_populated_places
1159141363,Bulungu,布隆古,18.599991,-4.549607,Q383736,COD,Bandundu,Populated place,7,48344,ne-ne_10m_populated_places
1159141369,Lusanga,卢桑加,16.516656,-5.582929,Q6705021,COD,Bandundu,Populated place,7,177,ne-ne_10m_populated_places
1159141373,Mangai,曼加伊,19.530012,-4.039613,Q6748616,COD,Bandundu,Populated place,7,37188,ne-ne_10m_populated_places
1159141377,Kasongo-Lunda,卡松戈-隆达,16.82997,-6.479619,Q3193717,COD,Bandundu,Populated place,7,20060,ne-ne_10m_populated_places
1159141381,Mushie,穆希,16.920042,-3.019623,Q1102126,COD,Bandundu,Populated place,7,33062,ne-ne_10m_populated_places
1159141387,Dibaya,迪巴亚,22.870015,-6.509539,Q3026485,COD,Kasao-Occidental,Populated place,7,603,ne-ne_10m_populated_places
1159141391,Mweka,姆韦卡,21.569991,-4.839615,Q2977263,COD,Kasaï-Occidental,Populated place,7,50675,ne-ne_10m_populated_places
1159141395,Luebo,魯耶波,21.41,-5.349507,Q651248,COD,Kasaï-Occidental,Populated place,7,35183,ne-ne_10m_populated_places
1159141399,Demba,登巴,22.259974,-5.5096,Q3022059,COD,Kasaï-Occidental,Populated place,7,22263,ne-ne_10m_populated_places
1159141405,Ilebo,伊莱博,20.609997,-4.319596,Q848403,COD,Kasaï-Occidental,Populated place,7,107093,ne-ne_10m_populated_places
1159141409,Moanda,姆安达,12.354997,-5.922909,Q1024669,COD,Bas-Congo,Populated place,7,153915,ne-ne_10m_populated_places
1159141413,Kimpese,金佩塞,14.43332,-5.549598,Q2589060,COD,Bas-Congo,Populated place,7,10578,ne-ne_10m_populated_places
1159141417,Kasangulu,卡桑古卢,15.179993,-4.57958,Q3193663,COD,Bas-Congo,Populated place,7,27961,ne-ne_10m_populated_places
1159141423,Mbanza-Ngungu,姆班扎恩古恩古,14.860013,-5.249616,Q857577,COD,Bas-Congo,Populated place,7,197545,ne-ne_10m_populated_places
1159141427,Tshela,特色拉,12.930001,-4.969582,Q3090648,COD,Bas-Congo,Populated place,7,38845,ne-ne_10m_populated_places
1159141433,Mwenga,姆文加,28.432517,-3.038227,,COD,Sud-Kivu,Populated place,7,2216,ne-ne_10m_populated_places
1159141439,Kampene,坎佩内,26.670041,-3.599536,,COD,Maniema,Populated place,7,37034,ne-ne_10m_populated_places
1159141443,Kalima,卡利马,26.430004,-2.509577,Q1103496,COD,Maniema,Populated place,7,194,ne-ne_10m_populated_places
1159141447,Lubutu,卢布图,26.583328,-0.732889,,COD,Maniema,Populated place,7,1313,ne-ne_10m_populated_places
1159141451,Kabinda,卡宾达,24.479994,-6.129614,Q3191660,COD,Kasaï-Oriental,Populated place,7,59004,ne-ne_10m_populated_places
1159141457,Lubao,卢巴奥,25.749994,-5.389556,Q3264616,COD,Kasaï-Oriental,Populated place,7,43068,ne-ne_10m_populated_places
1159141461,Lusambo,卢桑博,23.430032,-4.969582,Q3267776,COD,Kasaï-Oriental,Populated place,7,41416,ne-ne_10m_populated_places
1159141465,Gandajika,甘達吉卡,23.960026,-6.739603,Q693554,COD,Kasaï-Oriental,Populated place,7,154425,ne-ne_10m_populated_places
1159141469,Lodja,洛贾,23.591414,-3.532144,Q1006137,COD,Kasaï-Oriental,Populated place,7,68244,ne-ne_10m_populated_places
1159141475,Dilolo,迪洛洛,22.333303,-10.69962,Q1015069,COD,Katanga,Populated place,7,7854,ne-ne_10m_populated_places
1159141479,Nyunzu,尼温祖,28.016677,-5.949573,Q3346723,COD,Katanga,Populated place,7,15397,ne-ne_10m_populated_places
1159141483,Kasaji,卡萨吉,23.449979,-10.366203,,COD,Katanga,Populated place,7,11969,ne-ne_10m_populated_places
1159141487,Luanza,卢安扎,28.699995,-8.699587,,COD,Katanga,Populated place,7,861,ne-ne_10m_populated_places
1159141493,Moba,莫巴,29.719984,-7.059583,Q1986207,COD,Katanga,Populated place,7,10006,ne-ne_10m_populated_places
1159141497,Bukama,布卡马,25.840014,-9.209581,Q2915071,COD,Katanga,Populated place,7,38770,ne-ne_10m_populated_places
1159141501,Kaniama,卡尼亚马,24.170039,-7.56963,Q3192765,COD,Katanga,Admin-1 capital,7,36481,ne-ne_10m_populated_places
1159141505,Kipushi,基普希,27.250006,-11.759607,Q1081284,COD,Katanga,Populated place,7,113347,ne-ne_10m_populated_places
1159141511,Kambove,坎博韋,26.600019,-10.869583,Q674175,COD,Katanga,Populated place,7,36702,ne-ne_10m_populated_places
1159141515,Kongolo,孔戈洛,26.979996,-5.379479,Q3088094,COD,Katanga,Populated place,7,105202,ne-ne_10m_populated_places
1159141519,Kabalo,卡巴洛,26.910026,-6.049619,Q2471469,COD,Katanga,Populated place,7,29833,ne-ne_10m_populated_places
1159141523,Beni,贝尼,29.450026,0.490447,Q817269,COD,Nord-Kivu,Populated place,7,332903,ne-ne_10m_populated_places
1159141529,Sungaipenuh,雙溪珀努,101.396436,-2.063144,Q7592,IDN,Jambi,Populated place,7,95913,ne-ne_10m_populated_places
1159141533,Sampit,桑皮特,112.950046,-2.532935,Q3470926,IDN,Kalimantan Tengah,Populated place,7,92710,ne-ne_10m_populated_places
1159141537,Kualakapuas,瓜拉卡普阿斯,114.384476,-2.983715,,IDN,Kalimantan Tengah,Populated place,7,35632,ne-ne_10m_populated_places
1159141541,Palangkaraya,帕朗卡拉亚,113.909987,-2.209595,Q14409,IDN,Kalimantan Tengah,Admin-1 capital,7,148289,ne-ne_10m_populated_places
1159141547,Huehuetenango,韦韦特南戈,-91.469983,15.320394,Q984863,GTM,Huehuetenango,Admin-1 capital,7,85992,ne-ne_10m_populated_places
1159141551,Flores,弗洛雷斯,-89.883284,16.933681,Q679383,GTM,Petén,Admin-1 capital,7,38035,ne-ne_10m_populated_places
1159141555,La Libertad,拉利伯塔德,-90.119988,16.780434,Q164481,GTM,Petén,Populated place,7,8646,ne-ne_10m_populated_places
1159141559,San Jose,聖何塞港,-90.820032,13.93973,Q1266746,GTM,Escuintla,Populated place,7,18655,ne-ne_10m_populated_places
1159141565,Escuintla,埃斯昆特拉,-90.779999,14.300405,Q780771,GTM,Escuintla,Admin-1 capital,7,107638,ne-ne_10m_populated_places
1159141569,Mazatenango,马萨特南戈,-91.50998,14.530365,Q1023983,GTM,Suchitepéquez,Admin-1 capital,7,64652,ne-ne_10m_populated_places
1159141573,Monte Cristi,蒙特克里斯蒂,-71.65003,19.86699,Q2130701,DOM,Monte Cristi,Admin-1 capital,7,17001,ne-ne_10m_populated_places
1159141577,Barahona,巴拉奥纳,-71.099986,18.200374,Q958586,DOM,Barahona,Admin-1 capital,7,90128,ne-ne_10m_populated_places
1159141585,Bávaro,巴瓦諾,-68.449967,18.717009,Q2425675,DOM,La Altagracia,Populated place,7,795,ne-ne_10m_populated_places
1159141589,Saint-Laurent-du-Maroni,马罗尼河畔圣洛朗,-54.032535,5.497624,Q319959,FRA,Guinaa,Admin-1 region capital,7,24287,ne-ne_10m_populated_places
1159141593,Iracoubo,伊拉库博,-53.219992,5.480427,Q432072,FRA,Guinaa,Populated place,7,1536,ne-ne_10m_populated_places
1159141597,Bansang,班桑,-14.650021,13.433636,Q806951,GMB,Maccarthy Island,Populated place,7,7615,ne-ne_10m_populated_places
1159141603,Brikama,布里卡马,-16.65995,13.280364,Q916988,GMB,Banjul,Admin-1 capital,7,195136,ne-ne_10m_populated_places
1159141609,Tamale,塔马利,-0.839985,9.40042,Q217040,GHA,Northern,Admin-1 capital,7,360579,ne-ne_10m_populated_places
1159141613,Yendi,延迪,-0.01665,9.433725,Q639066,GHA,Northern,Populated place,7,42972,ne-ne_10m_populated_places
1159141619,Bolgatanga,博尔加坦加,-0.849985,10.790387,Q166513,GHA,Upper East,Admin-1 capital,7,82177,ne-ne_10m_populated_places
1159141623,Bawku,包库,-0.239996,11.060396,Q812036,GHA,Upper East,Populated place,7,73594,ne-ne_10m_populated_places
1159141627,Wa,瓦,-2.500013,10.060405,Q250733,GHA,Upper West,Admin-1 capital,7,78107,ne-ne_10m_populated_places
1159141631,Obuasi,奥布阿西,-1.659987,6.190409,Q1020901,GHA,Ashanti,Populated place,7,180117,ne-ne_10m_populated_places
1159141637,Berekum,貝雷庫姆,-2.590008,7.450384,Q818988,GHA,Brong Ahafo,Populated place,7,46287,ne-ne_10m_populated_places
1159141641,Winneba,温尼巴,-0.63005,5.350434,Q1188560,GHA,Central,Populated place,7,44254,ne-ne_10m_populated_places
1159141645,Cape Coast,海岸角,-1.249986,5.110372,Q221283,GHA,Central,Admin-1 capital,7,143015,ne-ne_10m_populated_places
1159141649,Nkawkaw,恩考考,-0.780015,6.550465,Q1025019,GHA,Eastern,Populated place,7,62667,ne-ne_10m_populated_places
1159141655,Koforidua,科福里杜亚,-0.260021,6.090415,Q406358,GHA,Eastern,Admin-1 capital,7,156653,ne-ne_10m_populated_places
1159141659,Tema,特马,0.010015,5.640365,Q726143,GHA,Greater Accra,Populated place,7,209000,ne-ne_10m_populated_places
1159141663,Ho,霍城,0.469986,6.60041,Q615006,GHA,Volta,Admin-1 capital,7,93044,ne-ne_10m_populated_places
1159141667,Ewo,埃沃,14.820015,-0.879599,Q2362433,COG,Cuvette-Ouest,Admin-1 capital,7,10650,ne-ne_10m_populated_places
1159141673,Mékambo,梅坎博,13.933299,1.017081,Q871846,GAB,Ogoou,Populated place,7,3170,ne-ne_10m_populated_places
1159141677,Makokou,马科库,12.866594,0.567083,Q1002583,GAB,Ogooué-Ivindo,Admin-1 capital,7,17070,ne-ne_10m_populated_places
1159141681,Mitzik,米齐克,11.566622,0.78371,Q3135733,GAB,Wouleu-Ntem,Populated place,7,4111,ne-ne_10m_populated_places
1159141685,Bitam,比塔姆,11.483371,2.083657,Q1023124,GAB,Wouleu-Ntem,Populated place,7,17637,ne-ne_10m_populated_places
1159141691,Pathankot,帕坦科特,75.720019,32.270342,Q1647167,IND,Himachal Pradesh,Populated place,7,253987,ne-ne_10m_populated_places
1159141695,Sirsa,西尔萨,75.029983,29.490382,Q1797298,IND,Haryana,Populated place,7,181639,ne-ne_10m_populated_places
1159141723,Panipat,帕尼帕特,76.969968,29.400413,Q139706,IND,Haryana,Populated place,7,292808,ne-ne_10m_populated_places
1159141729,Karnal,卡尔纳尔,76.969968,29.680448,Q256194,IND,Haryana,Populated place,7,225049,ne-ne_10m_populated_places
1159141733,Baramula,巴拉穆拉,74.350025,34.200431,Q712644,IND,Jammu and Kashmir,Populated place,7,167986,ne-ne_10m_populated_places
1159141737,Proddatur,普罗德达图尔,78.570026,14.750429,Q2349966,IND,Andhra Pradesh,Populated place,7,197451,ne-ne_10m_populated_places
1159141741,Nandyal,纳恩迪亚尔,78.486638,15.464097,Q1772751,IND,Andhra Pradesh,Populated place,7,188654,ne-ne_10m_populated_places
1159141747,Hindupur,辛杜普尔,77.489988,13.780359,Q760056,IND,Andhra Pradesh,Populated place,7,168312,ne-ne_10m_populated_places
1159141751,Tirupati,蒂鲁帕蒂,79.42,13.650419,Q1436816,IND,Andhra Pradesh,Populated place,7,287035,ne-ne_10m_populated_places
1159141755,Ongole,奥恩戈莱,80.057707,15.505577,Q1920249,IND,Andhra Pradesh,Populated place,7,202860,ne-ne_10m_populated_places
1159141759,Vizianagaram,菲兹安纳嘎兰姆,83.401372,18.110992,Q3619248,IND,Andhra Pradesh,Populated place,7,179358,ne-ne_10m_populated_places
1159141765,Rajahmundry,拉贾赫穆恩德尔伊,81.789984,17.030342,Q1639492,IND,Andhra Pradesh,Populated place,7,304804,ne-ne_10m_populated_places
1159141769,Machilipatnam,默苏利珀德姆,81.179996,16.200418,Q845662,IND,Andhra Pradesh,Populated place,7,192827,ne-ne_10m_populated_places
1159141773,Khammam,卡姆马姆,80.160058,17.28043,Q1921496,IND,Telangana,Populated place,7,290839,ne-ne_10m_populated_places
1159141777,Chirala,奇拉拉,80.339995,15.860413,Q1193800,IND,Andhra Pradesh,Populated place,7,253000,ne-ne_10m_populated_places
1159141783,Karimnagar,卡里姆纳加尔,79.109993,18.460435,Q25563078,IND,Telangana,Populated place,7,288251,ne-ne_10m_populated_places
1159141787,Nizamabad,尼扎玛巴特,78.100028,18.670396,Q41473,IND,Telangana,Populated place,7,388505,ne-ne_10m_populated_places
1159141791,Kollam,奎隆,76.569993,8.900373,Q321475,IND,Kerala,Populated place,7,394163,ne-ne_10m_populated_places
1159141795,Alappuzha,阿勒皮,76.370005,9.500414,Q585026,IND,Kerala,Populated place,7,176783,ne-ne_10m_populated_places
1159141801,Puri,普里,85.900018,19.82043,Q207799,IND,Orissa,Populated place,7,201026,ne-ne_10m_populated_places
1159141805,Sambalpur,萨姆巴尔普尔,83.970058,21.470406,Q876483,IND,Orissa,Populated place,7,310852,ne-ne_10m_populated_places
1159141809,Raurkela,鲁吉拉,84.829954,22.230412,Q1012706,IND,Orissa,Populated place,7,625831,ne-ne_10m_populated_places
1159141813,Kavaratti,卡瓦拉蒂,72.636867,10.562573,Q271287,IND,Lakshadweep,Admin-1 capital,7,10688,ne-ne_10m_populated_places
1159141819,Mandya,曼迪亚,76.919997,12.570381,Q1006277,IND,Karnataka,Populated place,7,285034,ne-ne_10m_populated_places
1159141823,Kolar,科拉尔,78.13336,13.133706,Q727181,IND,Karnataka,Populated place,7,144625,ne-ne_10m_populated_places
1159141827,Shivamogga,诗法摩嘎,75.560028,13.930376,Q281796,IND,Karnataka,Populated place,7,654055,ne-ne_10m_populated_places
1159141831,Raichur,赖久尔,77.355009,16.210366,Q916838,IND,Karnataka,Populated place,7,255240,ne-ne_10m_populated_places
1159141837,Hosapete,贺斯佩特,76.375017,15.280397,Q33414,IND,Karnataka,Populated place,7,286007,ne-ne_10m_populated_places
1159141841,Bidar,比达,77.517532,17.922923,Q461922,IND,Karnataka,Populated place,7,300136,ne-ne_10m_populated_places
1159141845,Sangli,桑格丽,74.575024,16.860404,Q429215,IND,Maharashtra,Populated place,7,601214,ne-ne_10m_populated_places
1159141849,Parbhani,帕尔巴尼,76.760007,19.270386,Q1920284,IND,Maharashtra,Populated place,7,378326,ne-ne_10m_populated_places
1159141855,Malegaon,马莱冈,74.525001,20.560359,Q580965,IND,Maharashtra,Populated place,7,690844,ne-ne_10m_populated_places
1159141859,Port Blair,布莱尔港,92.735983,11.667026,Q203476,IND,Andaman and Nicobar,Admin-1 capital,7,127562,ne-ne_10m_populated_places
1159141863,Tezpur,泰兹普尔,92.80001,26.633761,Q1021162,IND,Assam,Populated place,7,58851,ne-ne_10m_populated_places
1159141867,Silchar,修查尔,92.790036,24.790411,Q944769,IND,Assam,Populated place,7,152393,ne-ne_10m_populated_places
1159141873,Kohima,科希马,94.11657,25.666998,Q234056,IND,Nagaland,Admin-1 capital,7,92113,ne-ne_10m_populated_places
1159141877,Shillong,斯希隆格,91.880014,25.570492,Q207752,IND,Meghalaya,Admin-1 capital,7,375527,ne-ne_10m_populated_places
1159141881,Nandi,楠迪,177.416602,-17.7996,Q619443,FJI,Western,Populated place,7,42284,ne-ne_10m_populated_places
1159141885,Lautoka,劳托卡,177.466625,-17.616097,Q856662,FJI,Western,Populated place,7,55894,ne-ne_10m_populated_places
1159141891,Lambaréné,兰巴雷内,10.216627,-0.69961,Q874197,GAB,Moyen-Ogooué,Admin-1 capital,7,25310,ne-ne_10m_populated_places
1159141895,Bifoum,比丰,10.383232,-0.332914,Q4904779,GAB,Moyen-Ogooul,Populated place,7,134,ne-ne_10m_populated_places
1159141899,Ndende,恩代恩代,11.383274,-2.382918,Q2591916,GAB,Ngounié,Populated place,7,6200,ne-ne_10m_populated_places
1159141903,Mouila,穆伊拉,11.016681,-1.866154,Q746670,GAB,Ngounié,Admin-1 capital,7,28000,ne-ne_10m_populated_places
1159141909,Omboué,翁布埃,9.249967,-1.566223,Q2717524,GAB,Ogooué-Maritime,Populated place,7,1667,ne-ne_10m_populated_places
1159141913,Moanda,莫安达,13.20001,-1.5655,Q1015100,GAB,Haut-Ogooué,Populated place,7,30151,ne-ne_10m_populated_places
1159141917,Okandja,奥孔贾,13.679547,-0.656775,Q4332646,GAB,Haut-Ogooué,Populated place,7,7155,ne-ne_10m_populated_places
1159141921,Koulamoutou,库拉穆图,12.48331,-1.132917,Q985614,GAB,Ogooué-Lolo,Admin-1 capital,7,16222,ne-ne_10m_populated_places
1159141927,Cherbourg,瑟堡-奥克特维尔,-1.649987,49.650392,Q160199,FRA,Basse-Normandie,Populated place,7,60991,ne-ne_10m_populated_places
1159141931,Caen,卡昂,-0.349989,49.183754,Q41185,FRA,Basse-Normandie,Admin-1 region capital,7,190099,ne-ne_10m_populated_places
1159141935,Lorient,洛里昂,-3.366575,47.750405,Q71724,FRA,Bretagne,Populated place,7,84952,ne-ne_10m_populated_places
1159141943,Brest,布雷斯特,-4.495008,48.390443,Q12193,FRA,Bretagne,Populated place,7,144899,ne-ne_10m_populated_places
1159141947,Le Mans,勒芒,0.202582,48.004391,Q1476,FRA,Pays de la Loire,Populated place,7,144515,ne-ne_10m_populated_places
1159141951,Nantes,南特,-1.590017,47.210386,Q12191,FRA,Pays de la Loire,Admin-1 region capital,7,438537,ne-ne_10m_populated_places
1159141955,Agen,阿让,0.633336,44.200414,Q6625,FRA,Aquitaine,Populated place,7,58223,ne-ne_10m_populated_places
1159141961,Ajaccio,阿雅克肖,8.728294,41.927065,Q40104,FRA,Corse,Admin-1 region capital,7,54364,ne-ne_10m_populated_places
1159141965,Bastia,巴斯蒂亚,9.450007,42.703167,Q134698,FRA,Corse,Populated place,7,41001,ne-ne_10m_populated_places
1159141969,Toulon,土伦,5.918822,43.134186,Q44160,FRA,Provence-Alpes-Côte-d'Azur,Populated place,7,357693,ne-ne_10m_populated_places
1159141973,Béziers,贝济耶,3.209974,43.350492,Q174019,FRA,Languedoc-Roussillon,Populated place,7,81438,ne-ne_10m_populated_places
1159141979,Montpellier,蒙彼利埃,3.869986,43.610399,Q6441,FRA,Languedoc-Roussillon,Admin-1 region capital,7,327254,ne-ne_10m_populated_places
1159141983,Nîmes,尼姆,4.350008,43.830385,Q42807,FRA,Languedoc-Roussillon,Populated place,7,169547,ne-ne_10m_populated_places
1159141987,Vichy,维希,3.41668,46.117145,Q93351,FRA,Auvergne,Populated place,7,43158,ne-ne_10m_populated_places
1159141991,Nevers,讷韦尔,3.166669,46.983733,Q166997,FRA,Bourgogne,Populated place,7,45929,ne-ne_10m_populated_places
1159141997,Auxerre,欧塞尔,3.566593,47.800427,Q167600,FRA,Bourgogne,Populated place,7,41516,ne-ne_10m_populated_places
1159142001,Dijon,第戎,5.030018,47.330404,Q7003,FRA,Bourgogne,Admin-1 region capital,7,169946,ne-ne_10m_populated_places
1159142005,Bourges,布尔日,2.399998,47.083727,Q132404,FRA,Centre,Populated place,7,72340,ne-ne_10m_populated_places
1159142009,Tours,图尔,0.699947,47.380375,Q288,FRA,Centre,Populated place,7,236096,ne-ne_10m_populated_places
1159142017,Orléans,奥尔良,1.900028,47.900421,Q6548,FRA,Centre,Admin-1 region capital,7,217301,ne-ne_10m_populated_places
1159142021,Dieppe,迪耶普,1.083334,49.933734,Q183557,FRA,Haute-Normandie,Populated place,7,42461,ne-ne_10m_populated_places
1159142025,Rouen,鲁昂,1.079975,49.430405,Q30974,FRA,Haute-Normandie,Admin-1 region capital,7,532559,ne-ne_10m_populated_places
1159142029,Versailles,凡尔赛,2.133348,48.80047,Q621,FRA,Île-de-France,Populated place,7,85416,ne-ne_10m_populated_places
1159142035,Brive,布里夫拉盖亚尔德,1.533332,45.150408,Q6393,FRA,Limousin,Populated place,7,55448,ne-ne_10m_populated_places
1159142039,Troyes,特鲁瓦,4.083358,48.340394,Q5489,FRA,Champagne-Ardenne,Populated place,7,61703,ne-ne_10m_populated_places
1159142043,Reims,兰斯,4.029976,49.25039,Q41876,FRA,Champagne-Ardenne,Admin-1 region capital,7,196565,ne-ne_10m_populated_places
1159142047,Calais,加来,1.833314,50.950416,Q6454,FRA,Nord-Pas-de-Calais,Populated place,7,92201,ne-ne_10m_populated_places
1159142053,Amiens,亚眠,2.300004,49.900377,Q41604,FRA,Picardie,Admin-1 region capital,7,143086,ne-ne_10m_populated_places
1159142057,Mulhouse,米卢斯,7.34998,47.750405,Q79815,FRA,Alsace,Populated place,7,215454,ne-ne_10m_populated_places
1159142061,Nancy,南锡,6.200024,48.683681,Q40898,FRA,Lorraine,Admin-1 region capital,7,268976,ne-ne_10m_populated_places
1159142065,Metz,梅斯,6.180026,49.120347,Q22690,FRA,Lorraine,Admin-1 capital,7,409186,ne-ne_10m_populated_places
1159142071,Cochrane,科克拉内,-72.549949,-47.266276,Q3800,CHL,Ais,Populated place,7,4441,ne-ne_10m_populated_places
1159142075,Lagunas,拉古纳斯,-69.683302,-20.982868,,CHL,Tarapac,Populated place,7,10,ne-ne_10m_populated_places
1159142079,Pozo Almonte,波索阿尔蒙特,-69.800014,-20.26963,Q51585,CHL,Tarapacm,Populated place,7,10830,ne-ne_10m_populated_places
1159142083,Toconao,托科瑙,-68.016634,-23.182889,Q7812041,CHL,Antofagasta,Populated place,7,378,ne-ne_10m_populated_places
1159142089,Huasco,瓦斯科,-71.220005,-28.469594,Q14422,CHL,Atacama,Populated place,7,2558,ne-ne_10m_populated_places
1159142093,Diego de Almagro,迭戈德阿尔马格罗,-70.049998,-26.369619,Q13033,CHL,Atacama,Populated place,7,18137,ne-ne_10m_populated_places
1159142097,Caldera,卡尔德拉,-70.830028,-27.069628,Q3708,CHL,Atacama,Populated place,7,10259,ne-ne_10m_populated_places
1159142101,Coquimbo,科金博,-71.343615,-29.952915,Q3871,CHL,Coquimbo,Populated place,7,161317,ne-ne_10m_populated_places
1159142107,Vicuña,维库尼亚,-70.739982,-30.029499,Q201007,CHL,Coquimbo,Populated place,7,13496,ne-ne_10m_populated_places
1159142111,Illapel,伊亚佩尔,-71.170008,-31.629608,Q14434,CHL,Coquimbo,Populated place,7,26340,ne-ne_10m_populated_places
1159142115,Salamanca,萨拉曼卡,-70.979968,-31.779573,Q56134,CHL,Coquimbo,Populated place,7,20214,ne-ne_10m_populated_places
1159142119,Los Andes,洛斯安第斯,-70.599991,-32.829587,Q16903,CHL,Valparaíso,Populated place,7,56859,ne-ne_10m_populated_places
1159142125,San Antonio,圣安东尼奥,-71.609981,-33.599514,Q56135,CHL,Valparaíso,Populated place,7,104292,ne-ne_10m_populated_places
1159142129,Victoria,维多利亚,-72.340014,-38.239541,Q200999,CHL,La Araucanía,Populated place,7,24555,ne-ne_10m_populated_places
1159142133,Carahue,卡拉韦,-73.169989,-38.709486,Q3736,CHL,La Araucanía,Populated place,7,11875,ne-ne_10m_populated_places
1159142137,Los Lagos,洛斯拉戈斯,-72.829984,-39.84952,Q16905,CHL,Los R,Populated place,7,12813,ne-ne_10m_populated_places
1159142143,Lota,洛塔,-73.160015,-37.089585,Q16911,CHL,Bío-Bío,Populated place,7,49763,ne-ne_10m_populated_places
1159142147,Lebu,莱布,-73.649985,-37.609553,Q14488,CHL,Bío-Bío,Populated place,7,22345,ne-ne_10m_populated_places
1159142151,Quellón,克利翁,-73.599988,-43.099606,Q51608,CHL,Los Lagos,Populated place,7,7029,ne-ne_10m_populated_places
1159142155,Constitución,孔斯蒂图西翁,-72.419983,-35.329589,Q3862,CHL,Maule,Populated place,7,37917,ne-ne_10m_populated_places
1159142161,Qasigiannguit,卡西江吉特,-51.178519,68.81927,Q950991,GRL,Qaasuitsup Kommunia,Populated place,7,1341,ne-ne_10m_populated_places
1159142165,Impfondo,因普丰多,18.040025,1.640377,Q1142926,COG,Likouala,Admin-1 capital,7,20859,ne-ne_10m_populated_places
1159142169,Sembe,森贝,14.58003,1.640377,Q7449182,COG,Sangha,Populated place,7,9679,ne-ne_10m_populated_places
1159142173,Moloundou,莫伦杜,15.216683,2.033738,Q1943777,COG,Sangha,Populated place,7,12244,ne-ne_10m_populated_places
1159142179,Kerkira,克基拉,19.914743,39.615423,Q205832,GRC,Ionioi Nisoi,Admin-1 capital,7,38517,ne-ne_10m_populated_places
1159142183,Tripoli,特里波利,22.379399,37.509143,Q193409,GRC,Peloponnisos,Admin-1 capital,7,28970,ne-ne_10m_populated_places
1159142187,Sparti,斯巴达,22.42968,37.073718,Q2308046,GRC,Peloponnisos,Admin-1 capital,7,16187,ne-ne_10m_populated_places
1159142191,Agrinio,阿格林尼翁,21.407727,38.621763,Q396807,GRC,Dytiki Ellada,Populated place,7,75233,ne-ne_10m_populated_places
1159142197,Pirgos,皮尔戈斯,21.449998,37.683732,Q216307,GRC,Dytiki Ellada,Admin-1 capital,7,22399,ne-ne_10m_populated_places
1159142201,Larissa,拉里萨,22.420016,39.630409,Q178405,GRC,Thessalia,Admin-1 capital,7,128758,ne-ne_10m_populated_places
1159142205,Ioanina,约阿尼纳,20.850861,39.6679,Q183199,GRC,Ipeiros,Admin-1 capital,7,86304,ne-ne_10m_populated_places
1159142209,Mitilini,米蒂利尼,26.554648,39.110415,Q189059,GRC,Voreio Aigaio,Admin-1 capital,7,29328,ne-ne_10m_populated_places
1159142215,Hios,希俄斯,26.13581,38.368109,Q748832,GRC,Voreio Aigaio,Admin-1 capital,7,26891,ne-ne_10m_populated_places
1159142221,Chalkida,哈尔基斯,23.612398,38.463995,Q200133,GRC,Stereá Elláda,Admin-1 capital,7,71842,ne-ne_10m_populated_places
1159142225,Sitia,锡蒂亚,26.098551,35.200421,Q985549,GRC,Kriti,Populated place,7,8833,ne-ne_10m_populated_places
1159142231,Katerini,卡泰里尼,22.502492,40.272334,Q210470,GRC,Kentriki Makedonia,Admin-1 capital,7,53293,ne-ne_10m_populated_places
1159142235,Seres,塞雷,23.549715,41.085979,Q206957,GRC,Kentriki Makedonia,Admin-1 capital,7,55886,ne-ne_10m_populated_places
1159142239,Xanthi,克桑西,24.883587,41.14179,Q210296,GRC,Anatoliki Makedonia kai Thraki,Admin-1 capital,7,50570,ne-ne_10m_populated_places
1159142243,Ermoupoli,埃尔穆波利,24.9333,37.450413,Q210087,GRC,Notio Aigaio,Populated place,7,12260,ne-ne_10m_populated_places
1159142249,Kos,科斯岛,27.288815,36.893729,Q187027,GRC,Notio Aigaio,Populated place,7,19244,ne-ne_10m_populated_places
1159142253,Rodos,罗得,28.222504,36.441224,Q188731,GRC,Notio Aigaio,Admin-1 capital,7,56969,ne-ne_10m_populated_places
1159142257,Poti,波季,41.671606,42.155656,Q185345,GEO,Samegrelo-Zemo Svaneti,Populated place,7,47149,ne-ne_10m_populated_places
1159142261,Rustavi,鲁斯塔维,45.050004,41.570368,Q182521,GEO,Kvemo Kartli,Populated place,7,157063,ne-ne_10m_populated_places
1159142267,Zakho,扎胡,42.687203,37.14454,Q167800,IRQ,Dihok,Populated place,7,134863,ne-ne_10m_populated_places
1159142271,Tall Afar,泰勒阿费尔,42.44975,36.375982,Q990427,IRQ,Ninawa,Populated place,7,144465,ne-ne_10m_populated_places
1159142277,Tikrit,提克里特,43.676962,34.597047,Q165444,IRQ,Sala ad-Din,Populated place,7,56591,ne-ne_10m_populated_places
1159142281,Haifa,海法,34.978079,32.822357,Q41621,ISR,Haifa,Admin-1 capital,7,1011000,ne-ne_10m_populated_places
1159142287,Nazareth,拿撒勒,35.295509,32.703984,Q430776,ISR,HaZafon,Admin-1 capital,7,151459,ne-ne_10m_populated_places
1159142291,Karbala,卡尔巴拉,44.024486,32.61492,Q199909,IRQ,Karbala',Admin-1 capital,7,510692,ne-ne_10m_populated_places
1159142295,Debre Birhan,德保贝尔韩,39.530031,9.680377,Q1181637,ETH,Amhara,Populated place,7,65231,ne-ne_10m_populated_places
1159142299,Bati,巴提,40.016565,11.183748,Q2891356,ETH,Amhara,Populated place,7,19260,ne-ne_10m_populated_places
1159142305,Adigrat,阿迪格拉特,39.469983,14.280432,Q357101,ETH,Tigray,Populated place,7,104021,ne-ne_10m_populated_places
1159142309,Aksum,阿克蘇姆,38.720003,14.130415,Q5832,ETH,Tigray,Populated place,7,47487,ne-ne_10m_populated_places
1159142313,Yirga Alem,伊尔加阿莱姆,38.409996,6.750426,Q2189137,ETH,"Southern Nations, Nationalities and Peoples",Populated place,7,36292,ne-ne_10m_populated_places
1159142317,Hosaina,霍赛纳,37.850031,7.550378,Q2754082,ETH,"Southern Nations, Nationalities and Peoples",Populated place,7,89300,ne-ne_10m_populated_places
1159142323,Dila,迪拉,38.310002,6.410421,Q905423,ETH,"Southern Nations, Nationalities and Peoples",Populated place,7,47021,ne-ne_10m_populated_places
1159142327,Giyon,沃利索,37.970023,8.530421,Q3565377,ETH,Addis Ababa,Populated place,7,114534,ne-ne_10m_populated_places
1159142331,Hagere Hiywet,安波,37.850031,8.980394,Q1266796,ETH,Addis Ababa,Populated place,7,43920,ne-ne_10m_populated_places
1159142335,Nekemte,蕾珂美,36.530008,9.090464,Q376295,ETH,Addis Ababa,Admin-1 capital,7,73018,ne-ne_10m_populated_places
1159142341,Asela,阿塞拉,39.139926,7.950405,Q740236,ETH,Addis Ababa,Admin-1 capital,7,82240,ne-ne_10m_populated_places
1159142345,Shashemene,沙沙山,38.590037,7.200399,Q731020,ETH,Addis Ababa,Populated place,7,114350,ne-ne_10m_populated_places
1159142349,Dembi Dolo,登比多洛,34.799984,8.533729,Q2563156,ETH,Addis Ababa,Populated place,7,27780,ne-ne_10m_populated_places
1159142353,Gimbi,金比,35.833306,9.167023,Q987235,ETH,Addis Ababa,Populated place,7,31809,ne-ne_10m_populated_places
1159142359,Asosa,阿索萨,34.533334,10.066994,Q532102,ETH,Benshangul-Gumaz,Populated place,7,30512,ne-ne_10m_populated_places
1159142363,Jijiga,吉吉加,42.789987,9.350423,Q755763,ETH,Somali,Admin-1 capital,7,56821,ne-ne_10m_populated_places
1159142367,Stralsund,施特拉尔松德,13.100017,54.300418,Q4065,DEU,Mecklenburg-Vorpommern,Populated place,7,61368,ne-ne_10m_populated_places
1159142375,Rostock,罗斯托克,12.149997,54.07038,Q2861,DEU,Mecklenburg-Vorpommern,Populated place,7,203080,ne-ne_10m_populated_places
1159142379,Sodankylä,索丹屈莱,26.600019,67.417059,Q502175,FIN,Lapland,Populated place,7,8942,ne-ne_10m_populated_places
1159142383,Jyväskylä,于韦斯屈莱,25.749994,62.260346,Q134620,FIN,Central Finland,Admin-1 capital,7,98136,ne-ne_10m_populated_places
1159142387,Kuopio,库奥皮奥,27.69494,62.894286,Q162279,FIN,Eastern Finland,Admin-1 capital,7,91900,ne-ne_10m_populated_places
1159142393,Lappeenranta,拉彭兰塔,28.183334,61.067059,Q181854,FIN,South Karelia,Populated place,7,59276,ne-ne_10m_populated_places
1159142397,Porvoo,波尔沃,25.66602,60.400356,Q193367,FIN,Eastern Uusimaa,Populated place,7,12242,ne-ne_10m_populated_places
1159142401,Oktyabrsk,坎德阿加什,57.444907,49.473064,Q2374438,KAZ,Aqtöbe,Populated place,7,28196,ne-ne_10m_populated_places
1159142405,Algha,阿尔加,57.334991,49.903167,Q2435663,KAZ,Aqt,Populated place,7,28267,ne-ne_10m_populated_places
1159142411,Bayghanin,拜加寧區,55.873995,48.691691,Q2115182,KAZ,Aqtöbe,Populated place,7,7657,ne-ne_10m_populated_places
1159142415,Embi,恩比,58.144192,48.826773,Q2378028,KAZ,Aqtöbe,Populated place,7,18760,ne-ne_10m_populated_places
1159142419,Zhetiqara,杰特加拉,61.239921,52.192976,Q1018868,KAZ,Qostanay,Populated place,7,46740,ne-ne_10m_populated_places
1159142423,Komsomolets,共青团员村,62.050207,53.750555,Q1752218,KAZ,Qostanay,Populated place,7,9838,ne-ne_10m_populated_places
1159142429,Tobol,托博尔,62.57493,52.698009,Q1047817,KAZ,Qostanay,Populated place,7,7155,ne-ne_10m_populated_places
1159142433,Qusmuryn,库斯穆林,64.599974,52.457998,,KAZ,Qostanay,Populated place,7,8049,ne-ne_10m_populated_places
1159142437,Shieli,西亞利,66.750024,44.167006,Q4523710,KAZ,Qyzylorda,Populated place,7,29832,ne-ne_10m_populated_places
1159142441,Makhambet,马哈姆贝特,51.579787,47.671365,Q3312321,KAZ,Atyrau,Populated place,7,8905,ne-ne_10m_populated_places
1159142447,Chapaev,恰巴耶夫,51.14493,50.191496,Q4507143,KAZ,West Kazakhstan,Populated place,7,6000,ne-ne_10m_populated_places
1159142451,Zhanibek,贾内贝克,46.877231,49.427641,Q141468,KAZ,West Kazakhstan,Populated place,7,8212,ne-ne_10m_populated_places
1159142455,Aqsay,阿克赛,53.034892,51.171436,Q622760,KAZ,West Kazakhstan,Populated place,7,34799,ne-ne_10m_populated_places
1159142459,Esil,埃西尔,66.377488,51.956969,Q1238323,KAZ,Aqmola,Populated place,7,13504,ne-ne_10m_populated_places
1159142465,Derzhavinsk,捷扎文斯克,66.307467,51.10206,Q2374413,KAZ,Aqmola,Populated place,7,15848,ne-ne_10m_populated_places
1159142469,Zhaltyr,扎尔提尔,69.832781,51.632416,Q13640710,KAZ,Aqmola,Populated place,7,694,ne-ne_10m_populated_places
1159142473,Makinsk,马金斯克,70.409955,52.640364,Q1019392,KAZ,Aqmola,Populated place,7,23020,ne-ne_10m_populated_places
1159142477,Aqsu,阿克苏,71.959731,52.450195,,KAZ,Aqmola,Populated place,7,8543,ne-ne_10m_populated_places
1159142483,Zholymbet,若林贝特,71.709876,51.750238,,KAZ,Aqmola,Populated place,7,6876,ne-ne_10m_populated_places
1159142487,Erymentau,叶里门多,73.104933,51.630323,Q1019810,KAZ,Aqmola,Populated place,7,25141,ne-ne_10m_populated_places
1159142491,Saryshaghan,萨雷沙甘,73.619113,46.119548,Q262448,KAZ,Qaraghandy,Populated place,7,4365,ne-ne_10m_populated_places
1159142495,Qarazhal,卡拉扎尔,70.799906,48.025271,Q1010149,KAZ,Qaraghandy,Populated place,7,22170,ne-ne_10m_populated_places
1159142501,Atasu,阿塔苏,71.649931,48.690321,Q753744,KAZ,Qaraghandy,Populated place,7,19616,ne-ne_10m_populated_places
1159142505,Kishkenekol,基什凯内科尔,72.341414,53.636764,Q30505,KAZ,North Kazakhstan,Populated place,7,6779,ne-ne_10m_populated_places
1159142509,Tayynsha,泰恩沙区,69.763793,53.84812,Q35362,KAZ,North Kazakhstan,Populated place,7,13148,ne-ne_10m_populated_places
1159142513,Bulaevo,布拉埃沃,70.439979,54.905317,Q30520,KAZ,North Kazakhstan,Populated place,7,9886,ne-ne_10m_populated_places
1159142519,Ertis,埃尔蒂斯,75.449906,53.345309,Q1047734,KAZ,Pavlodar,Populated place,7,9216,ne-ne_10m_populated_places
1159142523,Kachiry,捷連科爾區,76.08997,53.080363,Q75251,KAZ,Pavlodar,Populated place,7,8931,ne-ne_10m_populated_places
1159142527,Zaysan,斋桑,84.859823,47.475228,Q1881641,KAZ,East Kazakhstan,Populated place,7,17600,ne-ne_10m_populated_places
1159142531,Zyryanovsk,阿勒泰,84.254847,49.74527,Q2139924,KAZ,East Kazakhstan,Populated place,7,49658,ne-ne_10m_populated_places
1159142537,Ridder,里德,83.514943,50.355388,Q986100,KAZ,East Kazakhstan,Populated place,7,56756,ne-ne_10m_populated_places
1159142541,Shar,恰尔斯克,81.054939,49.600317,Q4507469,KAZ,East Kazakhstan,Populated place,7,9087,ne-ne_10m_populated_places
1159142545,Urzhar,乌尔贾尔,81.604827,47.100186,Q2073917,KAZ,East Kazakhstan,Populated place,7,14826,ne-ne_10m_populated_places
1159142549,Sarqan,萨尔坎,79.914905,45.42034,Q1340535,KAZ,Almaty,Populated place,7,76919,ne-ne_10m_populated_places
1159142555,Ushtobe,烏什托別,77.969959,45.265336,Q254928,KAZ,Almaty,Populated place,7,20492,ne-ne_10m_populated_places
1159142559,Shonzhy,春贾,79.470281,43.542082,Q1977617,KAZ,Almaty,Populated place,7,3902,ne-ne_10m_populated_places
1159142563,Qapshaghay,卡普恰盖,77.068722,43.884387,Q1816833,KAZ,Almaty,Populated place,7,42167,ne-ne_10m_populated_places
1159142567,Otar,奥塔尔,75.2139,43.53459,Q12557815,KAZ,Almaty,Populated place,7,11238,ne-ne_10m_populated_places
1159142573,Qomsheh,沙阿礼萨,51.859718,32.011494,Q765571,IRN,Esfahan,Populated place,7,118301,ne-ne_10m_populated_places
1159142579,Kashan,卡尚,51.579993,33.980418,Q240475,IRN,Esfahan,Populated place,7,250000,ne-ne_10m_populated_places
1159142583,Khomeini Shahr,霍梅尼沙赫尔,51.469974,32.700419,Q720001,IRN,Esfahan,Populated place,7,437138,ne-ne_10m_populated_places
1159142587,Fasa,法萨,53.671494,28.971835,Q721034,IRN,Fars,Populated place,7,124458,ne-ne_10m_populated_places
1159142593,Gonbad-e Kavus,贡巴德卡武斯,55.171454,37.251821,Q1975291,IRN,Golestan,Populated place,7,159982,ne-ne_10m_populated_places
1159142599,Gorgan,戈尔甘,54.480023,36.830348,Q188155,IRN,Golestan,Admin-1 capital,7,281023,ne-ne_10m_populated_places
1159142603,Amol,阿莫勒,52.363305,36.471325,Q331078,IRN,Mazandaran,Populated place,7,221650,ne-ne_10m_populated_places
1159142609,Sari,萨里,53.100004,36.55039,Q168843,IRN,Mazandaran,Admin-1 capital,7,271467,ne-ne_10m_populated_places
1159142613,Semnan,塞姆南,53.374302,35.554792,Q203045,IRN,Semnan,Admin-1 capital,7,124826,ne-ne_10m_populated_places
1159142617,Karaj,卡拉季,50.968059,35.802305,Q36529,IRN,Tehran,Populated place,7,1423000,ne-ne_10m_populated_places
1159142621,Behbehan,贝赫贝汉,50.261469,30.581814,Q643207,IRN,Khuzestan,Populated place,7,85707,ne-ne_10m_populated_places
1159142627,Dezful,迪兹富勒,48.470002,32.380387,Q605142,IRN,Khuzestan,Populated place,7,315482,ne-ne_10m_populated_places
1159142631,Khorramabad,霍拉马巴德,48.35001,33.480423,Q502212,IRN,Lorestan,Admin-1 capital,7,375198,ne-ne_10m_populated_places
1159142635,Ilam,伊拉姆,46.430024,33.630414,Q499470,IRN,Ilam,Admin-1 capital,7,152894,ne-ne_10m_populated_places
1159142639,As Samawah,萨玛沃,45.280275,31.309858,Q750679,IRQ,Al-Muthannia,Admin-1 capital,7,174978,ne-ne_10m_populated_places
1159142645,An Nasiriyah,纳西里耶,46.267553,31.042949,Q38811,IRQ,Dhi-Qar,Admin-1 capital,7,451547,ne-ne_10m_populated_places
1159142649,Al Amarah,阿马拉,47.151168,31.841608,Q366010,IRQ,Maysan,Admin-1 capital,7,345007,ne-ne_10m_populated_places
1159142653,Al Kut,库特,45.83037,32.490716,Q328030,IRQ,Wasit,Admin-1 capital,7,321521,ne-ne_10m_populated_places
1159142657,Saveh,萨韦,50.331439,35.021827,Q765518,IRN,Markazi,Populated place,7,175533,ne-ne_10m_populated_places
1159142663,Arak,阿拉克,49.700005,34.080412,Q212628,IRN,Markazi,Admin-1 capital,7,503647,ne-ne_10m_populated_places
1159142667,Fort Shevchenko,新彼得洛夫斯科耶,50.266637,44.517062,Q1192007,KAZ,Mangghystau,Populated place,7,5213,ne-ne_10m_populated_places
1159142671,Zhangaozen,扎瑙津,52.800022,43.300392,Q1000852,KAZ,Mangghystau,Populated place,7,8895,ne-ne_10m_populated_places
1159142675,Mahabad,马哈巴德,45.720041,36.770377,Q335518,IRN,West Azarbaijan,Populated place,7,162434,ne-ne_10m_populated_places
1159142681,Khvoy,霍伊,44.970009,38.530399,Q605105,IRN,West Azarbaijan,Populated place,7,202728,ne-ne_10m_populated_places
1159142685,Maragheh,马拉盖,46.220011,37.420389,Q605021,IRN,East Azarbaijan,Populated place,7,151385,ne-ne_10m_populated_places
1159142689,Qasr-e Shirin,席林堡,45.577207,34.512375,Q8139321,IRN,Kermanshah,Populated place,7,11202,ne-ne_10m_populated_places
1159142693,Bijar,比贾尔,47.593674,35.874075,Q720596,IRN,Kordestan,Populated place,7,53871,ne-ne_10m_populated_places
1159142699,As Sulaymaniyah,苏莱曼尼亚,45.43086,35.561278,Q191204,IRQ,As-Sulaymaniyah,Admin-1 capital,7,723170,ne-ne_10m_populated_places
1159142703,Baqubah,巴古拜,44.657263,33.747642,Q270821,IRQ,Diyala,Admin-1 capital,7,299479,ne-ne_10m_populated_places
1159142707,Yazdan,亚兹丹,60.893792,33.506493,,IRN,South Khorasan,Populated place,7,2000,ne-ne_10m_populated_places
1159142711,Torbat-e Jam,托尔巴特贾姆,60.612879,35.22334,Q765715,IRN,Razavi Khorasan,Populated place,7,104578,ne-ne_10m_populated_places
1159142717,Quchan,古昌,58.501483,37.111829,Q765793,IRN,Razavi Khorasan,Populated place,7,145531,ne-ne_10m_populated_places
1159142721,Chabahar,恰巴哈尔,60.629932,25.300405,Q862466,IRN,Sistan and Baluchestan,Populated place,7,65801,ne-ne_10m_populated_places
1159142725,Abohar,阿博赫尔,74.182342,30.126338,Q490878,IND,Punjab,Populated place,7,130603,ne-ne_10m_populated_places
1159142729,Patiala,伯蒂亚拉,76.384991,30.320409,Q208162,IND,Punjab,Populated place,7,329224,ne-ne_10m_populated_places
1159142735,Bhilwara,皮尔瓦拉,74.63502,25.350428,Q760146,IND,Rajasthan,Populated place,7,389911,ne-ne_10m_populated_places
1159142739,Pali,巴利,73.329932,25.790375,Q6634626,IND,Rajasthan,Populated place,7,210103,ne-ne_10m_populated_places
1159142743,Tonk,通克,75.79004,26.150457,Q1000511,IND,Rajasthan,Populated place,7,181734,ne-ne_10m_populated_places
1159142747,Sikar,锡卡尔,75.140002,27.610394,Q33334,IND,Rajasthan,Populated place,7,400000,ne-ne_10m_populated_places
1159142753,Bikaner,比卡内尔,73.332243,28.015083,Q200718,IND,Rajasthan,Populated place,7,576015,ne-ne_10m_populated_places
1159142757,Bharatpur,珀勒德布尔,77.507411,27.209374,Q559834,IND,Rajasthan,Populated place,7,229384,ne-ne_10m_populated_places
1159142761,Alwar,奥瓦,76.604926,27.545359,Q2722762,IND,Rajasthan,Populated place,7,283228,ne-ne_10m_populated_places
1159142765,Arys,阿雷西,68.804834,42.436879,Q718108,KAZ,South Kazakhstan,Populated place,7,42648,ne-ne_10m_populated_places
1159142771,Burylbaytal,布鲁拜塔尔,74.030251,44.938741,Q13664517,KAZ,Zhambyl,Populated place,7,100,ne-ne_10m_populated_places
1159142775,Shu,楚城,73.744842,43.595258,Q145802,KAZ,Zhambyl,Populated place,7,42439,ne-ne_10m_populated_places
1159142779,Qulan,古兰,72.704957,42.920363,Q4246014,KAZ,Zhambyl,Populated place,7,13128,ne-ne_10m_populated_places
1159142785,Oytal,奥伊塔尔,73.254898,42.915299,Q3783220,KAZ,Zhambyl,Populated place,7,22673,ne-ne_10m_populated_places
1159142789,Qaratau,卡拉套,70.459978,43.185386,Q1850973,KAZ,Zhambyl,Populated place,7,37881,ne-ne_10m_populated_places
1159142793,Fatehpur,法塔赫布尔,80.800019,25.88037,Q1525461,IND,Uttar Pradesh,Populated place,7,166480,ne-ne_10m_populated_places
1159142799,Faizabad,法扎巴德,82.170013,26.750394,Q842411,IND,Uttar Pradesh,Populated place,7,153047,ne-ne_10m_populated_places
1159142803,Bahraich,巴赫赖奇,81.606114,27.567427,Q638621,IND,Uttar Pradesh,Populated place,7,182218,ne-ne_10m_populated_places
1159142809,Mirzapur,密札浦,82.569988,25.145376,Q956371,IND,Uttar Pradesh,Populated place,7,245817,ne-ne_10m_populated_places
1159142813,Jhansi,占西,78.557468,25.452954,Q242995,IND,Uttar Pradesh,Populated place,7,826494,ne-ne_10m_populated_places
1159142817,Shahjahanpur,斯哈赫贾汉普尔,79.905034,27.880377,Q2078241,IND,Uttar Pradesh,Populated place,7,320434,ne-ne_10m_populated_places
1159142821,Rampur,兰姆普尔,79.024985,28.815359,Q1487593,IND,Uttar Pradesh,Populated place,7,296418,ne-ne_10m_populated_places
1159142827,Bareilly,巴雷利,79.418054,28.347333,Q213026,IND,Uttar Pradesh,Populated place,7,817000,ne-ne_10m_populated_places
1159142831,Etawah,埃塔瓦,79.01496,26.785457,Q878237,IND,Uttar Pradesh,Populated place,7,257448,ne-ne_10m_populated_places
1159142837,Dehra Dun,德拉敦,78.050006,30.320409,Q199528,IND,Uttaranchal,Admin-1 capital,7,714223,ne-ne_10m_populated_places
1159142843,Haora,豪拉,88.318516,22.584698,Q205697,IND,West Bengal,Populated place,7,4841638,ne-ne_10m_populated_places
1159142847,Alipur Duar,阿利普尔杜瓦,89.566667,26.483744,Q548210,IND,West Bengal,Populated place,7,127342,ne-ne_10m_populated_places
1159142851,Haldia,霍尔迪亚,88.058335,22.02567,Q12460009,IND,West Bengal,Populated place,7,200762,ne-ne_10m_populated_places
1159142855,Bhatpara,帕德巴拉,88.413626,22.852821,Q854914,IND,West Bengal,Populated place,7,483129,ne-ne_10m_populated_places
1159142861,Medinipur,梅迪尼普尔,87.333872,22.399723,Q12447537,IND,West Bengal,Populated place,7,169127,ne-ne_10m_populated_places
1159142865,Siliguri,西里古里,88.455004,26.720422,Q5087,IND,West Bengal,Populated place,7,515574,ne-ne_10m_populated_places
1159142871,Purnia,普尔尼亚,87.479973,25.785414,Q1771762,IND,Bihar,Populated place,7,198453,ne-ne_10m_populated_places
1159142875,Muzaffarpur,穆扎夫法尔普尔,85.379946,26.120433,Q1453196,IND,Bihar,Populated place,7,333200,ne-ne_10m_populated_places
1159142881,Aurangabad,奥朗嘎巴特,84.380007,24.770412,Q590550,IND,Bihar,Populated place,7,95929,ne-ne_10m_populated_places
1159142885,Bilaspur,比拉斯普尔,82.159987,22.09042,Q860452,IND,Chhattisgarh,Populated place,7,543454,ne-ne_10m_populated_places
1159142889,Burhanpur,布尔汉普尔,76.172406,21.28452,Q593193,IND,Madhya Pradesh,Populated place,7,197233,ne-ne_10m_populated_places
1159142893,Ujjain,邬阇衍那,75.79004,23.190405,Q200119,IND,Madhya Pradesh,Populated place,7,513350,ne-ne_10m_populated_places
1159142899,Ratlam,勒德兰,75.029983,23.350395,Q652376,IND,Madhya Pradesh,Populated place,7,307229,ne-ne_10m_populated_places
1159142903,Sagar,萨格尔,78.750015,23.85039,Q1006355,IND,Madhya Pradesh,Populated place,7,328240,ne-ne_10m_populated_places
1159142907,Vellore,韦洛尔,79.150042,12.920386,Q300577,IND,Tamil Nadu,Populated place,7,177081,ne-ne_10m_populated_places
1159142911,Tiruvannamalai,提鲁凡纳马拉,79.099967,12.260374,Q162830,IND,Tamil Nadu,Populated place,7,138243,ne-ne_10m_populated_places
1159142917,Rajapalaiyam,拉贾帕拉耶姆,77.580009,9.420393,Q2237707,IND,Tamil Nadu,Populated place,7,369991,ne-ne_10m_populated_places
1159142921,Cuddalore,楚达罗尔,79.770004,11.720407,Q279951,IND,Tamil Nadu,Populated place,7,158569,ne-ne_10m_populated_places
1159142925,Karur,卡鲁尔,78.083337,10.950377,Q817218,IND,Tamil Nadu,Populated place,7,76915,ne-ne_10m_populated_places
1159142929,Kanchipuram,甘吉布勒姆,79.716674,12.833724,Q212332,IND,Tamil Nadu,Populated place,7,155029,ne-ne_10m_populated_places
1159142935,Tirunelveli,蒂鲁内尔维利,77.689976,8.730409,Q213248,IND,Tamil Nadu,Populated place,7,542200,ne-ne_10m_populated_places
1159142939,Nagercoil,纳盖科伊尔,77.429992,8.180365,Q847606,IND,Tamil Nadu,Populated place,7,224329,ne-ne_10m_populated_places
1159142943,Thanjavur,坦嘉夫尔,79.150042,10.770414,Q41496,IND,Tamil Nadu,Populated place,7,219571,ne-ne_10m_populated_places
1159142947,Kumbakonam,库姆巴科纳姆,79.387528,10.951296,Q913399,IND,Tamil Nadu,Populated place,7,139264,ne-ne_10m_populated_places
1159142953,Valparai,瓦尔巴赖,76.969968,10.320415,Q282137,IND,Tamil Nadu,Populated place,7,114308,ne-ne_10m_populated_places
1159142957,Tiruppur,蒂鲁普,77.329998,11.080421,Q836527,IND,Tamil Nadu,Populated place,7,650000,ne-ne_10m_populated_places
1159142961,Daman,达曼,72.850013,20.417008,Q463252,IND,Dadra and Nagar Haveli,Admin-1 capital,7,39737,ne-ne_10m_populated_places
1159142965,Navsari,瑙萨里,72.920034,20.850393,Q1922248,IND,Dadra and Nagar Haveli,Populated place,7,163000,ne-ne_10m_populated_places
1159142973,Bhuj,普杰,69.673591,23.233827,Q798382,IND,Dadra and Nagar Haveli,Populated place,7,289429,ne-ne_10m_populated_places
1159142977,Bhavnagar,巴夫那加尔,72.129954,21.778424,Q242992,IND,Dadra and Nagar Haveli,Populated place,7,554978,ne-ne_10m_populated_places
1159142979,Gandhinagar,甘地讷格尔,72.643556,23.218994,Q11910,IND,Dadra and Nagar Haveli,Admin-1 capital,7,195891,ne-ne_10m_populated_places
1159142983,Itanagar,伊塔那噶,93.616601,27.100399,Q41128,IND,Arunachal Pradesh,Admin-1 capital,7,44971,ne-ne_10m_populated_places
1159142991,Aizawl,艾藻尔,92.720015,23.710399,Q192379,IND,Mizoram,Admin-1 capital,7,283021,ne-ne_10m_populated_places
1159142995,Agartala,阿加尔塔拉,91.279999,23.835404,Q170454,IND,Tripura,Admin-1 capital,7,203264,ne-ne_10m_populated_places
1159142999,Owando,奥旺多,15.92,-0.479623,Q1201732,COG,Cuvette,Admin-1 capital,7,34070,ne-ne_10m_populated_places
1159143005,Makoua,馬夸,15.640017,-0.009574,Q1667693,COG,Cuvette,Populated place,7,11355,ne-ne_10m_populated_places
1159143009,Sibiti,錫比提,13.350027,-3.689608,Q739308,COG,Lékoumou,Admin-1 capital,7,22811,ne-ne_10m_populated_places
1159143013,Mossendjo,莫森焦,12.719988,-2.939628,Q3307130,COG,Niari,Populated place,7,30936,ne-ne_10m_populated_places
1159143017,Loubomo,多利西,12.670017,-4.179604,Q246554,COG,Niari,Admin-1 capital,7,103894,ne-ne_10m_populated_places
1159143023,Gamboma,甘博马,15.85003,-1.879486,Q3307123,COG,Plateaux,Populated place,7,20877,ne-ne_10m_populated_places
1159143027,Djambala,兼巴拉,14.749993,-2.539601,Q2490824,COG,Plateaux,Admin-1 capital,7,9651,ne-ne_10m_populated_places
1159143033,Svendborg,斯温堡,10.616654,55.070423,Q28031,DNK,Syddanmark,Populated place,7,29180,ne-ne_10m_populated_places
1159143035,Odense,欧登塞,10.383335,55.400377,Q25331,DNK,Syddanmark,Populated place,7,158222,ne-ne_10m_populated_places
1159143041,Esbjerg,埃斯比约,8.450016,55.467039,Q26234,DNK,Syddanmark,Populated place,7,72205,ne-ne_10m_populated_places
1159143045,Frederikshavn,腓特烈港,10.5333,57.433689,Q27452,DNK,Nordjylland,Populated place,7,24103,ne-ne_10m_populated_places
1159143049,Aalborg,奥尔堡,9.916593,57.033714,Q25410,DNK,Nordjylland,Admin-1 capital,7,122219,ne-ne_10m_populated_places
1159143053,Ferkessédougou,费尔凯塞杜古,-5.200029,9.600407,Q2855736,CIV,Savanes,Populated place,7,62008,ne-ne_10m_populated_places
1159143059,Kérouané,凯鲁阿内,-9.019977,9.270376,Q1152900,GIN,Kankan,Admin-1 capital,7,15406,ne-ne_10m_populated_places
1159143063,Siguiri,锡吉里,-9.166635,11.417093,Q1100303,GIN,Kankan,Admin-1 capital,7,50159,ne-ne_10m_populated_places
1159143067,Mamou,马木,-12.100021,10.380386,Q644131,GIN,Mamou,Admin-1 capital,7,71153,ne-ne_10m_populated_places
1159143071,Kamsar,卡姆薩爾,-14.605011,10.685406,Q1723411,GIN,Boke,Populated place,7,34973,ne-ne_10m_populated_places
1159143077,Fria,弗里亞,-13.549985,10.380386,Q1456064,GIN,Boke,Admin-1 capital,7,23729,ne-ne_10m_populated_places
1159143081,Odienné,奧迭內,-7.580013,9.510413,Q506811,CIV,Denguélé,Admin-1 capital,7,49857,ne-ne_10m_populated_places
1159143085,Macenta,弗里敦,-9.48,8.550368,Q1032064,GIN,Nzerekore,Admin-1 capital,7,43102,ne-ne_10m_populated_places
1159143089,Yomou,約穆,-9.269987,7.570428,Q784157,GIN,Nzerekore,Admin-1 capital,7,3614,ne-ne_10m_populated_places
1159143095,Faranah,法拉纳,-10.75,10.040406,Q597843,GIN,Faranah,Admin-1 capital,7,19469,ne-ne_10m_populated_places
1159143099,Kissidougou,博城,-10.120013,9.190458,Q1358885,GIN,Faranah,Admin-1 capital,7,66815,ne-ne_10m_populated_places
1159143103,Man,曼镇,-7.549989,7.400413,Q1191011,CIV,Dix-Huit Montagnes,Admin-1 capital,7,146974,ne-ne_10m_populated_places
1159143107,Séguéla,塞蓋拉,-6.670017,7.950405,Q952665,CIV,Worodougou,Admin-1 capital,7,51157,ne-ne_10m_populated_places
1159143115,Gagnoa,加尼奧阿,-5.879988,6.150411,Q18592055,CIV,Fromager,Admin-1 capital,7,123184,ne-ne_10m_populated_places
1159143117,Soubré,苏布雷,-6.610021,5.790407,Q1587131,CIV,Bas-Sassandra,Admin-1 capital,7,108933,ne-ne_10m_populated_places
1159143121,San-Pedro,圣佩德罗,-6.639967,4.770418,Q609831,CIV,Bas-Sassandra,Admin-1 capital,7,210273,ne-ne_10m_populated_places
1159143127,Sassandra,薩桑德拉,-6.083283,4.950381,Q586448,CIV,Bas-Sassandra,Populated place,7,38411,ne-ne_10m_populated_places
1159143133,Bondoukou,邦杜庫,-2.800021,8.030426,Q892276,CIV,Zanzan,Admin-1 capital,7,58297,ne-ne_10m_populated_places
1159143137,Agboville,阿博维尔,-4.280034,5.940347,Q2080938,CIV,Agnéby,Admin-1 capital,7,81770,ne-ne_10m_populated_places
1159143141,Dimbokro,丁博克罗,-4.710007,6.650458,Q678980,CIV,N'zi-Comoé,Admin-1 capital,7,67349,ne-ne_10m_populated_places
1159143145,Grand Bassam,大巴萨姆,-3.749988,5.200392,Q582922,CIV,Lagunes,Populated place,7,73772,ne-ne_10m_populated_places
1159143151,Dabou,达布,-4.389949,5.320359,Q1588249,CIV,Lagunes,Populated place,7,72913,ne-ne_10m_populated_places
1159143155,Guiglo,吉格洛,-7.489967,6.550465,Q1553776,CIV,Moyen-Cavally,Admin-1 capital,7,39134,ne-ne_10m_populated_places
1159143159,Abengourou,阿本古鲁,-3.490004,6.730376,Q1044225,CIV,Moyen-Comoe,Admin-1 capital,7,104020,ne-ne_10m_populated_places
1159143163,Ar Rutbah,鲁特拜,40.284455,33.03846,Q1029634,IRQ,Al-Anbar,Populated place,7,22370,ne-ne_10m_populated_places
1159143169,Al Fallujah,费卢杰,43.777266,33.347666,Q191170,IRQ,Al-Anbar,Populated place,7,231819,ne-ne_10m_populated_places
1159143173,Al Hillah,希拉,44.421722,32.472138,Q243846,IRQ,Babil,Admin-1 capital,7,594605,ne-ne_10m_populated_places
1159143177,Pointe-à-Pitre,皮特尔角城,-61.532999,16.241475,Q335322,FRA,Guadeloupe,Populated place,7,145511,ne-ne_10m_populated_places
1159143181,Basse-terre,巴斯特尔,-61.705484,16.01041,Q167024,FRA,Guadeloupe,Admin-1 region capital,7,307,ne-ne_10m_populated_places
1159143187,St.-Benoit,圣伯努瓦,55.712816,-21.033511,Q478215,FRA,La Réunion,Populated place,7,35310,ne-ne_10m_populated_places
1159143191,Manacapuru,马纳卡普鲁,-60.61998,-3.289581,Q983526,BRA,Amazonas,Populated place,7,59102,ne-ne_10m_populated_places
1159143195,Maués,毛埃斯,-57.720028,-3.389626,Q1808581,BRA,Amazonas,Populated place,7,32561,ne-ne_10m_populated_places
1159143199,Pedreiras,佩德雷拉斯,-44.670023,-4.569606,Q1957216,BRA,Maranh,Populated place,7,13638,ne-ne_10m_populated_places
1159143205,Codó,科多,-43.879968,-4.479586,Q2013225,BRA,Maranhão,Populated place,7,83288,ne-ne_10m_populated_places
1159143209,Coroatá,科罗阿塔,-44.150003,-4.129581,Q967552,BRA,Maranhão,Populated place,7,34129,ne-ne_10m_populated_places
1159143213,Chapadinha,沙帕迪尼亚,-43.36,-3.739528,Q746060,BRA,Maranhão,Populated place,7,40804,ne-ne_10m_populated_places
1159143217,Pinheiro,皮涅鲁,-45.089997,-2.519602,Q1796449,BRA,Maranhão,Populated place,7,38893,ne-ne_10m_populated_places
1159143223,Barra do Corda,巴拉-杜科尔达,-45.259961,-5.5096,Q1807301,BRA,Maranhão,Populated place,7,48901,ne-ne_10m_populated_places
1159143227,Viana,维亚纳,-45.000003,-3.209586,Q2106072,BRA,Maranhão,Populated place,7,26689,ne-ne_10m_populated_places
1159143231,Colinas,科利纳斯,-44.239998,-6.039542,Q369679,BRA,Maranhão,Populated place,7,25158,ne-ne_10m_populated_places
1159143235,Viseu,維塞烏,-46.140011,-1.196479,Q772569,BRA,Pará,Populated place,7,18958,ne-ne_10m_populated_places
1159143241,Capitão Poço,波索上尉镇,-47.090004,-1.749623,Q955914,BRA,Pará,Populated place,7,32704,ne-ne_10m_populated_places
1159143245,Castanhal,卡斯塔尼亚尔,-47.930031,-1.2896,Q984581,BRA,Pará,Populated place,7,137406,ne-ne_10m_populated_places
1159143249,Salinópolis,萨利诺波利斯,-47.339989,-0.609486,Q1008198,BRA,Pará,Populated place,7,40998,ne-ne_10m_populated_places
1159143253,Alenquer,阿伦克尔,-54.79,-1.939586,Q2289869,BRA,Pará,Populated place,7,26290,ne-ne_10m_populated_places
1159143259,Oriximiná,奥里希米纳,-55.869985,-1.759597,Q2011919,BRA,Pará,Populated place,7,35581,ne-ne_10m_populated_places
1159143263,Xinguara,欣瓜拉,-49.948047,-7.100614,Q2008249,BRA,Par,Populated place,7,4047,ne-ne_10m_populated_places
1159143267,Jacundá,雅昆达,-49.115693,-4.439459,Q1967407,BRA,Par,Populated place,7,51375,ne-ne_10m_populated_places
1159143271,Uruará,乌鲁阿拉,-54.029994,-3.8296,Q2009083,BRA,Par,Populated place,7,10,ne-ne_10m_populated_places
1159143277,Altamira,阿爾塔米拉,-52.210002,-3.199612,Q434285,BRA,Pará,Populated place,7,70888,ne-ne_10m_populated_places
1159143281,Paragominas,帕拉戈米纳斯,-47.490006,-2.959575,Q935005,BRA,Pará,Populated place,7,69613,ne-ne_10m_populated_places
1159143285,Cametá,卡梅塔,-49.509986,-2.239619,Q1805206,BRA,Pará,Populated place,7,45200,ne-ne_10m_populated_places
1159143289,Rolim de Moura,罗林德莫拉,-61.780632,-11.730203,Q1784242,BRA,Rondinia,Populated place,7,24516,ne-ne_10m_populated_places
1159143295,Ariquemes,阿里克米斯,-63.079985,-9.939614,Q1646975,BRA,Rondônia,Populated place,7,58096,ne-ne_10m_populated_places
1159143299,Abunã,阿布南,-65.359716,-9.695391,Q4670642,BRA,Rondinia,Populated place,7,1929,ne-ne_10m_populated_places
1159143303,Tocantinópolis,托坎蒂诺波利斯,-47.419984,-6.319577,Q587927,BRA,Tocantins,Populated place,7,8750,ne-ne_10m_populated_places
1159143307,Gurupi,古鲁皮,-49.059988,-11.719609,Q1784265,BRA,Tocantins,Populated place,7,64789,ne-ne_10m_populated_places
1159143313,Aquidauana,阿基道阿纳,-55.790016,-20.469617,Q1792157,BRA,Mato Grosso do Sul,Populated place,7,40803,ne-ne_10m_populated_places
1159143317,Paranaíba,帕拉纳伊巴,-51.200012,-19.679588,Q925758,BRA,Mato Grosso do Sul,Populated place,7,32217,ne-ne_10m_populated_places
1159143321,Sete Lagoas,塞蒂拉瓜斯,-44.249997,-19.449628,Q841226,BRA,Minas Gerais,Populated place,7,201334,ne-ne_10m_populated_places
1159143325,Divinópolis,迪维诺波利斯,-44.899983,-20.149534,Q926606,BRA,Minas Gerais,Populated place,7,193832,ne-ne_10m_populated_places
1159143331,Ipatinga,伊帕廷加,-42.519999,-19.4796,Q318314,BRA,Minas Gerais,Populated place,7,407894,ne-ne_10m_populated_places
1159143337,Araxá,阿拉沙,-46.950013,-19.579594,Q586057,BRA,Minas Gerais,Populated place,7,82595,ne-ne_10m_populated_places
1159143341,Lavras,拉夫拉斯,-45.009951,-21.24957,Q1638425,BRA,Minas Gerais,Populated place,7,81472,ne-ne_10m_populated_places
1159143347,Ubá,乌巴,-42.950025,-21.119604,Q922944,BRA,Minas Gerais,Populated place,7,97828,ne-ne_10m_populated_places
1159143351,Campo Belo,坎普贝卢,-45.279986,-20.889592,Q595804,BRA,Minas Gerais,Populated place,7,47491,ne-ne_10m_populated_places
1159143355,Ponte Nova,蓬蒂诺瓦,-42.89995,-20.409621,Q999139,BRA,Minas Gerais,Populated place,7,48187,ne-ne_10m_populated_places
1159143359,Curvelo,库尔韦卢,-44.429986,-18.759593,Q1749748,BRA,Minas Gerais,Populated place,7,63954,ne-ne_10m_populated_places
1159143365,Paracatu,帕拉卡图,-46.869992,-17.199585,Q1755739,BRA,Minas Gerais,Populated place,7,70753,ne-ne_10m_populated_places
1159143369,Bocaiúva,博凯乌瓦,-43.81005,-17.109616,Q1756928,BRA,Minas Gerais,Populated place,7,32114,ne-ne_10m_populated_places
1159143373,Araçuaí,阿拉苏阿伊,-42.069949,-16.859605,Q1749750,BRA,Minas Gerais,Populated place,7,22005,ne-ne_10m_populated_places
1159143375,Janaúba,雅纳乌巴,-43.309977,-15.799618,Q1791340,BRA,Minas Gerais,Populated place,7,56572,ne-ne_10m_populated_places
1159143383,Juina,茹伊纳,-58.765523,-11.429764,Q1880608,BRA,Mato Grosso,Populated place,7,980,ne-ne_10m_populated_places
1159143387,Barra do Garças,巴拉-杜加萨斯,-52.259999,-15.879613,Q577720,BRA,Mato Grosso,Populated place,7,52398,ne-ne_10m_populated_places
1159143391,Pontes e Lacerda,蓬蒂斯和拉塞达,-59.34998,-15.219602,Q2011952,BRA,Mato Grosso,Populated place,7,29381,ne-ne_10m_populated_places
1159143395,Barra do Bugres,巴拉-杜布格里斯,-57.190008,-15.069585,Q1805676,BRA,Mato Grosso,Populated place,7,31311,ne-ne_10m_populated_places
1159143401,Rondonópolis,龙多诺波利斯,-54.639983,-16.4695,Q983714,BRA,Mato Grosso,Populated place,7,152912,ne-ne_10m_populated_places
1159143405,Uruguaiana,乌鲁瓜亚纳,-57.089988,-29.769618,Q622823,BRA,Rio Grande do Sul,Populated place,7,123480,ne-ne_10m_populated_places
1159143409,São Borja,聖博爾雅,-56.009977,-28.659609,Q385327,BRA,Rio Grande do Sul,Populated place,7,59613,ne-ne_10m_populated_places
1159143411,Novo Hamburgo,新汉堡,-51.13999,-29.709622,Q321331,BRA,Rio Grande do Sul,Populated place,7,876990,ne-ne_10m_populated_places
1159143419,Rio Grande,里奧格蘭,-52.120008,-32.049479,Q869571,BRA,Rio Grande do Sul,Populated place,7,187838,ne-ne_10m_populated_places
1159143423,Camaquã,卡马匡,-51.810001,-30.83963,Q986275,BRA,Rio Grande do Sul,Populated place,7,53169,ne-ne_10m_populated_places
1159143427,Bento Gonçalves,本图贡萨尔维斯,-51.519967,-29.1695,Q548652,BRA,Rio Grande do Sul,Populated place,7,94271,ne-ne_10m_populated_places
1159143431,Vacaria,瓦卡里亚,-50.940002,-28.499618,Q941580,BRA,Rio Grande do Sul,Populated place,7,56765,ne-ne_10m_populated_places
1159143433,Ijuí,伊茹伊,-53.919949,-28.389547,Q194374,BRA,Rio Grande do Sul,Populated place,7,71202,ne-ne_10m_populated_places
1159143441,Santa Rosa,圣罗莎,-54.459968,-27.869528,Q995326,BRA,Rio Grande do Sul,Populated place,7,59281,ne-ne_10m_populated_places
1159143445,Maringá,马林加,-51.929967,-23.409541,Q208669,BRA,Paraná,Populated place,7,328335,ne-ne_10m_populated_places
1159143447,Cascavel,卡斯卡韦尔,-53.460029,-24.959576,Q205681,BRA,Paraná,Populated place,7,257172,ne-ne_10m_populated_places
1159143455,Campo Murao,坎普莫朗,-52.419989,-24.049606,Q1773327,BRA,Paraná,Populated place,7,75401,ne-ne_10m_populated_places
1159143459,Foz do Iguaçu,伊瓜苏,-54.52999,-25.523469,Q202316,BRA,Paraná,Populated place,7,440455,ne-ne_10m_populated_places
1159143463,São Francisco do Sul,南圣弗朗西斯科,-48.59999,-26.239601,Q986536,BRA,Santa Catarina,Populated place,7,36224,ne-ne_10m_populated_places
1159143469,Porto União,乌尼昂港,-51.079968,-26.239601,Q1784679,BRA,Santa Catarina,Populated place,7,71578,ne-ne_10m_populated_places
1159143475,Itajaí,伊达贾伊,-48.680011,-26.899613,Q842713,BRA,Santa Catarina,Populated place,7,327126,ne-ne_10m_populated_places
1159143477,Imbituba,因比图巴,-48.660012,-28.229609,Q986545,BRA,Santa Catarina,Populated place,7,43450,ne-ne_10m_populated_places
1159143481,Lajes,拉热斯,-50.309989,-27.809583,Q762009,BRA,Santa Catarina,Populated place,7,164676,ne-ne_10m_populated_places
1159143485,Granja,格兰哈,-40.839998,-3.119514,Q2028672,BRA,Ceará,Populated place,7,25879,ne-ne_10m_populated_places
1159143491,Crato,克拉图,-39.420008,-7.229599,Q1004897,BRA,Ceará,Populated place,7,273883,ne-ne_10m_populated_places
1159143495,Itapipoca,伊塔皮波卡,-39.580024,-3.499542,Q1797985,BRA,Ceará,Populated place,7,55784,ne-ne_10m_populated_places
1159143499,Paracuru,帕拉库鲁,-39.040031,-3.399548,Q542347,BRA,Ceará,Populated place,7,21196,ne-ne_10m_populated_places
1159143503,Acaraú,阿卡拉乌,-40.119991,-2.889605,Q1796706,BRA,Ceará,Populated place,7,28389,ne-ne_10m_populated_places
1159143509,Tauá,陶阿,-40.310031,-5.999493,Q2021015,BRA,Ceará,Populated place,7,29188,ne-ne_10m_populated_places
1159143513,Crateús,克拉特乌斯,-40.666004,-5.16559,Q2021123,BRA,Ceará,Populated place,7,52933,ne-ne_10m_populated_places
1159143517,Baturité,巴图里特,-38.879989,-4.329569,Q2021082,BRA,Ceará,Populated place,7,22417,ne-ne_10m_populated_places
1159143521,Ipú,伊普,-40.720057,-4.319596,Q2026922,BRA,Ceará,Populated place,7,26678,ne-ne_10m_populated_places
1159143527,Floriano,弗洛里亚努,-43.029968,-6.769575,Q2008644,BRA,Piauí,Populated place,7,48587,ne-ne_10m_populated_places
1159143531,Piripiri,皮里皮里,-41.789992,-4.269573,Q996763,BRA,Piauí,Populated place,7,44864,ne-ne_10m_populated_places
1159143535,Penedo,佩内杜,-36.580026,-10.26962,Q1772658,BRA,Alagoas,Populated place,7,42097,ne-ne_10m_populated_places
1159143539,Itabuna,伊塔布纳,-39.280016,-14.789602,Q460750,BRA,Bahia,Populated place,7,221938,ne-ne_10m_populated_places
1159143545,Itamaraju,伊塔马拉茹,-39.529949,-17.039594,Q943536,BRA,Bahia,Populated place,7,47628,ne-ne_10m_populated_places
1159143549,Guanambi,瓜南比,-42.789983,-14.229585,Q786924,BRA,Bahia,Populated place,7,58877,ne-ne_10m_populated_places
1159143553,Porto Seguro,塞古鲁港,-39.080028,-16.429606,Q499922,BRA,Bahia,Populated place,7,123173,ne-ne_10m_populated_places
1159143557,Valença,瓦伦萨,-39.080028,-13.359612,Q1010498,BRA,Bahia,Populated place,7,63231,ne-ne_10m_populated_places
1159143563,Serrinha,塞里尼亚,-39.010007,-11.649587,Q1008215,BRA,Bahia,Populated place,7,56829,ne-ne_10m_populated_places
1159143567,Tucano,圖卡諾,-38.789994,-10.969629,Q22062855,BRA,Bahia,Populated place,7,31203,ne-ne_10m_populated_places
1159143571,Senhor do Bonfim,塞纽尔杜邦芬,-40.190012,-10.449609,Q1808316,BRA,Bahia,Populated place,7,48471,ne-ne_10m_populated_places
1159143575,Remanso,雷曼苏,-42.109998,-9.599583,Q1794265,BRA,Bahia,Populated place,7,37945,ne-ne_10m_populated_places
1159143581,Itambé,伊坦贝,-40.629985,-15.239601,Q686304,BRA,Bahia,Populated place,7,23558,ne-ne_10m_populated_places
1159143585,Bom Jesus da Lapa,邦热苏斯-达拉帕,-43.440021,-13.249541,Q891727,BRA,Bahia,Populated place,7,40691,ne-ne_10m_populated_places
1159143589,Itaberaba,伊塔贝拉巴,-40.29998,-12.519612,Q1800730,BRA,Bahia,Populated place,7,47301,ne-ne_10m_populated_places
1159143593,São Mateus,聖馬特烏斯,-39.859981,-18.72962,Q1763574,BRA,Espírito Santo,Populated place,7,77117,ne-ne_10m_populated_places
1159143599,Patos,帕图斯,-37.290008,-7.019586,Q1966384,BRA,Paraíba,Populated place,7,92575,ne-ne_10m_populated_places
1159143603,Volta Redonda,沃尔塔雷东达,-44.094968,-22.51957,Q276176,BRA,Rio de Janeiro,Populated place,7,456362,ne-ne_10m_populated_places
1159143607,Petrópolis,彼得罗波利斯,-43.199984,-22.509493,Q189043,BRA,Rio de Janeiro,Populated place,7,286071,ne-ne_10m_populated_places
1159143611,Nova Cruz,新克鲁斯,-35.439992,-6.469594,Q1802859,BRA,Rio Grande do Norte,Populated place,7,23166,ne-ne_10m_populated_places
1159143617,Caicó,凯科,-37.10002,-6.45962,Q1751350,BRA,Rio Grande do Norte,Populated place,7,54934,ne-ne_10m_populated_places
1159143621,Açu,阿苏,-36.910057,-5.579622,Q1788873,BRA,Rio Grande do Norte,Populated place,7,36125,ne-ne_10m_populated_places
1159143625,Estância,埃斯坦西亚,-37.450024,-11.269611,Q1005942,BRA,Sergipe,Populated place,7,55654,ne-ne_10m_populated_places
1159143629,Steinbach,斯坦巴克,-96.683308,49.517092,Q1026567,CAN,Manitoba,Populated place,7,9729,ne-ne_10m_populated_places
1159143635,Nelson House,纳尔逊豪斯,-98.850023,55.800456,Q6990572,CAN,Manitoba,Populated place,7,2500,ne-ne_10m_populated_places
1159143639,Shamattawa,沙玛塔瓦,-92.083279,55.850375,Q5003449,CAN,Manitoba,Populated place,7,870,ne-ne_10m_populated_places
1159143643,Oxford House,牛津豪斯,-95.266599,54.950404,Q3359050,CAN,Manitoba,Populated place,7,184,ne-ne_10m_populated_places
1159143647,Yorkton,约克顿,-102.466547,51.217066,Q1639696,CAN,Saskatchewan,Populated place,7,15172,ne-ne_10m_populated_places
1159143653,Swift Current,斯威夫特卡伦特,-107.766611,50.283738,Q619937,CAN,Saskatchewan,Populated place,7,14906,ne-ne_10m_populated_places
1159143657,Biggar,比加,-107.98329,52.0504,Q859632,CAN,Saskatchewan,Populated place,7,2192,ne-ne_10m_populated_places
1159143661,Kindersley,金德斯利,-109.133298,51.466974,Q1914835,CAN,Saskatchewan,Populated place,7,4383,ne-ne_10m_populated_places
1159143665,Meadow Lake,草甸湖,-108.434736,54.130118,Q1904178,CAN,Saskatchewan,Populated place,7,5882,ne-ne_10m_populated_places
1159143671,Hudson Bay,哈德逊湾,-102.383296,52.850429,Q1911477,CAN,Saskatchewan,Populated place,7,2157,ne-ne_10m_populated_places
1159143675,Lethbridge,莱斯布里奇,-112.833278,49.700492,Q270887,CAN,Alberta,Populated place,7,70617,ne-ne_10m_populated_places
1159143679,Brooks,布鲁克斯,-111.900002,50.567054,Q1055838,CAN,Alberta,Populated place,7,14163,ne-ne_10m_populated_places
1159143681,Lake Louise,路易斯湖,-116.183281,51.433694,Q12826048,CAN,Alberta,Populated place,7,1248,ne-ne_10m_populated_places
1159143689,Athabasca,阿萨巴斯卡,-113.266585,54.717033,Q754638,CAN,Alberta,Populated place,7,2539,ne-ne_10m_populated_places
1159143693,Fort Chipewyan,奇佩維安堡,-111.149996,58.717099,Q388559,CAN,Alberta,Populated place,7,3222,ne-ne_10m_populated_places
1159143697,Bella Bella,贝拉贝拉,-128.117281,52.148405,Q2894612,CAN,British Columbia,Populated place,7,1400,ne-ne_10m_populated_places
1159143699,Sandspit,沙嘴,-131.833281,53.240405,Q2518059,CAN,British Columbia,Populated place,7,538,ne-ne_10m_populated_places
1159143703,Campbell River,坎贝尔河,-125.249988,50.017088,Q1030509,CAN,British Columbia,Populated place,7,33430,ne-ne_10m_populated_places
1159143709,Port Hardy,哈迪港,-127.49998,50.717071,Q655823,CAN,British Columbia,Populated place,7,2295,ne-ne_10m_populated_places
1159143713,Nanaimo,纳奈莫,-123.934291,49.14602,Q16461,CAN,British Columbia,Populated place,7,84905,ne-ne_10m_populated_places
1159143717,Quesnel,克内尔,-122.483284,52.983677,Q2067514,CAN,British Columbia,Populated place,7,13788,ne-ne_10m_populated_places
1159143721,Abbotsford,阿伯茨福德,-122.299987,49.050377,Q271730,CAN,British Columbia,Populated place,7,151683,ne-ne_10m_populated_places
1159143727,Dawson Creek,道森克里克,-120.233266,55.766969,Q1012625,CAN,British Columbia,Populated place,7,10802,ne-ne_10m_populated_places
1159143731,Penticton,彭蒂克顿,-119.58328,49.500375,Q935519,CAN,British Columbia,Populated place,7,37721,ne-ne_10m_populated_places
1159143735,Nelson,纳尔逊,-117.283291,49.483658,Q1779015,CAN,British Columbia,Populated place,7,11779,ne-ne_10m_populated_places
1159143739,Lillooet,利盧埃特,-121.933266,50.683714,Q355257,CAN,British Columbia,Populated place,7,2893,ne-ne_10m_populated_places
1159143745,Powell River,鲍威尔河,-124.549979,49.883711,Q599678,CAN,British Columbia,Populated place,7,12779,ne-ne_10m_populated_places
1159143749,Revelstoke,雷弗尔斯托克,-118.18334,51.000464,Q1893229,CAN,British Columbia,Populated place,7,7668,ne-ne_10m_populated_places
1159143753,Burns Lake,伯恩斯湖,-125.766598,54.217012,Q954302,CAN,British Columbia,Populated place,7,2635,ne-ne_10m_populated_places
1159143757,Dease Lake,迪斯莱克,-130.033288,58.450346,Q921964,CAN,British Columbia,Populated place,7,303,ne-ne_10m_populated_places
1159143763,Coral Harbour,珊瑚港,-83.176587,64.15377,Q652770,CAN,Nunavut,Populated place,7,834,ne-ne_10m_populated_places
1159143767,Baker Lake,贝克莱克,-96.016656,64.31699,Q804378,CAN,Nunavut,Populated place,7,1584,ne-ne_10m_populated_places
1159143771,Norman Wells,諾曼韋爾斯,-126.849968,65.283727,Q3343828,CAN,Northwest Territories,Populated place,7,1027,ne-ne_10m_populated_places
1159143775,Fort McPherson,麦克弗森堡,-134.894981,67.491525,Q1014119,CAN,Northwest Territories,Populated place,7,1069,ne-ne_10m_populated_places
1159143781,Burwash Landing,伯沃什兰丁,-139,61.350375,Q1001811,CAN,Yukon,Populated place,7,73,ne-ne_10m_populated_places
1159143785,Caracaraí,卡拉卡拉伊,-61.127675,1.816231,Q772563,BRA,Roraima,Populated place,7,11368,ne-ne_10m_populated_places
1159143791,Porto Santana,圣安娜港,-51.179987,-0.039598,Q2105236,BRA,Amapá,Populated place,7,83927,ne-ne_10m_populated_places
1159143797,Orangeville,奥兰治维尔,-80.083339,43.917073,Q2470087,CAN,Ontario,Populated place,7,32640,ne-ne_10m_populated_places
1159143801,Little Current,小柯伦特,-81.93333,45.967025,Q4859960,CAN,Ontario,Populated place,7,1595,ne-ne_10m_populated_places
1159143805,Chapleau,沙普洛,-83.40001,47.833707,Q2957549,CAN,Ontario,Populated place,7,2663,ne-ne_10m_populated_places
1159143809,Wawa,瓦瓦,-84.783337,48.000415,Q1284782,CAN,Ontario,Populated place,7,2174,ne-ne_10m_populated_places
1159143815,Hearst,赫斯特,-83.666583,49.700492,Q2270394,CAN,Ontario,Populated place,7,5043,ne-ne_10m_populated_places
1159143819,Marathon,马拉松,-86.366651,48.750395,Q1341278,CAN,Ontario,Populated place,7,4627,ne-ne_10m_populated_places
1159143823,Sioux Lookout,苏卢考特,-91.916648,50.262964,Q36504,CAN,Ontario,Populated place,7,4570,ne-ne_10m_populated_places
1159143827,Red Lake,红湖,-93.833301,51.033692,Q1018643,CAN,Ontario,Populated place,7,1765,ne-ne_10m_populated_places
1159143833,Deer Lake,迪尔莱克,-94.066594,52.617033,Q5250783,CAN,Ontario,Populated place,7,3743,ne-ne_10m_populated_places
1159143837,Cat Lake,卡特莱克,-91.799989,51.717036,Q3402228,CAN,Ontario,Populated place,7,277,ne-ne_10m_populated_places
1159143841,Cornwall,康沃尔,-74.73333,45.017057,Q956690,CAN,Ontario,Populated place,7,48821,ne-ne_10m_populated_places
1159143845,Kingston,金斯顿,-76.483301,44.23372,Q202973,CAN,Ontario,Populated place,7,114195,ne-ne_10m_populated_places
1159143851,Barrie,巴里,-79.700004,44.383762,Q34183,CAN,Ontario,Populated place,7,182041,ne-ne_10m_populated_places
1159143855,Parry Sound,帕里湾,-80.033007,45.333704,Q2219667,CAN,Ontario,Populated place,7,7105,ne-ne_10m_populated_places
1159143859,Wiarton,怀尔顿,-81.133301,44.733689,Q3567895,CAN,Ontario,Populated place,7,2182,ne-ne_10m_populated_places
1159143863,Cobalt,科博爾特,-79.683312,47.383708,Q2568572,CAN,Ontario,Populated place,7,1372,ne-ne_10m_populated_places
1159143869,Cochrane,科克伦,-81.016564,49.067017,Q2273431,CAN,Ontario,Populated place,7,4441,ne-ne_10m_populated_places
1159143873,Nipigon,尼皮贡,-88.249973,49.017046,Q1993247,CAN,Ontario,Populated place,7,1204,ne-ne_10m_populated_places
1159143877,Atikokan,阿蒂科肯,-91.616589,48.750395,Q4815788,CAN,Ontario,Populated place,7,3625,ne-ne_10m_populated_places
1159143881,Rimouski,林木斯基,-68.516681,48.433748,Q1336,CAN,Québec,Populated place,7,35584,ne-ne_10m_populated_places
1159143887,Saint-Georges,圣乔治,-70.666653,46.117145,Q143227,CAN,Québec,Populated place,7,26149,ne-ne_10m_populated_places
1159143891,Victoriaville,维多利亚维尔,-71.966677,46.050405,Q141731,CAN,Québec,Populated place,7,41500,ne-ne_10m_populated_places
1159143895,Chevery,雪佛兰,-59.609783,50.481323,Q5094330,CAN,Québec,Populated place,7,284,ne-ne_10m_populated_places
1159143899,Mistassini,米斯塔西尼,-73.866587,50.417063,Q3316990,CAN,Québec,Populated place,7,2645,ne-ne_10m_populated_places
1159143905,Kangirsuk,康吉苏克,-69.999097,60.024823,Q991147,CAN,Québec,Populated place,7,549,ne-ne_10m_populated_places
1159143909,Shawinigan,沙维尼根,-72.733323,46.550374,Q141980,CAN,Québec,Populated place,7,49161,ne-ne_10m_populated_places
1159143913,Matagami,马塔加米,-77.633282,49.750386,Q141430,CAN,Québec,Populated place,7,1966,ne-ne_10m_populated_places
1159143917,Mont-Laurier,蒙特-劳里埃,-75.500028,46.550374,Q142058,CAN,Québec,Populated place,7,11642,ne-ne_10m_populated_places
1159143923,Pembroke,彭布罗克,-77.116647,45.850262,Q1075086,CAN,Québec,Populated place,7,15551,ne-ne_10m_populated_places
1159143927,Radisson,拉迪森,-77.616565,53.783628,Q326413,CAN,Québec,Populated place,7,270,ne-ne_10m_populated_places
1159143931,Saint John,圣约翰,-66.076675,45.267042,Q203403,CAN,New Brunswick,Populated place,7,87857,ne-ne_10m_populated_places
1159143933,Edmundston,埃德蒙兹顿,-68.333281,47.379419,Q991257,CAN,New Brunswick,Populated place,7,17894,ne-ne_10m_populated_places
1159143937,Shelburne,谢尔本,-65.319357,43.765609,Q1693101,CAN,Nova Scotia,Populated place,7,3167,ne-ne_10m_populated_places
1159143943,Antigonish,安蒂戈尼什,-61.99819,45.626917,Q575483,CAN,Nova Scotia,Populated place,7,6739,ne-ne_10m_populated_places
1159143947,Windsor,温莎,-64.12912,44.980599,Q1973829,CAN,Nova Scotia,Populated place,7,3864,ne-ne_10m_populated_places
1159143951,Digby,迪格比,-65.760493,44.622585,Q1224586,CAN,Nova Scotia,Populated place,7,3949,ne-ne_10m_populated_places
1159143955,Stephenville,斯蒂芬维尔,-58.566565,48.550407,Q626279,CAN,Newfoundland and Labrador,Populated place,7,7054,ne-ne_10m_populated_places
1159143961,Argentia,阿真舍,-53.989997,47.300432,Q2860953,CAN,Newfoundland and Labrador,Populated place,7,1063,ne-ne_10m_populated_places
1159143965,St. Anthony,圣安东尼,-55.59995,51.383749,Q2317218,CAN,Newfoundland and Labrador,Populated place,7,224,ne-ne_10m_populated_places
1159143969,Channel-Port aux Basques,巴斯克港,-59.150044,47.567005,Q1013617,CAN,Newfoundland and Labrador,Populated place,7,4220,ne-ne_10m_populated_places
1159143973,Buchans,巴肯斯,-56.866591,48.817032,Q2927433,CAN,Newfoundland and Labrador,Populated place,7,685,ne-ne_10m_populated_places
1159143979,Trout River,特劳特里弗,-58.116644,49.483658,Q3540999,CAN,Newfoundland and Labrador,Populated place,7,452,ne-ne_10m_populated_places
1159143983,Churchill Falls,丘吉尔瀑布,-63.980679,53.526409,,CAN,Newfoundland and Labrador,Populated place,7,100,ne-ne_10m_populated_places
1159143987,Forteau,福尔托,-56.949997,51.450385,Q3078398,CAN,Newfoundland and Labrador,Populated place,7,448,ne-ne_10m_populated_places
1159143991,Bafang,巴方,10.179988,5.170394,Q667828,CMR,Ouest,Populated place,7,93145,ne-ne_10m_populated_places
1159143997,Foumban,豐班,10.899996,5.730385,Q1439847,CMR,Ouest,Populated place,7,92673,ne-ne_10m_populated_places
1159144001,Bafoussam,巴富薩姆,10.409948,5.490426,Q799808,CMR,Ouest,Admin-1 capital,7,290768,ne-ne_10m_populated_places
1159144005,Kumba,昆巴,9.439982,4.640374,Q997047,CMR,Sud-Ouest,Populated place,7,144413,ne-ne_10m_populated_places
1159144009,Eyumojok,埃尤莫乔克,8.983317,5.750358,Q5423051,CMR,Sud-Ouest,Populated place,7,5798,ne-ne_10m_populated_places
1159144015,Limbe,林贝,9.190023,4.030386,Q819314,CMR,Sud-Ouest,Populated place,7,212474,ne-ne_10m_populated_places
1159144019,Nola,諾拉,16.066606,3.533698,Q522912,CAF,Sangha-Mbaéré,Admin-1 capital,7,26809,ne-ne_10m_populated_places
1159144023,Kribi,克里比,9.91003,2.940427,Q997121,CMR,Sud,Populated place,7,55224,ne-ne_10m_populated_places
1159144027,Sibut,锡布,19.083321,5.73377,Q1757279,CAF,Kémo,Admin-1 capital,7,34267,ne-ne_10m_populated_places
1159144033,Bossangoa,博桑戈阿,17.449984,6.483724,Q894513,CAF,Ouham,Admin-1 capital,7,63064,ne-ne_10m_populated_places
1159144037,Birao,比勞,22.783302,10.283699,Q864999,CAF,Vakaga,Admin-1 capital,7,10178,ne-ne_10m_populated_places
1159144041,Čačak,查查克,20.330118,43.889736,Q208038,SRB,Moravicki,Populated place,7,170000,ne-ne_10m_populated_places
1159144045,Niš,尼什,21.899996,43.330416,Q129259,SRB,Nišavski,Populated place,7,250000,ne-ne_10m_populated_places
1159144051,Ouadda,瓦达,22.400018,8.06709,Q2428058,CAF,Haute-Kotto,Populated place,7,5434,ne-ne_10m_populated_places
1159144055,Bangassou,班加蘇,22.816633,4.733754,Q806478,CAF,Mbomou,Admin-1 capital,7,32841,ne-ne_10m_populated_places
1159144059,Novi Sad,诺维萨德,19.849941,45.250376,Q55630,SRB,Južno-Backi,Admin-0 region capital,7,225457,ne-ne_10m_populated_places
1159144063,Ghanzi,杭济,21.639961,-21.69962,Q859319,BWA,Ghanzi,Admin-1 capital,7,6306,ne-ne_10m_populated_places
1159144069,Villa O'Higgins,奥希金斯别墅,-72.592956,-48.466878,Q992143,CHL,Santa Cruz,Populated place,7,250,ne-ne_10m_populated_places
1159144073,Rodeo,罗德奥,-69.139951,-30.215586,Q3438154,ARG,San Juan,Populated place,7,701,ne-ne_10m_populated_places
1159144077,Las Plumas,拉斯普盧馬斯,-67.28318,-43.723881,Q1530166,ARG,Chubut,Populated place,7,605,ne-ne_10m_populated_places
1159144081,Gastre,加斯特雷,-69.233304,-42.282963,Q1016275,ARG,Chubut,Populated place,7,557,ne-ne_10m_populated_places
1159144087,Telsen,特爾森,-66.950007,-42.399597,Q1904675,ARG,Chubut,Populated place,7,500,ne-ne_10m_populated_places
1159144091,Malargüe,马拉圭,-69.583309,-35.466118,Q1886759,ARG,Mendoza,Populated place,7,11847,ne-ne_10m_populated_places
1159144095,Tunuyán,圖努揚,-69.016677,-33.566182,Q2290708,ARG,Mendoza,Populated place,7,22834,ne-ne_10m_populated_places
1159144099,La Paz,拉巴斯,-67.549996,-33.466137,Q2520337,ARG,Mendoza,Populated place,7,4400,ne-ne_10m_populated_places
1159144105,Chos Malal,喬斯馬拉爾,-70.266574,-37.382952,Q288993,ARG,Neuqutn,Populated place,7,8556,ne-ne_10m_populated_places
1159144109,Las Lajas,拉斯拉哈斯,-70.366594,-38.516268,Q1016895,ARG,Neuqutn,Populated place,7,1218,ne-ne_10m_populated_places
1159144113,Aiquile,艾基萊,-65.180011,-18.18955,Q1617416,BOL,Cochabamba,Populated place,7,8224,ne-ne_10m_populated_places
1159144121,Padilla,帕迪亞,-64.309961,-19.299611,Q1584051,BOL,Chuquisaca,Populated place,7,2920,ne-ne_10m_populated_places
1159144125,Camargo,卡馬戈,-65.209984,-20.639581,Q1642851,BOL,Chuquisaca,Populated place,7,4715,ne-ne_10m_populated_places
1159144129,Reyes,雷耶斯,-67.370007,-14.30958,Q913102,BOL,El Beni,Populated place,7,7376,ne-ne_10m_populated_places
1159144133,San Borja,聖博爾哈,-66.849961,-14.819626,Q2307472,BOL,El Beni,Populated place,7,19640,ne-ne_10m_populated_places
1159144139,Magdalena,瑪格達萊娜,-64.052768,-13.260083,Q842373,BOL,El Beni,Populated place,7,3445,ne-ne_10m_populated_places
1159144145,San Ramón,圣拉蒙,-64.709988,-13.289591,Q2219994,BOL,El Beni,Populated place,7,6490,ne-ne_10m_populated_places
1159144149,Rio Verde,里奥韦尔迪,-50.929977,-17.819598,Q942064,BRA,Goi,Populated place,7,48318,ne-ne_10m_populated_places
1159144153,Pires do Rio,滨河皮里斯,-48.279984,-17.299527,Q987688,BRA,Goiás,Populated place,7,24822,ne-ne_10m_populated_places
1159144159,Anápolis,阿纳波利斯,-48.959968,-16.319587,Q223422,BRA,Goiás,Populated place,7,319587,ne-ne_10m_populated_places
1159144163,Goianésia,戈亚内西亚,-49.130009,-15.309622,Q988771,BRA,Goiás,Populated place,7,47883,ne-ne_10m_populated_places
1159144167,Niquelândia,尼克兰迪亚,-48.470024,-14.469622,Q1794378,BRA,Goiás,Populated place,7,27541,ne-ne_10m_populated_places
1159144171,Itumbiara,伊通比亚拉,-49.210004,-18.399615,Q193350,BRA,Goiás,Populated place,7,79582,ne-ne_10m_populated_places
1159144177,Jataí,雅塔伊,-51.750004,-17.879595,Q963195,BRA,Goiás,Populated place,7,76547,ne-ne_10m_populated_places
1159144181,Mineiros,米内鲁斯,-52.559981,-17.569536,Q1795244,BRA,Goiás,Populated place,7,38951,ne-ne_10m_populated_places
1159144185,Formosa,福莫萨,-47.339989,-15.539479,Q1003392,BRA,Goiás,Populated place,7,81232,ne-ne_10m_populated_places
1159144189,Zárate,萨拉特,-59.040025,-34.089561,Q246956,ARG,Ciudad de Buenos Aires,Populated place,7,88781,ne-ne_10m_populated_places
1159144195,Carhué,卡尔韦,-62.733313,-37.182861,Q54117,ARG,Ciudad de Buenos Aires,Populated place,7,7190,ne-ne_10m_populated_places
1159144199,Darregueira,达雷盖拉,-63.166594,-37.699573,Q5799420,ARG,Ciudad de Buenos Aires,Populated place,7,3412,ne-ne_10m_populated_places
1159144205,Benito Juárez,华雷斯,-59.80003,-37.665519,Q2053011,ARG,Ciudad de Buenos Aires,Populated place,7,10609,ne-ne_10m_populated_places
1159144211,Mar de Ajó,马德阿若,-56.676603,-36.716223,Q991680,ARG,Ciudad de Buenos Aires,Populated place,7,13610,ne-ne_10m_populated_places
1159144215,Lobos,洛沃斯,-59.094672,-35.184895,Q1867123,ARG,Ciudad de Buenos Aires,Populated place,7,18278,ne-ne_10m_populated_places
1159144219,Chascomús,查斯科穆斯,-58.016624,-35.566215,Q2677190,ARG,Ciudad de Buenos Aires,Populated place,7,21054,ne-ne_10m_populated_places
1159144223,Junín,胡宁,-60.958874,-34.58457,Q1020277,ARG,Ciudad de Buenos Aires,Populated place,7,85007,ne-ne_10m_populated_places
1159144229,La Plata,拉普拉塔,-57.954436,-34.923321,Q44059,ARG,Ciudad de Buenos Aires,Admin-1 capital,7,694253,ne-ne_10m_populated_places
1159144233,Pergamino,佩爾加米諾,-60.569983,-33.899599,Q921239,ARG,Ciudad de Buenos Aires,Populated place,7,87652,ne-ne_10m_populated_places
1159144237,Luján,盧漢,-59.110454,-34.56991,Q54107,ARG,Ciudad de Buenos Aires,Populated place,7,81749,ne-ne_10m_populated_places
1159144241,Azul,阿蘇爾,-59.87,-36.77963,Q54118,ARG,Ciudad de Buenos Aires,Populated place,7,53941,ne-ne_10m_populated_places
1159144247,Villalonga,比亚隆加,-62.624309,-39.921105,Q2433642,ARG,Ciudad de Buenos Aires,Populated place,7,2838,ne-ne_10m_populated_places
1159144251,Victorica,維克托里卡,-65.450021,-36.216253,Q2272570,ARG,La Pampa,Populated place,7,4458,ne-ne_10m_populated_places
1159144255,General Pico,皮科將軍鎮,-63.77002,-35.659595,Q58349,ARG,La Pampa,Populated place,7,57029,ne-ne_10m_populated_places
1159144257,San Antonio Oeste,西圣安东尼奥,-64.933282,-40.732877,Q1894082,ARG,RRo Negro,Populated place,7,8492,ne-ne_10m_populated_places
1159144265,Sierra Colorado,塞拉科洛拉達,-67.799981,-40.58286,Q692861,ARG,RRo Negro,Populated place,7,1522,ne-ne_10m_populated_places
1159144269,Mercedes,梅塞德斯镇,-65.469968,-33.689586,Q1756745,ARG,San Luis,Populated place,7,49345,ne-ne_10m_populated_places
1159144273,Río Tercero,里奧特爾塞羅,-64.120024,-32.1796,Q994351,ARG,Córdoba,Populated place,7,53389,ne-ne_10m_populated_places
1159144277,Belen,貝倫,-67.033283,-27.649593,Q934213,ARG,Catamarca,Populated place,7,11359,ne-ne_10m_populated_places
1159144283,Rinconada,林科纳达,-66.166592,-22.432908,Q1817419,ARG,Jujuy,Populated place,7,6692,ne-ne_10m_populated_places
1159144287,San Pedro,聖佩德羅德胡胡伊,-64.870004,-24.219621,Q1020263,ARG,Jujuy,Populated place,7,58430,ne-ne_10m_populated_places
1159144291,Libertador General San Martín,解放者聖馬丁將軍鎮,-64.789984,-23.819542,Q600706,ARG,Jujuy,Populated place,7,49267,ne-ne_10m_populated_places
1159144295,Chilecito,奇萊西托,-67.499999,-29.165521,Q1072833,ARG,La Rioja,Populated place,7,20343,ne-ne_10m_populated_places
1159144301,Chamical,查馬卡爾,-66.31666,-30.349583,Q2779417,ARG,La Rioja,Populated place,7,8989,ne-ne_10m_populated_places
1159144305,Los Blancos,洛斯布兰科斯,-62.60004,-23.599607,Q6682519,ARG,Salta,Populated place,7,1145,ne-ne_10m_populated_places
1159144309,Cafayate,卡法亞特,-65.966604,-26.082918,Q1025501,ARG,Salta,Populated place,7,11785,ne-ne_10m_populated_places
1159144313,Cerrillos,塞里略斯,-65.4833,-24.899631,Q1055688,ARG,Salta,Populated place,7,11498,ne-ne_10m_populated_places
1159144319,San Antonio de los Cobres,聖安東尼奧德洛斯科布雷斯,-66.350018,-24.182931,Q1563449,ARG,Salta,Populated place,7,4000,ne-ne_10m_populated_places
1159144323,Añatuya,阿尼亞圖亞,-62.833307,-28.466132,Q794668,ARG,Santiago del Estero,Populated place,7,14133,ne-ne_10m_populated_places
1159144327,Frias,弗里亞斯,-65.149987,-28.649583,Q1471709,ARG,Santiago del Estero,Populated place,7,13594,ne-ne_10m_populated_places
1159144331,Monte Quemado,蒙特克馬多,-62.866587,-25.799628,Q1015537,ARG,Santiago del Estero,Populated place,7,11387,ne-ne_10m_populated_places
1159144337,Juan José Castelli,胡安何塞卡斯特利,-60.616647,-25.949541,Q568624,ARG,Chaco,Populated place,7,9421,ne-ne_10m_populated_places
1159144341,Charata,查拉塔,-61.199996,-27.216286,Q1578300,ARG,Chaco,Populated place,7,18297,ne-ne_10m_populated_places
1159144347,Las Lomitas,拉斯洛米塔斯,-60.600007,-24.699592,Q6492291,ARG,Formosa,Populated place,7,7683,ne-ne_10m_populated_places
1159144351,Mercedes,梅塞德斯,-58.07998,-29.179577,Q1783539,ARG,Corrientes,Populated place,7,30649,ne-ne_10m_populated_places
1159144357,Concordia,康科迪亚,-58.029983,-31.389571,Q52578,ARG,Entre Ríos,Populated place,7,145210,ne-ne_10m_populated_places
1159144361,Sunchales,孙查莱斯,-61.566614,-30.932907,Q2509609,ARG,Santa Fe,Populated place,7,12655,ne-ne_10m_populated_places
1159144365,San Justo,聖胡斯托,-60.583289,-30.78289,Q2134760,ARG,Santa Fe,Populated place,7,9607,ne-ne_10m_populated_places
1159144369,Vera,貝拉,-60.216594,-29.466174,Q2540770,ARG,Santa Fe,Populated place,7,9979,ne-ne_10m_populated_places
1159144375,Reconquista,雷孔基斯塔,-59.650013,-29.139528,Q933165,ARG,Santa Fe,Populated place,7,90184,ne-ne_10m_populated_places
1159144379,Venado Tuerto,贝纳多图埃托,-61.970001,-33.749582,Q1889146,ARG,Santa Fe,Populated place,7,72340,ne-ne_10m_populated_places
1159144383,São José do Rio Preto,普雷图河畔圣若泽,-49.389967,-20.799623,Q192181,BRA,São Paulo,Populated place,7,374699,ne-ne_10m_populated_places
1159144387,Limeira,利梅拉,-47.401652,-22.565379,Q841241,BRA,São Paulo,Populated place,7,289665,ne-ne_10m_populated_places
1159144395,Taubaté,陶巴特,-45.559995,-23.019539,Q170540,BRA,São Paulo,Populated place,7,403560,ne-ne_10m_populated_places
1159144399,Jaú,雅乌,-48.570017,-22.28961,Q1759235,BRA,São Paulo,Populated place,7,119206,ne-ne_10m_populated_places
1159144403,Assis,阿西斯,-50.419982,-22.659613,Q742227,BRA,São Paulo,Populated place,7,87471,ne-ne_10m_populated_places
1159144405,Itapeva,伊塔佩瓦,-48.880024,-23.979584,Q1808590,BRA,São Paulo,Populated place,7,62957,ne-ne_10m_populated_places
1159144411,Botucatu,博图卡图,-48.449999,-22.8796,Q1625598,BRA,São Paulo,Populated place,7,113862,ne-ne_10m_populated_places
1159144415,Novo Horizonte,新奧里藏特,-49.220004,-21.459583,Q1815907,BRA,São Paulo,Populated place,7,30158,ne-ne_10m_populated_places
1159144419,Andradina,安德拉迪纳,-51.379949,-20.909591,Q1646937,BRA,São Paulo,Populated place,7,52406,ne-ne_10m_populated_places
1159144423,Fernandópolis,费尔南多波利斯,-50.260044,-20.26963,Q1648179,BRA,São Paulo,Populated place,7,61931,ne-ne_10m_populated_places
1159144429,Barreiros,巴雷罗斯,-35.200007,-8.829605,Q2102404,BRA,Pernambuco,Populated place,7,35565,ne-ne_10m_populated_places
1159144433,Salgueiro,萨尔盖鲁,-39.130025,-8.059626,Q2102772,BRA,Pernambuco,Populated place,7,42152,ne-ne_10m_populated_places
1159144437,Goiana,戈亚纳,-34.999993,-7.559604,Q1767210,BRA,Pernambuco,Populated place,7,71549,ne-ne_10m_populated_places
1159144441,Timbaúba,廷巴乌巴,-35.320025,-7.499608,Q929867,BRA,Pernambuco,Populated place,7,57534,ne-ne_10m_populated_places
1159144449,Belize City,伯利兹,-88.188374,17.498711,Q108223,BLZ,Belize,Admin-1 capital,7,63028,ne-ne_10m_populated_places
1159144451,Orange Walk,橘园镇,-88.55998,18.090432,Q882964,BLZ,Orange Walk,Admin-1 capital,7,20835,ne-ne_10m_populated_places
1159144457,Punta Gorda,蓬塔戈尔达,-88.810016,16.100347,Q883362,BLZ,Toledo,Admin-1 capital,7,7748,ne-ne_10m_populated_places
1159144463,Bossembélé,博森贝莱,17.650023,5.267003,Q1772365,CAF,Bangui,Populated place,7,7287,ne-ne_10m_populated_places
1159144467,Nkongsamba,恩康桑巴,9.940003,4.960407,Q999070,CMR,Littoral,Populated place,7,117063,ne-ne_10m_populated_places
1159144471,Edéa,埃代阿,10.119992,3.800477,Q1002900,CMR,Littoral,Populated place,7,203149,ne-ne_10m_populated_places
1159144475,Wum,武姆,10.070021,6.400422,Q2034978,CMR,Nord-Ouest,Populated place,7,68836,ne-ne_10m_populated_places
1159144481,Kumbo,昆博,10.680009,6.220381,Q2533580,CMR,Nord-Ouest,Populated place,7,125486,ne-ne_10m_populated_places
1159144485,Bafia,巴菲亞,11.230002,4.750394,Q799790,CMR,Centre,Populated place,7,69270,ne-ne_10m_populated_places
1159144489,Mbalmayo,姆巴尔马约,11.500011,3.520391,Q2702755,CMR,Centre,Populated place,7,80206,ne-ne_10m_populated_places
1159144493,Eséka,埃塞卡,10.766619,3.650409,Q3591508,CMR,Centre,Populated place,7,22221,ne-ne_10m_populated_places
1159144499,Bertoua,贝尔图阿,13.679981,4.58043,Q657734,CMR,Est,Admin-1 capital,7,218111,ne-ne_10m_populated_places
1159144503,Abong Mbang,阿邦姆邦,13.183319,3.983696,Q322917,CMR,Est,Populated place,7,14661,ne-ne_10m_populated_places
1159144507,Batouri,巴圖里,14.366606,4.433694,Q673185,CMR,Est,Populated place,7,43821,ne-ne_10m_populated_places
1159144511,Bélabo,貝拉博,13.300004,4.93369,Q2929807,CMR,Est,Populated place,7,22553,ne-ne_10m_populated_places
1159144517,Meiganga,梅甘加,14.28997,6.520492,Q2629052,CMR,Adamaoua,Populated place,7,80100,ne-ne_10m_populated_places
1159144521,Ngaoundéré,恩冈代雷,13.579987,7.320366,Q745906,CMR,Adamaoua,Admin-1 capital,7,231357,ne-ne_10m_populated_places
1159144525,Tibati,蒂巴蒂,12.633327,6.466981,Q2005262,CMR,Adamaoua,Populated place,7,35589,ne-ne_10m_populated_places
1159144529,Kontcha,孔查,12.233299,7.967019,Q6430329,CMR,Adamaoua,Populated place,7,8018,ne-ne_10m_populated_places
1159144535,Guider,吉德尔,13.940017,9.930387,Q2708439,CMR,Nord,Populated place,7,84647,ne-ne_10m_populated_places
1159144539,Mbe,姆贝,13.600038,7.850437,Q6799654,CMR,Nord,Populated place,7,3950,ne-ne_10m_populated_places
1159144543,Durrës,都拉斯,19.448208,41.3178,Q83285,ALB,Durrës,Admin-1 capital,7,142432,ne-ne_10m_populated_places
1159144547,Shkodër,斯库台,19.51885,42.068452,Q131638,ALB,Shkodër,Admin-1 capital,7,155767,ne-ne_10m_populated_places
1159144553,Brugge,布鲁日,3.230025,51.220374,Q12994,BEL,Brugge,Admin-1 capital,7,146469,ne-ne_10m_populated_places
1159144557,Namur,那慕尔,4.870028,50.470394,Q134121,BEL,Namur,Admin-1 capital,7,106284,ne-ne_10m_populated_places
1159144561,Charleroi,沙勒罗瓦,4.450002,50.420397,Q81046,BEL,Charleroi,Populated place,7,345367,ne-ne_10m_populated_places
1159144565,Şirvan,希尔万,48.920259,39.932303,Q241116,AZE,?li Bayramli,Populated place,7,70684,ne-ne_10m_populated_places
1159144577,Goycay,蓋奧克恰伊,47.74059,40.653422,Q1822209,AZE,Göyçay,Admin-1 capital,7,35348,ne-ne_10m_populated_places
1159144581,Lankaran,连科兰,48.851064,38.754003,Q228811,AZE,Astara,Populated place,7,60180,ne-ne_10m_populated_places
1159144585,Saki,舍基,47.170547,41.192329,Q234783,AZE,S?ki,Admin-1 capital,7,64968,ne-ne_10m_populated_places
1159144591,Stepanakert,斯捷潘纳克特,46.751968,39.815643,Q129352,AZE,Xocali,Populated place,7,57473,ne-ne_10m_populated_places
1159144595,Kapan,卡潘,46.414986,39.201521,Q31583,AZE,Z?ngilan,Admin-1 capital,7,42288,ne-ne_10m_populated_places
1159144599,Balkh,巴尔赫,66.89973,36.75012,Q182159,AFG,Balkh,Populated place,7,179969,ne-ne_10m_populated_places
1159144603,Meymaneh,迈马纳,64.770093,35.930222,Q309345,AFG,Faryab,Admin-1 capital,7,199795,ne-ne_10m_populated_places
1159144609,Andkhvoy,安德胡伊,65.101494,36.931659,Q1054127,AFG,Faryab,Populated place,7,71730,ne-ne_10m_populated_places
1159144613,Qalat,卡拉特,66.886759,32.112263,Q527318,AFG,Zabul,Admin-1 capital,7,12191,ne-ne_10m_populated_places
1159144617,Ghazni,加兹尼,68.417829,33.563312,Q173731,AFG,Ghazni,Admin-1 capital,7,141000,ne-ne_10m_populated_places
1159144621,Feyzabad,费扎巴德,70.579247,37.129761,Q156558,AFG,Badakhshan,Admin-1 capital,7,64704,ne-ne_10m_populated_places
1159144627,Kondoz,昆都士,68.87253,36.727951,Q108155,AFG,Kunduz,Admin-1 capital,7,259809,ne-ne_10m_populated_places
1159144633,Jalalabad,贾拉拉巴德,70.436104,34.441527,Q183303,AFG,Nangarhar,Admin-1 capital,7,597971,ne-ne_10m_populated_places
1159144637,Charikar,恰里卡尔,69.167912,35.018262,Q944395,AFG,Parwan,Admin-1 capital,7,53676,ne-ne_10m_populated_places
1159144643,Sisophon,诗梳风,102.983316,13.583756,Q855717,KHM,Bântéay Méanchey,Populated place,7,50302,ne-ne_10m_populated_places
1159144647,Krong Koh Kong,戈公,102.984933,11.617539,Q1375645,KHM,Kaôh Kong,Admin-1 capital,7,33134,ne-ne_10m_populated_places
1159144651,Pursat,菩萨,103.916696,12.533691,Q655547,KHM,Pouthisat,Admin-1 capital,7,52476,ne-ne_10m_populated_places
1159144655,Kampong Cham,磅湛,105.450039,12.000442,Q855724,KHM,Kâmpóng Cham,Admin-1 capital,7,83233,ne-ne_10m_populated_places
1159144661,Kompong Chhnang,磅清扬,104.666624,12.250478,Q1048147,KHM,Kâmpóng Chhnang,Admin-1 capital,7,75244,ne-ne_10m_populated_places
1159144665,Kampot,贡布,104.183346,10.61709,Q876549,KHM,Kâmpôt,Admin-1 capital,7,50105,ne-ne_10m_populated_places
1159144669,Takéo,茶胶省,104.783309,10.98376,Q1195207,KHM,Tak,Admin-1 capital,7,15264,ne-ne_10m_populated_places
1159144671,Mymensingh,迈门辛,90.380002,24.750413,Q1006303,BGD,Dhaka,Populated place,7,330126,ne-ne_10m_populated_places
1159144679,Jamalpur,杰马勒布尔县,89.950003,24.90043,Q2039306,BGD,Dhaka,Admin-1 capital,7,167900,ne-ne_10m_populated_places
1159144683,Narayanganj,纳拉扬甘杰,90.499995,23.620404,Q1990163,BGD,Dhaka,Populated place,7,223622,ne-ne_10m_populated_places
1159144685,Lucapa,卢卡帕,20.740015,-8.419604,Q620866,AGO,Lunda Norte,Admin-1 capital,7,31041,ne-ne_10m_populated_places
1159144687,Capenda-Camulemba,卡彭達-卡穆倫巴,18.430027,-9.419594,Q432530,AGO,Lunda Norte,Populated place,7,80000,ne-ne_10m_populated_places
1159144689,Saurimo,绍里木,20.390011,-9.65958,Q635017,AGO,Lunda Sul,Admin-1 capital,7,41316,ne-ne_10m_populated_places
1159144691,Muconda,穆孔達,21.31998,-10.599626,Q1620876,AGO,Lunda Sul,Populated place,7,2324,ne-ne_10m_populated_places
1159144693,Cacolo,卡科洛,19.260002,-10.149627,Q1620901,AGO,Lunda Sul,Populated place,7,984,ne-ne_10m_populated_places
1159144697,Caxito,卡西托,13.659982,-8.579542,Q956745,AGO,Bengo,Admin-1 capital,7,28224,ne-ne_10m_populated_places
1159144699,Camabatela,安巴卡,15.370007,-8.189592,Q1619833,AGO,Cuanza Norte,Populated place,7,12837,ne-ne_10m_populated_places
1159144701,Ndalatando,恩达拉坦多,14.909984,-9.29955,Q985803,AGO,Cuanza Norte,Admin-1 capital,7,8144,ne-ne_10m_populated_places
1159144703,Quibala,基巴拉,14.979954,-10.729592,Q602772,AGO,Cuanza Sul,Populated place,7,8915,ne-ne_10m_populated_places
1159144705,Calulo,卡卢洛,14.90001,-9.999611,Q3651040,AGO,Cuanza Sul,Populated place,7,795,ne-ne_10m_populated_places
1159144707,Waku Kungo,瓦庫昆戈,15.119997,-11.359528,Q2944819,AGO,Cuanza Sul,Populated place,7,12069,ne-ne_10m_populated_places
1159144709,Songo,松戈,14.849987,-7.349591,,AGO,UGge,Populated place,7,10579,ne-ne_10m_populated_places
1159144711,Mbanza-Congo,姆班扎刚果,14.239999,-6.269606,Q500189,AGO,Zaire,Admin-1 capital,7,60182,ne-ne_10m_populated_places
1159144715,Nzeto,恩泽托,12.860031,-7.229599,Q2351452,AGO,Zaire,Populated place,7,21059,ne-ne_10m_populated_places
1159144719,Soyo,索约,12.369984,-6.129614,Q1015108,AGO,Zaire,Populated place,7,67491,ne-ne_10m_populated_places
1159144723,Cabinda,卡宾达,12.189995,-5.559623,Q459360,AGO,Cabinda,Admin-1 capital,7,91791,ne-ne_10m_populated_places
1159144727,Calucinga,卡卢辛加,16.199983,-11.319582,,AGO,BiO,Populated place,7,531,ne-ne_10m_populated_places
1159144733,Camacupa,卡馬庫帕,17.469983,-12.019591,Q1027956,AGO,Bié,Populated place,7,19828,ne-ne_10m_populated_places
1159144737,Cubal,庫巴爾,14.239999,-13.03958,Q1142891,AGO,Benguela,Populated place,7,4837,ne-ne_10m_populated_places
1159144741,Mavinga,馬溫加,20.360039,-15.789541,Q1620590,AGO,Cuando Cubango,Populated place,7,30000,ne-ne_10m_populated_places
1159144745,Cuito Caunavale,奎托誇納瓦萊,19.169982,-15.159606,Q899515,AGO,Cuando Cubango,Populated place,7,149,ne-ne_10m_populated_places
1159144751,Luiana,卢亚纳,22.999981,-17.369548,,AGO,Cuando Cubango,Populated place,7,150,ne-ne_10m_populated_places
1159144755,Ondjiva,翁吉瓦,15.730037,-17.069618,Q635045,AGO,Cunene,Admin-1 capital,7,10169,ne-ne_10m_populated_places
1159144759,Chitado,希塔多,13.920018,-17.319629,Q17165769,AGO,Cunene,Populated place,7,500,ne-ne_10m_populated_places
1159144763,Chibemba,希本巴,14.080008,-15.749595,,AGO,HuOla,Populated place,7,1502,ne-ne_10m_populated_places
1159144769,Chibia,希比亞,13.690007,-15.18963,Q2346746,AGO,HuOla,Populated place,7,1411,ne-ne_10m_populated_places
1159144773,Quipungo,基蓬戈,14.550006,-14.829548,Q774789,AGO,HuOla,Populated place,7,186,ne-ne_10m_populated_places
1159144777,Luau,盧奧,22.230002,-10.709541,Q1872804,AGO,Moxico,Populated place,7,18465,ne-ne_10m_populated_places
1159144781,Cangamba,坎甘巴,19.860018,-13.699592,Q1033167,AGO,Moxico,Populated place,7,1307,ne-ne_10m_populated_places
1159144789,Lumbala Nguimbo,隆巴拉,21.440024,-14.099619,Q10320952,AGO,Moxico,Populated place,7,25,ne-ne_10m_populated_places
1159144793,Cazombo,卡宗博,22.900039,-11.889573,,AGO,Moxico,Populated place,7,298,ne-ne_10m_populated_places
1159144797,Puerto Heath,波多黎各希思,-68.666569,-12.499613,Q6092075,BOL,La Paz,Populated place,7,10,ne-ne_10m_populated_places
1159144801,Charaña,查拉纳,-69.466597,-17.599612,Q1026271,BOL,La Paz,Populated place,7,197,ne-ne_10m_populated_places
1159144807,Puerto Acosta,阿科斯塔港,-69.166667,-15.499585,Q1866555,BOL,La Paz,Populated place,7,1123,ne-ne_10m_populated_places
1159144811,Apolo,阿波洛,-68.419995,-14.719581,Q2307341,BOL,La Paz,Populated place,7,4189,ne-ne_10m_populated_places
1159144815,Coroico,科罗伊科,-67.720011,-16.18962,Q1026263,BOL,La Paz,Populated place,7,2361,ne-ne_10m_populated_places
1159144819,Coro Coro,科羅科羅,-68.449967,-17.169612,Q1353228,BOL,La Paz,Populated place,7,1884,ne-ne_10m_populated_places
1159144825,Sabaya,薩瓦亞,-68.383278,-19.016269,Q649439,BOL,Oruro,Populated place,7,573,ne-ne_10m_populated_places
1159144829,Challapata,查亚帕塔,-66.779991,-18.899584,Q2307361,BOL,Oruro,Populated place,7,9114,ne-ne_10m_populated_places
1159144833,Llica,伊卡,-68.250031,-19.849604,Q1016542,BOL,Potosi,Populated place,7,553,ne-ne_10m_populated_places
1159144841,Potosí,波托西,-65.750028,-19.569569,Q35045,BOL,Potosí,Admin-1 capital,7,179901,ne-ne_10m_populated_places
1159144845,Villazón,比亞松,-65.599986,-22.079597,Q431553,BOL,Potosí,Populated place,7,37215,ne-ne_10m_populated_places
1159144849,Tupiza,圖皮薩,-65.720004,-21.439584,Q1014481,BOL,Potosí,Populated place,7,28766,ne-ne_10m_populated_places
1159144853,Montero,蒙特罗,-63.260025,-17.349601,Q990706,BOL,Santa Cruz,Populated place,7,88616,ne-ne_10m_populated_places
1159144859,Piso Firme,皮索菲尔梅,-61.866622,-13.682952,,BOL,Santa Cruz,Populated place,7,72,ne-ne_10m_populated_places
1159144863,Roboré,羅沃雷,-59.75998,-18.329541,Q941418,BOL,Santa Cruz,Populated place,7,10036,ne-ne_10m_populated_places
1159144867,Puerto Quijarro,基哈罗港,-57.770024,-17.779601,Q2117434,BOL,Santa Cruz,Populated place,7,10392,ne-ne_10m_populated_places
1159144871,San Ignacio,聖伊格納西奧,-60.960011,-16.369609,Q995752,BOL,Santa Cruz,Populated place,7,25391,ne-ne_10m_populated_places
1159144877,Ascension,阿森松,-63.079985,-15.699573,Q2450325,BOL,Santa Cruz,Populated place,7,14429,ne-ne_10m_populated_places
1159144881,San Javier,聖哈維爾,-62.50002,-16.289614,Q281844,BOL,Santa Cruz,Populated place,7,4210,ne-ne_10m_populated_places
1159144885,San Rafael,聖拉斐爾德韋拉斯科,-60.67995,-16.779507,Q746773,BOL,Santa Cruz,Populated place,7,1201,ne-ne_10m_populated_places
1159144889,Vallegrande,巴耶格蘭德,-64.109999,-18.489583,Q735765,BOL,Santa Cruz,Populated place,7,8422,ne-ne_10m_populated_places
1159144895,Puerto Suárez,苏亚雷斯港,-57.849968,-18.949555,Q1014456,BOL,Santa Cruz,Populated place,7,22000,ne-ne_10m_populated_places
1159144899,Charagua,查拉瓜,-63.21995,-19.799581,Q1712242,BOL,Santa Cruz,Populated place,7,3025,ne-ne_10m_populated_places
1159144903,Villamontes,比亚蒙特斯,-63.500011,-21.24957,Q1014504,BOL,Tarija,Populated place,7,18761,ne-ne_10m_populated_places
1159144907,Bermejo,貝爾梅霍,-64.349985,-22.729583,Q634479,BOL,Tarija,Populated place,7,36544,ne-ne_10m_populated_places
1159144913,Timimoun,提米蒙,0.269999,29.236522,Q1021173,DZA,Adrar,Populated place,7,49237,ne-ne_10m_populated_places
1159144917,Sidi bel Abbes,西迪贝勒阿巴斯,-0.639972,35.190344,Q852276,DZA,Sidi Bel Abbès,Admin-1 capital,7,208604,ne-ne_10m_populated_places
1159144921,Tlimcen,特莱姆森,-1.320008,34.890414,Q185134,DZA,Tlemcen,Admin-1 capital,7,229777,ne-ne_10m_populated_places
1159144925,Béni Ounif,貝尼烏尼夫,-1.251381,32.04927,Q1648984,DZA,BZchar,Populated place,7,5628,ne-ne_10m_populated_places
1159144931,Abadla,阿巴德萊,-2.733306,31.017085,Q304704,DZA,BZchar,Populated place,7,14364,ne-ne_10m_populated_places
1159144935,Sefra,艾因塞夫拉,-0.579949,32.760415,Q2745712,DZA,Naâma,Populated place,7,63420,ne-ne_10m_populated_places
1159144939,Skikda,斯基克达,6.899982,36.880422,Q2292517,DZA,Skikda,Admin-1 capital,7,225181,ne-ne_10m_populated_places
1159144943,Kandi,康迪,2.940017,11.130366,Q845666,BEN,Alibori,Admin-1 capital,7,109701,ne-ne_10m_populated_places
1159144949,Ouidah,威达,2.089991,6.360373,Q850031,BEN,Atlantique,Admin-1 capital,7,83503,ne-ne_10m_populated_places
1159144953,Abomey,阿波美,1.989997,7.1904,Q189685,BEN,Zou,Admin-1 capital,7,82154,ne-ne_10m_populated_places
1159144957,Natitingou,纳蒂廷古,1.389982,10.320415,Q994125,BEN,Atakora,Admin-1 capital,7,80892,ne-ne_10m_populated_places
1159144961,Djougou,朱古,1.680042,9.700427,Q868198,BEN,Donga,Admin-1 capital,7,202810,ne-ne_10m_populated_places
1159144967,Djanet,贾奈特,9.482253,24.552906,Q1014380,DZA,Illizi,Populated place,7,666,ne-ne_10m_populated_places
1159144971,I-n-Amenas,因阿迈纳斯,9.550001,28.050341,Q3118424,DZA,Illizi,Populated place,7,216,ne-ne_10m_populated_places
1159144975,In Amguel,因阿姆蓋勒,5.164739,23.69394,Q3123591,DZA,Tamanghasset,Populated place,7,3030,ne-ne_10m_populated_places
1159144979,El Bayadh,巴亚兹,1.009954,33.690358,Q648784,DZA,El Bayadh,Populated place,7,67413,ne-ne_10m_populated_places
1159144985,El Oued,瓦德,6.859984,33.370404,Q1642636,DZA,Biskra,Populated place,7,177497,ne-ne_10m_populated_places
1159144989,Hassi Messaoud,哈西迈萨乌德,6.054452,31.70234,Q1000139,DZA,Ouargla,Populated place,7,18124,ne-ne_10m_populated_places
1159144993,Chlef,谢利夫,1.319961,36.170414,Q849561,DZA,Chlef,Populated place,7,449167,ne-ne_10m_populated_places
1159144997,Mascara,穆阿斯凯尔,0.140033,35.400409,Q545707,DZA,Mascara,Admin-1 capital,7,108230,ne-ne_10m_populated_places
1159145003,Mostaganem,穆斯塔加奈姆,0.089984,35.940376,Q849524,DZA,Mostaganem,Admin-1 capital,7,188354,ne-ne_10m_populated_places
1159145007,Saïda,塞伊达,0.140033,34.840392,Q401452,DZA,Saïda,Admin-1 capital,7,142213,ne-ne_10m_populated_places
1159145011,Tiarat,提亚雷特,1.319961,35.380436,Q565568,DZA,Tiaret,Admin-1 capital,7,184195,ne-ne_10m_populated_places
1159145015,Béjaïa,贝贾亚,5.070016,36.760378,Q59975,DZA,Béjaïa,Admin-1 capital,7,384937,ne-ne_10m_populated_places
1159145021,Blida,卜利达,2.829998,36.420347,Q216990,DZA,Blida,Admin-1 capital,7,511348,ne-ne_10m_populated_places
1159145025,Bouïra,布维拉,3.90001,36.380478,Q722522,DZA,Bouira,Admin-1 capital,7,110144,ne-ne_10m_populated_places
1159145029,Médéa,麦迪亚,2.770001,36.270407,Q1982137,DZA,Médéa,Admin-1 capital,7,147707,ne-ne_10m_populated_places
1159145033,Souk Ahras,苏格艾赫拉斯,7.949995,36.29038,Q402992,DZA,Souk Ahras,Populated place,7,134947,ne-ne_10m_populated_places
1159145039,Tébessa,泰贝萨,8.12001,35.410434,Q984575,DZA,TZbessa,Admin-1 capital,7,171742,ne-ne_10m_populated_places
1159145043,Mostar,莫斯塔尔,17.820039,43.350492,Q93347,BIH,Herzegovina-Neretva,Populated place,7,163067,ne-ne_10m_populated_places
1159145047,Khaskovo,哈斯科沃,25.563287,41.943782,Q186254,BGR,Haskovo,Admin-1 capital,7,79699,ne-ne_10m_populated_places
1159145051,Stara Zagora,旧扎戈拉,25.622715,42.423133,Q170415,BGR,Stara Zagora,Admin-1 capital,7,143431,ne-ne_10m_populated_places
1159145057,Pleven,普列文,24.613371,43.423769,Q165420,BGR,Pleven,Admin-1 capital,7,118675,ne-ne_10m_populated_places
1159145061,Turnovo,大特尔诺沃,25.655529,43.086245,Q173474,BGR,Veliko Tarnovo,Populated place,7,53115,ne-ne_10m_populated_places
1159145065,Kyustendil,丘斯滕迪尔,22.691111,42.284278,Q189305,BGR,Kyustendil,Admin-1 capital,7,51067,ne-ne_10m_populated_places
1159145069,Dobrich,多布里奇,27.839996,43.585051,Q168668,BGR,Dobrich,Admin-1 capital,7,94831,ne-ne_10m_populated_places
1159145075,Varna,瓦尔纳,27.895289,43.215643,Q6506,BGR,Varna,Admin-1 capital,7,312770,ne-ne_10m_populated_places
1159145079,Ruse,鲁塞,25.973339,43.853691,Q160173,BGR,Ruse,Admin-1 capital,7,184270,ne-ne_10m_populated_places
1159145083,Graz,格拉茨,15.410005,47.077758,Q13298,AUT,Steiermark,Admin-1 capital,7,263234,ne-ne_10m_populated_places
1159145087,Klagenfurt,克拉根福,14.31002,46.620344,Q41753,AUT,Kärnten,Admin-1 capital,7,90610,ne-ne_10m_populated_places
1159145093,Linz,林茨,14.288781,48.319233,Q41329,AUT,Oberösterreich,Admin-1 capital,7,349161,ne-ne_10m_populated_places
1159145097,Passau,帕绍,13.441179,48.575462,Q4190,DEU,Bayern,Populated place,7,50560,ne-ne_10m_populated_places
1159145101,Salzburg,萨尔茨堡,13.04002,47.810478,Q34713,AUT,Salzburg,Admin-1 capital,7,206279,ne-ne_10m_populated_places
1159145105,Innsbruck,因斯布鲁克,11.409991,47.280407,Q1735,AUT,Tirol,Admin-1 capital,7,155214,ne-ne_10m_populated_places
1159145111,Pinsk,平斯克,26.094055,52.127863,Q204150,BLR,Brest,Populated place,7,130777,ne-ne_10m_populated_places
1159145115,Mazyr,莫济里,29.272156,52.045956,Q386487,BLR,Homyel',Populated place,7,112137,ne-ne_10m_populated_places
1159145119,Mahilyow,莫吉廖夫,30.32465,53.898505,Q154835,BLR,Mahilyow,Admin-1 capital,7,369200,ne-ne_10m_populated_places
1159145123,Babruysk,博布鲁伊斯克,29.192781,53.126562,Q207294,BLR,Mahilyow,Populated place,7,220517,ne-ne_10m_populated_places
1159145129,Orsha,奥尔沙,30.421543,54.515315,Q208609,BLR,Vitsyebsk,Populated place,7,135206,ne-ne_10m_populated_places
1159145133,Lida,利达,25.284648,53.888479,Q241475,BLR,Hrodna,Populated place,7,100216,ne-ne_10m_populated_places
1159145137,Hrodna,格罗德诺,23.83409,53.677872,Q181376,BLR,Hrodna,Admin-1 capital,7,317365,ne-ne_10m_populated_places
1159145141,Barysaw,鲍里索夫,28.492152,54.226004,Q19313,BLR,Minsk,Populated place,7,155389,ne-ne_10m_populated_places
1159145147,Naxcivan,纳希切万,45.412205,39.20922,Q230104,AZE,Naxçivan,Admin-1 capital,7,94788,ne-ne_10m_populated_places
1159145151,Jashore,杰索尔,89.199971,23.170432,Q1688300,BGD,Khulna,Populated place,7,243987,ne-ne_10m_populated_places
1159145155,Barishal,巴里薩爾,90.37499,22.700409,Q747840,BGD,Barisal,Admin-1 capital,7,202242,ne-ne_10m_populated_places
1159145159,Comilla,库米拉,91.16998,23.470414,Q1006296,BGD,Chittagong,Populated place,7,389411,ne-ne_10m_populated_places
1159145165,Lokhwabe,洛克瓦贝,21.830026,-24.169598,Q170657,BWA,Kgalagadi,Populated place,7,1473,ne-ne_10m_populated_places
1159145169,Lehututu,莱胡图图,21.870024,-23.969611,Q170646,BWA,Kgalagadi,Populated place,7,1942,ne-ne_10m_populated_places
1159145173,Tshabong,察邦,22.400018,-26.009486,Q170727,BWA,Kgalagadi,Admin-1 capital,7,9679,ne-ne_10m_populated_places
1159145177,Tsau,察奥,22.459962,-20.159611,Q166943,BWA,North-West,Populated place,7,1409,ne-ne_10m_populated_places
1159145185,Nokaneng,诺卡能,22.27,-19.669615,Q171157,BWA,North-West,Populated place,7,1763,ne-ne_10m_populated_places
1159145189,Mohembo,莫恒博,21.800002,-18.299569,Q171089,BWA,North-West,Populated place,7,757,ne-ne_10m_populated_places
1159145193,Maun,马翁,23.420007,-19.989595,Q170732,BWA,North-West,Admin-1 capital,7,49945,ne-ne_10m_populated_places
1159145197,Kasane,卡萨内,25.15003,-17.809573,Q170715,BWA,North-West,Admin-1 capital,7,9250,ne-ne_10m_populated_places
1159145203,Nata,納塔,26.190019,-20.209478,Q170817,BWA,Central,Populated place,7,4794,ne-ne_10m_populated_places
1159145207,Mopipi,莫皮皮,24.880021,-21.179548,Q167864,BWA,Central,Populated place,7,3301,ne-ne_10m_populated_places
1159145211,Palapye,帕拉佩,27.130013,-22.559619,Q170711,BWA,Central,Populated place,7,30650,ne-ne_10m_populated_places
1159145215,Bururi,布鲁里,29.61658,-3.950729,Q992247,BDI,Bururi,Admin-1 capital,7,20393,ne-ne_10m_populated_places
1159145221,Muyinga,穆因加,30.31726,-2.852347,Q2006076,BDI,Muyinga,Admin-1 capital,7,71076,ne-ne_10m_populated_places
1159145225,Lobatse,洛巴策,25.680024,-25.219612,Q165768,BWA,South-East,Admin-1 capital,7,69804,ne-ne_10m_populated_places
1159145229,Kanye,卡内,25.339993,-24.969601,Q170730,BWA,Southern,Admin-1 capital,7,46831,ne-ne_10m_populated_places
1159145231,Pine Creek,派恩克里克,131.816698,-13.816173,Q18007,AUS,Northern Territory,Populated place,7,665,ne-ne_10m_populated_places
1159145237,Adelaide River,阿德莱德里弗,131.099998,-13.249541,Q17903,AUS,Northern Territory,Populated place,7,237,ne-ne_10m_populated_places
1159145241,McMinns Lagoon,麦克明斯泻湖,131.050026,-12.532893,Q6802388,AUS,Northern Territory,Populated place,7,5025,ne-ne_10m_populated_places
1159145245,Newcastle Waters,纽卡斯尔沃塔斯,133.467243,-17.552793,Q17994,AUS,Northern Territory,Populated place,7,10,ne-ne_10m_populated_places
1159145249,Ravensthorpe,雷文斯索普,120.033334,-33.582874,Q2748677,AUS,Western Australia,Populated place,7,1101,ne-ne_10m_populated_places
1159145255,Wagin,韦金,117.349984,-33.299584,Q2539195,AUS,Western Australia,Populated place,7,1598,ne-ne_10m_populated_places
1159145259,Roebourne,罗伯恩,117.133305,-20.782932,Q941071,AUS,Western Australia,Populated place,7,19260,ne-ne_10m_populated_places
1159145263,Pannawonica,潘纳沃尼卡,116.325034,-21.636575,Q7131386,AUS,Western Australia,Populated place,7,686,ne-ne_10m_populated_places
1159145267,Tom Price,汤普赖斯,117.793058,-22.693461,Q1001642,AUS,Western Australia,Populated place,7,2723,ne-ne_10m_populated_places
1159145273,Kalbarri,卡爾巴里鎮,114.166664,-27.666181,Q1007955,AUS,Western Australia,Populated place,7,1537,ne-ne_10m_populated_places
1159145277,Mount Magnet,芒特马格尼特,117.816674,-28.066208,Q986063,AUS,Western Australia,Populated place,7,424,ne-ne_10m_populated_places
1159145281,Morawa,莫拉瓦,116.000041,-29.216267,Q3862840,AUS,Western Australia,Populated place,7,259,ne-ne_10m_populated_places
1159145285,Port Denison,丹尼森港,114.916644,-29.282826,Q7230578,AUS,Western Australia,Populated place,7,1213,ne-ne_10m_populated_places
1159145291,Merredin,梅里登,118.266672,-31.482847,Q240092,AUS,Western Australia,Populated place,7,2668,ne-ne_10m_populated_places
1159145295,Mount Barker,芒特巴克,117.666606,-34.632784,Q1950380,AUS,Western Australia,Populated place,7,1781,ne-ne_10m_populated_places
1159145299,Katanning,卡坦宁,117.550075,-33.699559,Q984146,AUS,Western Australia,Populated place,7,3934,ne-ne_10m_populated_places
1159145303,Narrogin,纳罗金,117.166636,-32.932888,Q995005,AUS,Western Australia,Populated place,7,4238,ne-ne_10m_populated_places
1159145309,Gingin,金金,115.900047,-31.349574,Q3106766,AUS,Western Australia,Populated place,7,1446,ne-ne_10m_populated_places
1159145313,Bunbury,班伯利,115.650243,-33.344284,Q256711,AUS,Western Australia,Populated place,7,26998,ne-ne_10m_populated_places
1159145317,Kwinana,奎纳纳,115.770236,-32.23939,Q3817639,AUS,Western Australia,Populated place,7,20086,ne-ne_10m_populated_places
1159145321,Southern Cross,南克罗斯,119.316686,-31.216145,Q983647,AUS,Western Australia,Populated place,7,187,ne-ne_10m_populated_places
1159145327,Kaltukatjara,卡尔图贾拉,128.997335,-25.788414,Q17976,AUS,Northern Territory,Populated place,7,355,ne-ne_10m_populated_places
1159145331,Queanbeyan,昆比恩,149.211347,-35.3546,Q606385,AUS,Australian Capital Territory,Populated place,7,32602,ne-ne_10m_populated_places
1159145335,Tweed Heads,堤维德岬,153.546638,-28.182583,Q606344,AUS,New South Wales,Populated place,7,33065,ne-ne_10m_populated_places
1159145339,Ivanhoe,艾文霍,144.300019,-32.899608,Q3156235,AUS,New South Wales,Populated place,7,265,ne-ne_10m_populated_places
1159145345,Wilcannia,威尔坎尼亚,143.38333,-31.566201,Q574953,AUS,New South Wales,Populated place,7,442,ne-ne_10m_populated_places
1159145349,Merimbula,梅林布拉,149.900039,-36.899622,Q3306491,AUS,New South Wales,Populated place,7,6367,ne-ne_10m_populated_places
1159145353,Echuca,埃楚卡,144.750017,-36.129592,Q991600,AUS,New South Wales,Populated place,7,19457,ne-ne_10m_populated_places
1159145359,Deniliquin,德尼利昆,144.950005,-35.529577,Q1002118,AUS,New South Wales,Populated place,7,8024,ne-ne_10m_populated_places
1159145365,Nowra,瑙拉,150.600048,-34.882846,Q1343021,AUS,New South Wales,Populated place,7,94781,ne-ne_10m_populated_places
1159145367,Ulladulla,阿勒达拉,150.47003,-35.349536,Q649969,AUS,New South Wales,Populated place,7,9250,ne-ne_10m_populated_places
1159145373,Batemans Bay,巴特曼斯贝,150.207307,-35.689619,Q810756,AUS,New South Wales,Populated place,7,10557,ne-ne_10m_populated_places
1159145377,Cooma,库马,149.120035,-36.239559,Q1129726,AUS,New South Wales,Populated place,7,6520,ne-ne_10m_populated_places
1159145383,Tumut,蒂默特,148.220038,-35.30959,Q1025607,AUS,New South Wales,Populated place,7,6526,ne-ne_10m_populated_places
1159145387,Leeton,利顿,146.397307,-34.544934,Q956807,AUS,New South Wales,Populated place,7,7299,ne-ne_10m_populated_places
1159145391,Young,扬,148.290008,-34.3096,Q3305212,AUS,New South Wales,Populated place,7,7501,ne-ne_10m_populated_places
1159145395,Cowra,考拉,148.68001,-33.829629,Q1138239,AUS,New South Wales,Populated place,7,6795,ne-ne_10m_populated_places
1159145401,Forbes,福布斯,148.019998,-33.389604,Q2107368,AUS,New South Wales,Populated place,7,4838,ne-ne_10m_populated_places
1159145405,Goulburn,古尔本,149.710179,-34.749573,Q605235,AUS,New South Wales,Populated place,7,20940,ne-ne_10m_populated_places
1159145409,Kiama,凯阿马,150.840033,-34.709575,Q1740762,AUS,New South Wales,Populated place,7,10379,ne-ne_10m_populated_places
1159145413,Katoomba,卡通巴,150.320013,-33.706949,Q1530148,AUS,New South Wales,Populated place,7,22076,ne-ne_10m_populated_places
1159145419,Richmond,里奇蒙,150.739987,-33.599514,Q1184885,AUS,New South Wales,Populated place,7,13880,ne-ne_10m_populated_places
1159145423,Lithgow,利斯戈,150.152788,-33.496109,Q1789805,AUS,New South Wales,Populated place,7,11128,ne-ne_10m_populated_places
1159145427,Parkes,帕克斯,148.170015,-33.129568,Q605513,AUS,New South Wales,Populated place,7,11137,ne-ne_10m_populated_places
1159145431,Bathurst,巴瑟斯特,149.570033,-33.419628,Q704978,AUS,New South Wales,Populated place,7,6111,ne-ne_10m_populated_places
1159145437,Maitland,梅特兰,151.555028,-32.720963,Q606900,AUS,New South Wales,Populated place,7,18625,ne-ne_10m_populated_places
1159145441,Singleton,辛格尔顿,151.160013,-32.569499,Q667610,AUS,New South Wales,Populated place,7,13813,ne-ne_10m_populated_places
1159145445,Mudgee,马奇,149.58011,-32.589601,Q59819,AUS,New South Wales,Populated place,7,5391,ne-ne_10m_populated_places
1159145453,Muswellbrook,马瑟尔布鲁克,150.890004,-32.269569,Q1008383,AUS,New South Wales,Populated place,7,11630,ne-ne_10m_populated_places
1159145457,Taree,塔瑞,152.461846,-31.897602,Q1543632,AUS,New South Wales,Populated place,7,44182,ne-ne_10m_populated_places
1159145461,Kempsey,肯普西,152.822031,-31.087367,Q1619596,AUS,New South Wales,Populated place,7,11840,ne-ne_10m_populated_places
1159145465,Gunnedah,岡尼達,150.26229,-30.987012,Q1554825,AUS,New South Wales,Populated place,7,7148,ne-ne_10m_populated_places
1159145471,Coffs Harbour,科夫斯港,153.112297,-30.307053,Q604283,AUS,New South Wales,Populated place,7,62978,ne-ne_10m_populated_places
1159145475,Narrabri,纳拉布赖,149.787436,-30.33191,Q181766,AUS,New South Wales,Populated place,7,7082,ne-ne_10m_populated_places
1159145479,Inverell,因弗雷尔,151.112574,-29.766776,Q1009627,AUS,New South Wales,Populated place,7,8561,ne-ne_10m_populated_places
1159145483,Yamba,扬巴,153.353312,-29.422991,Q2135834,AUS,New South Wales,Populated place,7,1806,ne-ne_10m_populated_places
1159145489,Ballina,巴利納,153.56798,-28.861353,Q805263,AUS,New South Wales,Populated place,7,14242,ne-ne_10m_populated_places
1159145493,Wagga Wagga,沃加沃加,147.339988,-35.12216,Q459600,AUS,New South Wales,Populated place,7,55381,ne-ne_10m_populated_places
1159145497,Scone,斯昆,150.85011,-32.079606,Q1026207,AUS,New South Wales,Populated place,7,4624,ne-ne_10m_populated_places
1159145501,Byron Bay,拜伦湾,153.612887,-28.656508,Q1018597,AUS,New South Wales,Populated place,7,6764,ne-ne_10m_populated_places
1159145507,Berri,贝里,140.600038,-34.282935,Q827089,AUS,South Australia,Populated place,7,4716,ne-ne_10m_populated_places
1159145511,Peterborough,彼得堡,138.833324,-32.966167,Q3900971,AUS,South Australia,Populated place,7,1689,ne-ne_10m_populated_places
1159145515,Wallaroo,和樂樓,137.633294,-33.932878,Q3565483,AUS,South Australia,Populated place,7,2779,ne-ne_10m_populated_places
1159145519,Clare,克莱尔,138.600005,-33.832884,Q2975529,AUS,South Australia,Populated place,7,3061,ne-ne_10m_populated_places
1159145525,Meningie,蔓玲之,139.333345,-35.699541,Q180093,AUS,South Australia,Populated place,7,1501,ne-ne_10m_populated_places
1159145529,Kingston South East,金斯顿 SE,139.850058,-36.832805,Q1028160,AUS,South Australia,Populated place,7,206,ne-ne_10m_populated_places
1159145533,Bordertown,界限城,140.766643,-36.316195,Q721784,AUS,South Australia,Populated place,7,2583,ne-ne_10m_populated_places
1159145537,Penola,般諾華,140.816665,-37.382952,Q958646,AUS,South Australia,Populated place,7,1514,ne-ne_10m_populated_places
1159145543,Kingoonya,金古尼亚,135.3,-30.899575,Q6412838,AUS,South Australia,Populated place,7,50,ne-ne_10m_populated_places
1159145547,Kimba,劍巴,136.433367,-33.149619,Q1562649,AUS,South Australia,Populated place,7,636,ne-ne_10m_populated_places
1159145551,Streaky Bay,斯特里基贝,134.21493,-32.811872,Q918732,AUS,South Australia,Populated place,7,1060,ne-ne_10m_populated_places
1159145555,Cowell,考厄尔,136.916645,-33.682868,Q2082300,AUS,South Australia,Populated place,7,537,ne-ne_10m_populated_places
1159145561,Tumby Bay,氹卑灣,136.083311,-34.382928,Q2219899,AUS,South Australia,Populated place,7,1791,ne-ne_10m_populated_places
1159145565,Andamooka,安达穆卡,137.16557,-30.430973,Q489981,AUS,South Australia,Populated place,7,528,ne-ne_10m_populated_places
1159145569,Woomera,烏馬拿,136.800011,-31.149586,Q11068811,AUS,South Australia,Populated place,7,450,ne-ne_10m_populated_places
1159145573,Port Pirie,皮里港,137.990016,-33.191063,Q14966,AUS,South Australia,Populated place,7,12506,ne-ne_10m_populated_places
1159145579,Gawler,高勒,138.726354,-34.607359,Q1007201,AUS,South Australia,Populated place,7,16362,ne-ne_10m_populated_places
1159145583,Murray Bridge,墨累桥,139.260016,-35.129601,Q1641083,AUS,South Australia,Populated place,7,18194,ne-ne_10m_populated_places
1159145587,Victor Harbor,维克多港,138.617316,-35.559601,Q1015796,AUS,South Australia,Populated place,7,7760,ne-ne_10m_populated_places
1159145591,Hamilton,汉密尔顿,142.023414,-37.7312,Q762430,AUS,Victoria,Populated place,7,8869,ne-ne_10m_populated_places
1159145597,Ouyen,奥延,142.316677,-35.066194,Q2042167,AUS,Victoria,Populated place,7,1400,ne-ne_10m_populated_places
1159145601,Colac,科拉克,143.580011,-38.339534,Q1009509,AUS,Victoria,Populated place,7,9089,ne-ne_10m_populated_places
1159145605,Stawell,斯托尔,142.760009,-37.059613,Q2190456,AUS,Victoria,Populated place,7,6991,ne-ne_10m_populated_places
1159145609,Horsham,霍舍姆,142.190018,-36.709608,Q1629019,AUS,Victoria,Populated place,7,12830,ne-ne_10m_populated_places
1159145615,Ararat,亚拉拉特,142.909974,-37.279547,Q626295,AUS,Victoria,Populated place,7,6110,ne-ne_10m_populated_places
1159145619,Maryborough,玛丽伯勒,143.729976,-37.049587,Q1014561,AUS,Victoria,Populated place,7,7046,ne-ne_10m_populated_places
1159145623,Bairnsdale,拜恩斯代尔,147.609997,-37.829591,Q803960,AUS,Victoria,Populated place,7,11005,ne-ne_10m_populated_places
1159145627,Sale,瑟尔,147.060005,-38.109574,Q1026976,AUS,Victoria,Populated place,7,22486,ne-ne_10m_populated_places
1159145633,Traralgon,特拉拉尔根,146.530012,-38.199595,Q249022,AUS,Victoria,Populated place,7,18226,ne-ne_10m_populated_places
1159145637,Wonthaggi,旺萨吉,145.590017,-38.609492,Q2022320,AUS,Victoria,Populated place,7,5985,ne-ne_10m_populated_places
1159145641,Cranbourne,克兰伯恩,145.283369,-38.099601,Q3309297,AUS,Victoria,Populated place,7,460491,ne-ne_10m_populated_places
1159145645,Ballarat,柏拉瑞特,143.840047,-37.559582,Q17856,AUS,Victoria,Populated place,7,85109,ne-ne_10m_populated_places
1159145651,Melton,梅爾頓,144.570028,-37.689548,Q706032,AUS,Victoria,Populated place,7,32368,ne-ne_10m_populated_places
1159145655,Seymour,西摩,145.127307,-37.034239,Q985689,AUS,Victoria,Populated place,7,3693,ne-ne_10m_populated_places
1159145659,Shepparton,大谢珀顿,145.391373,-36.37459,Q707030,AUS,Victoria,Populated place,7,33550,ne-ne_10m_populated_places
1159145663,Cobram,科布勒姆,145.650014,-35.91963,Q2981173,AUS,Victoria,Populated place,7,4659,ne-ne_10m_populated_places
1159145669,Swan Hill,天鹅山,143.540013,-35.339614,Q2305836,AUS,Victoria,Populated place,7,9276,ne-ne_10m_populated_places
1159145673,Sunbury,森伯里,144.710019,-37.569607,Q1007711,AUS,Victoria,Populated place,7,29925,ne-ne_10m_populated_places
1159145677,Proserpine,普拉瑟潘,148.583478,-20.416236,Q2558550,AUS,Queensland,Populated place,7,3976,ne-ne_10m_populated_places
1159145681,Theodore,西奥多,150.083335,-24.949499,Q2418594,AUS,Queensland,Populated place,7,246,ne-ne_10m_populated_places
1159145687,Eidsvold,埃兹沃尔德,151.133348,-25.366218,Q1059921,AUS,Queensland,Populated place,7,459,ne-ne_10m_populated_places
1159145691,Barcaldine,巴卡尔丁,145.283369,-23.566173,Q807895,AUS,Queensland,Populated place,7,1068,ne-ne_10m_populated_places
1159145695,Winton,通泰,143.033274,-22.399629,Q1026409,AUS,Queensland,Populated place,7,1157,ne-ne_10m_populated_places
1159145699,Longreach,朗芮,144.250048,-23.449591,Q1721825,AUS,Queensland,Populated place,7,2894,ne-ne_10m_populated_places
1159145705,Caboolture,卡布尔彻,152.949982,-27.082961,Q913820,AUS,Queensland,Populated place,7,31513,ne-ne_10m_populated_places
1159145709,Warwick,沃里克,152.020323,-28.229247,Q2118067,AUS,Queensland,Populated place,7,12347,ne-ne_10m_populated_places
1159145713,Kingaroy,金格罗伊,151.840592,-26.538963,Q605972,AUS,Queensland,Populated place,7,8573,ne-ne_10m_populated_places
1159145717,Dalby,多尔比,151.265743,-27.193858,Q1001056,AUS,Queensland,Populated place,7,9847,ne-ne_10m_populated_places
1159145723,Bongaree,邦加里,153.1509,-27.078723,Q2910049,AUS,Queensland,Populated place,7,13649,ne-ne_10m_populated_places
1159145727,Gympie,金皮,152.670929,-26.188597,Q1558442,AUS,Queensland,Populated place,7,11649,ne-ne_10m_populated_places
1159145731,Ingham,昆士兰州,146.166623,-18.649573,Q976153,AUS,Queensland,Populated place,7,6127,ne-ne_10m_populated_places
1159145767,Birdsville,伯茲維爾,139.366625,-25.899622,Q865118,AUS,Queensland,Populated place,7,283,ne-ne_10m_populated_places
1159145771,Bedourie,貝杜里,139.466619,-24.349587,Q813934,AUS,Queensland,Populated place,7,142,ne-ne_10m_populated_places
1159145777,Boulia,布利亚,139.900029,-22.899598,Q895092,AUS,Queensland,Populated place,7,600,ne-ne_10m_populated_places
1159145781,Richmond,里士满,143.13332,-20.716269,Q142476,AUS,Queensland,Populated place,7,296,ne-ne_10m_populated_places
1159145785,Burketown,伯克敦,139.566612,-17.71609,Q1016404,AUS,Queensland,Populated place,7,200,ne-ne_10m_populated_places
1159145789,Hervey Bay,赫维湾,152.840944,-25.288703,Q606324,AUS,Queensland,Populated place,7,25114,ne-ne_10m_populated_places
1159145795,Biloela,比洛威拉,150.496075,-24.393564,Q183408,AUS,Queensland,Populated place,7,6309,ne-ne_10m_populated_places
1159145799,Yeppoon,耶蓬,150.756731,-23.132918,Q2098901,AUS,Queensland,Populated place,7,10769,ne-ne_10m_populated_places
1159145803,Emerald,埃默拉尔德,148.167328,-23.512223,Q1002615,AUS,Queensland,Populated place,7,9398,ne-ne_10m_populated_places
1159145807,Moranbah,莫兰巴,148.038033,-22.001565,Q4302346,AUS,Queensland,Populated place,7,10000,ne-ne_10m_populated_places
1159145813,Charters Towers,宪章塔,146.258711,-20.080907,Q1020266,AUS,Queensland,Populated place,7,9573,ne-ne_10m_populated_places
1159145817,Ayr,艾尔,147.399468,-19.570241,Q2875020,AUS,Queensland,Populated place,7,9078,ne-ne_10m_populated_places
1159145821,Atherton,阿瑟顿,145.469353,-17.270278,Q755507,AUS,Queensland,Populated place,7,6959,ne-ne_10m_populated_places
1159145825,Port Douglas,道格拉斯港,145.458722,-16.484588,Q1364325,AUS,Queensland,Populated place,7,3000,ne-ne_10m_populated_places
1159145831,Smithton,史密斯顿,145.116661,-40.832922,Q1001465,AUS,Tasmania,Populated place,7,4202,ne-ne_10m_populated_places
1159145835,Scottsdale,斯科茨代尔,147.51667,-41.149492,Q1366429,AUS,Tasmania,Populated place,7,2468,ne-ne_10m_populated_places
1159145839,Bicheno,比舍诺,148.288612,-41.878388,Q2335428,AUS,Tasmania,Populated place,7,177,ne-ne_10m_populated_places
1159145845,Oatlands,奥特兰兹,147.366602,-42.299603,Q986573,AUS,Tasmania,Populated place,7,1157,ne-ne_10m_populated_places
1159145849,Queenstown,皇后鎮,145.55002,-42.082924,Q1009718,AUS,Tasmania,Populated place,7,2352,ne-ne_10m_populated_places
1159145853,Kingston,金斯顿,147.308414,-42.991137,Q942696,AUS,Tasmania,Populated place,7,14371,ne-ne_10m_populated_places
1159145857,Koudougou,库杜古,-2.369995,12.250478,Q460697,BFA,Boulkiemdé,Admin-1 capital,7,87347,ne-ne_10m_populated_places
1159145863,Ouahigouya,瓦希古亞,-2.419992,13.570424,Q569904,BFA,Yatenga,Admin-1 capital,7,79504,ne-ne_10m_populated_places
1159145869,Kaya,卡亞,-1.090047,13.090375,Q766464,BFA,Sanmatenga,Admin-1 capital,7,40017,ne-ne_10m_populated_places
1159145871,Tenkodogo,滕科多戈,-0.369704,11.780404,Q621925,BFA,Boulgou,Admin-1 capital,7,38108,ne-ne_10m_populated_places
1159145875,Banfora,邦福拉,-4.760004,10.630448,Q639674,BFA,Komoé,Admin-1 capital,7,60288,ne-ne_10m_populated_places
1159145879,Tuzla,图兹拉,18.680038,44.550471,Q174684,BIH,Tuzla,Populated place,7,144334,ne-ne_10m_populated_places
1159145885,Prijedor,普里耶多尔,16.700004,44.980393,Q323986,BIH,Serbian Republic,Populated place,7,104858,ne-ne_10m_populated_places
1159145889,Banja Luka,巴尼亚卢卡,17.179974,44.780405,Q131127,BIH,Serbian Republic,Admin-0 region capital,7,221738,ne-ne_10m_populated_places
1159145893,Pabna,巴布纳县,89.249994,24.000381,Q1004048,BGD,Rajshahi,Populated place,7,137888,ne-ne_10m_populated_places
1159145897,Nawabganj,纳瓦甘杰,88.349997,24.580398,Q7223092,BGD,Rajshahi,Populated place,7,142361,ne-ne_10m_populated_places
1159145903,Saidpur,赛伊德布尔,88.999983,25.800427,Q3347049,BGD,Rajshahi,Populated place,7,232209,ne-ne_10m_populated_places
1159145907,Myingyan,敏建,95.391428,21.461828,Q974965,MMR,Mandalay,Populated place,7,163812,ne-ne_10m_populated_places
1159145911,Letpadan,礼勃坦,95.741484,17.781898,Q6533488,MMR,Bago,Populated place,7,176571,ne-ne_10m_populated_places
1159145915,Taungoo,东吁,96.417928,18.948287,Q1193412,MMR,Bago,Populated place,7,106945,ne-ne_10m_populated_places
1159145921,Thongwa,宋割鎮,96.519318,16.7547,Q16901597,MMR,Yangon,Populated place,7,52496,ne-ne_10m_populated_places
1159145925,Mudon,木冬,97.721466,16.261836,Q6931858,MMR,Mon,Populated place,7,152300,ne-ne_10m_populated_places
1159145929,Ye,椰,97.867866,15.253267,Q2528063,MMR,Mon,Populated place,7,50798,ne-ne_10m_populated_places
1159145933,Mawlamyine,毛淡棉,97.670048,16.500426,Q685941,MMR,Mon,Admin-1 capital,7,438861,ne-ne_10m_populated_places
1159145939,Kyaukphyu,皎漂,93.549404,19.429013,Q2362035,MMR,Rakhine,Populated place,7,4261,ne-ne_10m_populated_places
1159145943,Wakema,瓦溪碼鎮,95.182862,16.613287,Q7961116,MMR,Ayeyarwady,Populated place,7,48405,ne-ne_10m_populated_places
1159145949,Labutta,拉布達,94.701444,16.161893,Q6467699,MMR,Ayeyarwady,Populated place,7,1667,ne-ne_10m_populated_places
1159145953,Phyarpon,皮亞朋,95.682883,16.293255,Q3411169,MMR,Ayeyarwady,Populated place,7,65601,ne-ne_10m_populated_places
1159145959,Yandoon,延登,95.642885,17.043287,,MMR,Ayeyarwady,Populated place,7,36172,ne-ne_10m_populated_places
1159145963,Hinthada,興實達,95.467857,17.648263,Q1185131,MMR,Ayeyarwady,Populated place,7,180728,ne-ne_10m_populated_places
1159145967,Pathein,勃生,94.749968,16.770409,Q870103,MMR,Ayeyarwady,Admin-1 capital,7,237089,ne-ne_10m_populated_places
1159145971,Allanmyo,阿兰谬,95.227924,19.378312,Q6947282,MMR,Magway,Populated place,7,57897,ne-ne_10m_populated_places
1159145977,Yaynangyoung,仁安羌,94.880968,20.46145,Q1185041,MMR,Magway,Populated place,7,110553,ne-ne_10m_populated_places
1159145979,Chauk,稍埠,94.823039,20.908477,Q2746921,MMR,Magway,Populated place,7,90870,ne-ne_10m_populated_places
1159145983,Pakokku,木各具,95.08664,21.332043,Q1360275,MMR,Magway,Populated place,7,126938,ne-ne_10m_populated_places
1159145987,Namtu,南渡,97.399987,23.083745,Q3335495,MMR,Shan,Populated place,7,48591,ne-ne_10m_populated_places
1159145993,Dawei,土瓦,98.194978,14.097962,Q1018167,MMR,Tanintharyi,Admin-1 capital,7,146212,ne-ne_10m_populated_places
1159145997,Shwebo,瑞波,95.692856,22.578272,Q27405,MMR,Sagaing,Populated place,7,88914,ne-ne_10m_populated_places
1159146001,Gitega,基特加,29.843594,-3.426007,Q167551,BDI,Muramvya,Admin-1 capital,7,23167,ne-ne_10m_populated_places
1159146005,Gardiz,加德兹,69.214628,33.600054,Q467632,AFG,Paktya,Admin-1 capital,7,103601,ne-ne_10m_populated_places
1159146007,Lemosos,利马索尔,33.033322,34.675414,Q185632,CYP,Limassol,Admin-1 capital,7,154000,ne-ne_10m_populated_places
1159146011,Pokhara,博克拉,84.00558,28.204201,Q6640,NPL,Gorkha,Admin-1 capital,7,200000,ne-ne_10m_populated_places
1159146013,Bucheon,富川,126.78111,37.500835,Q42099,KOR,Gyeonggi-do,Populated place,7,866000,ne-ne_10m_populated_places
1159146015,Songnam,城南,127.135832,37.440557,Q42108,KOR,Gyeonggi-do,Populated place,7,942000,ne-ne_10m_populated_places
1159146017,Goyang,高阳,126.835303,37.654682,Q42061,KOR,Gyeonggi-do,Populated place,7,903000,ne-ne_10m_populated_places
1159146019,Capitol Hill,卡皮托尔希尔,145.750576,15.211254,Q3273113,MNP,,Admin-1 capital,7,2500,ne-ne_10m_populated_places
1159146021,Christiansted,克里斯琴斯特德,-64.749986,17.750375,Q994719,VIR,,Populated place,7,32543,ne-ne_10m_populated_places
1159146023,Ponce,庞塞,-66.616642,18.000386,Q864024,PRI,,Populated place,7,160334,ne-ne_10m_populated_places
1159146025,Mayagüez,马亚圭斯,-67.139711,18.20151,Q632727,PRI,,Populated place,7,291339,ne-ne_10m_populated_places
1159146029,Grytviken,古利德维肯,-36.507989,-54.280577,Q185672,SGS,,Admin-1 capital,7,99,ne-ne_10m_populated_places
1159146031,Fox Bay,福克兰群岛,-60.086963,-51.95059,Q3366786,FLK,,Populated place,7,120,ne-ne_10m_populated_places
1159146033,George Town,乔治敦,-81.37157,19.294748,Q172996,CYM,,Admin-0 region capital,7,4268,ne-ne_10m_populated_places
1159146035,Grand Turk,科伯恩城,-71.135979,21.466427,Q34205,TCA,,Admin-0 region capital,7,5801,ne-ne_10m_populated_places
1159146037,Douglas,道格拉斯,-4.480269,54.149122,Q18569,IMN,,Admin-0 region capital,7,35854,ne-ne_10m_populated_places
1159146039,Neiafu,内亚富,-173.983293,-18.649573,Q1025393,TON,,Populated place,7,7391,ne-ne_10m_populated_places
1159146041,Arrecife,阿雷西费,-13.537833,28.969049,Q647543,ESP,,Populated place,7,52944,ne-ne_10m_populated_places
1159146043,Boorama,博拉马,43.180041,9.940413,Q893092,SOL,,Populated place,7,67664,ne-ne_10m_populated_places
1159146047,Burco,布拉奥,45.54,9.520387,Q948448,SOL,,Admin-1 capital,7,106593,ne-ne_10m_populated_places
1159146049,Maydh,邁雅德,47.097528,10.980091,Q1017540,SOL,,Populated place,7,30000,ne-ne_10m_populated_places
1159146051,San Marino,圣马力诺,12.44177,43.936096,Q1848,SMR,,Admin-0 capital,7,29579,ne-ne_10m_populated_places
1159146053,Koror,科罗尔,134.469501,7.345226,Q527748,PLW,,Admin-1 capital,7,11200,ne-ne_10m_populated_places
1159146055,Willemstad,威廉斯塔德,-68.872356,12.11229,Q132679,CUW,,Admin-0 region capital,7,146813,ne-ne_10m_populated_places
1159146057,Oranjestad,奥腊涅斯塔德,-70.025526,12.521503,Q131243,ABW,,Admin-0 region capital,7,68775,ne-ne_10m_populated_places
1159146059,Curepipe,居尔皮普,57.516634,-20.31619,Q1002525,MUS,,Populated place,7,299975,ne-ne_10m_populated_places
1159146061,Vaduz,瓦都兹,9.51667,47.133724,Q1844,LIE,,Admin-0 capital,7,36281,ne-ne_10m_populated_places
1159146065,Nablus,纳布卢斯,35.254427,32.221482,Q214178,PSX,,Populated place,7,215981,ne-ne_10m_populated_places
1159146067,Dzaoudzi,藻德济,45.275004,-12.787089,Q846048,FRA,Moyotte,Populated place,7,32057,ne-ne_10m_populated_places
1159146069,La Romana,羅馬納,-68.966602,18.417001,Q40508,DOM,La Romana,Admin-1 capital,7,208437,ne-ne_10m_populated_places
1159146071,Mindelo,明德卢,-25.000009,16.883761,Q495547,CPV,,Populated place,7,70611,ne-ne_10m_populated_places
1159146073,Trepassey,特里佩西,-53.363291,46.736978,Q7838668,CAN,Newfoundland and Labrador,Populated place,7,398,ne-ne_10m_populated_places
1159146075,Capitan Arturo Prat Station,阿图罗·普拉特舰长站,-59.683318,-62.499507,Q715071,ATA,,Scientific station,7,41,ne-ne_10m_populated_places
1159146077,Marambio Base,马兰比奥海军准将站,-56.650015,-64.232889,Q141493,ATA,,Scientific station,7,150,ne-ne_10m_populated_places
1159146079,Zucchelli Station,马里奥·祖切利站,164.219027,-74.619193,Q1677142,ATA,,Scientific station,7,80,ne-ne_10m_populated_places
1159146083,Rothera Station,罗瑟拉站,-68.123541,-67.564776,Q1635867,ATA,,Scientific station,7,130,ne-ne_10m_populated_places
1159146085,Palmer Station,帕尔默站,-64.046876,-64.762413,Q1333903,ATA,,Scientific station,7,46,ne-ne_10m_populated_places
1159146087,Base Presidente Montalva,爱德华多·弗雷·蒙塔尔瓦总统基地,-58.907652,-62.182744,Q1928160,ATA,,Scientific station,7,150,ne-ne_10m_populated_places
1159146089,Carlini Base,卡里尼站,-58.650476,-62.224144,Q1710747,ATA,,Scientific station,7,60,ne-ne_10m_populated_places
1159146091,King Sejong Station,世宗科学基地,-58.771599,-62.224853,Q246364,ATA,,Scientific station,7,90,ne-ne_10m_populated_places
1159146093,Great Wall Station,中国南极长城站,-58.966696,-62.21632,Q1548160,ATA,,Scientific station,7,40,ne-ne_10m_populated_places
1159146095,Escudero Base,胡里奥·埃斯库德罗教授站,-58.952666,-62.194963,Q2714138,ATA,,Scientific station,7,20,ne-ne_10m_populated_places
1159146097,Elephant Island,海象岛,-57.999985,-61.999589,,ATA,,Scientific station,7,6,ne-ne_10m_populated_places
1159146101,Scott Base,斯科特基地,166.749102,-77.846938,Q1136714,ATA,,Scientific station,7,85,ne-ne_10m_populated_places
1159146103,McMurdo Station,麦克默多站,166.869416,-77.732282,Q498627,ATA,,Scientific station,7,1000,ne-ne_10m_populated_places
1159146105,Zhongshan Station,中国南极中山站,76.339298,-69.434063,Q197899,ATA,,Scientific station,7,60,ne-ne_10m_populated_places
1159146107,Vostok Station,东方站,106.800034,-78.466284,Q211014,ATA,,Scientific station,7,25,ne-ne_10m_populated_places
1159146109,Peter I Island,彼得一世岛,-90.584203,-68.795161,,ATA,,Scientific station,7,1,ne-ne_10m_populated_places
1159146111,Mirny Station,米爾尼站,93.006288,-66.57553,Q646492,ATA,,Scientific station,7,169,ne-ne_10m_populated_places
1159146113,Mawson Station,莫森站,62.875001,-67.61452,Q1434388,ATA,,Scientific station,7,60,ne-ne_10m_populated_places
1159146115,Davis Station,戴维斯站,78.140735,-68.777674,Q1315213,ATA,,Scientific station,7,70,ne-ne_10m_populated_places
1159146119,Concordia Research Station,康宏站,124.167036,-74.666309,Q403127,ATA,,Scientific station,7,30,ne-ne_10m_populated_places
1159146121,Casey Station,凯西站,110.536214,-66.286086,Q1047169,ATA,,Scientific station,7,200,ne-ne_10m_populated_places
1159146123,Amundsen–Scott South Pole Station,阿蒙森-斯科特站,176.994452,-90,Q243307,ATA,,Scientific station,7,200,ne-ne_10m_populated_places
1159146125,Wasa Station,瓦萨站,-13.416711,-73.049612,Q2280257,ATA,,Scientific station,7,10,ne-ne_10m_populated_places
1159146127,Troll Station,特罗尔站,2.533323,-72.01629,Q1082371,ATA,,Scientific station,7,44,ne-ne_10m_populated_places
1159146129,Svea Station,斯维站,-11.21669,-74.582904,Q3445731,ATA,,Scientific station,7,10,ne-ne_10m_populated_places
1159146131,Novolazarevskaya Station,诺沃拉扎列夫斯卡亚站,-11.850213,-71.301235,,ATA,,Scientific station,7,70,ne-ne_10m_populated_places
1159146133,Neumayer Station III,格奥尔格冯诺伊迈尔站,-7.838438,-70.890397,Q7933,ATA,,Scientific station,7,40,ne-ne_10m_populated_places
1159146137,Maitri Station,迈特里站,11.730458,-70.78218,Q626852,ATA,,Scientific station,7,65,ne-ne_10m_populated_places
1159146139,Halley Station,哈雷研究站,-26.474157,-76.092263,Q1571679,ATA,,Scientific station,7,70,ne-ne_10m_populated_places
1159146141,Belgrano II Base,贝尔格拉诺二号站,-34.616683,-77.866321,Q2357907,ATA,,Scientific station,7,100,ne-ne_10m_populated_places
1159146143,Sobral Base,索布拉尔基地,-40.501531,-81.179085,Q3635566,ATA,,Scientific station,7,40,ne-ne_10m_populated_places
1159146145,Aboa Station,阿波阿站,-13.416711,-75.049594,,ATA,,Scientific station,7,18,ne-ne_10m_populated_places
1159146147,San Martín Base,圣马丁站,-67.099998,-68.116322,Q923120,ATA,,Scientific station,7,20,ne-ne_10m_populated_places
1159146149,Gen. O'Higgins Base,贝纳尔多·奥伊金斯将军站,-57.889593,-63.328418,Q2318477,ATA,,Scientific station,7,44,ne-ne_10m_populated_places
1159146151,Esperanza Base,埃斯佩兰萨站,-57.025902,-63.375329,Q1368174,ATA,,Scientific station,7,250,ne-ne_10m_populated_places
1159146155,Orcadas Station,奥尔卡达斯站,-44.733301,-60.732896,Q1440159,ATA,,Scientific station,7,45,ne-ne_10m_populated_places
1159146157,Signy Research Station,锡格兰尼岛站,-45.600703,-60.631308,Q1751827,ATA,,Scientific station,7,8,ne-ne_10m_populated_places
1159146159,Kullorsuaq,库洛苏克,-57.224986,74.578063,Q669016,GRL,,Populated place,7,450,ne-ne_10m_populated_places
1159146161,Tasiusaq,塔休沙克,-56.059814,73.369002,Q2086866,GRL,,Populated place,7,250,ne-ne_10m_populated_places
1159146163,Kailua-Kona,凯卢阿,-155.987711,19.63814,Q627970,USA,Hawaii,Populated place,7,9870,ne-ne_10m_populated_places
1159146165,Dumont d'Urville Station,迪蒙·迪维尔站,139.963684,-66.775051,Q403901,ATA,,Scientific station,7,120,ne-ne_10m_populated_places
1159146167,Showa Station,昭和基地,39.746083,-69.030393,Q1550784,ATA,,Scientific station,7,60,ne-ne_10m_populated_places
1159146169,Changhua,彰化,120.513409,24.0734,Q195215,TWN,Changhua,Admin-1 capital,7,750000,ne-ne_10m_populated_places
1159146173,Chiayi,嘉义,120.435067,23.475452,Q249995,TWN,Chiayi City,Admin-1 capital,7,500000,ne-ne_10m_populated_places
1159146175,Hsinchu,新竹,120.976739,24.816791,Q249994,TWN,Hsinchu City,Admin-1 capital,6,750000,ne-ne_10m_populated_places
1159146177,Miaoli,苗栗,120.82,24.57,Q701651,TWN,Miaoli,Admin-1 capital,7,150000,ne-ne_10m_populated_places
1159146179,Pingtung,屏东,120.481679,22.681702,Q713377,TWN,Pingtung,Admin-1 capital,7,503530,ne-ne_10m_populated_places
1159146181,San José de Mayo,圣何塞德马约,-56.709986,-34.349959,Q983435,URY,San José,Admin-1 capital,6,36529,ne-ne_10m_populated_places
1159146183,Rocha,罗恰,-54.333025,-34.482974,Q1017387,URY,Rocha,Admin-1 capital,6,26874,ne-ne_10m_populated_places
1159146185,Butte,比尤特,-112.533839,46.003896,Q467664,USA,Montana,Populated place,6,34190,ne-ne_10m_populated_places
1159146187,Grand Forks,大福克斯,-97.032486,47.925277,Q34144,USA,North Dakota,Populated place,6,58566,ne-ne_10m_populated_places
1159146191,Pocatello,波卡特洛,-112.444723,42.871348,Q320729,USA,Idaho,Populated place,6,63998,ne-ne_10m_populated_places
1159146193,Tacoma,塔科马,-122.446824,47.240568,Q199797,USA,Washington,Populated place,6,719868,ne-ne_10m_populated_places
1159146195,Yuma,尤马,-114.623608,32.685277,Q79820,USA,Arizona,Populated place,6,92489,ne-ne_10m_populated_places
1159146197,Prescott,普雷斯科特,-112.447772,34.590019,Q79931,USA,Arizona,Populated place,6,55038,ne-ne_10m_populated_places
1159146199,Long Beach,長灘,-118.200337,33.777018,Q16739,USA,California,Populated place,6,2036134,ne-ne_10m_populated_places
1159146201,Grand Junction,大章克申,-108.55,39.093853,Q989903,USA,Colorado,Populated place,6,104214,ne-ne_10m_populated_places
1159146203,Ely,伊利,-114.887675,39.247022,Q844042,USA,Nevada,Populated place,6,4216,ne-ne_10m_populated_places
1159146205,Carson City,卡森城,-119.766395,39.163849,Q40881,USA,Nevada,Admin-1 capital,6,57341,ne-ne_10m_populated_places
1159146209,Carlsbad,卡尔斯巴德,-104.2283,32.420565,Q852577,USA,New Mexico,Populated place,6,25302,ne-ne_10m_populated_places
1159146211,Alamogordo,阿拉莫戈多,-105.959719,32.899476,Q467617,USA,New Mexico,Populated place,6,36058,ne-ne_10m_populated_places
1159146213,Medford,梅德福,-122.874423,42.326627,Q836663,USA,Oregon,Populated place,6,108525,ne-ne_10m_populated_places
1159146215,Klamath Falls,克拉马斯福尔斯,-121.780536,42.225005,Q846146,USA,Oregon,Populated place,6,42978,ne-ne_10m_populated_places
1159146217,St. George,圣乔治,-113.583336,37.104155,Q52472,USA,Utah,Populated place,6,98638,ne-ne_10m_populated_places
1159146219,Provo,普若佛,-111.63777,40.248899,Q23443,USA,Utah,Populated place,6,356712,ne-ne_10m_populated_places
1159146221,Laramie,拉勒米,-105.590568,41.311366,Q327515,USA,Wyoming,Populated place,6,26934,ne-ne_10m_populated_places
1159146223,Little Rock,小岩城,-92.331093,34.736083,Q33405,USA,Arkansas,Admin-1 capital,6,270893,ne-ne_10m_populated_places
1159146227,Wichita,威奇托,-97.327657,37.676338,Q49266,USA,Kansas,Populated place,6,401843,ne-ne_10m_populated_places
1159146229,Jefferson City,杰斐逊城,-92.173325,38.576623,Q28180,USA,Missouri,Admin-1 capital,6,55139,ne-ne_10m_populated_places
1159146231,Rapid City,拉皮德城,-103.230557,44.080551,Q213325,USA,South Dakota,Populated place,6,73632,ne-ne_10m_populated_places
1159146233,Lafayette,拉法叶,-92.019949,30.199977,Q128891,USA,Louisiana,Populated place,6,158214,ne-ne_10m_populated_places
1159146235,Galveston,加尔维斯敦,-94.79748,29.301143,Q135744,USA,Texas,Populated place,6,68612,ne-ne_10m_populated_places
1159146237,Freeport,自由港,-95.356877,28.959484,Q959375,USA,Texas,Populated place,6,74892,ne-ne_10m_populated_places
1159146239,Victoria,维多利亚,-97.00334,28.804998,Q784496,USA,Texas,Populated place,6,64209,ne-ne_10m_populated_places
1159146241,Odessa,敖德萨,-102.367225,31.845561,Q128361,USA,Texas,Populated place,6,106054,ne-ne_10m_populated_places
1159146245,Wichita Falls,威奇托福尔斯,-98.493069,33.913626,Q128349,USA,Texas,Populated place,6,101212,ne-ne_10m_populated_places
1159146247,Waco,韦科,-97.146381,31.549171,Q128244,USA,Texas,Populated place,6,167347,ne-ne_10m_populated_places
1159146249,Lubbock,拉伯克,-101.879968,33.580003,Q49273,USA,Texas,Populated place,6,213300,ne-ne_10m_populated_places
1159146251,San Fernando de Apure,阿普雷河畔圣费尔南多,-67.469949,7.899995,Q990764,VEN,Apure,Admin-1 capital,6,122701,ne-ne_10m_populated_places
1159146253,Barquisimeto,巴基西梅托,-69.301913,10.051938,Q4709,VEN,Lara,Admin-1 capital,6,1116000,ne-ne_10m_populated_places
1159146255,Hartford,哈特福德,-72.681913,41.771966,Q33486,USA,Connecticut,Admin-1 capital,6,913000,ne-ne_10m_populated_places
1159146257,Providence,普罗维登斯,-71.416926,41.823048,Q18383,USA,Rhode Island,Admin-1 capital,6,1277000,ne-ne_10m_populated_places
1159146259,Birmingham,伯明翰,-86.824995,33.530006,Q79867,USA,Alabama,Populated place,6,1128047,ne-ne_10m_populated_places
1159146263,Mobile,莫比尔,-88.049985,30.680025,Q79875,USA,Alabama,Populated place,6,253466,ne-ne_10m_populated_places
1159146265,Pensacola,彭萨科拉,-87.216935,30.421126,Q486306,USA,Florida,Populated place,6,234384,ne-ne_10m_populated_places
1159146267,St. Petersburg,聖彼德斯堡,-82.679383,27.770539,Q49236,USA,Florida,Populated place,6,800313,ne-ne_10m_populated_places
1159146269,Biloxi,比洛克西,-88.885309,30.395805,Q490720,USA,Mississippi,Populated place,6,50644,ne-ne_10m_populated_places
1159146271,Springfield,斯普林菲尔德,-89.637126,39.788247,Q28515,USA,Illinois,Admin-1 capital,6,134715,ne-ne_10m_populated_places
1159146273,Frankfort,法兰克福,-84.873357,38.200806,Q28603,USA,Kentucky,Admin-1 capital,6,36688,ne-ne_10m_populated_places
1159146275,Greensboro,格林斯伯勒,-79.800023,36.070006,Q49238,USA,North Carolina,Populated place,6,388887,ne-ne_10m_populated_places
1159146277,Dayton,代顿,-84.201933,39.752322,Q34739,USA,Ohio,Populated place,6,773000,ne-ne_10m_populated_places
1159146281,Virginia Beach,維珍尼亞海灘,-75.980265,36.85516,Q49259,USA,Virginia,Populated place,6,1491000,ne-ne_10m_populated_places
1159146283,Madison,麦迪逊,-89.401117,43.073016,Q43788,USA,Wisconsin,Admin-1 capital,6,327447,ne-ne_10m_populated_places
1159146285,Green Bay,格林贝,-88.000014,44.529981,Q47430,USA,Wisconsin,Populated place,6,198611,ne-ne_10m_populated_places
1159146287,Trenton,特伦顿,-74.743355,40.216963,Q25330,USA,New Jersey,Admin-1 capital,6,366513,ne-ne_10m_populated_places
1159146289,Maturín,马图林,-63.170031,9.749959,Q842779,VEN,Monagas,Admin-1 capital,6,410972,ne-ne_10m_populated_places
1159146291,Cumaná,库马纳,-64.180021,10.449994,Q319476,VEN,Sucre,Admin-1 capital,6,317603,ne-ne_10m_populated_places
1159146293,Lansing,兰辛,-84.546736,42.733527,Q28237,USA,Michigan,Admin-1 capital,6,279952,ne-ne_10m_populated_places
1159146295,Cádiz,加的斯,-6.286141,36.524829,Q15682,ESP,Andalucía,Populated place,6,283157,ne-ne_10m_populated_places
1159146299,Granada‎,格拉纳达,-3.585011,37.164978,Q8810,ESP,Andalucía,Populated place,6,388290,ne-ne_10m_populated_places
1159146301,Gibraltar,直布罗陀,-5.346014,36.128342,Q1410,GIB,Gibraltar,Admin-0 region capital,6,187083,ne-ne_10m_populated_places
1159146303,Gambell,甘伯尔,-171.731079,63.77971,Q79677,USA,Alaska,Populated place,6,681,ne-ne_10m_populated_places
1159146305,Palmer,帕尔默,-149.112692,61.599714,Q79849,USA,Alaska,Populated place,6,13111,ne-ne_10m_populated_places
1159146307,Seward,苏厄德,-149.469983,60.126161,Q79919,USA,Alaska,Populated place,6,2900,ne-ne_10m_populated_places
1159146309,Jönköping,延雪平,14.165016,57.771343,Q25415,SWE,Jönköping,Admin-1 capital,6,89780,ne-ne_10m_populated_places
1159146311,Örnsköldsvik,恩舍尔兹维克,18.716676,63.318007,Q28327,SWE,Västernorrland,Populated place,6,27749,ne-ne_10m_populated_places
1159146313,Zaporizhzhya,扎波罗热,35.174863,47.859243,Q157835,UKR,Zaporizhzhya,Admin-1 capital,6,788000,ne-ne_10m_populated_places
1159146317,Muynoq,木伊那克,59.0214,43.768322,Q750989,UZB,Karakalpakstan,Populated place,6,13000,ne-ne_10m_populated_places
1159146319,Termiz,铁尔米兹,67.272937,37.232933,Q491879,UZB,Surkhandarya,Admin-1 capital,6,177687,ne-ne_10m_populated_places
1159146321,Fargona,费尔干纳,71.780001,40.389975,Q486329,UZB,Ferghana,Admin-1 capital,6,750000,ne-ne_10m_populated_places
1159146323,Namangan,纳曼干,71.669982,41.000016,Q492552,UZB,Namangan,Admin-1 capital,6,750000,ne-ne_10m_populated_places
1159146325,Khorugh,霍罗格,71.54756,37.487517,Q467501,TJK,Gorno-Badakhshan,Admin-1 capital,6,30000,ne-ne_10m_populated_places
1159146327,Khujand,苦盏,69.619926,40.289981,Q373808,TJK,Leninabad,Admin-1 capital,6,437684,ne-ne_10m_populated_places
1159146329,Khon Kaen,孔敬,102.830044,16.420043,Q876526,THA,Khon Kaen,Admin-1 capital,6,251056,ne-ne_10m_populated_places
1159146331,Thái Nguyên,太原,105.830015,21.599959,Q26581,VNM,Thái Nguyên,Admin-1 capital,6,500000,ne-ne_10m_populated_places
1159146335,Thanh Hóa,清化,105.799991,19.820016,Q36175,VNM,Thanh H,Admin-1 capital,6,197551,ne-ne_10m_populated_places
1159146337,Nam Định,南定,106.200019,20.420031,Q33682,VNM,Nam n?nh,Populated place,6,243186,ne-ne_10m_populated_places
1159146339,Vinh,荣,105.679999,18.699981,Q33428,VNM,Ngh? An,Admin-1 capital,6,593645,ne-ne_10m_populated_places
1159146341,Đồng Hới,洞海,106.600046,17.483337,Q1877,VNM,Qu?ng Bình,Admin-1 capital,6,189265,ne-ne_10m_populated_places
1159146343,Lobamba,洛班巴,31.199997,-26.466667,Q101418,SWZ,Manzini,Admin-0 capital alt,6,9782,ne-ne_10m_populated_places
1159146345,La Ceiba,拉塞瓦,-86.796987,15.763106,Q916536,HND,Atlántida,Admin-1 capital,6,145926,ne-ne_10m_populated_places
1159146347,San Pedro Sula,圣佩德罗苏拉,-88.029986,15.500022,Q274584,HND,Cortés,Admin-1 capital,6,680091,ne-ne_10m_populated_places
1159146349,Linden,林登,-58.269968,5.990008,Q741134,GUY,Upper Takutu-Upper Essequibo,Populated place,6,44690,ne-ne_10m_populated_places
1159146353,Höfn,赫本,-15.213859,64.272315,Q817118,ISL,Sveitarfélagið Hornafjörður,Populated place,6,1695,ne-ne_10m_populated_places
1159146355,Murcia,木尔西亚,-1.129968,37.979993,Q12225,ESP,Región de Murcia,Admin-1 capital,6,406807,ne-ne_10m_populated_places
1159146357,Ceuta,休达,-5.306999,35.888984,Q5823,ESP,Ceuta,Admin-1 capital,6,78674,ne-ne_10m_populated_places
1159146359,La Coruña,拉科鲁尼亚,-8.419988,43.329977,Q8757,ESP,Galicia,Populated place,6,370610,ne-ne_10m_populated_places
1159146361,Ourense,欧伦塞,-7.869995,42.32996,Q99151,ESP,Galicia,Populated place,6,118107,ne-ne_10m_populated_places
1159146363,Cap-Haïtien,海地角,-72.212516,19.759222,Q216835,HTI,Nord,Admin-1 capital,6,281487,ne-ne_10m_populated_places
1159146365,Edinburgh,爱丁堡,-3.219091,55.948328,Q23436,GBR,Edinburgh,Admin-0 region capital,6,504966,ne-ne_10m_populated_places
1159146367,Newcastle,泰恩河畔纽卡斯尔,-1.611625,54.989742,Q1425428,GBR,Tyne and Wear,Populated place,6,882000,ne-ne_10m_populated_places
1159146371,Liverpool,利物浦,-2.961934,53.405068,Q24826,GBR,Merseyside,Populated place,6,811000,ne-ne_10m_populated_places
1159146373,Cardiff,加地夫,-3.167598,51.482619,Q10690,GBR,Cardiff,Admin-0 region capital,6,861400,ne-ne_10m_populated_places
1159146375,Adapazarı,阿达帕扎勒,30.415032,40.799976,Q175323,TUR,Sakarya,Populated place,6,260109,ne-ne_10m_populated_places
1159146377,Trabzon,特拉布宗,39.719994,40.979991,Q45301,TUR,Trabzon,Admin-1 capital,6,764714,ne-ne_10m_populated_places
1159146379,Galle,加勒,80.240001,6.030005,Q319366,LKA,Galle,Admin-1 capital,6,99478,ne-ne_10m_populated_places
1159146381,Suwon,水原,127.008947,37.259735,Q20714,KOR,Gyeonggi-do,Admin-1 capital,6,1078000,ne-ne_10m_populated_places
1159146383,Wick,威克,-3.083362,58.433293,Q1012502,GBR,Highland,Populated place,6,7147,ne-ne_10m_populated_places
1159146385,Leeds,利兹,-1.551348,53.790017,Q39121,GBR,West Yorkshire,Populated place,6,1529000,ne-ne_10m_populated_places
1159146389,Şanlıurfa,尚勒乌尔法,38.794986,37.169991,Q133118,TUR,Sanliurfa,Admin-1 capital,6,449549,ne-ne_10m_populated_places
1159146391,Kasese,卡塞塞,30.081379,0.171078,Q1232016,UGA,Kasese,Admin-1 capital,6,67269,ne-ne_10m_populated_places
1159146393,Pamplona,潘普洛纳,-1.649987,42.820008,Q10282,ESP,Comunidad Foral de Navarra,Admin-1 capital,6,274545,ne-ne_10m_populated_places
1159146395,Svolvær,斯沃尔韦尔,14.566697,68.233289,Q145948,NOR,Nordland,Populated place,6,4197,ne-ne_10m_populated_places
1159146397,Mo i Rana,摩城,14.16667,66.31661,Q59169,NOR,Nordland,Populated place,6,20409,ne-ne_10m_populated_places
1159146399,Narvik,纳尔维克,17.289993,68.38315,Q59101,NOR,Nordland,Populated place,6,20000,ne-ne_10m_populated_places
1159146401,Bodø,博德,14.429285,67.276435,Q39383,NOR,Nordland,Admin-1 capital,6,34073,ne-ne_10m_populated_places
1159146403,Chiclayo,奇克拉约,-79.836585,-6.762909,Q260911,PER,Lambayeque,Admin-1 capital,6,596792,ne-ne_10m_populated_places
1159146407,Juliaca,胡利亚卡,-70.139967,-15.499998,Q696074,PER,Callao,Populated place,6,245675,ne-ne_10m_populated_places
1159146409,Cerro de Pasco,塞羅德帕斯科,-76.269981,-10.690008,Q674320,PER,Pasco,Admin-1 capital,6,137232,ne-ne_10m_populated_places
1159146411,Tarapoto,塔拉波托,-76.479968,-6.509953,Q927933,PER,San Mart,Populated place,6,936,ne-ne_10m_populated_places
1159146413,Ayacucho,阿亚库乔,-74.219951,-13.175024,Q504215,PER,Ayacucho,Admin-1 capital,6,166314,ne-ne_10m_populated_places
1159146415,Callao,卡亚俄,-77.134967,-12.070027,Q105037,PER,Lima,Admin-1 capital,6,876877,ne-ne_10m_populated_places
1159146417,Concepción,康塞普西翁,-57.434412,-23.406389,Q840962,PRY,Concepción,Admin-1 capital,6,59118,ne-ne_10m_populated_places
1159146419,Villarrica,比亚里卡,-56.43331,-25.750019,Q288685,PRY,Guairá,Admin-1 capital,6,41157,ne-ne_10m_populated_places
1159146421,Bilwi,卡贝萨斯港,-83.383371,14.033341,Q1008456,NIC,Atlántico Norte,Admin-1 capital,6,43001,ne-ne_10m_populated_places
1159146425,León,莱昂,-86.879436,12.435557,Q208151,NIC,León,Admin-1 capital,6,164441,ne-ne_10m_populated_places
1159146427,Setúbal,塞图巴尔,-8.90001,38.529959,Q173699,PRT,Lisboa,Admin-1 capital,6,117974,ne-ne_10m_populated_places
1159146429,Porto,波尔图,-8.621947,41.151952,Q36433,PRT,Porto,Admin-1 capital,6,1337000,ne-ne_10m_populated_places
1159146431,Al Qunfudhah,坎夫達,41.078877,19.126364,Q3495996,SAU,Makkah,Populated place,6,157,ne-ne_10m_populated_places
1159146433,Longyearbyen,朗伊尔城,15.620904,78.220971,Q25923,SJM,Svalbard,Admin-0 region capital,6,1232,ne-ne_10m_populated_places
1159146435,Rotterdam,鹿特丹,4.478028,51.921915,Q34370,NLD,Zuid-Holland,Populated place,6,1005000,ne-ne_10m_populated_places
1159146437,Luxembourg,卢森堡,6.130003,49.61166,Q1842,LUX,Luxembourg,Admin-0 capital,6,107260,ne-ne_10m_populated_places
1159146439,Haugesund,海于格松,5.277497,59.411915,Q109036,NOR,Rogaland,Populated place,6,40321,ne-ne_10m_populated_places
1159146443,Stavanger,斯塔万格,5.680004,58.970004,Q25416,NOR,Rogaland,Admin-1 capital,6,173132,ne-ne_10m_populated_places
1159146445,Skien,希恩,9.600024,59.19999,Q2272,NOR,Telemark,Admin-1 capital,6,73330,ne-ne_10m_populated_places
1159146447,Namsos,纳姆索斯,11.500011,64.483311,Q111039,NOR,Nord-Trøndelag,Populated place,6,9035,ne-ne_10m_populated_places
1159146449,Liepaga,利耶帕亚,21.010025,56.509973,Q167668,LVA,Liepaja,Populated place,6,85132,ne-ne_10m_populated_places
1159146451,Alta,阿尔塔镇,23.241671,69.966645,Q3366952,NOR,Finnmark,Populated place,6,12077,ne-ne_10m_populated_places
1159146453,Vadsø,瓦德瑟,29.765749,70.096597,Q104379,NOR,Finnmark,Admin-1 capital,6,5139,ne-ne_10m_populated_places
1159146455,Hofuf,胡富夫,49.585593,25.348749,Q27136,SAU,Ash Sharqiyah,Populated place,6,637389,ne-ne_10m_populated_places
1159146457,Chaman,查曼,66.446321,30.925049,Q1017644,PAK,Baluchistan,Populated place,6,88568,ne-ne_10m_populated_places
1159146461,Turbat,土爾巴特,63.071798,25.991784,Q2977093,PAK,Baluchistan,Populated place,6,147791,ne-ne_10m_populated_places
1159146463,Faisalabad,费萨拉巴德,73.108051,31.411927,Q173985,PAK,Punjab,Populated place,6,2617000,ne-ne_10m_populated_places
1159146465,Rawalpindi,拉瓦尔品第,73.067502,33.591002,Q93230,PAK,Punjab,Populated place,6,1858000,ne-ne_10m_populated_places
1159146467,Bahawalpur,巴哈瓦尔布尔,71.674994,29.389975,Q318156,PAK,Punjab,Populated place,6,552607,ne-ne_10m_populated_places
1159146469,Mirpur Khas,米尔布尔哈斯,69.011798,25.531786,Q1020490,PAK,Sind,Populated place,6,356435,ne-ne_10m_populated_places
1159146471,Sukkur,苏库尔,68.848552,27.713566,Q868631,PAK,Sind,Populated place,6,417767,ne-ne_10m_populated_places
1159146473,Karakol,卡拉科尔,78.38182,42.492043,Q194452,KGZ,Ysyk-Köl,Admin-1 capital,6,70171,ne-ne_10m_populated_places
1159146475,Saidu,赛杜,72.349992,34.750035,Q378879,PAK,N.W.F.P.,Populated place,6,1860310,ne-ne_10m_populated_places
1159146479,Johor Bahru,新山,103.728094,1.481971,Q231318,MYS,Johor,Admin-1 capital,6,875000,ne-ne_10m_populated_places
1159146481,Kelang,巴生,101.447059,3.043281,Q856003,MYS,Selangor,Admin-1 capital,6,956000,ne-ne_10m_populated_places
1159146483,Benoni,伯诺尼,28.327994,-26.147635,Q818106,ZAF,Gauteng,Populated place,6,2986000,ne-ne_10m_populated_places
1159146485,Vereeniging,弗里尼欣,27.958042,-26.647656,Q503056,ZAF,Gauteng,Populated place,6,1074000,ne-ne_10m_populated_places
1159146487,Colón,科隆,-79.87498,9.365021,Q12825018,PAN,Colón,Admin-1 capital,6,204000,ne-ne_10m_populated_places
1159146489,Balboa,巴爾博亞,-79.566653,8.949982,Q2078026,PAN,Panama,Populated place,6,62882,ne-ne_10m_populated_places
1159146491,Kolpashevo,科尔帕舍沃,82.907051,58.311021,Q154725,RUS,Tomsk,Populated place,6,27876,ne-ne_10m_populated_places
1159146493,Omolon,欧姆龙,160.500012,65.249982,Q3741394,RUS,Chukchi Autonomous Okrug,Populated place,6,1050,ne-ne_10m_populated_places
1159146497,Pevek,佩韦克,170.313315,69.700822,Q178105,RUS,Chukchi Autonomous Okrug,Populated place,6,4837,ne-ne_10m_populated_places
1159146499,Umba,翁巴,34.345542,66.681394,Q2306836,RUS,Murmansk,Populated place,6,6128,ne-ne_10m_populated_places
1159146501,Kovda,科夫达,32.870231,66.690282,Q1985969,RUS,Murmansk,Populated place,6,20,ne-ne_10m_populated_places
1159146503,Velikiy Novgorod,大诺夫哥罗德,31.330015,58.499981,Q2235,RUS,Novgorod,Admin-1 capital,6,218717,ne-ne_10m_populated_places
1159146505,Velikiye Luki,大卢基,30.520039,56.319959,Q101825,RUS,Pskov,Populated place,6,103149,ne-ne_10m_populated_places
1159146507,Belomorsk,白海城,34.765826,64.52522,Q104773,RUS,Karelia,Populated place,6,12165,ne-ne_10m_populated_places
1159146509,Kem,凯姆,34.56837,64.953592,Q145717,RUS,Karelia,Populated place,6,13829,ne-ne_10m_populated_places
1159146511,Krasino,克拉西诺,54.420799,70.731448,Q3816797,RUS,Arkhangel'sk,Populated place,6,10,ne-ne_10m_populated_places
1159146515,Matočkin Šar,马托奇金沙尔,56.449697,73.269992,Q3851905,RUS,Arkhangel'sk,Populated place,6,10,ne-ne_10m_populated_places
1159146517,Severodvinsk,北德文斯克,39.830013,64.570024,Q190499,RUS,Arkhangel'sk,Populated place,6,194292,ne-ne_10m_populated_places
1159146519,Kursk,库尔斯克,36.190028,51.73998,Q3159,RUS,Kursk,Admin-1 capital,6,409431,ne-ne_10m_populated_places
1159146521,Tula,图拉,37.629941,54.199959,Q2770,RUS,Tula,Admin-1 capital,6,489486,ne-ne_10m_populated_places
1159146523,Tambov,坦波夫,41.430019,52.730023,Q3544,RUS,Tambov,Admin-1 capital,6,301482,ne-ne_10m_populated_places
1159146525,Sterlitamak,斯捷尔利塔马克,55.960036,53.629994,Q196489,RUS,Bashkortostan,Populated place,6,267231,ne-ne_10m_populated_places
1159146527,Kurgan,库尔干,65.344993,55.45996,Q13379,RUS,Kurgan,Admin-1 capital,6,343129,ne-ne_10m_populated_places
1159146529,Indiga,因迪加,49.016595,67.689754,Q3798263,RUS,Nenets,Populated place,6,10,ne-ne_10m_populated_places
1159146533,Shoyna,绍伊纳,44.133368,67.866644,Q248471,RUS,Nenets,Populated place,6,300,ne-ne_10m_populated_places
1159146535,Novy Port,诺维港,72.928303,67.698334,Q2070417,RUS,Yamal-Nenets,Populated place,6,1790,ne-ne_10m_populated_places
1159146537,Salekhard,萨列哈尔德,66.60998,66.53502,Q6494,RUS,Yamal-Nenets,Admin-1 capital,6,38025,ne-ne_10m_populated_places
1159146539,Gyda,吉达,78.466104,70.881422,Q1976289,RUS,Yamal-Nenets,Populated place,6,10,ne-ne_10m_populated_places
1159146541,Tazovsky,塔佐夫斯基,78.699992,67.466669,Q1420679,RUS,Yamal-Nenets,Populated place,6,5981,ne-ne_10m_populated_places
1159146543,Novy Urengoy,新乌连戈伊,76.633245,66.083316,Q175470,RUS,Yamal-Nenets,Populated place,6,94212,ne-ne_10m_populated_places
1159146545,Nadym,納德姆,72.514788,65.52981,Q5099,RUS,Yamal-Nenets,Populated place,6,46339,ne-ne_10m_populated_places
1159146547,Noyabrsk,诺亚布尔斯克,75.616511,63.166544,Q175524,RUS,Yamal-Nenets,Populated place,6,110572,ne-ne_10m_populated_places
1159146551,Syktyvkar,瑟克特夫卡爾,50.819988,61.659995,Q2143,RUS,Komi,Admin-1 capital,6,230910,ne-ne_10m_populated_places
1159146553,Ukhta,乌赫塔,53.689994,63.559982,Q197018,RUS,Komi,Populated place,6,102187,ne-ne_10m_populated_places
1159146555,Serov,谢罗夫,60.584973,59.614977,Q189295,RUS,Sverdlovsk,Populated place,6,98438,ne-ne_10m_populated_places
1159146557,Cheboksary,切博克萨雷,47.250025,56.12997,Q5470,RUS,Chuvash,Admin-1 capital,6,446781,ne-ne_10m_populated_places
1159146559,Orsk,奥尔斯克,58.627315,51.210012,Q47166,RUS,Orenburg,Populated place,6,246836,ne-ne_10m_populated_places
1159146561,Balakovo,巴拉科沃,47.800018,52.029988,Q104560,RUS,Saratov,Populated place,6,199572,ne-ne_10m_populated_places
1159146563,Igrim,伊格瑞姆,64.419416,63.193312,Q4197720,RUS,Khanty-Mansiy,Populated place,6,9545,ne-ne_10m_populated_places
1159146565,Nyagan,尼亚甘,65.381425,62.146528,Q175576,RUS,Khanty-Mansiy,Populated place,6,52137,ne-ne_10m_populated_places
1159146569,Khanty Mansiysk,汉特-曼西斯克,69.001514,61.001534,Q6329,RUS,Khanty-Mansiy,Admin-1 capital,6,67800,ne-ne_10m_populated_places
1159146571,Nizhenvartovsk,下瓦尔托夫斯克,76.580018,60.934974,Q172637,RUS,Khanty-Mansiy,Populated place,6,244937,ne-ne_10m_populated_places
1159146573,Numto,努姆托,71.33331,63.66672,,RUS,Khanty-Mansiy,Populated place,6,10,ne-ne_10m_populated_places
1159146575,Tara,塔拉,74.37824,56.898244,Q196607,RUS,Omsk,Populated place,6,26986,ne-ne_10m_populated_places
1159146577,Tobolsk,托博尔斯克,68.264815,58.199793,Q168782,RUS,Tyumen',Populated place,6,113800,ne-ne_10m_populated_places
1159146579,Rubtsovsk,鲁布佐夫斯克,81.21002,51.520019,Q193380,RUS,Altay,Populated place,6,161065,ne-ne_10m_populated_places
1159146581,Gorno Altaysk,戈尔诺-阿尔泰斯克,85.957688,51.961336,Q6025,RUS,Gorno-Altay,Admin-1 capital,6,59868,ne-ne_10m_populated_places
1159146583,Prokopyevsk,普罗科皮耶夫斯克,86.709994,53.899977,Q184147,RUS,Kemerovo,Populated place,6,275615,ne-ne_10m_populated_places
1159146587,Salalah,塞拉莱,54.085215,17.025458,Q1294439,OMN,Dhofar,Populated place,6,203877,ne-ne_10m_populated_places
1159146589,Makhachkala,马哈奇卡拉,47.499984,42.980024,Q5168,RUS,Dagestan,Admin-1 capital,6,554981,ne-ne_10m_populated_places
1159146591,Suhar,苏哈尔,56.734419,24.361973,Q943270,OMN,Al Batnah,Populated place,6,151349,ne-ne_10m_populated_places
1159146593,Seeb,锡卜,58.182536,23.680246,Q948050,OMN,Muscat,Populated place,6,237816,ne-ne_10m_populated_places
1159146595,Pohang,浦项,129.371524,36.020862,Q42157,KOR,Daegu,Populated place,6,435266,ne-ne_10m_populated_places
1159146597,Ulsan,蔚山广域,129.315008,35.548677,Q41278,KOR,Ulsan,Admin-1 capital,6,1061000,ne-ne_10m_populated_places
1159146599,Daegu,大邱,128.605026,35.868735,Q20927,KOR,Taegu-gwangyoksi,Admin-1 capital,6,2460000,ne-ne_10m_populated_places
1159146601,Legazpi,黎牙实比,123.750007,13.169983,Q1696,PHL,Albay,Populated place,6,320081,ne-ne_10m_populated_places
1159146605,Tuguegarao,土格加劳,121.726875,17.613097,Q2200,PHL,Cagayan,Populated place,6,115105,ne-ne_10m_populated_places
1159146607,Vigan,美岸,120.386905,17.574727,Q235004,PHL,Ilocos Sur,Populated place,6,48545,ne-ne_10m_populated_places
1159146609,Tura,图拉,100.250046,64.283297,Q997040,RUS,Evenk,Admin-1 capital,6,5444,ne-ne_10m_populated_places
1159146611,Noginsk,诺金斯克,91.233335,64.483311,Q4326979,RUS,Evenk,Populated place,6,229731,ne-ne_10m_populated_places
1159146613,Yerema,耶雷马,107.779405,60.380796,Q4176237,RUS,Irkutsk,Populated place,6,745,ne-ne_10m_populated_places
1159146615,Tayshet,泰舍特,97.987703,55.927709,Q196594,RUS,Irkutsk,Populated place,6,52184,ne-ne_10m_populated_places
1159146617,Usolye Sibirskoye,西伯利亚乌索利耶,103.644981,52.764982,Q196925,RUS,Irkutsk,Populated place,6,85900,ne-ne_10m_populated_places
1159146619,Slyudyanka,斯柳江卡,103.698828,51.653835,Q181550,RUS,Irkutsk,Populated place,6,18809,ne-ne_10m_populated_places
1159146623,Cheremkhovo,切列姆霍沃,103.073853,53.158808,Q197942,RUS,Irkutsk,Populated place,6,57395,ne-ne_10m_populated_places
1159146625,Zima,济马,102.03309,53.93305,Q140012,RUS,Irkutsk,Populated place,6,60239,ne-ne_10m_populated_places
1159146627,Tulun,图伦,100.565376,54.565337,Q196709,RUS,Irkutsk,Populated place,6,51330,ne-ne_10m_populated_places
1159146629,Nizhneudinsk,下乌金斯克,99.027692,54.897669,Q172671,RUS,Irkutsk,Populated place,6,43326,ne-ne_10m_populated_places
1159146631,Ust-Kut,乌斯季库特,105.759994,56.76497,Q196964,RUS,Irkutsk,Populated place,6,25388,ne-ne_10m_populated_places
1159146633,Bodaybo,博代博,114.193242,57.850748,Q105272,RUS,Irkutsk,Populated place,6,15933,ne-ne_10m_populated_places
1159146635,Komsa,科姆萨,89.257745,61.868044,,RUS,Krasnoyarsk,Populated place,6,10,ne-ne_10m_populated_places
1159146637,Kansk,坎斯克,95.710013,56.190019,Q144345,RUS,Krasnoyarsk,Populated place,6,101502,ne-ne_10m_populated_places
1159146641,Achinsk,阿钦斯克,90.499995,56.269988,Q104232,RUS,Krasnoyarsk,Populated place,6,117634,ne-ne_10m_populated_places
1159146643,Yeniseysk,叶尼塞斯克,92.156535,58.451508,Q135686,RUS,Krasnoyarsk,Populated place,6,19920,ne-ne_10m_populated_places
1159146645,Lesosibirsk,列索西比尔斯克,92.483285,58.243252,Q157566,RUS,Krasnoyarsk,Populated place,6,65945,ne-ne_10m_populated_places
1159146647,Turukhansk,图鲁汉斯克,87.954982,65.838163,Q155243,RUS,Krasnoyarsk,Populated place,6,4774,ne-ne_10m_populated_places
1159146649,Vorontsovo,沃龙佐沃,83.564191,71.698323,Q2325752,RUS,Taymyr,Populated place,6,100,ne-ne_10m_populated_places
1159146651,Starorybnoye,星罗里布诺耶,104.800001,72.766604,,RUS,Taymyr,Populated place,6,10,ne-ne_10m_populated_places
1159146653,Mikhaylova,米哈伊洛夫,86.982432,75.094989,,RUS,Taymyr,Populated place,6,10,ne-ne_10m_populated_places
1159146655,Dudinka,杜金卡,86.22501,69.418203,Q135482,RUS,Taymyr,Admin-1 capital,6,23619,ne-ne_10m_populated_places
1159146659,Teeli,泰利,90.233293,51.033305,Q2400032,RUS,Tuva,Populated place,6,3732,ne-ne_10m_populated_places
1159146661,Novyy Uoyin,诺维尤因,111.733893,56.134983,Q910276,RUS,Buryat,Populated place,6,4184,ne-ne_10m_populated_places
1159146663,Bagdarin,巴达林,113.600032,54.433304,Q799866,RUS,Buryat,Populated place,6,4676,ne-ne_10m_populated_places
1159146665,Severobaykalsk,北贝加尔斯克,109.312955,55.634006,Q193662,RUS,Buryat,Populated place,6,25800,ne-ne_10m_populated_places
1159146667,Kyakhta,恰克图,106.452665,50.352675,Q156337,RUS,Buryat,Populated place,6,18431,ne-ne_10m_populated_places
1159146669,Svobodnyy,斯沃博德内,128.131187,51.406176,Q193636,RUS,Amur,Populated place,6,63620,ne-ne_10m_populated_places
1159146671,Zeya,结雅,127.266588,53.750012,Q139867,RUS,Amur,Populated place,6,26999,ne-ne_10m_populated_places
1159146673,Magdagachi,马格达加奇,125.800011,53.449979,Q912758,RUS,Amur,Populated place,6,11739,ne-ne_10m_populated_places
1159146677,Shimanovsk,希马诺夫斯克,127.697466,52.002445,Q198311,RUS,Amur,Populated place,6,21466,ne-ne_10m_populated_places
1159146679,Skovorodino,斯科沃罗季诺,123.916663,53.983306,Q194648,RUS,Amur,Populated place,6,10007,ne-ne_10m_populated_places
1159146681,Tynda,滕达,124.707571,55.174267,Q196729,RUS,Amur,Populated place,6,37335,ne-ne_10m_populated_places
1159146683,Olovyannaya,奥洛维扬纳亚,115.56663,50.949977,Q4333966,RUS,Chita,Populated place,6,8247,ne-ne_10m_populated_places
1159146685,Mogocha,莫戈恰,119.766581,53.733321,Q159134,RUS,Chita,Populated place,6,12647,ne-ne_10m_populated_places
1159146687,Krasnokamensk,克拉斯诺卡缅斯克,118.02648,50.066491,Q155624,RUS,Chita,Populated place,6,54316,ne-ne_10m_populated_places
1159146689,Borzya,博尔贾,116.518562,50.388564,Q105372,RUS,Chita,Populated place,6,30421,ne-ne_10m_populated_places
1159146691,Khilok,希洛克,110.450044,51.350004,Q197573,RUS,Chita,Populated place,6,10627,ne-ne_10m_populated_places
1159146695,Nakhodka,纳霍德卡,132.887434,42.837449,Q156658,RUS,Primor'ye,Populated place,6,159551,ne-ne_10m_populated_places
1159146697,Ussuriysk,双城子,132.019993,43.800025,Q196934,RUS,Primor'ye,Populated place,6,157068,ne-ne_10m_populated_places
1159146699,Lesozavodsk,列索扎沃茨克,133.429778,45.474755,Q157478,RUS,Primor'ye,Populated place,6,41778,ne-ne_10m_populated_places
1159146701,Kazachye,卡瓦什,136.216636,70.733291,Q5396422,RUS,Sakha (Yakutia),Populated place,6,-99,ne-ne_10m_populated_places
1159146703,Verkhoyansk,上扬斯克,133.384974,67.5447,Q133057,RUS,Sakha (Yakutia),Populated place,6,1388,ne-ne_10m_populated_places
1159146705,Chersky,切爾斯基,161.330039,68.750053,Q384623,RUS,Sakha (Yakutia),Populated place,6,3707,ne-ne_10m_populated_places
1159146707,Srednekolymsk,中科雷姆斯克,153.710039,67.450003,Q196464,RUS,Sakha (Yakutia),Populated place,6,3459,ne-ne_10m_populated_places
1159146709,Zyryanka,日良卡,150.890004,65.735973,Q2089807,RUS,Sakha (Yakutia),Populated place,6,3627,ne-ne_10m_populated_places
1159146713,Eldikan,埃利季坎,135.183314,60.800021,Q2283318,RUS,Sakha (Yakutia),Populated place,6,1516,ne-ne_10m_populated_places
1159146715,Chagda,查格达,133.899982,60.100012,,RUS,Sakha (Yakutia),Populated place,6,10,ne-ne_10m_populated_places
1159146717,Khandyga,康迪加,135.600033,62.666006,Q2619416,RUS,Sakha (Yakutia),Populated place,6,6796,ne-ne_10m_populated_places
1159146719,Ust-Maya,烏斯季馬亞,134.543302,60.45658,Q2476679,RUS,Sakha (Yakutia),Populated place,6,3062,ne-ne_10m_populated_places
1159146721,Neryungri,涅留恩格里,124.710362,56.674046,Q172470,RUS,Sakha (Yakutia),Populated place,6,66320,ne-ne_10m_populated_places
1159146723,Chernyshevsky,車爾尼雪夫斯基,112.471419,63.012754,Q995292,RUS,Sakha (Yakutia),Populated place,6,5137,ne-ne_10m_populated_places
1159146725,Terbyas,特比亚斯,120.546895,64.376082,Q16897387,RUS,Sakha (Yakutia),Populated place,6,10,ne-ne_10m_populated_places
1159146727,Vilyuysk,维柳伊斯克,121.624762,63.755267,Q133089,RUS,Sakha (Yakutia),Populated place,6,9948,ne-ne_10m_populated_places
1159146731,Sangar,桑加尔,127.473914,63.924146,Q2630577,RUS,Sakha (Yakutia),Populated place,6,4633,ne-ne_10m_populated_places
1159146733,Menkere,缅克列,123.350496,67.988601,,RUS,Sakha (Yakutia),Populated place,6,10,ne-ne_10m_populated_places
1159146735,Saskylakh,萨斯基拉赫,114.08331,71.91663,Q2476715,RUS,Sakha (Yakutia),Populated place,6,1920,ne-ne_10m_populated_places
1159146737,Govorovo,戈沃罗沃,125.993281,70.211359,,RUS,Sakha (Yakutia),Populated place,6,943,ne-ne_10m_populated_places
1159146739,Sagastyr,萨加斯提尔,126.592352,73.377933,,RUS,Sakha (Yakutia),Populated place,6,10,ne-ne_10m_populated_places
1159146741,Ust-Olenyok,乌斯季奥连斯克,119.77293,72.997783,Q2069721,RUS,Sakha (Yakutia),Populated place,6,10,ne-ne_10m_populated_places
1159146743,Suntar,顺达,117.631931,62.14441,Q1275240,RUS,Sakha (Yakutia),Populated place,6,8639,ne-ne_10m_populated_places
1159146745,Olenyok,奥列尼奥克,112.450025,68.525002,Q1025881,RUS,Sakha (Yakutia),Populated place,6,10,ne-ne_10m_populated_places
1159146749,Udachny,乌达奇内,112.39654,66.423166,Q196792,RUS,Sakha (Yakutia),Populated place,6,15266,ne-ne_10m_populated_places
1159146751,Birobidzhan,比罗比詹,132.950789,48.797421,Q7769,RUS,Yevrey,Admin-1 capital,6,76146,ne-ne_10m_populated_places
1159146753,Khakhar,哈卡尔,135.430017,57.666595,,RUS,Khabarovsk,Populated place,6,10,ne-ne_10m_populated_places
1159146755,De-Kastri,德卡斯特里,140.783334,51.466586,Q2355091,RUS,Khabarovsk,Populated place,6,3615,ne-ne_10m_populated_places
1159146757,Chumikan,丘米坎,135.314514,54.711394,Q1140817,RUS,Khabarovsk,Populated place,6,1305,ne-ne_10m_populated_places
1159146759,Komsomolsk na Amure,阿穆尔河畔共青城,137.019998,50.554988,Q154801,RUS,Khabarovsk,Admin-1 capital,6,275908,ne-ne_10m_populated_places
1159146761,Ayan,阿杨,138.16733,56.454241,Q412044,RUS,Khabarovsk,Populated place,6,1286,ne-ne_10m_populated_places
1159146763,Nikolayevsk na Amure,庙街,140.730004,53.149636,Q173037,RUS,Khabarovsk,Populated place,6,27152,ne-ne_10m_populated_places
1159146767,Sovetskaya Gavan,苏维埃港,140.27489,48.969891,Q196374,RUS,Khabarovsk,Populated place,6,29740,ne-ne_10m_populated_places
1159146769,Evensk,埃文斯克,159.233319,61.949977,Q1024738,RUS,Maga Buryatdan,Populated place,6,2024,ne-ne_10m_populated_places
1159146771,Palatka,帕拉特卡,150.899978,60.100012,Q958263,RUS,Maga Buryatdan,Populated place,6,21452,ne-ne_10m_populated_places
1159146773,Omsukchan,鄂木苏昌,155.80004,62.533275,Q985293,RUS,Maga Buryatdan,Populated place,6,4201,ne-ne_10m_populated_places
1159146775,Susuman,苏苏曼,148.166759,62.783337,Q196525,RUS,Maga Buryatdan,Populated place,6,7367,ne-ne_10m_populated_places
1159146777,Nogliki,诺格利基,143.166703,51.833282,Q705809,RUS,Sakhalin,Populated place,6,10098,ne-ne_10m_populated_places
1159146779,Aleksandrovsk Sakhalinskiy,亚历山德罗夫斯克,142.156118,50.897499,Q103406,RUS,Sakhalin,Populated place,6,12024,ne-ne_10m_populated_places
1159146781,Korsakov,科尔萨科夫,142.777476,46.642436,Q155331,RUS,Sakhalin,Populated place,6,35091,ne-ne_10m_populated_places
1159146785,Ensenada,恩森那达,-116.619998,31.869978,Q656189,MEX,Baja California,Populated place,6,256565,ne-ne_10m_populated_places
1159146787,Saltillo,萨尔蒂约,-101.006928,25.421905,Q53077,MEX,Coahuila,Admin-1 capital,6,754000,ne-ne_10m_populated_places
1159146789,Ciudad Juárez,華雷斯城,-106.491994,31.692323,Q26590,MEX,Chihuahua,Populated place,6,1343000,ne-ne_10m_populated_places
1159146791,Delicias,德利西亚斯,-105.499979,28.19997,Q1962715,MEX,Chihuahua,Populated place,6,114783,ne-ne_10m_populated_places
1159146793,Durango,杜兰戈,-104.67003,24.031103,Q112813,MEX,Durango,Admin-1 capital,6,457140,ne-ne_10m_populated_places
1159146795,Los Mochis,洛斯莫奇斯,-109,25.789988,Q752460,MEX,Sinaloa,Populated place,6,249047,ne-ne_10m_populated_places
1159146797,Ciudad Victoria,维多利亚城,-99.129981,23.719959,Q331661,MEX,Tamaulipas,Admin-1 capital,6,274900,ne-ne_10m_populated_places
1159146799,Aguascalientes,阿瓜斯卡连特斯,-102.292359,21.881406,Q200805,MEX,Aguascalientes,Admin-1 capital,6,869000,ne-ne_10m_populated_places
1159146803,Manzanillo,曼萨尼约,-104.323085,19.049587,Q739908,MEX,Colima,Populated place,6,110735,ne-ne_10m_populated_places
1159146805,Tehuantepec,特万特佩克,-95.229986,16.329997,Q629479,MEX,Oaxaca,Populated place,6,42776,ne-ne_10m_populated_places
1159146807,Villahermosa,比亚埃尔莫萨,-92.899973,17.999972,Q210886,MEX,Tabasco,Admin-1 capital,6,428564,ne-ne_10m_populated_places
1159146809,Cuernavaca,库埃纳瓦卡,-99.24,18.921105,Q204245,MEX,Morelos,Admin-1 capital,6,834001,ne-ne_10m_populated_places
1159146811,Querétaro,克雷塔罗,-100.386667,20.577704,Q173121,MEX,Querétaro,Admin-1 capital,6,961000,ne-ne_10m_populated_places
1159146813,Tapachula,塔帕丘拉,-92.269986,14.899981,Q988225,MEX,Chiapas,Populated place,6,221521,ne-ne_10m_populated_places
1159146815,Chetumal,切图马尔,-88.299996,18.500019,Q459553,MEX,Quintana Roo,Admin-1 capital,6,154517,ne-ne_10m_populated_places
1159146817,Progreso,普罗格雷索,-89.666579,21.283312,Q657637,MEX,Yucatán,Populated place,6,47124,ne-ne_10m_populated_places
1159146821,Savannakhet,凯山丰威汉,104.772974,16.537581,Q750443,LAO,Savannakhét,Admin-1 capital,6,84898,ne-ne_10m_populated_places
1159146823,Buyant-Uhaa,赛音山达,110.15001,44.866601,Q943290,MNG,Dornogovi,Admin-1 capital,6,8776,ne-ne_10m_populated_places
1159146825,Nampo,南浦特别,125.450488,38.768867,Q109386,PRK,Namp'o-si,Admin-1 capital,6,1127000,ne-ne_10m_populated_places
1159146827,Chongjin,清津,129.79,41.784619,Q109336,PRK,Hamgyong-bukto,Admin-1 capital,6,672614,ne-ne_10m_populated_places
1159146829,Kimchaek,金策,129.202749,40.672309,Q714873,PRK,Hamgyong-bukto,Populated place,6,187270,ne-ne_10m_populated_places
1159146831,Hamhung,咸兴,127.543488,39.912002,Q109356,PRK,Hamgyong-namdo,Admin-1 capital,6,773000,ne-ne_10m_populated_places
1159146833,Öndörkhaan,温都尔汗,110.650031,47.316684,Q297632,MNG,Hentiy,Admin-1 capital,6,14723,ne-ne_10m_populated_places
1159146835,Bayankhongor,巴彥洪戈爾,100.983334,46.300002,Q804117,MNG,Bayanhongor,Admin-1 capital,6,26252,ne-ne_10m_populated_places
1159146839,Uliastay,乌里雅苏台城,96.816716,47.750017,Q943374,MNG,Dzavhan,Admin-1 capital,6,8056,ne-ne_10m_populated_places
1159146841,Altai,阿爾泰,96.25585,46.361858,Q433861,MNG,Govi-Altay,Admin-1 capital,6,32488,ne-ne_10m_populated_places
1159146843,Mörön,木伦,100.154444,49.645276,Q572951,MNG,Hövsgöl,Admin-1 capital,6,27690,ne-ne_10m_populated_places
1159146845,Ulaangom,乌兰固木,92.066618,49.983317,Q822815,MNG,Uvs,Admin-1 capital,6,35796,ne-ne_10m_populated_places
1159146847,Bulgan,布尔干,103.531706,48.810598,Q945055,MNG,Bulgan,Admin-1 capital,6,17348,ne-ne_10m_populated_places
1159146849,Mandalgovi,曼达勒戈壁,106.266009,45.749984,Q1000373,MNG,Dundgovi,Admin-1 capital,6,2984,ne-ne_10m_populated_places
1159146851,Darkhan,达尔汗,105.972544,49.462392,Q235571,MNG,Selenge,Populated place,6,74738,ne-ne_10m_populated_places
1159146853,Züünkharaa,宗哈拉,106.466617,48.86659,Q1028289,MNG,Selenge,Populated place,6,18830,ne-ne_10m_populated_places
1159146857,Arvaikheer,阿尔拜赫雷,102.766585,46.249979,Q717684,MNG,Övörhangay,Admin-1 capital,6,28053,ne-ne_10m_populated_places
1159146859,Baruun-Urt,西乌尔特县,113.283307,46.699978,Q809657,MNG,Sühbaatar,Admin-1 capital,6,15805,ne-ne_10m_populated_places
1159146861,Manily,马尼雷,165.300029,62.549992,,RUS,Kamchatka,Populated place,6,10,ne-ne_10m_populated_places
1159146863,Oktyabrsky,十月,156.238721,52.663593,Q1691320,RUS,Kamchatka,Populated place,6,1534,ne-ne_10m_populated_places
1159146865,Klyuchi,克柳奇,160.850016,56.29996,Q1373959,RUS,Kamchatka,Populated place,6,1089,ne-ne_10m_populated_places
1159146867,Ust-Kamchatsk,乌斯季堪察斯克,162.434984,56.213505,Q1934124,RUS,Kamchatka,Populated place,6,4939,ne-ne_10m_populated_places
1159146869,Cork,科克,-8.46511,51.892838,Q36647,IRL,Cork,Admin-1 capital,6,188907,ne-ne_10m_populated_places
1159146871,Sassari,萨萨里,8.570009,40.730006,Q13629,ITA,Sardegna,Populated place,6,120729,ne-ne_10m_populated_places
1159146875,Turin,都灵,7.668015,45.072333,Q495,ITA,Piemonte,Admin-1 region capital,6,1652000,ne-ne_10m_populated_places
1159146877,Jyekundo,结古街道,97.00674,32.997718,Q1558594,CHN,Gansu,Populated place,6,23000,ne-ne_10m_populated_places
1159146879,Liuzhou,柳州,109.413529,24.320777,Q38968,CHN,Guangxi,Populated place,6,1497000,ne-ne_10m_populated_places
1159146881,Xingyi,兴义,104.888075,25.092364,Q1359367,CHN,Guizhou,Populated place,6,816000,ne-ne_10m_populated_places
1159146883,Anshun,安顺,105.928063,26.252345,Q486149,CHN,Guizhou,Populated place,6,849000,ne-ne_10m_populated_places
1159146885,Zunyi,遵义,106.918081,27.701972,Q28994,CHN,Guizhou,Populated place,6,849000,ne-ne_10m_populated_places
1159146887,Wanzhou,万州,108.400039,30.819991,,CHN,Chongqing,Populated place,6,1680000,ne-ne_10m_populated_places
1159146889,Huaibei,淮北,116.748075,33.952314,Q360268,CHN,Anhui,Populated place,6,913000,ne-ne_10m_populated_places
1159146893,Wuhu,芜湖,118.368028,31.352369,Q359990,CHN,Anhui,Populated place,6,810000,ne-ne_10m_populated_places
1159146895,Luan,六安,116.478065,31.752293,Q360702,CHN,Anhui,Populated place,6,1690000,ne-ne_10m_populated_places
1159146897,Bengbu,蚌埠,117.328091,32.951936,Q360069,CHN,Anhui,Populated place,6,894000,ne-ne_10m_populated_places
1159146899,Anqing,安庆,117.050002,30.499959,Q360374,CHN,Anhui,Populated place,6,580497,ne-ne_10m_populated_places
1159146901,Foshan,佛山,113.113576,23.010477,Q34412,CHN,Guangdong,Populated place,6,943000,ne-ne_10m_populated_places
1159146903,Bontang,邦唐,117.500001,0.133259,Q14495,IDN,Kalimantan Timur,Populated place,6,101691,ne-ne_10m_populated_places
1159146905,Denpasar,登巴萨,115.219985,-8.650029,Q11506,IDN,Bali,Admin-1 capital,6,732344,ne-ne_10m_populated_places
1159146907,Nouméa,努美阿,166.444285,-22.262528,Q9733,NCL,Sud,Admin-0 region capital,6,93060,ne-ne_10m_populated_places
1159146911,Portoviejo,波托维耶霍,-80.459983,-1.060001,Q990716,ECU,Manabi,Admin-1 capital,6,213601,ne-ne_10m_populated_places
1159146913,Bello,貝約,-75.569997,6.329987,Q816024,COL,Antioquia,Populated place,6,519670,ne-ne_10m_populated_places
1159146915,Montería,蒙特里亚,-75.890004,8.757539,Q852725,COL,Córdoba,Admin-1 capital,6,275198,ne-ne_10m_populated_places
1159146917,Bucaramanga,布卡拉曼加,-73.127829,7.132039,Q243766,COL,Santander,Admin-1 capital,6,1009000,ne-ne_10m_populated_places
1159146919,Pinar del Rio,比那尔德里奥,-83.69808,22.417506,Q244139,CUB,Pinar del Río,Admin-1 capital,6,186990,ne-ne_10m_populated_places
1159146921,Camagüey,卡马圭,-77.916934,21.380825,Q115329,CUB,Camagüey,Admin-1 capital,6,347562,ne-ne_10m_populated_places
1159146923,Guantánamo,关塔那摩,-75.206144,20.145294,Q185156,CUB,Guantánamo,Admin-1 capital,6,272801,ne-ne_10m_populated_places
1159146925,Holguín,奥尔金,-76.263056,20.887238,Q244154,CUB,Holguín,Admin-1 capital,6,319102,ne-ne_10m_populated_places
1159146929,Montego Bay,蒙特哥貝,-77.916676,18.466688,Q637555,JAM,Saint James,Admin-1 capital,6,126008,ne-ne_10m_populated_places
1159146931,Ibagué,伊瓦格,-75.232214,4.438914,Q222755,COL,Tolima,Admin-1 capital,6,421685,ne-ne_10m_populated_places
1159146933,Popayán,波帕扬,-76.610011,2.419993,Q335135,COL,Cauca,Admin-1 capital,6,258750,ne-ne_10m_populated_places
1159146935,Santa Marta,圣玛尔塔,-74.201657,11.247206,Q209016,COL,Magdalena,Admin-1 capital,6,431781,ne-ne_10m_populated_places
1159146937,Cúcuta,库库塔,-72.519977,7.920019,Q216847,COL,Norte de Santander,Admin-1 capital,6,722146,ne-ne_10m_populated_places
1159146939,Villavicencio,比亚维森西奥,-73.634999,4.153324,Q749224,COL,Meta,Admin-1 capital,6,374763,ne-ne_10m_populated_places
1159146941,Santa Clara,圣克拉拉,-79.966654,22.400014,Q211590,CUB,Villa Clara,Admin-1 capital,6,250512,ne-ne_10m_populated_places
1159146943,Tórshavn,托尔斯港,-6.820034,62.030024,Q10704,FRO,Eysturoyar,Admin-1 capital,6,14398,ne-ne_10m_populated_places
1159146947,Giza,吉萨,31.190024,30.009989,Q81788,EGY,Al Jizah,Populated place,6,2681863,ne-ne_10m_populated_places
1159146949,Stuttgart,斯图加特,9.199996,48.77998,Q1022,DEU,Baden-Württemberg,Admin-1 capital,6,2944700,ne-ne_10m_populated_places
1159146951,Bremen,不来梅,8.800021,53.080002,Q24879,DEU,Bremen,Admin-1 capital,6,724909,ne-ne_10m_populated_places
1159146953,Nürnberg,纽伦堡,11.079985,49.449991,Q2090,DEU,Bayern,Populated place,6,737304,ne-ne_10m_populated_places
1159146955,Nagchu,那曲镇,92.05003,31.480002,Q1868994,CHN,Xizang,Populated place,6,2500,ne-ne_10m_populated_places
1159146957,Nyingchi,林芝,94.36651,29.650744,Q1012465,CHN,Xizang,Populated place,6,100,ne-ne_10m_populated_places
1159146959,Chamdo,昌都,97.180939,31.140938,Q1012419,CHN,Xizang,Populated place,6,100000,ne-ne_10m_populated_places
1159146961,Korla,库尔勒,86.150028,41.729997,Q837425,CHN,Xinjiang Uygur,Populated place,6,613000,ne-ne_10m_populated_places
1159146965,Kuqa,库车县,82.936374,41.727749,Q1023116,CHN,Xinjiang Uygur,Populated place,6,470600,ne-ne_10m_populated_places
1159146967,Tacheng,塔城,82.950017,46.750026,Q648696,CHN,Xinjiang Uygur,Populated place,6,49796,ne-ne_10m_populated_places
1159146969,Shihezi,石河子,86.029932,44.299969,Q848680,CHN,Xinjiang Uygur,Populated place,6,640000,ne-ne_10m_populated_places
1159146971,Karamay,克拉玛依,84.859926,45.589942,Q658240,CHN,Xinjiang Uygur,Populated place,6,261445,ne-ne_10m_populated_places
1159146973,Aksu,阿克苏,80.250026,41.150006,Q421648,CHN,Xinjiang Uygur,Populated place,6,695000,ne-ne_10m_populated_places
1159146975,Sanya,三亚,109.504032,18.259104,Q319804,CHN,Hainan,Populated place,6,362689,ne-ne_10m_populated_places
1159146977,Haikou,海口,110.320026,20.050002,Q189823,CHN,Hainan,Admin-1 capital,6,2046189,ne-ne_10m_populated_places
1159146979,Hanzhong,汉中,107.029994,33.129979,Q515573,CHN,Shaanxi,Populated place,6,145986,ne-ne_10m_populated_places
1159146983,Baoji,宝鸡,107.149986,34.380006,Q514796,CHN,Shaanxi,Populated place,6,800000,ne-ne_10m_populated_places
1159146985,Tongchuan,铜川,109.029975,35.079989,Q514608,CHN,Shaanxi,Populated place,6,282258,ne-ne_10m_populated_places
1159146987,Linfen,临汾,111.518058,36.082287,Q73156,CHN,Shanxi,Populated place,6,834000,ne-ne_10m_populated_places
1159146989,Yuci,榆次,112.728062,37.682345,,CHN,Shanxi,Populated place,6,840000,ne-ne_10m_populated_places
1159146991,Datong,大同,113.298053,40.081966,Q72877,CHN,Shanxi,Populated place,6,1873000,ne-ne_10m_populated_places
1159146993,Jianmen,荆门,113.158061,30.651999,Q71323,CHN,Hubei,Populated place,6,1708000,ne-ne_10m_populated_places
1159146995,Yichang,宜昌,111.278073,30.701918,Q71266,CHN,Hubei,Populated place,6,875000,ne-ne_10m_populated_places
1159146997,Xiantao,仙桃,113.438096,30.372352,Q71455,CHN,Hubei,Populated place,6,1556000,ne-ne_10m_populated_places
1159147001,Macheng,麻城,115.030022,31.179995,Q1016939,CHN,Hubei,Populated place,6,126366,ne-ne_10m_populated_places
1159147003,Huangshi,黄石,115.099992,30.220002,Q71204,CHN,Hubei,Populated place,6,688090,ne-ne_10m_populated_places
1159147005,Zhuzhou,株洲,113.148088,27.831938,Q198266,CHN,Hunan,Populated place,6,1080000,ne-ne_10m_populated_places
1159147007,Yongzhou,永州,111.609135,26.41792,Q266014,CHN,Hunan,Populated place,6,1000000,ne-ne_10m_populated_places
1159147009,Yiyang,益阳,112.328086,28.602356,Q416669,CHN,Hunan,Populated place,6,1352000,ne-ne_10m_populated_places
1159147011,Changde,常德,111.6781,29.031943,Q416544,CHN,Hunan,Populated place,6,1469000,ne-ne_10m_populated_places
1159147013,Shaoyang,邵阳,111.200075,26.999992,Q194531,CHN,Hunan,Populated place,6,45617,ne-ne_10m_populated_places
1159147015,Leshan,乐山,103.731402,29.569042,Q426868,CHN,Sichuan,Populated place,6,1157000,ne-ne_10m_populated_places
1159147019,Panzhihua,攀枝花,101.730007,26.549993,Q425415,CHN,Sichuan,Populated place,6,461513,ne-ne_10m_populated_places
1159147021,Fulin,富林镇,102.716717,29.350003,Q10954379,CHN,Sichuan,Populated place,6,1049,ne-ne_10m_populated_places
1159147023,Guangyuan,广元,105.870013,32.429996,Q426237,CHN,Sichuan,Populated place,6,437435,ne-ne_10m_populated_places
1159147025,Luzhou,泸州,105.378071,28.881926,Q425492,CHN,Sichuan,Populated place,6,1537000,ne-ne_10m_populated_places
1159147027,Yibin,宜宾,104.568095,28.771933,Q427265,CHN,Sichuan,Populated place,6,902000,ne-ne_10m_populated_places
1159147029,Zhaotang,昭通,103.718069,27.322331,Q197519,CHN,Yunnan,Admin-1 capital,6,809000,ne-ne_10m_populated_places
1159147031,Lijiang,丽江,100.266582,26.800004,Q205914,CHN,Yunnan,Populated place,6,18445,ne-ne_10m_populated_places
1159147033,Yuxi,玉溪,102.570008,24.379996,Q496496,CHN,Yunnan,Populated place,6,396325,ne-ne_10m_populated_places
1159147037,Dali,大理,100.250319,25.593731,Q855228,CHN,Yunnan,Populated place,6,156685,ne-ne_10m_populated_places
1159147039,Qinhuangdao,秦皇岛,119.618081,39.932311,Q58560,CHN,Hebei,Populated place,6,1003000,ne-ne_10m_populated_places
1159147041,Langfang,廊坊,116.678053,39.52231,Q58710,CHN,Hebei,Populated place,6,810000,ne-ne_10m_populated_places
1159147043,Zhangjiakou,张家口,114.852027,40.805255,Q58650,CHN,Hebei,Populated place,6,1046000,ne-ne_10m_populated_places
1159147045,Tangshan,唐山,118.192431,39.626283,Q58422,CHN,Hebei,Populated place,6,1879000,ne-ne_10m_populated_places
1159147047,Anyang,安阳,114.348066,36.081926,Q324293,CHN,Henan,Populated place,6,887000,ne-ne_10m_populated_places
1159147049,Jiaozuo,焦作,113.259553,35.200691,Q404429,CHN,Henan,Populated place,6,857000,ne-ne_10m_populated_places
1159147051,Kaifeng,开封,114.354819,34.793814,Q208471,CHN,Henan,Populated place,6,872000,ne-ne_10m_populated_places
1159147055,Shangqiu,商丘,115.64961,34.412942,Q404817,CHN,Henan,Populated place,6,1753000,ne-ne_10m_populated_places
1159147057,Pingdingshan,平顶山,113.298053,33.732353,Q404116,CHN,Henan,Populated place,6,849000,ne-ne_10m_populated_places
1159147059,Xinyang,信阳,114.068032,32.132322,Q404873,CHN,Henan,Populated place,6,1541000,ne-ne_10m_populated_places
1159147061,Xinxiang,新乡,113.908926,35.301575,Q404362,CHN,Henan,Populated place,6,903000,ne-ne_10m_populated_places
1159147063,Luoyang,洛阳,112.444471,34.64377,Q187136,CHN,Henan,Populated place,6,1715000,ne-ne_10m_populated_places
1159147065,Liaoyang,辽阳,123.17807,41.281944,Q75203,CHN,Liaoning,Populated place,6,794000,ne-ne_10m_populated_places
1159147067,Dandong,丹东,124.391639,40.145554,Q75110,CHN,Liaoning,Populated place,6,870000,ne-ne_10m_populated_places
1159147069,Yingkow,营口,122.278073,40.672292,Q75150,CHN,Liaoning,Populated place,6,795000,ne-ne_10m_populated_places
1159147073,Jinzhou,锦州,121.098094,41.122316,Q28996,CHN,Liaoning,Populated place,6,956000,ne-ne_10m_populated_places
1159147075,Fuxin,阜新,121.658059,42.012417,Q34750,CHN,Liaoning,Populated place,6,770000,ne-ne_10m_populated_places
1159147077,Benxi,本溪,123.748061,41.332329,Q75091,CHN,Liaoning,Populated place,6,1012000,ne-ne_10m_populated_places
1159147079,Fushun,抚顺,123.868054,41.867335,Q75026,CHN,Liaoning,Admin-1 capital,6,1470000,ne-ne_10m_populated_places
1159147081,Jining,济宁,116.548087,35.402355,Q372791,CHN,Shandong,Populated place,6,1186000,ne-ne_10m_populated_places
1159147083,Weifang,潍坊,119.155626,36.702285,Q217698,CHN,Shandong,Populated place,6,1553000,ne-ne_10m_populated_places
1159147085,Taian,泰安,117.11813,36.201944,Q217681,CHN,Shandong,Populated place,6,1629000,ne-ne_10m_populated_places
1159147087,Heze,菏泽,115.448103,35.231926,Q332753,CHN,Shandong,Populated place,6,1338000,ne-ne_10m_populated_places
1159147091,Laiyang,莱阳,120.708435,36.968401,Q371640,CHN,Shandong,Populated place,6,250000,ne-ne_10m_populated_places
1159147093,Xinyu,新余,114.928031,27.801966,Q362959,CHN,Jiangxi,Populated place,6,913000,ne-ne_10m_populated_places
1159147095,Ganzhou,赣州,114.950027,25.91998,Q363166,CHN,Jiangxi,Populated place,6,1500000,ne-ne_10m_populated_places
1159147097,Jiujiang,九江,115.980042,29.72998,Q216077,CHN,Jiangxi,Populated place,6,545616,ne-ne_10m_populated_places
1159147099,Changzhou,常州,119.968033,31.78193,Q57970,CHN,Jiangsu,Populated place,6,1327000,ne-ne_10m_populated_places
1159147101,Zhenjiang,镇江,119.430481,32.17573,Q57958,CHN,Jiangsu,Populated place,6,854000,ne-ne_10m_populated_places
1159147103,Nantong,南通,120.924587,31.982269,Q57947,CHN,Jiangsu,Populated place,6,947000,ne-ne_10m_populated_places
1159147105,Jiaxing,嘉兴,120.748037,30.772353,Q58178,CHN,Zhejiang,Populated place,6,988000,ne-ne_10m_populated_places
1159147109,Huzhou,湖州,120.098051,30.872321,Q42664,CHN,Zhejiang,Populated place,6,1231000,ne-ne_10m_populated_places
1159147111,Shaoxing,绍兴,120.5681,30.002323,Q42666,CHN,Zhejiang,Populated place,6,777000,ne-ne_10m_populated_places
1159147113,Jinhua,金华,119.649999,29.120043,Q58210,CHN,Zhejiang,Populated place,6,1092852,ne-ne_10m_populated_places
1159147115,Liaoyuan,辽源,125.129974,42.899977,Q92311,CHN,Jilin,Populated place,6,506548,ne-ne_10m_populated_places
1159147117,Tumen,图们,129.820076,42.969999,Q713323,CHN,Jilin,Populated place,6,99721,ne-ne_10m_populated_places
1159147119,Siping,四平,124.330023,43.170012,Q92297,CHN,Jilin,Populated place,6,555609,ne-ne_10m_populated_places
1159147121,Baicheng,白城,122.820038,45.620018,Q92381,CHN,Jilin,Populated place,6,386861,ne-ne_10m_populated_places
1159147123,Kagoshima,鹿兒島,130.561064,31.585965,Q15674,JPN,Kagoshima,Admin-1 capital,6,555352,ne-ne_10m_populated_places
1159147127,Matsuyama,松山,132.765839,33.845543,Q200022,JPN,Ehime,Admin-1 region capital,6,533541,ne-ne_10m_populated_places
1159147129,Wuhai,乌海,106.812229,39.664696,Q570768,CHN,Nei Mongol,Populated place,6,218427,ne-ne_10m_populated_places
1159147131,Erenhot,二连浩特,111.965455,43.661558,Q1001036,CHN,Nei Mongol,Populated place,6,22287,ne-ne_10m_populated_places
1159147133,Jining,平地泉镇,113.080012,41.029988,Q11060772,CHN,Nei Mongol,Populated place,6,281716,ne-ne_10m_populated_places
1159147135,Arxan,阿尔山,119.96662,47.183307,Q717743,CHN,Nei Mongol,Populated place,6,32023,ne-ne_10m_populated_places
1159147137,Manzhouli,满洲里,117.429979,49.599981,Q890671,CHN,Nei Mongol,Populated place,6,93620,ne-ne_10m_populated_places
1159147139,Xilinhot,锡林浩特,116.044327,43.944332,Q1009416,CHN,Nei Mongol,Populated place,6,120965,ne-ne_10m_populated_places
1159147141,Heihe,黑河,127.446009,50.250019,Q349983,CHN,Heilongjiang,Populated place,6,109427,ne-ne_10m_populated_places
1159147145,Qitaihe,七台河,131.00906,45.767852,Q349979,CHN,Heilongjiang,Populated place,6,450617,ne-ne_10m_populated_places
1159147147,Yichun,伊春,128.898031,47.701888,Q349976,CHN,Heilongjiang,Populated place,6,777000,ne-ne_10m_populated_places
1159147149,Hegang,鹤岗,130.296732,47.346627,Q349982,CHN,Heilongjiang,Populated place,6,743307,ne-ne_10m_populated_places
1159147151,Nenjiang,嫩江镇,125.23002,49.179981,Q6991629,CHN,Heilongjiang,Populated place,6,87236,ne-ne_10m_populated_places
1159147153,Nehe,讷河,124.880015,48.489998,Q1332600,CHN,Heilongjiang,Populated place,6,108253,ne-ne_10m_populated_places
1159147155,Mudangiang,牡丹江,129.588066,44.576963,Q217646,CHN,Heilongjiang,Populated place,6,1244000,ne-ne_10m_populated_places
1159147157,Kanazawa,金泽,136.640021,36.560002,Q191130,JPN,Ishikawa,Admin-1 capital,6,551249,ne-ne_10m_populated_places
1159147159,Muroran,室兰,140.980015,42.349959,Q496667,JPN,Hokkaido,Populated place,6,155676,ne-ne_10m_populated_places
1159147163,Asahikawa,旭川,142.379981,43.755015,Q200740,JPN,Hokkaido,Populated place,6,356612,ne-ne_10m_populated_places
1159147165,Kōbe,神戶,135.169982,34.679988,Q48320,JPN,Hyogo,Admin-1 capital,6,1528478,ne-ne_10m_populated_places
1159147167,Yokohama,横滨,139.602021,35.430656,Q38283,JPN,Kanagawa,Admin-1 capital,6,3697894,ne-ne_10m_populated_places
1159147169,Akita,秋田,140.089991,39.709991,Q17139,JPN,Akita,Populated place,6,320069,ne-ne_10m_populated_places
1159147171,Aomori,青森,140.710005,40.825039,Q146790,JPN,Aomori,Admin-1 capital,6,298394,ne-ne_10m_populated_places
1159147173,Hirosaki,弘前,140.47002,40.56999,Q194087,JPN,Aomori,Populated place,6,174972,ne-ne_10m_populated_places
1159147175,Hachinohe,八户,141.540032,40.509994,Q191914,JPN,Aomori,Populated place,6,239046,ne-ne_10m_populated_places
1159147177,Fukushima,福岛,140.47002,37.740008,Q161176,JPN,Fukushima,Admin-1 capital,6,294237,ne-ne_10m_populated_places
1159147181,Morioka,盛冈,141.130031,39.720016,Q200077,JPN,Iwate,Admin-1 capital,6,295172,ne-ne_10m_populated_places
1159147183,Niigata,新潟,139.04003,37.919997,Q179691,JPN,Niigata,Admin-1 capital,6,569797,ne-ne_10m_populated_places
1159147185,Sorong,索龍,131.284999,-0.855414,Q26837,IDN,Irian Jaya Barat,Populated place,6,125535,ne-ne_10m_populated_places
1159147187,Puerto Barrios,巴里奥斯港,-88.592652,15.717495,Q991400,GTM,Izabal,Admin-1 capital,6,56605,ne-ne_10m_populated_places
1159147189,Kakinada,卡金纳达,82.237502,16.967477,Q59018,IND,Andhra Pradesh,Populated place,6,292923,ne-ne_10m_populated_places
1159147191,Warangal,瓦朗加尔,79.57999,18.009998,Q25563103,IND,Telangana,Populated place,6,1203853,ne-ne_10m_populated_places
1159147193,Brahmapur,布拉赫马普尔,84.799981,19.319995,Q860210,IND,Orissa,Populated place,6,324726,ne-ne_10m_populated_places
1159147195,Vijayapura,比贾普尔,75.709993,16.835418,Q3636023,IND,Karnataka,Populated place,6,271064,ne-ne_10m_populated_places
1159147199,Bhiwandi,皮文迪,73.12805,19.351965,Q645725,IND,Maharashtra,Populated place,6,795000,ne-ne_10m_populated_places
1159147201,Latur,拉杜尔,76.569993,18.400413,Q61394,IND,Maharashtra,Populated place,6,374394,ne-ne_10m_populated_places
1159147203,Ahmednagar,艾哈迈德讷格尔,74.745774,19.082031,Q223517,IND,Maharashtra,Populated place,6,391760,ne-ne_10m_populated_places
1159147205,Chandrapur,钱德拉普尔,79.300007,19.969981,Q861194,IND,Maharashtra,Populated place,6,595118,ne-ne_10m_populated_places
1159147207,Amravati,阿姆劳蒂,77.78181,20.925616,Q269899,IND,Maharashtra,Populated place,6,734451,ne-ne_10m_populated_places
1159147209,Dhule,图莱,74.769999,20.899976,Q773603,IND,Maharashtra,Populated place,6,479073,ne-ne_10m_populated_places
1159147211,Dibrugarh,迪布鲁加尔,94.899985,27.483321,Q1266637,IND,Assam,Populated place,6,166366,ne-ne_10m_populated_places
1159147213,Imphal,因帕尔,93.950017,24.799971,Q208097,IND,Manipur,Admin-1 capital,6,264986,ne-ne_10m_populated_places
1159147217,Labasa,拉巴萨,179.383304,-16.416583,Q579556,FJI,Western,Populated place,6,24187,ne-ne_10m_populated_places
1159147219,Rennes,雷恩,-1.670012,48.100021,Q647,FRA,Bretagne,Admin-1 region capital,6,209375,ne-ne_10m_populated_places
1159147221,Nice,尼斯,7.263078,43.716964,Q33959,FRA,Provence-Alpes-Côte-d'Azur,Populated place,6,927000,ne-ne_10m_populated_places
1159147223,Toulouse,图卢兹,1.447981,43.621905,Q7880,FRA,Midi-Pyrénées,Admin-1 region capital,6,847000,ne-ne_10m_populated_places
1159147225,Limoges,利摩日,1.249991,45.829979,Q45656,FRA,Limousin,Admin-1 region capital,6,152199,ne-ne_10m_populated_places
1159147227,Lille,里尔,3.078062,50.651915,Q648,FRA,Nord-Pas-de-Calais,Admin-1 region capital,6,1044000,ne-ne_10m_populated_places
1159147229,Strasbourg,斯特拉斯堡,7.750007,48.579966,Q6602,FRA,Alsace,Admin-1 region capital,6,439972,ne-ne_10m_populated_places
1159147231,Puerto Aisén,艾森港,-72.700018,-45.39993,Q1909281,CHL,Ais,Admin-1 capital,6,8067,ne-ne_10m_populated_places
1159147235,Puerto Natales,納塔萊斯港,-72.511683,-51.718304,Q1001339,CHL,Magallanes y Antártica Chilena,Populated place,6,20000,ne-ne_10m_populated_places
1159147237,Puerto Williams,威廉斯港,-67.61671,-54.933302,Q1251087,CHL,Magallanes y Antartica Chilena,Populated place,6,2500,ne-ne_10m_populated_places
1159147239,Temuco,特木科,-72.579999,-38.730002,Q82128,CHL,La Araucanía,Admin-1 capital,6,265901,ne-ne_10m_populated_places
1159147241,Kulusuk,庫盧蘇克,-37.183322,65.566578,Q588549,GRL,Kommuneqarfik Sermersooq,Populated place,6,286,ne-ne_10m_populated_places
1159147243,Paamiut,帕缪特,-49.63507,62.004102,Q545767,GRL,Kommuneqarfik Sermersooq,Populated place,6,1862,ne-ne_10m_populated_places
1159147245,Ittoqqortoormiit,斯科斯比松,-21.966654,70.483358,Q321279,GRL,Kommuneqarfik Sermersooq,Populated place,6,469,ne-ne_10m_populated_places
1159147247,Timmiarmiut,蒂米阿缪特,-42.21671,62.533275,,GRL,Kommune Kujalleq,Populated place,6,10,ne-ne_10m_populated_places
1159147249,Qaqortoq,卡科尔托克,-46.036412,60.72891,Q221203,GRL,Kommune Kujalleq,Populated place,6,3224,ne-ne_10m_populated_places
1159147253,Kangerlussuaq,康克魯斯瓦格,-50.709909,67.014122,Q1007098,GRL,Qeqqata Kommunia,Populated place,6,556,ne-ne_10m_populated_places
1159147255,Nord,诺尔,-17.800035,81.716626,Q475535,GRL,Nationalparken,Populated place,6,10,ne-ne_10m_populated_places
1159147257,Qeqertasuaq,凱凱塔蘇瓦克,-53.565238,69.244164,Q847668,GRL,Qaasuitsup Kommunia,Populated place,6,10,ne-ne_10m_populated_places
1159147259,Nuussuaq,克劳尔斯港,-57.06736,74.120969,Q579419,GRL,Qaasuitsup Kommunia,Populated place,6,204,ne-ne_10m_populated_places
1159147261,Ilulissat,伊卢利萨特,-51.099967,69.216665,Q191047,GRL,Qaasuitsup Kommunia,Populated place,6,4413,ne-ne_10m_populated_places
1159147263,Patra,帕特雷,21.729981,38.230004,Q133123,GRC,Dytiki Ellada,Admin-1 capital,6,163360,ne-ne_10m_populated_places
1159147265,Batumi,巴统,41.630007,41.600005,Q25475,GEO,Ajaria,Admin-0 region capital,6,155542,ne-ne_10m_populated_places
1159147267,Irbil,埃尔比勒,44.006675,36.18099,Q132754,IRQ,Arbil,Admin-1 capital,6,926000,ne-ne_10m_populated_places
1159147271,Kemijärvi,凯米耶尔维,27.416662,66.666666,Q744704,FIN,Lapland,Populated place,6,8883,ne-ne_10m_populated_places
1159147273,Kokkola,科科拉,23.116666,63.833299,Q207891,FIN,Western Finland,Populated place,6,46714,ne-ne_10m_populated_places
1159147275,Lahti,拉赫蒂,25.664934,60.99386,Q28911,FIN,Päijänne Tavastia,Populated place,6,98826,ne-ne_10m_populated_places
1159147277,Joensuu,约恩苏,29.766648,62.599989,Q186237,FIN,North Karelia,Populated place,6,53388,ne-ne_10m_populated_places
1159147279,Turku,图尔库,22.254962,60.453867,Q38511,FIN,Finland Proper,Admin-1 capital,6,175945,ne-ne_10m_populated_places
1159147281,Khromtau,赫罗姆套,58.449962,50.269941,Q1087785,KAZ,Aqtöbe,Populated place,6,23715,ne-ne_10m_populated_places
1159147283,Arqalyq,阿尔卡雷克,66.897611,50.241803,Q698941,KAZ,Qostanay,Populated place,6,55521,ne-ne_10m_populated_places
1159147285,Oostanay,库斯塔奈,63.628302,53.220897,Q488990,KAZ,Qostanay,Admin-1 capital,6,236901,ne-ne_10m_populated_places
1159147289,Baykonur,拜科努尔,63.241349,45.691357,Q165413,KAZ,Qyzylorda,Populated place,6,36175,ne-ne_10m_populated_places
1159147291,Balyqshy,巴雷克什,51.866591,47.066596,Q4077051,KAZ,Atyrau,Populated place,6,31624,ne-ne_10m_populated_places
1159147293,Atbasar,阿特巴薩爾,68.347704,51.821887,Q612144,KAZ,Aqmola,Populated place,6,35819,ne-ne_10m_populated_places
1159147295,Kokshetau,科克舍套,69.41999,53.299988,Q490643,KAZ,Aqmola,Admin-1 capital,6,128873,ne-ne_10m_populated_places
1159147297,Temirtau,铁米尔套,72.964993,50.065018,Q1001104,KAZ,Qaraghandy,Populated place,6,170600,ne-ne_10m_populated_places
1159147299,Zhezqazghan,杰兹卡兹甘,67.770013,47.779989,Q740832,KAZ,Qaraghandy,Admin-1 capital,6,104357,ne-ne_10m_populated_places
1159147301,Qarqaraly,卡拉盖雷,75.464892,49.424902,Q1025808,KAZ,Qaraghandy,Populated place,6,8195,ne-ne_10m_populated_places
1159147303,Balqash,巴爾喀什,74.950247,46.853224,Q805515,KAZ,Qaraghandy,Populated place,6,81364,ne-ne_10m_populated_places
1159147307,Petropavlovsk,彼得罗巴甫尔,69.220002,54.879995,Q488379,KAZ,North Kazakhstan,Admin-1 capital,6,228238,ne-ne_10m_populated_places
1159147309,Ayakoz,阿亚古兹,80.429705,47.964732,Q2391391,KAZ,East Kazakhstan,Populated place,6,45861,ne-ne_10m_populated_places
1159147311,Taldyqorghan,塔尔迪库尔干,78.40001,45.000004,Q491102,KAZ,Almaty,Admin-1 capital,6,88380,ne-ne_10m_populated_places
1159147313,Kashmar,卡什马尔,58.45146,35.18143,Q720403,IRN,Razavi Khorasan,Populated place,6,157135,ne-ne_10m_populated_places
1159147315,Bam,巴姆,58.361957,29.107692,Q106636,IRN,Kerman,Populated place,6,99268,ne-ne_10m_populated_places
1159147317,Kerman,克尔曼,57.080019,30.299997,Q171714,IRN,Kerman,Admin-1 capital,6,577514,ne-ne_10m_populated_places
1159147319,Udaipur,乌代浦,73.730011,24.599983,Q200340,IND,Rajasthan,Populated place,6,469737,ne-ne_10m_populated_places
1159147321,Turkistan,突厥斯坦,68.254893,43.301555,Q848638,KAZ,South Kazakhstan,Populated place,6,97360,ne-ne_10m_populated_places
1159147325,Gorakhpur,戈勒克布爾,83.380016,26.750394,Q5584396,IND,Uttar Pradesh,Populated place,6,674246,ne-ne_10m_populated_places
1159147327,Barddhaman,巴尔达曼,87.864962,23.250375,Q709267,IND,West Bengal,Populated place,6,301725,ne-ne_10m_populated_places
1159147329,Krishnanagar,克里斯赫纳纳加尔,88.530038,23.380342,Q1006338,IND,West Bengal,Populated place,6,145926,ne-ne_10m_populated_places
1159147331,Gaya,嘎雅,85.000021,24.799971,Q251329,IND,Bihar,Populated place,6,423692,ne-ne_10m_populated_places
1159147333,Porbandar,坡尔班达尔,69.67,21.669981,Q6419912,IND,Dadra and Nagar Haveli,Populated place,6,234684,ne-ne_10m_populated_places
1159147335,Paysandú,派桑杜,-58.07998,-32.329979,Q309442,URY,Paysandú,Admin-1 capital,6,79016,ne-ne_10m_populated_places
1159147337,Salto,萨尔托,-57.968694,-31.390346,Q335506,URY,Salto,Admin-1 capital,6,105690,ne-ne_10m_populated_places
1159147339,Duluth,杜鲁斯,-92.106378,46.783332,Q485708,USA,Minnesota,Populated place,6,84800,ne-ne_10m_populated_places
1159147343,Bemidji,伯米吉,-94.880188,47.473574,Q730430,USA,Minnesota,Populated place,6,14796,ne-ne_10m_populated_places
1159147345,Havre,哈佛,-109.677683,48.54524,Q959425,USA,Montana,Populated place,6,11154,ne-ne_10m_populated_places
1159147347,Kalispell,卡利斯佩尔,-114.315979,48.197767,Q853175,USA,Montana,Populated place,6,32062,ne-ne_10m_populated_places
1159147349,Idaho Falls,爱达荷福尔斯,-112.033301,43.466687,Q496360,USA,Idaho,Populated place,6,79399,ne-ne_10m_populated_places
1159147351,Lewiston,刘易斯顿,-117.016589,46.41661,Q505539,USA,Idaho,Populated place,6,49289,ne-ne_10m_populated_places
1159147353,Yakima,亚基马,-120.504696,46.602232,Q499203,USA,Washington,Populated place,6,99287,ne-ne_10m_populated_places
1159147355,Wenatchee,韦纳奇,-120.309024,47.423629,Q958596,USA,Washington,Populated place,6,62625,ne-ne_10m_populated_places
1159147357,Douglas,道格拉斯,-109.548363,31.35864,Q79878,USA,Arizona,Populated place,6,30185,ne-ne_10m_populated_places
1159147361,Bakersfield,贝克斯菲尔德,-119.019981,35.369971,Q49256,USA,California,Populated place,6,443129,ne-ne_10m_populated_places
1159147363,Oakland,奥克兰,-122.278038,37.804725,Q17042,USA,California,Populated place,6,1510271,ne-ne_10m_populated_places
1159147365,Lancaster,兰开斯特,-118.135823,34.698049,Q494711,USA,California,Populated place,6,225799,ne-ne_10m_populated_places
1159147367,Chico,奇科,-121.836398,39.72862,Q432152,USA,California,Populated place,6,95888,ne-ne_10m_populated_places
1159147369,Monterey,蒙特雷,-121.893578,36.600258,Q487315,USA,California,Populated place,6,124288,ne-ne_10m_populated_places
1159147371,Salinas,萨利纳斯,-121.641655,36.682217,Q488125,USA,California,Populated place,6,156784,ne-ne_10m_populated_places
1159147373,Los Alamos,洛斯阿拉莫斯,-106.297708,35.891103,Q318637,USA,New Mexico,Populated place,6,12233,ne-ne_10m_populated_places
1159147375,Eugene,尤金,-123.100016,44.05001,Q171224,USA,Oregon,Populated place,6,245158,ne-ne_10m_populated_places
1159147379,Coos Bay,库斯湾,-124.216589,43.366615,Q913266,USA,Oregon,Populated place,6,31976,ne-ne_10m_populated_places
1159147381,Bend,本德,-121.308603,44.053929,Q671288,USA,Oregon,Populated place,6,75441,ne-ne_10m_populated_places
1159147383,Cody,科迪,-109.057101,44.523211,Q916603,USA,Wyoming,Populated place,6,9161,ne-ne_10m_populated_places
1159147385,Cedar Rapids,锡达拉皮兹,-91.660023,41.969982,Q486439,USA,Iowa,Populated place,6,170621,ne-ne_10m_populated_places
1159147387,Springfield,斯普林菲尔德,-93.319999,37.180016,Q135615,USA,Missouri,Populated place,6,210939,ne-ne_10m_populated_places
1159147389,Lincoln,林肯,-96.680001,40.819975,Q28260,USA,Nebraska,Admin-1 capital,6,246220,ne-ne_10m_populated_places
1159147391,Alexandria,亚历山德里亚,-92.445014,31.311098,Q985351,USA,Louisiana,Populated place,6,76565,ne-ne_10m_populated_places
1159147393,Abilene,阿比林,-99.732786,32.448625,Q128295,USA,Texas,Populated place,6,114247,ne-ne_10m_populated_places
1159147397,Brownsville,布朗斯维尔,-97.500002,25.91998,Q51693,USA,Texas,Populated place,6,181399,ne-ne_10m_populated_places
1159147399,Tyler,泰勒,-95.300783,32.351086,Q499169,USA,Texas,Populated place,6,112245,ne-ne_10m_populated_places
1159147401,Coro,聖安娜德科羅,-69.679995,11.420012,Q1134454,VEN,Falcón,Admin-1 capital,6,195227,ne-ne_10m_populated_places
1159147403,Punto Fijo,蓬托菲霍,-70.210014,11.719994,Q1020279,VEN,Falcón,Populated place,6,234736,ne-ne_10m_populated_places
1159147405,Concord,康科德,-71.538047,43.208072,Q28249,USA,New Hampshire,Admin-1 capital,6,44606,ne-ne_10m_populated_places
1159147407,Huntsville,亨茨维尔,-86.609995,34.71996,Q79860,USA,Alabama,Populated place,6,212733,ne-ne_10m_populated_places
1159147409,Key West,基韦斯特,-81.782745,24.555231,Q485186,USA,Florida,Populated place,6,29377,ne-ne_10m_populated_places
1159147411,West Palm Beach,西棕榈滩,-80.123621,26.74502,Q163749,USA,Florida,Populated place,6,1250000,ne-ne_10m_populated_places
1159147415,Sarasota,萨拉索塔,-82.530787,27.336121,Q491540,USA,Florida,Populated place,6,589959,ne-ne_10m_populated_places
1159147417,Daytona Beach,代托纳比奇,-81.023075,29.210554,Q490595,USA,Florida,Populated place,6,216890,ne-ne_10m_populated_places
1159147419,Gainesville,盖恩斯维尔,-82.325037,29.65138,Q487999,USA,Florida,Populated place,6,191097,ne-ne_10m_populated_places
1159147421,Ft. Myers,麦尔兹堡,-81.860492,26.640298,Q506451,USA,Florida,Populated place,6,188606,ne-ne_10m_populated_places
1159147423,Brunswick,不伦瑞克,-81.491652,31.149687,Q994144,USA,Georgia,Populated place,6,47085,ne-ne_10m_populated_places
1159147425,Augusta,奥古斯塔,-81.984981,33.460812,Q181962,USA,Georgia,Populated place,6,262332,ne-ne_10m_populated_places
1159147427,Vicksburg,维克斯堡,-90.877745,32.352481,Q493787,USA,Mississippi,Populated place,6,25701,ne-ne_10m_populated_places
1159147429,Myrtle Beach,默特尔比奇,-78.886978,33.688911,Q839805,USA,South Carolina,Populated place,6,49357,ne-ne_10m_populated_places
1159147433,Charleston,查尔斯顿,-79.992105,32.792377,Q47716,USA,South Carolina,Populated place,6,411940,ne-ne_10m_populated_places
1159147435,Peoria,皮奥里亚,-89.57868,40.68944,Q233129,USA,Illinois,Populated place,6,172308,ne-ne_10m_populated_places
1159147437,Evansville,埃文斯维尔,-87.555829,37.974696,Q486459,USA,Indiana,Populated place,6,174102,ne-ne_10m_populated_places
1159147439,Louisville,路易维尔,-85.75065,38.226963,Q43668,USA,Kentucky,Populated place,6,948000,ne-ne_10m_populated_places
1159147441,Lexington,列克星敦,-84.500021,38.050015,Q49241,USA,Kentucky,Populated place,6,264578,ne-ne_10m_populated_places
1159147443,Charlotte,夏洛特,-80.831984,35.20694,Q16565,USA,North Carolina,Populated place,6,995000,ne-ne_10m_populated_places
1159147445,Youngstown,扬斯敦,-80.649739,41.099699,Q216820,USA,Ohio,Populated place,6,311990,ne-ne_10m_populated_places
1159147447,Canton,坎顿,-81.378635,40.798865,Q491239,USA,Ohio,Populated place,6,258660,ne-ne_10m_populated_places
1159147451,Toledo,托莱多,-83.552976,41.639788,Q49239,USA,Ohio,Populated place,6,469924,ne-ne_10m_populated_places
1159147453,Columbus,哥伦布,-82.991956,39.98192,Q16567,USA,Ohio,Admin-1 capital,6,1270000,ne-ne_10m_populated_places
1159147455,Chattanooga,查塔努加,-85.250001,35.06999,Q186702,USA,Tennessee,Populated place,6,257589,ne-ne_10m_populated_places
1159147457,Charlottesville,夏洛特镇,-78.476926,38.029189,Q123766,USA,Virginia,Populated place,6,87925,ne-ne_10m_populated_places
1159147459,Lynchburg,林奇堡,-79.142467,37.413619,Q844012,USA,Virginia,Populated place,6,103893,ne-ne_10m_populated_places
1159147461,Wausau,沃索,-89.629992,44.959154,Q998675,USA,Wisconsin,Populated place,6,75422,ne-ne_10m_populated_places
1159147463,Albany,奥尔巴尼,-73.757553,42.653744,Q24861,USA,New York,Admin-1 capital,6,870716,ne-ne_10m_populated_places
1159147465,Ithaca,伊萨卡,-76.496943,42.440573,Q217346,USA,New York,Populated place,6,59930,ne-ne_10m_populated_places
1159147469,Harrisburg,哈里斯堡,-76.884749,40.2736,Q25280,USA,Pennsylvania,Admin-1 capital,6,528892,ne-ne_10m_populated_places
1159147471,La Esmeralda,拉埃斯梅拉達,-65.546604,3.173823,Q430374,VEN,Amazonas,Populated place,6,150,ne-ne_10m_populated_places
1159147473,Ciudad Bolívar,玻利瓦尔城,-63.600004,8.099982,Q26906,VEN,Bolívar,Admin-1 capital,6,338000,ne-ne_10m_populated_places
1159147475,El Dorado,埃爾多拉多,-61.633329,6.733296,Q5351162,VEN,Bol,Populated place,6,2383,ne-ne_10m_populated_places
1159147477,Maracay,马拉凯,-67.597753,10.248826,Q333928,VEN,Aragua,Populated place,6,1007000,ne-ne_10m_populated_places
1159147479,Bangor,班戈,-68.778345,44.801153,Q327012,USA,Maine,Populated place,6,50213,ne-ne_10m_populated_places
1159147481,Portland,波特蘭,-70.245527,43.672162,Q49201,USA,Maine,Populated place,6,135866,ne-ne_10m_populated_places
1159147483,Saginaw,塞基诺,-83.950829,43.41948,Q719,USA,Michigan,Populated place,6,121379,ne-ne_10m_populated_places
1159147487,Sfax,斯法克斯,10.720007,34.750035,Q46325,TUN,Sfax,Populated place,6,453050,ne-ne_10m_populated_places
1159147489,Sadah,萨达,43.849768,16.939779,Q991395,YEM,Sa`dah,Admin-1 capital,6,105542,ne-ne_10m_populated_places
1159147491,Al Hudaydah,荷台达,42.951029,14.799891,Q270041,YEM,Al Hudaydah,Admin-1 capital,6,780000,ne-ne_10m_populated_places
1159147493,Ketchikan,克奇坎,-131.66399,55.356219,Q43981,USA,Alaska,Populated place,6,9070,ne-ne_10m_populated_places
1159147495,Unalaska,乌纳拉斯卡,-166.531603,53.868584,Q79982,USA,Alaska,Populated place,6,3571,ne-ne_10m_populated_places
1159147497,Togiak,托贾克,-160.378323,59.070361,Q79258,USA,Alaska,Populated place,6,236,ne-ne_10m_populated_places
1159147499,Red Devil,雷德德維爾,-157.312527,61.760996,Q1866801,USA,Alaska,Populated place,6,25,ne-ne_10m_populated_places
1159147501,Hooper Bay,胡珀湾,-166.096565,61.531088,Q80144,USA,Alaska,Populated place,6,1079,ne-ne_10m_populated_places
1159147505,Wainwright,温赖特,-160.038304,70.636889,Q80033,USA,Alaska,Populated place,6,174,ne-ne_10m_populated_places
1159147507,Galena,格利纳,-156.926995,64.733295,Q79737,USA,Alaska,Populated place,6,500,ne-ne_10m_populated_places
1159147509,Kaktovik,卡克托维克,-143.602913,70.087856,Q79717,USA,Alaska,Populated place,6,101,ne-ne_10m_populated_places
1159147511,Skagway,史凯威,-135.313896,59.45832,Q615975,USA,Alaska,Populated place,6,955,ne-ne_10m_populated_places
1159147513,Cordova,科尔多瓦,-145.757496,60.542776,Q79607,USA,Alaska,Populated place,6,2257,ne-ne_10m_populated_places
1159147515,Kenai,基奈,-151.258013,60.554352,Q79422,USA,Alaska,Populated place,6,7610,ne-ne_10m_populated_places
1159147517,Fort Yukon,育空堡,-145.273779,66.564682,Q79408,USA,Alaska,Populated place,6,833,ne-ne_10m_populated_places
1159147519,Yalta,雅尔塔,34.159403,44.499311,Q128499,RUS,Crimea,Populated place,6,79509,ne-ne_10m_populated_places
1159147523,Chernobyl,切尔诺贝利,30.098876,51.389407,Q129677,UKR,Kiev,Historic place,6,0,ne-ne_10m_populated_places
1159147525,Sumy,苏梅,34.780864,50.924293,Q156752,UKR,Sumy,Admin-1 capital,6,294456,ne-ne_10m_populated_places
1159147527,Mariupol,马里乌波尔,37.556198,47.096181,Q37133,UKR,Donets'k,Populated place,6,481626,ne-ne_10m_populated_places
1159147529,Sayhut al Ghamirah,赛胡特加米拉,51.24544,15.210504,Q12217525,YEM,Al Mahrah,Populated place,6,189,ne-ne_10m_populated_places
1159147531,Al Mukalla,穆卡拉,49.125931,14.541165,Q310772,YEM,Hadramawt,Admin-1 capital,6,258132,ne-ne_10m_populated_places
1159147533,Daşoguz,达沙古兹,59.96496,41.83999,Q487672,TKM,Tashauz,Admin-1 capital,6,201424,ne-ne_10m_populated_places
1159147535,Urgentch,乌尔根奇,60.640009,41.559981,Q472925,UZB,Khorezm,Admin-1 capital,6,150110,ne-ne_10m_populated_places
1159147537,Phuket,普吉,98.381529,7.876533,Q844430,THA,Phuket,Admin-1 capital,6,141618,ne-ne_10m_populated_places
1159147541,Play Ku,波來古,108.000012,13.983292,Q30599,VNM,Gia Lai,Admin-1 capital,6,142900,ne-ne_10m_populated_places
1159147543,Nha Trang,芽庄,109.170018,12.250039,Q19491,VNM,Khánh Hòa,Admin-1 capital,6,411556,ne-ne_10m_populated_places
1159147545,Cam Ranh,金兰,109.220661,11.902024,Q33116,VNM,Khánh Hòa,Populated place,6,146771,ne-ne_10m_populated_places
1159147547,Qui Nhon,归仁,109.180043,13.779972,Q36081,VNM,Bình Ð?nh,Admin-1 capital,6,805290,ne-ne_10m_populated_places
1159147549,Hue,順化市社,107.580038,16.469988,Q36167,VNM,Th?a Thiên - Hu?,Admin-1 capital,6,950000,ne-ne_10m_populated_places
1159147551,Biên Hòa,边和,106.830058,10.970014,Q19316,VNM,Ðông Nam B?,Admin-1 capital,6,652646,ne-ne_10m_populated_places
1159147553,Can Tho,芹苴,105.770019,10.049993,Q216075,VNM,d?ng b?ng sông C?u Long,Admin-1 capital,6,1121000,ne-ne_10m_populated_places
1159147555,Mansa,曼萨,28.890009,-11.200002,Q997069,ZMB,Luapula,Admin-1 capital,6,42277,ne-ne_10m_populated_places
1159147559,Mpika,姆皮卡,31.459981,-11.830042,Q1004510,ZMB,Northern,Populated place,6,28445,ne-ne_10m_populated_places
1159147561,Mbala,姆巴拉,31.370013,-8.840043,Q1014108,ZMB,Northern,Populated place,6,20570,ne-ne_10m_populated_places
1159147563,Luanshya,卢安夏,28.400013,-13.133321,Q854109,ZMB,Copperbelt,Populated place,6,151993,ne-ne_10m_populated_places
1159147565,Ndola,恩多拉,28.650024,-12.999944,Q219671,ZMB,Copperbelt,Admin-1 capital,6,396339,ne-ne_10m_populated_places
1159147567,Zambezi,贊比西,23.109948,-13.540015,Q145470,ZMB,North-Western,Populated place,6,7074,ne-ne_10m_populated_places
1159147569,Kafue,喀辅埃河,28.180026,-15.780033,Q1022290,ZMB,Southern,Populated place,6,47554,ne-ne_10m_populated_places
1159147571,Mazabuka,馬札布卡,27.76,-15.860028,Q1859663,ZMB,Southern,Populated place,6,64006,ne-ne_10m_populated_places
1159147573,Hwange,万基,26.500026,-18.370004,Q1202229,ZWE,Matabeleland North,Populated place,6,33989,ne-ne_10m_populated_places
1159147577,Gweru,圭洛,29.82003,-19.450042,Q399316,ZWE,Midlands,Admin-1 capital,6,183358,ne-ne_10m_populated_places
1159147579,Mutare,穆塔雷,32.650038,-18.970019,Q399322,ZWE,Manicaland,Admin-1 capital,6,249365,ne-ne_10m_populated_places
1159147581,Kadoma,卡多马,29.909947,-18.330006,Q381560,ZWE,Mashonaland West,Populated place,6,79174,ne-ne_10m_populated_places
1159147583,Bacabal,巴卡巴尔,-44.799989,-4.229989,Q1807313,BRA,Maranhão,Populated place,6,72372,ne-ne_10m_populated_places
1159147585,Bragança,布拉甘萨,-46.769998,-1.050028,Q320487,BRA,Pará,Populated place,6,57163,ne-ne_10m_populated_places
1159147587,Óbidos,奧比杜什,-55.520007,-1.910027,Q577167,BRA,Pará,Populated place,6,27587,ne-ne_10m_populated_places
1159147589,Guajara-Miram,瓜亚拉米林,-65.349949,-10.800027,Q983810,BRA,Rondônia,Populated place,6,69586,ne-ne_10m_populated_places
1159147591,Porto Nacional,纳雄耐尔港,-48.419949,-10.700033,Q1784315,BRA,Tocantins,Populated place,6,9129,ne-ne_10m_populated_places
1159147595,Dourados,多拉杜斯,-54.809998,-22.230027,Q651874,BRA,Mato Grosso do Sul,Populated place,6,162202,ne-ne_10m_populated_places
1159147597,Governador Valadares,瓦拉达里斯州长,-41.970007,-18.870025,Q462218,BRA,Minas Gerais,Populated place,6,250878,ne-ne_10m_populated_places
1159147599,Pirapora,皮拉波拉,-44.929981,-17.330016,Q1756358,BRA,Minas Gerais,Populated place,6,60164,ne-ne_10m_populated_places
1159147601,Juiz de Fora,茹伊斯迪福拉,-43.374986,-21.770003,Q193019,BRA,Minas Gerais,Populated place,6,470193,ne-ne_10m_populated_places
1159147603,Santa Maria,圣玛丽亚,-53.800008,-29.683319,Q740833,BRA,Rio Grande do Sul,Populated place,6,249219,ne-ne_10m_populated_places
1159147605,Passo Fundo,帕索豐多,-52.419989,-28.250021,Q525647,BRA,Rio Grande do Sul,Populated place,6,179529,ne-ne_10m_populated_places
1159147607,Xapeco,沙佩科,-52.640028,-27.100014,Q817387,BRA,Santa Catarina,Populated place,6,160157,ne-ne_10m_populated_places
1159147609,Joinville,若茵维莱,-48.841895,-26.318012,Q156819,BRA,Santa Catarina,Populated place,6,988000,ne-ne_10m_populated_places
1159147613,Juazeiro do Norte,北茹阿泽鲁,-39.320014,-7.210013,Q817227,BRA,Ceará,Populated place,6,225230,ne-ne_10m_populated_places
1159147615,Nova Viçosa,新维索萨,-39.370011,-17.880008,Q1794050,BRA,Bahia,Populated place,6,55980,ne-ne_10m_populated_places
1159147617,Alagoinhas,阿拉戈伊尼亚斯,-38.429991,-12.139997,Q818261,BRA,Bahia,Populated place,6,124070,ne-ne_10m_populated_places
1159147619,Juazeiro,茹阿泽鲁,-40.499967,-9.420008,Q753044,BRA,Bahia,Populated place,6,95132,ne-ne_10m_populated_places
1159147621,Vitória,维多利亚,-40.353943,-20.332042,Q168376,BRA,Espírito Santo,Admin-1 capital,6,1704000,ne-ne_10m_populated_places
1159147623,João Pessoa,若昂佩索阿,-34.878017,-7.099189,Q167436,BRA,Paraíba,Admin-1 capital,6,956000,ne-ne_10m_populated_places
1159147625,Campina Grande,大坎皮纳,-35.880017,-7.230012,Q193016,BRA,Paraíba,Populated place,6,417261,ne-ne_10m_populated_places
1159147627,Nova Friburgo,新弗里堡,-42.54005,-22.259999,Q468563,BRA,Rio de Janeiro,Populated place,6,171991,ne-ne_10m_populated_places
1159147631,Brochet,布罗谢,-101.666596,57.883223,Q4972659,CAN,Manitoba,Populated place,6,278,ne-ne_10m_populated_places
1159147633,Lynn Lake,林莱克,-101.049967,56.85003,Q402571,CAN,Manitoba,Populated place,6,482,ne-ne_10m_populated_places
1159147635,Gillam,吉勒姆,-94.699967,56.349983,Q118259,CAN,Manitoba,Populated place,6,1281,ne-ne_10m_populated_places
1159147637,North Battleford,北巴特尔福德,-108.283349,52.766636,Q999654,CAN,Saskatchewan,Populated place,6,19440,ne-ne_10m_populated_places
1159147639,Prince Albert,艾伯特亲王城,-105.74999,53.20002,Q671431,CAN,Saskatchewan,Populated place,6,34609,ne-ne_10m_populated_places
1159147641,Courtenay,考特尼,-124.999978,49.683336,Q1017477,CAN,British Columbia,Populated place,6,32793,ne-ne_10m_populated_places
1159147643,Kelowna,基隆拿,-119.483312,49.899989,Q232226,CAN,British Columbia,Populated place,6,125109,ne-ne_10m_populated_places
1159147645,Pangnirtung,旁涅唐,-65.750028,66.133313,Q631747,CAN,Nunavut,Populated place,6,1320,ne-ne_10m_populated_places
1159147649,Holman,烏路卡托克,-117.749981,70.733368,Q718822,CAN,Northwest Territories,Populated place,6,500,ne-ne_10m_populated_places
1159147651,Mabaruma,马巴鲁马,-59.779979,8.199976,Q597458,GUY,Barima-Waini,Populated place,6,2972,ne-ne_10m_populated_places
1159147653,New Amsterdam,新阿姆斯特丹,-57.529987,6.250018,Q923811,GUY,Essequibo Islands-West Demerara,Populated place,6,46874,ne-ne_10m_populated_places
1159147655,Dryden,德赖登,-92.833336,49.78333,Q3040214,CAN,Ontario,Populated place,6,7862,ne-ne_10m_populated_places
1159147657,Attawapiskat,阿塔瓦皮斯基特,-82.433325,52.916627,Q1656303,CAN,Ontario,Populated place,6,1802,ne-ne_10m_populated_places
1159147659,Hamilton,哈密尔顿,-79.829996,43.249981,Q133116,CAN,Ontario,Populated place,6,721053,ne-ne_10m_populated_places
1159147661,Windsor,温莎,-83.036852,42.315457,Q182625,CAN,Ontario,Populated place,6,319246,ne-ne_10m_populated_places
1159147663,Trois-Rivières,三河城,-72.549949,46.349973,Q44012,CAN,Québec,Populated place,6,119693,ne-ne_10m_populated_places
1159147667,Sept-Îles,七岛,-66.360017,50.316088,Q141699,CAN,Québec,Populated place,6,25686,ne-ne_10m_populated_places
1159147669,Corner Brook,科纳布鲁克,-57.933348,48.949995,Q991363,CAN,Newfoundland and Labrador,Populated place,6,20791,ne-ne_10m_populated_places
1159147671,Ísafjörður,伊萨菲厄泽,-23.149967,66.083316,Q106896,ISL,Vestfirðir,Admin-1 capital,6,2534,ne-ne_10m_populated_places
1159147673,Akureyri,阿克雷里,-18.100017,65.666572,Q29042,ISL,Akureyri,Admin-1 capital,6,16563,ne-ne_10m_populated_places
1159147675,Keflavík,凯夫拉维克,-22.566592,64.016647,Q170693,ISL,Suðurnes,Admin-1 capital,6,7930,ne-ne_10m_populated_places
1159147677,Esquel,埃斯克爾,-71.316614,-42.900031,Q81656,ARG,Chubut,Populated place,6,20048,ne-ne_10m_populated_places
1159147679,Zapala,薩帕拉,-70.066664,-38.900017,Q147196,ARG,Neuqutn,Populated place,6,19152,ne-ne_10m_populated_places
1159147681,Cochabamba,科恰班巴,-66.169977,-17.410011,Q183124,BOL,Cochabamba,Admin-1 capital,6,1000000,ne-ne_10m_populated_places
1159147685,Olavarría,奥拉瓦里亚,-60.329997,-36.900036,Q1004149,ARG,Ciudad de Buenos Aires,Populated place,6,86320,ne-ne_10m_populated_places
1159147687,Tandil,坦迪尔,-59.150044,-37.32001,Q1000336,ARG,Ciudad de Buenos Aires,Populated place,6,104325,ne-ne_10m_populated_places
1159147689,Viedma,別德馬,-62.997545,-40.813197,Q44240,ARG,Ciudad de Buenos Aires,Admin-1 capital,6,59122,ne-ne_10m_populated_places
1159147691,San Luis,圣路易斯,-66.350018,-33.299997,Q44243,ARG,San Luis,Admin-1 capital,6,432310,ne-ne_10m_populated_places
1159147693,Río Cuarto,里奥夸尔托,-64.349985,-33.130033,Q983451,ARG,Córdoba,Populated place,6,153757,ne-ne_10m_populated_places
1159147695,San Salvador de Jujuy,圣萨尔瓦多-德胡胡伊,-65.30003,-24.183344,Q44217,ARG,Jujuy,Admin-1 capital,6,305891,ne-ne_10m_populated_places
1159147697,San Ramón de la Nueva Orán,奧蘭,-64.320012,-23.139997,Q1755283,ARG,Salta,Populated place,6,74059,ne-ne_10m_populated_places
1159147699,Goya,戈亞,-59.269985,-29.139993,Q55862,ARG,Corrientes,Populated place,6,72304,ne-ne_10m_populated_places
1159147703,Araçatuba,阿拉萨图巴,-50.450006,-21.209986,Q626835,BRA,São Paulo,Populated place,6,170024,ne-ne_10m_populated_places
1159147705,Antwerpen,安特卫普,4.413071,51.222319,Q12892,BEL,Antwerp,Admin-1 capital,6,920000,ne-ne_10m_populated_places
1159147707,Bamian,巴米扬,67.822732,34.813337,Q214495,AFG,Bamyan,Admin-1 capital,6,61863,ne-ne_10m_populated_places
1159147709,Baghlan,巴格蘭,68.699259,36.13933,Q732879,AFG,Baghlan,Admin-1 capital,6,218748,ne-ne_10m_populated_places
1159147711,Oruro,奥鲁罗,-67.129996,-17.97995,Q35246,BOL,Oruro,Admin-1 capital,6,246501,ne-ne_10m_populated_places
1159147713,Camiri,卡米里,-63.519984,-20.050005,Q1026256,BOL,Santa Cruz,Populated place,6,27961,ne-ne_10m_populated_places
1159147715,Eskişehir,埃斯基谢希尔,30.529961,39.794999,Q168866,TUR,Eskisehir,Admin-1 capital,6,514869,ne-ne_10m_populated_places
1159147717,Antalya,安塔利亚,30.69803,36.891928,Q6487,TUR,Antalya,Admin-1 capital,6,783000,ne-ne_10m_populated_places
1159147721,Kayseri,開塞利,35.49002,38.73496,Q48338,TUR,Kayseri,Admin-1 capital,6,592840,ne-ne_10m_populated_places
1159147723,Homyel,戈梅利,31.000009,52.430016,Q2678,BLR,Homyel',Admin-1 capital,6,480951,ne-ne_10m_populated_places
1159147725,Tennant Creek,滕南特克里克,134.200015,-19.650029,Q18015,AUS,Northern Territory,Populated place,6,3889,ne-ne_10m_populated_places
1159147727,Yulara,尤拉拉,130.988893,-25.240541,Q18042,AUS,Northern Territory,Populated place,6,930,ne-ne_10m_populated_places
1159147729,Erldunda,厄爾丹達,133.199973,-25.233306,Q1355371,AUS,Northern Territory,Populated place,6,10,ne-ne_10m_populated_places
1159147731,Norseman,诺斯曼,121.766614,-32.200013,Q1016823,AUS,Western Australia,Populated place,6,1004,ne-ne_10m_populated_places
1159147733,Halls Creek,霍尔斯克里克,127.671245,-18.222685,Q992686,AUS,Western Australia,Populated place,6,1209,ne-ne_10m_populated_places
1159147735,Kununurra,库努纳拉,128.73332,-15.766597,Q1110973,AUS,Western Australia,Populated place,6,5679,ne-ne_10m_populated_places
1159147739,Derby,德比,123.642151,-17.311816,Q1018373,AUS,Western Australia,Populated place,6,3199,ne-ne_10m_populated_places
1159147741,Onslow,昂斯洛,115.096296,-21.657594,Q2024620,AUS,Western Australia,Populated place,6,573,ne-ne_10m_populated_places
1159147743,Exmouth,埃克斯茅斯,114.123347,-21.9311,Q1383990,AUS,Western Australia,Populated place,6,1085,ne-ne_10m_populated_places
1159147745,Carnarvon,卡納芬,113.650107,-24.899838,Q1021880,AUS,Western Australia,Populated place,6,7392,ne-ne_10m_populated_places
1159147747,Newman,纽曼,119.733301,-23.366598,Q651074,AUS,Western Australia,Populated place,6,5138,ne-ne_10m_populated_places
1159147749,Meekatharra,米卡萨拉,118.4833,-26.599993,Q581029,AUS,Western Australia,Populated place,6,654,ne-ne_10m_populated_places
1159147751,Three Springs,三泉村,115.749978,-29.533302,Q3990873,AUS,Western Australia,Populated place,6,190,ne-ne_10m_populated_places
1159147753,Manjimup,曼吉马普,116.150006,-34.233325,Q1890499,AUS,Western Australia,Populated place,6,4240,ne-ne_10m_populated_places
1159147757,Northam,诺瑟姆,116.653386,-31.656583,Q478147,AUS,Western Australia,Populated place,6,5855,ne-ne_10m_populated_places
1159147759,Esperance,埃斯佩兰斯,121.888897,-33.857307,Q1007665,AUS,Western Australia,Populated place,6,7888,ne-ne_10m_populated_places
1159147761,Leonara,利奥诺拉,121.328036,-28.881507,Q985161,AUS,Western Australia,Populated place,6,227,ne-ne_10m_populated_places
1159147763,Laverton,拉弗顿,122.404043,-28.627001,Q1002750,AUS,Western Australia,Populated place,6,316,ne-ne_10m_populated_places
1159147765,Wyndham,温德姆,128.224323,-15.594525,Q477835,AUS,Western Australia,Populated place,6,800,ne-ne_10m_populated_places
1159147767,Albury,奥尔伯里,146.920014,-36.060035,Q331764,AUS,New South Wales,Populated place,6,104258,ne-ne_10m_populated_places
1159147769,Forster-Tuncurry,福尔斯特,152.526648,-32.19314,Q581879,AUS,New South Wales,Populated place,6,17591,ne-ne_10m_populated_places
1159147771,Port Macquarie,麦觉理港,152.918666,-31.44502,Q606153,AUS,New South Wales,Populated place,6,48547,ne-ne_10m_populated_places
1159147775,Tamworth,塔姆沃思,150.917134,-31.102612,Q1434796,AUS,New South Wales,Populated place,6,38551,ne-ne_10m_populated_places
1159147777,Grafton,格拉夫顿,152.937683,-29.711999,Q1025587,AUS,New South Wales,Populated place,6,9955,ne-ne_10m_populated_places
1159147779,Moree,莫里,149.830069,-29.469895,Q187859,AUS,New South Wales,Populated place,6,8203,ne-ne_10m_populated_places
1159147781,Goondiwindi,贡迪温迪,150.325284,-28.554809,Q1021725,AUS,New South Wales,Populated place,6,4251,ne-ne_10m_populated_places
1159147783,Lismore,利斯莫尔,153.293113,-28.816653,Q35001,AUS,New South Wales,Populated place,6,31430,ne-ne_10m_populated_places
1159147785,Wollongong,卧龙岗,150.890004,-34.415381,Q187861,AUS,New South Wales,Populated place,6,260914,ne-ne_10m_populated_places
1159147787,Ceduna,塞杜纳,133.662267,-32.099135,Q200777,AUS,South Australia,Populated place,6,1586,ne-ne_10m_populated_places
1159147789,Mount Gambier,芒特甘比尔,140.765041,-37.831348,Q327348,AUS,South Australia,Populated place,6,23209,ne-ne_10m_populated_places
1159147793,Port Augusta,奥古斯塔港,137.77003,-32.490021,Q606288,AUS,South Australia,Populated place,6,13897,ne-ne_10m_populated_places
1159147795,Warrnambool,華南布爾,142.470001,-38.379997,Q705867,AUS,Victoria,Populated place,6,29928,ne-ne_10m_populated_places
1159147797,Mildura,米尔杜拉,142.151364,-34.185008,Q705829,AUS,Victoria,Populated place,6,47867,ne-ne_10m_populated_places
1159147799,Geelong,吉朗,144.395634,-38.167495,Q231765,AUS,Victoria,Populated place,6,160991,ne-ne_10m_populated_places
1159147801,Camooweal,卡穆威尔,138.116675,-19.916731,Q776796,AUS,Queensland,Populated place,6,187,ne-ne_10m_populated_places
1159147803,Quilpie,奎尔皮,144.250048,-26.616633,Q985751,AUS,Queensland,Populated place,6,560,ne-ne_10m_populated_places
1159147805,Charleville,查尔维尔,146.250029,-26.400005,Q656048,AUS,Queensland,Populated place,6,1900,ne-ne_10m_populated_places
1159147807,Hughenden,休恩登,144.200025,-20.850008,Q1019361,AUS,Queensland,Populated place,6,421,ne-ne_10m_populated_places
1159147811,Caloundra,卡拉德拉,153.13333,-26.800032,Q536567,AUS,Queensland,Populated place,6,38706,ne-ne_10m_populated_places
1159147813,Roma,罗马,148.790701,-26.559375,Q2063327,AUS,Queensland,Populated place,6,5496,ne-ne_10m_populated_places
1159147815,Toowoomba,图文巴,151.95552,-27.564533,Q478302,AUS,Queensland,Populated place,6,92800,ne-ne_10m_populated_places
1159147817,Georgetown,乔治敦,143.533296,-18.300034,Q182262,AUS,Queensland,Populated place,6,818,ne-ne_10m_populated_places
1159147819,Thargomindah,萨戈明达,143.816689,-27.999959,Q7710771,AUS,Queensland,Populated place,6,203,ne-ne_10m_populated_places
1159147821,Weipa,韦帕,141.866627,-12.666631,Q1026439,AUS,Queensland,Populated place,6,2830,ne-ne_10m_populated_places
1159147823,Karumba,卡兰巴,140.833409,-17.48334,Q678093,AUS,Queensland,Populated place,6,173,ne-ne_10m_populated_places
1159147825,Cloncurry,克朗克里,140.499992,-20.699991,Q664060,AUS,Queensland,Populated place,6,1202,ne-ne_10m_populated_places
1159147829,Maryborough,玛丽伯勒,152.7209,-25.549101,Q377975,AUS,Queensland,Populated place,6,20678,ne-ne_10m_populated_places
1159147831,Bundaberg,班德堡,152.350897,-24.879064,Q185404,AUS,Queensland,Populated place,6,52472,ne-ne_10m_populated_places
1159147833,Gladstone,格拉德斯通,151.246726,-23.853339,Q705699,AUS,Queensland,Populated place,6,30489,ne-ne_10m_populated_places
1159147835,Bowen,鮑恩,148.208669,-20.001326,Q895407,AUS,Queensland,Populated place,6,10983,ne-ne_10m_populated_places
1159147837,Innisfail,因尼斯费尔,146.038672,-17.531347,Q690795,AUS,Queensland,Populated place,6,10143,ne-ne_10m_populated_places
1159147839,Mackay,麦凯,149.150007,-21.143892,Q704371,AUS,Queensland,Populated place,6,75922,ne-ne_10m_populated_places
1159147841,Burnie,伯尔尼,145.916664,-41.066603,Q175262,AUS,Tasmania,Populated place,6,19972,ne-ne_10m_populated_places
1159147843,Launceston,朗瑟士敦,147.130182,-41.449836,Q339527,AUS,Tasmania,Populated place,6,72458,ne-ne_10m_populated_places
1159147847,Lerwick,勒威克,-1.149992,60.150035,Q213485,GBR,Aberdeen,Populated place,6,6594,ne-ne_10m_populated_places
1159147849,Gaziantep,加济安泰普,37.383048,37.07693,Q93338,TUR,Gaziantep,Admin-1 capital,6,1044000,ne-ne_10m_populated_places
1159147851,Rangpur,朗布尔,89.280018,25.750016,Q994514,BGD,Rajshahi,Populated place,6,285564,ne-ne_10m_populated_places
1159147853,Bago,勃固,96.514977,17.320014,Q800122,MMR,Bago,Admin-1 capital,6,284318,ne-ne_10m_populated_places
1159147855,Pyu,彪关,96.437876,18.477876,Q7263956,MMR,Bago,Populated place,6,40386,ne-ne_10m_populated_places
1159147857,Pyay,卑谬镇,95.211439,18.81646,Q691747,MMR,Bago,Populated place,6,135308,ne-ne_10m_populated_places
1159147859,Magway,馬圭,94.91957,20.144544,Q957326,MMR,Magway,Admin-1 capital,6,125973,ne-ne_10m_populated_places
1159147861,Myitkyina,密支那,97.392753,25.359627,Q1062370,MMR,Kachin,Admin-1 capital,6,139100,ne-ne_10m_populated_places
1159147865,Monywa,蒙育瓦,95.149996,22.104993,Q1360304,MMR,Sagaing,Populated place,6,226222,ne-ne_10m_populated_places
1159147867,Valladolid,巴利亚多利德,-4.750031,41.650002,Q8356,ESP,Castilla y León,Admin-1 capital,6,322304,ne-ne_10m_populated_places
1159147869,Dosso,多索,3.200001,13.050016,Q985620,NER,Dosso,Admin-1 capital,6,49750,ne-ne_10m_populated_places
1159147871,Homs,霍姆斯,36.718076,34.731905,Q131301,SYR,Homs (Hims),Populated place,6,1005000,ne-ne_10m_populated_places
1159147873,Aweil,阿維爾,27.400022,8.766557,Q791685,SSD,North Bahr-al-Ghazal,Admin-1 capital,6,46705,ne-ne_10m_populated_places
1159147875,Tokar,陶卡尔,37.733293,18.433331,Q1010754,SDN,Red Sea,Populated place,6,73202,ne-ne_10m_populated_places
1159147877,Linköping,林雪平,15.62994,58.410012,Q25413,SWE,Östergötland,Admin-1 capital,6,96732,ne-ne_10m_populated_places
1159147879,Östersund,厄斯特松德,14.65,63.183313,Q26515,SWE,Jämtland,Admin-1 capital,6,46178,ne-ne_10m_populated_places
1159147883,Kiruna,基律纳,20.216636,67.850004,Q83232,SWE,Norrbotten,Populated place,6,18154,ne-ne_10m_populated_places
1159147885,Umeå,于默奧,20.239994,63.829991,Q25579,SWE,Västerbotten,Admin-1 capital,6,78197,ne-ne_10m_populated_places
1159147887,Uppsala,乌普萨拉,17.639998,59.860053,Q25286,SWE,Uppsala,Admin-1 capital,6,133117,ne-ne_10m_populated_places
1159147889,Cluj-Napoca,克卢日-纳波卡,23.598446,46.788422,Q100188,ROU,Cluj,Admin-1 capital,6,316748,ne-ne_10m_populated_places
1159147891,Nakhon Si Thammarat,那空是贪玛叻,99.970011,8.39999,Q1012424,THA,Nakhon Si Thammarat,Admin-1 capital,6,232335,ne-ne_10m_populated_places
1159147893,Songkhla,宋卡,100.560001,7.209959,Q795595,THA,Songkhla (Songkhla Lake),Admin-1 capital,6,48616,ne-ne_10m_populated_places
1159147895,Hat Yai,合艾,100.471428,6.996432,Q651286,THA,Songkhla,Populated place,6,317954,ne-ne_10m_populated_places
1159147897,Nakhon Sawan,那空沙旺,100.070005,15.700035,Q1012434,THA,Nakhon Sawan,Admin-1 capital,6,111915,ne-ne_10m_populated_places
1159147901,Ubon Ratchathani,乌汶叻差他尼,104.830025,15.249959,Q132179,THA,Ubon Ratchathani,Admin-1 capital,6,273893,ne-ne_10m_populated_places
1159147903,Paita,派塔,-81.12002,-5.089988,Q1026270,PER,Piura,Populated place,6,56151,ne-ne_10m_populated_places
1159147905,Talara,塔拉拉,-81.279985,-4.579993,Q723584,PER,Piura,Populated place,6,99074,ne-ne_10m_populated_places
1159147907,Tumbes,通贝斯,-80.459983,-3.570029,Q827640,PER,Tumbes,Admin-1 capital,6,109223,ne-ne_10m_populated_places
1159147909,Puerto Maldonado,馬爾多納多港,-69.183333,-12.60002,Q541435,PER,Madre de Dios,Admin-1 capital,6,67155,ne-ne_10m_populated_places
1159147911,Ilo,伊洛,-71.340023,-17.640023,Q1000341,PER,Moquegua,Populated place,6,53476,ne-ne_10m_populated_places
1159147913,Moquegua,莫克瓜,-70.939996,-17.189973,Q1000346,PER,Moquegua,Admin-1 capital,6,54517,ne-ne_10m_populated_places
1159147915,Huaraz,瓦拉斯,-77.530007,-9.530027,Q793809,PER,Ancash,Admin-1 capital,6,86934,ne-ne_10m_populated_places
1159147919,Cajamarca,卡哈马卡,-78.530023,-7.150017,Q205119,PER,Cajamarca,Admin-1 capital,6,142665,ne-ne_10m_populated_places
1159147921,Huánuco,瓦努科,-76.240008,-9.920029,Q504394,PER,Huánuco,Admin-1 capital,6,158145,ne-ne_10m_populated_places
1159147923,Pacasmayo,帕卡斯马约,-79.570606,-7.400648,Q1279608,PER,La Libertad,Populated place,6,39282,ne-ne_10m_populated_places
1159147925,Salaverry,薩拉維裏,-78.989995,-8.220029,Q7403730,PER,La Libertad,Populated place,6,10066,ne-ne_10m_populated_places
1159147927,Gueppi,圭皮,-75.229967,-0.116596,,PER,Loreto,Populated place,6,10,ne-ne_10m_populated_places
1159147929,Contamana,孔塔马纳,-75.019979,-7.340031,Q3317773,PER,Loreto,Populated place,6,18921,ne-ne_10m_populated_places
1159147931,Huancavelica,万卡韦利卡,-74.990007,-12.790035,Q1000333,PER,Huancavelica,Admin-1 capital,6,44388,ne-ne_10m_populated_places
1159147933,Pisco,皮斯科,-76.219984,-13.71003,Q290504,PER,Ica,Populated place,6,81207,ne-ne_10m_populated_places
1159147937,Nasca,纳斯卡,-74.94001,-14.830013,Q1711521,PER,Ica,Populated place,6,23556,ne-ne_10m_populated_places
1159147939,Filadelfia,菲拉德尔菲亚,-60.02999,-22.339994,Q733744,PRY,Boquerón,Populated place,6,10470,ne-ne_10m_populated_places
1159147941,Bluefields,布盧菲爾茲,-83.764949,11.999977,Q885996,NIC,Atlántico Sur,Admin-1 capital,6,44373,ne-ne_10m_populated_places
1159147943,Melilla,梅利利亚,-2.950011,35.300002,Q5831,ESP,Melilla,Admin-1 capital,6,141308,ne-ne_10m_populated_places
1159147945,Funchal,丰沙尔,-16.88004,32.649983,Q25444,PRT,Madeira,Admin-0 region capital,6,204767,ne-ne_10m_populated_places
1159147947,Bo,博城,-11.740018,7.970016,Q844878,SLE,Southern,Admin-1 capital,6,174354,ne-ne_10m_populated_places
1159147949,Ziguinchor,济金绍尔,-16.289998,12.589992,Q202776,SEN,Ziguinchor,Admin-1 capital,6,191716,ne-ne_10m_populated_places
1159147951,Arlit,阿爾利特,7.389005,18.736339,Q675806,NER,Agadez,Populated place,6,100000,ne-ne_10m_populated_places
1159147955,Djado,贾多,12.307507,21.014982,Q11856188,NER,Agadez,Populated place,6,10,ne-ne_10m_populated_places
1159147957,Palma,帕尔马,2.654246,39.574263,Q8826,ESP,Islas Baleares,Admin-1 capital,6,375773,ne-ne_10m_populated_places
1159147959,Al Wajh,沃季赫,36.463552,26.232416,Q27251,SAU,Tabuk,Populated place,6,43237,ne-ne_10m_populated_places
1159147961,Rumbek,倫貝克,29.683294,6.80001,Q607336,SSD,Lakes,Admin-1 capital,6,32083,ne-ne_10m_populated_places
1159147963,Yambio,延比奥,28.416343,4.570534,Q986355,SSD,West Equatoria,Admin-1 capital,6,40382,ne-ne_10m_populated_places
1159147965,Bor,波爾,31.559148,6.207204,Q893274,SSD,Jungoli,Admin-1 capital,6,26782,ne-ne_10m_populated_places
1159147967,Medani,瓦德迈达尼,33.52001,14.399959,Q852528,SDN,Gezira,Admin-1 capital,6,332714,ne-ne_10m_populated_places
1159147969,Gedaref,加达里夫,35.38,14.039981,Q311199,SDN,Gedarif,Admin-1 capital,6,201282,ne-ne_10m_populated_places
1159147973,Ad-Damir,达迈尔,33.959984,17.589972,Q311312,SDN,River Nile,Admin-1 capital,6,103941,ne-ne_10m_populated_places
1159147975,Atbarah,阿特巴拉,33.979982,17.70999,Q753906,SDN,River Nile,Populated place,6,168612,ne-ne_10m_populated_places
1159147977,Wadi Halfa,瓦迪哈勒法,31.349962,21.800025,Q740865,SDN,Northern,Populated place,6,17121,ne-ne_10m_populated_places
1159147979,Merowe,麦洛维,31.816652,18.483302,Q2784541,SDN,Northern,Populated place,6,10234,ne-ne_10m_populated_places
1159147981,Kosti,科斯提,32.660011,13.169983,Q587715,SDN,White Nile,Admin-1 capital,6,345068,ne-ne_10m_populated_places
1159147983,Sennar,森納爾,33.600006,13.54996,Q611867,SDN,Sennar,Populated place,6,130122,ne-ne_10m_populated_places
1159147985,El Fasher,法希尔,25.350018,13.629981,Q311204,SDN,Northern Darfur,Admin-1 region capital,6,252609,ne-ne_10m_populated_places
1159147987,Kadugli,卡杜格利,29.700037,11.00996,Q1011819,SDN,South Kordufan,Admin-1 capital,6,176931,ne-ne_10m_populated_places
1159147991,Abha,艾卜哈,42.500134,18.230087,Q190948,SAU,`Asir,Admin-1 capital,6,210886,ne-ne_10m_populated_places
1159147993,Jizan,吉赞,42.556565,16.906551,Q27660,SAU,Jizan,Admin-1 capital,6,105198,ne-ne_10m_populated_places
1159147995,Nimule,尼穆萊,32.050023,3.599999,Q1992727,SSD,East Equatoria,Populated place,6,242,ne-ne_10m_populated_places
1159147997,Molde,莫尔德,7.183324,62.7483,Q104095,NOR,Møre og Romsdal,Admin-1 capital,6,18594,ne-ne_10m_populated_places
1159147999,Lillehammer,利勒哈默尔,10.50002,61.133283,Q101341,NOR,Oppland,Admin-1 capital,6,19542,ne-ne_10m_populated_places
1159148001,Kirkenes,希尔克内斯,30.051643,69.725006,Q209423,NOR,Finnmark,Populated place,6,3282,ne-ne_10m_populated_places
1159148003,As Sulayyil,蘇萊伊邁,45.572246,20.462251,Q27221,SAU,Ar Riyad,Populated place,6,24097,ne-ne_10m_populated_places
1159148005,De Aar,德阿尔,24.000023,-30.649978,Q743069,ZAF,Northern Cape,Populated place,6,32318,ne-ne_10m_populated_places
1159148009,Alexander Bay,亞歷山大灣,16.503323,-28.608345,Q1856529,ZAF,Northern Cape,Populated place,6,1500,ne-ne_10m_populated_places
1159148011,Kimberley,金伯利,24.770002,-28.746838,Q125905,ZAF,Northern Cape,Admin-1 capital,6,165264,ne-ne_10m_populated_places
1159148013,Oudtshoorn,奥茨胡恩,22.190004,-33.580032,Q951049,ZAF,Western Cape,Populated place,6,76708,ne-ne_10m_populated_places
1159148015,Vanhynsdorp,范伦斯多普,18.733316,-31.616637,Q943414,ZAF,Western Cape,Populated place,6,3331,ne-ne_10m_populated_places
1159148017,Saldanha,萨尔达尼亚,17.930006,-33.010041,Q1643816,ZAF,Western Cape,Populated place,6,68284,ne-ne_10m_populated_places
1159148019,Mossel Bay,莫塞尔贝,22.130008,-34.170021,Q995615,ZAF,Western Cape,Populated place,6,16743,ne-ne_10m_populated_places
1159148021,Chimoio,希莫尤,33.470039,-19.120036,Q638509,MOZ,Manica,Admin-1 capital,6,256936,ne-ne_10m_populated_places
1159148023,Lichinga,利欣加,35.240009,-13.300029,Q667650,MOZ,Nassa,Admin-1 capital,6,109839,ne-ne_10m_populated_places
1159148027,Angoche,安戈謝,39.910008,-16.230031,Q541656,MOZ,Nampula,Populated place,6,57835,ne-ne_10m_populated_places
1159148029,Mocambique,莫桑比克岛,40.682184,-15.039899,Q331099,MOZ,Nampula,Populated place,6,54315,ne-ne_10m_populated_places
1159148031,Vryburg,弗雷堡,24.730004,-26.960022,Q1027291,ZAF,North West,Populated place,6,49588,ne-ne_10m_populated_places
1159148033,Rustenburg,勒斯滕堡,27.240032,-25.650025,Q182049,ZAF,North West,Populated place,6,165976,ne-ne_10m_populated_places
1159148035,Mmabatho,姆馬巴托,25.610002,-25.830014,Q358762,ZAF,North West,Admin-1 capital,6,104428,ne-ne_10m_populated_places
1159148037,Klerksdorp,克莱克斯多普,26.620018,-26.880027,Q1015647,ZAF,North West,Populated place,6,178921,ne-ne_10m_populated_places
1159148039,Kroonstad,克龙斯塔德,27.210008,-27.660031,Q264014,ZAF,Orange Free State,Populated place,6,103992,ne-ne_10m_populated_places
1159148041,Polokwane,波罗克瓦尼,29.450026,-23.890029,Q131662,ZAF,Limpopo,Admin-1 capital,6,220045,ne-ne_10m_populated_places
1159148045,Thohoyandou,托霍延杜,30.480041,-22.950035,Q1025654,ZAF,Limpopo,Populated place,6,269707,ne-ne_10m_populated_places
1159148047,Musina,穆西纳,30.029991,-22.339994,Q1025661,ZAF,Limpopo,Populated place,6,20191,ne-ne_10m_populated_places
1159148049,Vryheid,弗莱海德,30.789996,-27.760025,Q1023254,ZAF,KwaZulu-Natal,Populated place,6,150012,ne-ne_10m_populated_places
1159148051,Pietermaritzburg,彼得马里茨堡,30.390021,-29.610042,Q185591,ZAF,KwaZulu-Natal,Admin-1 capital,6,750845,ne-ne_10m_populated_places
1159148053,Wewak,韦瓦克,143.6367,-3.553492,Q1017763,PNG,East Sepik,Admin-1 capital,6,25143,ne-ne_10m_populated_places
1159148055,Madang,马当,145.785251,-5.224812,Q586673,PNG,Madang,Admin-1 capital,6,62023,ne-ne_10m_populated_places
1159148057,Kavieng,卡维恩,150.812976,-2.581284,Q1017358,PNG,New Ireland,Admin-1 capital,6,19728,ne-ne_10m_populated_places
1159148059,Puerto Armuelles,阿穆埃耶斯港,-82.870017,8.280023,Q3130855,PAN,Chiriquí,Populated place,6,27147,ne-ne_10m_populated_places
1159148063,Tangier,丹吉尔,-5.806198,35.775925,Q126148,MAR,Tanger - Tétouan,Admin-1 capital,6,750060,ne-ne_10m_populated_places
1159148065,Agadir,阿加迪尔,-9.620044,30.439988,Q170525,MAR,Souss - Massa - Draâ,Admin-1 capital,6,825467,ne-ne_10m_populated_places
1159148067,Inhambane,伊尼扬巴内,35.339818,-23.85804,Q456577,MOZ,Inhambane,Admin-1 capital,6,115776,ne-ne_10m_populated_places
1159148069,Umtata,乌姆塔塔,28.790015,-31.579999,Q1020914,ZAF,Eastern Cape,Populated place,6,137772,ne-ne_10m_populated_places
1159148071,Graaff Reinet,格拉夫-里内特,24.540042,-32.300007,Q1004667,ZAF,Eastern Cape,Populated place,6,62896,ne-ne_10m_populated_places
1159148073,Bhisho,比绍,27.389997,-32.869997,Q209533,ZAF,Eastern Cape,Admin-1 capital,6,160997,ne-ne_10m_populated_places
1159148075,Baydhabo,拜多亚,43.649986,3.119976,Q506578,SOM,Bay,Admin-1 capital,6,129839,ne-ne_10m_populated_places
1159148077,Marka,木鲁旰,44.768896,1.719949,Q657428,SOM,Shabeellaha Hoose,Admin-1 capital,6,1958,ne-ne_10m_populated_places
1159148081,Provideniya,普羅維杰尼亞,-173.225794,64.423495,Q1014296,RUS,Chukchi Autonomous Okrug,Populated place,6,2536,ne-ne_10m_populated_places
1159148083,Uelen,乌厄连,-169.810584,66.154139,Q860712,RUS,Chukchi Autonomous Okrug,Populated place,6,776,ne-ne_10m_populated_places
1159148085,Kandalaksha,坎达拉克沙,32.414393,67.164336,Q144264,RUS,Murmansk,Populated place,6,38126,ne-ne_10m_populated_places
1159148087,Vyborg,维堡,28.754927,60.703877,Q14657,RUS,Leningrad,Populated place,6,117201,ne-ne_10m_populated_places
1159148089,Kondopoga,孔多波加,34.288697,62.208721,Q155108,RUS,Karelia,Populated place,6,34360,ne-ne_10m_populated_places
1159148091,Rusanovo,鲁萨诺沃,56.372291,70.598074,,RUS,Arkhangel'sk,Populated place,6,10,ne-ne_10m_populated_places
1159148093,Mezen,梅津,44.240028,65.85222,Q158775,RUS,Arkhangel'sk,Populated place,6,3672,ne-ne_10m_populated_places
1159148095,Velsk,韦利斯克,42.09742,61.067395,Q132972,RUS,Arkhangel'sk,Populated place,6,26300,ne-ne_10m_populated_places
1159148099,Kotlas,科特拉斯,46.663084,61.263068,Q155455,RUS,Arkhangel'sk,Populated place,6,59879,ne-ne_10m_populated_places
1159148101,Onega,奥涅加,38.077148,63.927143,Q176592,RUS,Arkhangel'sk,Populated place,6,22693,ne-ne_10m_populated_places
1159148103,Ivanovo,伊万诺沃,41.009993,57.01002,Q2630,RUS,Ivanovo,Admin-1 capital,6,420839,ne-ne_10m_populated_places
1159148105,Kostroma,科斯特羅馬,40.940023,57.770026,Q2592,RUS,Kostroma,Admin-1 capital,6,277656,ne-ne_10m_populated_places
1159148107,Velikiy Ustyug,大乌斯秋格,46.298662,60.768706,Q111048,RUS,Vologda,Populated place,6,33237,ne-ne_10m_populated_places
1159148109,Lipetsk,利佩茨克,39.639999,52.620004,Q3490,RUS,Lipetsk,Admin-1 capital,6,515655,ne-ne_10m_populated_places
1159148111,Orel,奥廖尔,36.069984,52.969957,Q3118,RUS,Orel,Admin-1 capital,6,334552,ne-ne_10m_populated_places
1159148113,Volgodonsk,伏尔加顿斯克,42.159948,47.50998,Q133175,RUS,Rostov,Populated place,6,167731,ne-ne_10m_populated_places
1159148117,Belgorod,别尔哥罗德,36.599926,50.629996,Q3323,RUS,Belgorod,Admin-1 capital,6,345289,ne-ne_10m_populated_places
1159148119,Novorossiysk,新罗西斯克,37.769932,44.729969,Q15760,RUS,Krasnodar,Populated place,6,241856,ne-ne_10m_populated_places
1159148121,Vladimir,弗拉基米尔,40.409926,56.12997,Q2684,RUS,Vladimir,Admin-1 capital,6,318648,ne-ne_10m_populated_places
1159148123,Birsk,比尔斯克,55.544351,55.42438,Q105133,RUS,Bashkortostan,Populated place,6,41014,ne-ne_10m_populated_places
1159148125,Zlatoust,兹拉托乌斯特,59.649992,55.17499,Q140087,RUS,Chelyabinsk,Populated place,6,191366,ne-ne_10m_populated_places
1159148127,Amderma,阿姆傑爾馬,61.667698,69.763014,Q460396,RUS,Nenets,Populated place,6,282,ne-ne_10m_populated_places
1159148129,Naryan Mar,纳里扬马尔,53.057423,67.647407,Q2174,RUS,Nenets,Admin-1 capital,6,21658,ne-ne_10m_populated_places
1159148131,Inta,因塔,60.167428,66.037428,Q142996,RUS,Komi,Populated place,6,22921,ne-ne_10m_populated_places
1159148135,Usinsk,乌辛斯克,57.402997,65.923042,Q196904,RUS,Komi,Populated place,6,45000,ne-ne_10m_populated_places
1159148137,Pechora,伯朝拉,57.208745,65.158748,Q179387,RUS,Komi,Populated place,6,46113,ne-ne_10m_populated_places
1159148139,Pervouralsk,第一乌拉尔斯克,59.955038,56.910026,Q19157,RUS,Sverdlovsk,Populated place,6,133600,ne-ne_10m_populated_places
1159148141,Izhevsk,伊热夫斯克,53.230022,56.85003,Q5426,RUS,Udmurt,Admin-1 capital,6,631038,ne-ne_10m_populated_places
1159148143,Akhtubinsk,阿赫图宾斯克,46.168696,48.278718,Q104201,RUS,Astrakhan',Populated place,6,44551,ne-ne_10m_populated_places
1159148145,Elista,埃利斯塔,44.208712,46.328657,Q3977,RUS,Kalmyk,Admin-1 capital,6,106971,ne-ne_10m_populated_places
1159148147,Krasnoarmeysk,红军城,45.697407,51.017389,Q155553,RUS,Saratov,Populated place,6,25841,ne-ne_10m_populated_places
1159148149,Nizwa,尼兹瓦,57.531413,22.92639,Q1915327,OMN,Ad Dakhliyah,Populated place,6,72076,ne-ne_10m_populated_places
1159148153,Sur,苏尔,59.534805,22.575817,Q737270,OMN,Ash Sharqiyah,Populated place,6,71152,ne-ne_10m_populated_places
1159148155,Mereeg,梅里格,47.299996,3.766578,Q577123,SOM,Galguduud,Populated place,6,548,ne-ne_10m_populated_places
1159148157,Beledweyne,貝萊德文,45.200021,4.739981,Q815370,SOM,Hiiraan,Admin-1 capital,6,62945,ne-ne_10m_populated_places
1159148159,Boosaaso,博萨索,49.179985,11.280021,Q331556,SOM,Bari,Admin-1 capital,6,46969,ne-ne_10m_populated_places
1159148161,Bandarbeyla,貝拉,50.816681,9.483309,Q2737490,SOM,Bari,Populated place,6,13753,ne-ne_10m_populated_places
1159148163,Gaalkacyo,加勒卡约,47.430014,6.76996,Q865586,SOM,Mudug,Admin-1 capital,6,61200,ne-ne_10m_populated_places
1159148165,Eyl,埃爾,49.833278,7.983349,Q1019060,SOM,Nugaal,Populated place,6,18904,ne-ne_10m_populated_places
1159148167,Garoowe,加洛威,48.500026,8.39999,Q822679,SOM,Nugaal,Admin-1 capital,6,2568,ne-ne_10m_populated_places
1159148171,Anuradhapura,阿努拉德普勒,80.3833,8.349993,Q5724,LKA,Anuradhapura,Admin-1 capital,6,118302,ne-ne_10m_populated_places
1159148173,Jaffna,賈夫納,80.005028,9.675002,Q215277,LKA,Jaffna,Populated place,6,250000,ne-ne_10m_populated_places
1159148175,Bacolod,描戈律,122.981682,10.631688,Q5217,PHL,Negros Occidental,Populated place,6,949354,ne-ne_10m_populated_places
1159148177,Roxas,卡皮兹,122.751101,11.585273,Q2209,PHL,Capiz,Populated place,6,102688,ne-ne_10m_populated_places
1159148179,Puerto Princesa,普林塞萨港,118.744384,9.754268,Q111739,PHL,Palawan,Populated place,6,157144,ne-ne_10m_populated_places
1159148181,Naga,那牙,123.181359,13.619155,Q2207,PHL,Camarines Sur,Populated place,6,741635,ne-ne_10m_populated_places
1159148183,Angeles,安赫勒斯,120.545086,15.145056,Q55741,PHL,Pampanga,Populated place,6,314493,ne-ne_10m_populated_places
1159148185,Batangas,八打雁,121.021698,13.781677,Q1723,PHL,Batangas,Populated place,6,424508,ne-ne_10m_populated_places
1159148189,Cotabato,哥打巴托,124.248426,7.21691,Q726993,PHL,Shariff Kabunsuan,Populated place,6,279519,ne-ne_10m_populated_places
1159148191,Calbayog,甲描育,124.604167,12.067182,Q577336,PHL,Samar,Populated place,6,67921,ne-ne_10m_populated_places
1159148193,Cagayan de Oro,卡加延德奥罗,124.685299,8.45084,Q1645,PHL,Misamis Oriental,Populated place,6,1121561,ne-ne_10m_populated_places
1159148195,Jamaame,贾米拉姆,42.750558,0.072178,Q1017154,SOM,Jubbada Hoose,Populated place,6,185270,ne-ne_10m_populated_places
1159148197,Kismaayo,基斯马尤,42.518324,-0.356633,Q270787,SOM,Jubbada Hoose,Admin-1 capital,6,234852,ne-ne_10m_populated_places
1159148199,Cabo San Lucas,卡波圣卢卡斯,-109.904516,22.892756,Q1020776,MEX,Baja California Sur,Populated place,6,42601,ne-ne_10m_populated_places
1159148201,Monclova,蒙克洛瓦,-101.419996,26.899998,Q990007,MEX,Coahuila,Populated place,6,236244,ne-ne_10m_populated_places
1159148203,Ometepec,奧梅特佩克,-98.420024,16.680053,Q2991571,MEX,Guerrero,Populated place,6,30271,ne-ne_10m_populated_places
1159148207,Cozumel,圣米格尔德科苏梅尔,-86.95,20.51,Q929946,MEX,Quintana Roo,Populated place,6,73934,ne-ne_10m_populated_places
1159148209,Saint-Louis,圣路易,-16.510011,16.01999,Q273779,MRT,Trarza,Admin-1 capital,6,220792,ne-ne_10m_populated_places
1159148211,Tidjikdja,提吉克贾,-11.416601,18.550016,Q757041,MRT,Tagant,Admin-1 capital,6,19981,ne-ne_10m_populated_places
1159148213,Ilorin,伊洛林,4.54805,8.491956,Q587085,NGA,Kwara,Admin-1 capital,6,771000,ne-ne_10m_populated_places
1159148215,Minna,明纳,6.550029,9.619993,Q994105,NGA,Niger,Admin-1 capital,6,291905,ne-ne_10m_populated_places
1159148217,Zaria,扎里亚,7.708064,11.081927,Q147975,NGA,Kaduna,Populated place,6,889000,ne-ne_10m_populated_places
1159148219,Jos,乔斯,8.890041,9.929974,Q321079,NGA,Plateau,Admin-1 capital,6,816824,ne-ne_10m_populated_places
1159148221,Yola,约拉,12.480003,9.209992,Q994114,NGA,Adamawa,Admin-1 capital,6,96006,ne-ne_10m_populated_places
1159148225,Łódź,罗兹,19.458229,51.767797,Q580,POL,Lódz,Admin-1 capital,6,758000,ne-ne_10m_populated_places
1159148227,Berezniki,别列兹尼基,56.759987,59.420002,Q105002,RUS,Perm',Populated place,6,167748,ne-ne_10m_populated_places
1159148229,Keetmanshoop,基特曼斯胡普,18.129994,-26.573896,Q160884,NAM,Karas,Admin-1 region capital,6,18039,ne-ne_10m_populated_places
1159148231,Maltahöhe,马尔塔赫厄,16.939989,-24.839997,Q666079,NAM,Hardap,Admin-1 capital,6,2329,ne-ne_10m_populated_places
1159148233,Swakopmund,斯瓦科普蒙德,14.53502,-22.668863,Q59698,NAM,Erongo,Admin-1 region capital,6,29491,ne-ne_10m_populated_places
1159148235,Ongwediva,翁圭迪瓦,15.770034,-17.780014,Q841557,NAM,Oshana,Populated place,6,25032,ne-ne_10m_populated_places
1159148237,Rundu,龙杜,19.749947,-17.920006,Q662291,NAM,Kavango,Populated place,6,58172,ne-ne_10m_populated_places
1159148239,Tsumeb,楚梅布,17.71002,-19.240029,Q639467,NAM,Oshikoto,Admin-1 capital,6,14959,ne-ne_10m_populated_places
1159148243,Tabora,塔波拉,32.800003,-5.020018,Q643112,TZA,Tabora,Admin-1 capital,6,146495,ne-ne_10m_populated_places
1159148245,Lindi,林迪,39.699995,-10.000024,Q829886,TZA,Lindi,Admin-1 capital,6,41912,ne-ne_10m_populated_places
1159148247,Songea,松盖阿,35.65001,-10.680034,Q794813,TZA,Ruvuma,Admin-1 capital,6,126449,ne-ne_10m_populated_places
1159148249,Tanga,坦噶,39.090007,-5.070041,Q152902,TZA,Tanga,Admin-1 capital,6,224876,ne-ne_10m_populated_places
1159148251,Zaragoza,萨拉戈萨,-0.889982,41.650002,Q10305,ESP,Aragón,Admin-1 capital,6,649404,ne-ne_10m_populated_places
1159148253,Göteborg,哥德堡,11.97863,57.709147,Q25287,SWE,Västra Götaland,Admin-1 capital,6,537797,ne-ne_10m_populated_places
1159148255,Goulimine,盖勒敏,-10.070016,28.979974,Q842806,MAR,Guelmim - Es-Semara,Admin-1 capital,6,115267,ne-ne_10m_populated_places
1159148257,Smara,斯马拉,-11.683329,26.733289,Q842810,MAR,Guelmim - Es-Semara,Populated place,6,48149,ne-ne_10m_populated_places
1159148261,Ad Dakhla,达克拉,-15.936811,23.714056,Q345204,MAR,Oued el Dahab,Admin-1 capital,6,89292,ne-ne_10m_populated_places
1159148263,Babanusa,巴巴努萨,27.799998,11.333351,Q4116057,SDN,South Kordofan,Populated place,6,19700,ne-ne_10m_populated_places
1159148265,Sibolga,实武牙,98.800005,1.749982,Q5984,IDN,Sumatera Utara,Populated place,6,217312,ne-ne_10m_populated_places
1159148267,Pematangsiantar,先達,99.061488,2.961433,Q5979,IDN,Sumatera Utara,Populated place,6,341200,ne-ne_10m_populated_places
1159148269,Pekanbaru,北干巴鲁,101.423067,0.56691,Q7786,IDN,Riau,Admin-1 capital,6,799000,ne-ne_10m_populated_places
1159148271,Manado,万鸦老,124.849991,1.480025,Q15847,IDN,Sulawesi Utara,Admin-1 capital,6,451893,ne-ne_10m_populated_places
1159148273,Yogyakarta,日惹,110.375009,-7.779953,Q7568,IDN,Yogyakarta,Admin-1 capital,6,636660,ne-ne_10m_populated_places
1159148275,Kendari,肯達里,122.597312,-3.955328,Q15379,IDN,Sulawesi Tenggara,Admin-1 capital,6,165377,ne-ne_10m_populated_places
1159148279,Palu,帕盧,119.833037,-0.907039,Q15826,IDN,Sulawesi Tengah,Admin-1 capital,6,612445,ne-ne_10m_populated_places
1159148281,Nabire,纳比雷,135.513423,-3.351541,,IDN,Papua,Populated place,6,43898,ne-ne_10m_populated_places
1159148283,Merauke,馬老奇,140.401807,-8.493191,Q388245,IDN,Papua,Populated place,6,34412,ne-ne_10m_populated_places
1159148285,Limerick,利默里克,-8.62305,52.664704,Q133315,IRL,Limerick,Admin-1 capital,6,90054,ne-ne_10m_populated_places
1159148287,Greenville,格林维尔,-9.038813,5.011127,Q1022899,LBR,Sinoe,Admin-1 capital,6,10374,ne-ne_10m_populated_places
1159148289,Buchanan,布坎南,-10.052472,5.916085,Q269222,LBR,Grand Bassa,Admin-1 capital,6,48315,ne-ne_10m_populated_places
1159148291,Robertsport,罗伯茨港,-11.368593,6.75332,Q1024892,LBR,Grand Cape Mount,Admin-1 capital,6,11969,ne-ne_10m_populated_places
1159148293,Berbérati,貝貝拉蒂,15.780008,4.249959,Q544701,CAF,Mambéré-Kadéï,Admin-1 capital,6,61815,ne-ne_10m_populated_places
1159148297,Genoa,热那亚,8.930039,44.409988,Q1449,ITA,Liguria,Admin-1 region capital,6,647497,ne-ne_10m_populated_places
1159148299,Bria,布里亞,21.983299,6.533308,Q598667,CAF,Haute-Kotto,Admin-1 capital,6,29027,ne-ne_10m_populated_places
1159148301,Marsabit,马萨比特,37.979997,2.329999,Q1709128,KEN,Eastern,Populated place,6,16460,ne-ne_10m_populated_places
1159148303,Moyale,摩亚雷,39.050009,3.519978,Q1009179,KEN,Eastern,Populated place,6,24837,ne-ne_10m_populated_places
1159148305,Nakuru,纳库鲁,36.069984,-0.279997,Q239421,KEN,Rift Valley,Admin-1 capital,6,364727,ne-ne_10m_populated_places
1159148307,Daugavpils,陶格夫匹尔斯,26.509999,55.87996,Q80021,LVA,Daugavpils,Populated place,6,111564,ne-ne_10m_populated_places
1159148309,Lhokseumawe,司馬威,97.14145,5.1914,Q5784,IDN,Aceh,Populated place,6,140322,ne-ne_10m_populated_places
1159148311,Taiping,太平,100.719991,4.86496,Q1011190,MYS,Perak,Populated place,6,237095,ne-ne_10m_populated_places
1159148315,Ipoh,怡保,101.064983,4.599989,Q271619,MYS,Perak,Admin-1 capital,6,673318,ne-ne_10m_populated_places
1159148317,Kota Baharu,哥打巴鲁,102.229977,6.119974,Q651131,MYS,Kelantan,Admin-1 capital,6,505583,ne-ne_10m_populated_places
1159148319,Malacca,马六甲,102.246461,2.206414,Q61089,MYS,Melaka,Admin-1 capital,6,788706,ne-ne_10m_populated_places
1159148321,Kuantan,关丹,103.320039,3.829959,Q817578,MYS,Pahang,Admin-1 capital,6,366229,ne-ne_10m_populated_places
1159148323,Xuanzhou,宣城,118.753332,30.954446,Q360942,CHN,Anhui,Populated place,6,866000,ne-ne_10m_populated_places
1159148325,Zhuhai,珠海,113.565832,22.27889,Q59095,CHN,Guangdong,Populated place,6,1023000,ne-ne_10m_populated_places
1159148327,Samarinda,沙马林达,117.149996,-0.500035,Q14499,IDN,Kalimantan Timur,Admin-1 capital,6,592228,ne-ne_10m_populated_places
1159148329,Tawau,斗湖,117.895997,4.270965,Q995163,MYS,Sabah,Populated place,6,306462,ne-ne_10m_populated_places
1159148333,Sandakan,山打根,118.107974,5.842962,Q137203,MYS,Sabah,Populated place,6,392288,ne-ne_10m_populated_places
1159148335,Kota Kinabalu,亚庇,116.110008,5.979983,Q137271,MYS,Sabah,Admin-1 capital,6,527671,ne-ne_10m_populated_places
1159148337,Sibu,诗巫,111.843033,2.302972,Q1048700,MYS,Sarawak,Populated place,6,203832,ne-ne_10m_populated_places
1159148339,Lamu,拉穆镇,40.919666,-2.262044,Q272799,KEN,Coast,Populated place,6,24525,ne-ne_10m_populated_places
1159148341,Malindi,马林迪,40.100022,-3.209999,Q271411,KEN,Coast,Populated place,6,94016,ne-ne_10m_populated_places
1159148343,Kisumu,基苏木,34.750013,-0.090035,Q214485,KEN,Nyanza,Admin-1 capital,6,395615,ne-ne_10m_populated_places
1159148345,Antsirabe,安齐拉贝,47.033294,-19.850017,Q583184,MDG,Antananarivo,Populated place,6,307921,ne-ne_10m_populated_places
1159148347,Antalaha,安塔拉哈,50.283328,-14.883344,Q570816,MDG,Antsiranana,Populated place,6,47224,ne-ne_10m_populated_places
1159148351,Andoany,埃尔维尔,48.266604,-13.400023,Q492217,MDG,Antsiranana,Populated place,6,22680,ne-ne_10m_populated_places
1159148353,Farafangana,法拉凡加纳,47.833245,-22.816606,Q1006566,MDG,Fianarantsoa,Populated place,6,24764,ne-ne_10m_populated_places
1159148355,Mananjary,马南扎里,48.333318,-21.216652,Q2423152,MDG,Fianarantsoa,Populated place,6,27686,ne-ne_10m_populated_places
1159148357,Maintirano,迈因蒂拉努,44.016683,-18.066612,Q2531012,MDG,Mahajanga,Populated place,6,5925,ne-ne_10m_populated_places
1159148359,Toamasina,图阿马西纳,49.404984,-18.181798,Q178067,MDG,Toamasina,Admin-1 capital,6,210226,ne-ne_10m_populated_places
1159148361,Maroantsetra,馬魯安采特拉,49.733336,-15.433336,Q118175,MDG,Toamasina,Populated place,6,38046,ne-ne_10m_populated_places
1159148363,Tôlanaro,陶拉納魯,46.990041,-25.026807,Q526568,MDG,Toliary,Populated place,6,16818,ne-ne_10m_populated_places
1159148365,Morombe,穆龙贝,43.365678,-21.739138,Q1028252,MDG,Toliary,Populated place,6,16727,ne-ne_10m_populated_places
1159148369,Androka,安德魯卡,44.074947,-25.021946,Q2846932,MDG,Toliary,Populated place,6,174,ne-ne_10m_populated_places
1159148371,Morondava,穆龙达瓦,44.283333,-20.283272,Q864109,MDG,Toliary,Populated place,6,36803,ne-ne_10m_populated_places
1159148373,Cirebon,井里汶,108.566644,-6.733298,Q10395,IDN,Jawa Barat,Populated place,6,254298,ne-ne_10m_populated_places
1159148375,Tasikmalaya,打横,108.214676,-7.325407,Q10399,IDN,Jawa Barat,Populated place,6,271143,ne-ne_10m_populated_places
1159148377,Bogor,茂物,106.748065,-6.568055,Q10393,IDN,Jawa Barat,Populated place,6,918000,ne-ne_10m_populated_places
1159148379,Bengkulu,明古魯,102.269974,-3.800041,Q8042,IDN,Bengkulu,Admin-1 capital,6,426673,ne-ne_10m_populated_places
1159148381,Pontianak,坤甸,109.319983,-0.029987,Q14168,IDN,Kalimantan Barat,Admin-1 capital,6,607311,ne-ne_10m_populated_places
1159148383,Kotabumi,哥打布米,104.899995,-4.833311,Q10372500,IDN,Lampung,Populated place,6,42366,ne-ne_10m_populated_places
1159148387,Lahat,拉哈特,103.533308,-3.800041,Q8117,IDN,Sumatera Selatan,Populated place,6,65906,ne-ne_10m_populated_places
1159148389,Pangkalpinang,檳港,106.150048,-2.080042,Q8179,IDN,Bangka-Belitung,Populated place,6,125933,ne-ne_10m_populated_places
1159148391,Jember,任抹县,113.687314,-8.172694,Q11080,IDN,Jawa Timur,Populated place,6,298585,ne-ne_10m_populated_places
1159148393,Martapura,马塔普拉,114.836494,-3.413501,Q2358819,IDN,Kalimantan Selatan,Populated place,6,198239,ne-ne_10m_populated_places
1159148395,Ruteng,鲁滕,120.469845,-8.61184,Q1708604,IDN,Nusa Tenggara Timur,Populated place,6,53976,ne-ne_10m_populated_places
1159148397,Machala,马查拉,-79.959988,-3.260022,Q215080,ECU,El Oro,Admin-1 capital,6,213034,ne-ne_10m_populated_places
1159148399,Loja,洛哈,-79.210008,-3.990003,Q944697,ECU,Loja,Admin-1 capital,6,126368,ne-ne_10m_populated_places
1159148401,Manta,曼塔,-80.729967,-0.980006,Q990738,ECU,Manabi,Populated place,6,183166,ne-ne_10m_populated_places
1159148405,Riobamba,里奧班巴,-78.650042,-1.670041,Q478675,ECU,Chimborazo,Admin-1 capital,6,172464,ne-ne_10m_populated_places
1159148407,San Juan,圣胡安德拉马瓜纳,-71.230942,18.808949,Q2430320,DOM,San Juan,Admin-1 capital,6,72950,ne-ne_10m_populated_places
1159148409,Tumaco,图马科,-78.80998,1.809979,Q1005555,COL,Nariño,Populated place,6,86713,ne-ne_10m_populated_places
1159148411,Lisala,利薩拉,21.509994,2.14001,Q371532,COD,Équateur,Populated place,6,70087,ne-ne_10m_populated_places
1159148413,Gemena,盖梅纳,19.769997,3.260019,Q1006116,COD,Équateur,Populated place,6,198056,ne-ne_10m_populated_places
1159148415,Fada,法达,21.590248,17.184725,Q985562,TCD,Bet,Populated place,6,448,ne-ne_10m_populated_places
1159148417,Faya Largeau,法亞-拉若,19.116704,17.91667,Q516769,TCD,Bet,Admin-1 capital,6,13400,ne-ne_10m_populated_places
1159148419,Mao,马奥,15.313318,14.119434,Q1786045,TCD,Kanem,Admin-1 capital,6,18031,ne-ne_10m_populated_places
1159148423,Bata,巴塔,9.769987,1.870001,Q320792,GNQ,Litoral,Admin-1 capital,6,173046,ne-ne_10m_populated_places
1159148425,Biltine,比尔廷,20.916697,14.533259,Q1809024,TCD,Wadi Fira,Admin-1 capital,6,11000,ne-ne_10m_populated_places
1159148427,Sarh,萨尔,18.39003,9.14997,Q337530,TCD,Mandoul,Admin-1 capital,6,169196,ne-ne_10m_populated_places
1159148429,Am Timan,安提曼,20.283299,11.033292,Q451529,TCD,Salamat,Admin-1 capital,6,30443,ne-ne_10m_populated_places
1159148431,Siwa,西瓦,25.516675,29.200012,Q2008735,EGY,Matruh,Populated place,6,23080,ne-ne_10m_populated_places
1159148433,El Minya,明亚,30.749999,28.090003,Q310117,EGY,Al Minya,Admin-1 capital,6,500000,ne-ne_10m_populated_places
1159148435,Kom Ombo,考姆翁布,32.95002,24.469991,Q138833,EGY,Aswan,Populated place,6,303962,ne-ne_10m_populated_places
1159148437,El Kharga,哈里杰绿洲,30.550011,25.440009,Q4063326,EGY,Al Wadi at Jadid,Admin-1 capital,6,49991,ne-ne_10m_populated_places
1159148441,Hurghada,古尔代盖,33.830017,27.230003,Q187284,EGY,Al Bahr al Ahmar,Admin-1 capital,6,157204,ne-ne_10m_populated_places
1159148443,Buta,布塔,24.74003,2.819994,Q736905,COD,Orientale,Populated place,6,45677,ne-ne_10m_populated_places
1159148445,Watsa,瓦斯塔,29.52997,3.040007,Q3566727,COD,Orientale,Populated place,6,24516,ne-ne_10m_populated_places
1159148447,Isiro,伊西罗,27.620009,2.759972,Q899873,COD,Orientale,Populated place,6,157196,ne-ne_10m_populated_places
1159148449,Bondo,邦多,23.670018,3.80996,Q2909998,COD,Orientale,Populated place,6,23517,ne-ne_10m_populated_places
1159148451,Cologne,科隆,6.948059,50.93195,Q365,DEU,Nordrhein-Westfalen,Populated place,6,1004000,ne-ne_10m_populated_places
1159148453,Tartu,塔尔图,26.709884,58.383941,Q13972,EST,Tartu,Admin-1 capital,6,101092,ne-ne_10m_populated_places
1159148455,Xianyang,咸阳,108.712776,34.347501,Q497341,CHN,Shaanxi,Populated place,6,1126000,ne-ne_10m_populated_places
1159148459,Xiangyang,襄阳,112.128098,32.021941,Q71284,CHN,Hubei,Populated place,6,1069000,ne-ne_10m_populated_places
1159148461,Suining,遂宁,105.531387,30.535279,Q426644,CHN,Sichuan,Populated place,6,1425000,ne-ne_10m_populated_places
1159148463,Lingyuan,凌源,119.399165,41.241946,Q1333417,CHN,Liaoning,Populated place,6,806000,ne-ne_10m_populated_places
1159148465,Weihai,威海,122.099978,37.499971,Q373023,CHN,Shandong,Populated place,6,560255,ne-ne_10m_populated_places
1159148467,Yichun,宜春,114.398054,27.835279,Q363326,CHN,Jiangxi,Populated place,6,982000,ne-ne_10m_populated_places
1159148469,Yancheng,盐城,120.16752,33.337877,Q57866,CHN,Jiangsu,Populated place,6,839000,ne-ne_10m_populated_places
1159148471,Fuyang,富阳区,119.949999,30.055279,Q1011103,CHN,Zhejiang,Populated place,6,771000,ne-ne_10m_populated_places
1159148473,Inongo,伊农戈,18.28001,-1.939999,Q943652,COD,Bandundu,Populated place,6,40113,ne-ne_10m_populated_places
1159148477,Tshikapa,奇卡帕,20.770039,-6.409959,Q277966,COD,Kasaï-Occidental,Populated place,6,267462,ne-ne_10m_populated_places
1159148479,Boma,博马,13.049994,-5.829994,Q223917,COD,Bas-Congo,Populated place,6,178638,ne-ne_10m_populated_places
1159148481,Bukavu,布卡武,28.840038,-2.50999,Q222279,COD,Sud-Kivu,Admin-1 capital,6,436779,ne-ne_10m_populated_places
1159148483,Uvira,乌维拉,29.14002,-3.369989,Q923687,COD,Sud-Kivu,Admin-1 capital,6,170391,ne-ne_10m_populated_places
1159148485,Kindu,金杜,25.909984,-2.963916,Q270225,COD,Maniema,Admin-1 capital,6,262914,ne-ne_10m_populated_places
1159148487,Mwene-Ditu,姆韋內迪圖,23.440006,-7,Q969880,COD,Kasaï-Oriental,Admin-1 capital,6,189177,ne-ne_10m_populated_places
1159148489,Likasi,利卡西,26.780009,-10.970042,Q18780,COD,Katanga,Populated place,6,434408,ne-ne_10m_populated_places
1159148491,Manono,馬諾諾,27.449993,-7.300034,Q3286489,COD,Katanga,Populated place,6,46111,ne-ne_10m_populated_places
1159148495,Kamina,卡米納,25.009987,-8.730024,Q581179,COD,Katanga,Populated place,6,128803,ne-ne_10m_populated_places
1159148497,Chiromo,奇罗莫,35.133245,-16.550012,Q5101966,MWI,Nsanje,Populated place,6,25235,ne-ne_10m_populated_places
1159148499,Zomba,松巴,35.310031,-15.390031,Q219117,MWI,Zomba,Admin-1 capital,6,80932,ne-ne_10m_populated_places
1159148501,Jambi,占碑,103.610048,-1.589995,Q7578,IDN,Jambi,Admin-1 capital,6,457090,ne-ne_10m_populated_places
1159148503,Manokwari,马诺夸里,134.069274,-0.871124,Q848672,IDN,Irian Jaya Barat,Populated place,6,74504,ne-ne_10m_populated_places
1159148505,Kourou,库鲁,-52.649949,5.159981,Q273312,FRA,Guinaa,Populated place,6,24029,ne-ne_10m_populated_places
1159148507,Kumasi,库马西,-1.63196,6.691937,Q182059,GHA,Ashanti,Admin-1 capital,6,1646000,ne-ne_10m_populated_places
1159148509,Sekondi,塞康第─塔科拉迪,-1.704015,4.943276,Q243293,GHA,Western,Admin-1 capital,6,286248,ne-ne_10m_populated_places
1159148513,Oyem,奥耶姆,11.583313,1.616631,Q983886,GAB,Wouleu-Ntem,Admin-1 capital,6,43423,ne-ne_10m_populated_places
1159148515,Pärnu,派尔努,24.513583,58.374743,Q102365,EST,Pärnu,Admin-1 capital,6,44192,ne-ne_10m_populated_places
1159148517,Nellore,内洛尔,79.989939,14.439983,Q61434,IND,Andhra Pradesh,Populated place,6,678004,ne-ne_10m_populated_places
1159148519,Kurnool,卡努尔,78.030007,15.830001,Q3635276,IND,Andhra Pradesh,Populated place,6,424920,ne-ne_10m_populated_places
1159148521,Guntur,贡土尔,80.450014,16.329997,Q3120966,IND,Andhra Pradesh,Populated place,6,530577,ne-ne_10m_populated_places
1159148523,Tumakuru,杜姆古尔,77.100038,13.329973,Q911310,IND,Karnataka,Populated place,6,399606,ne-ne_10m_populated_places
1159148525,Davangere,达凡基尔,75.920006,14.470007,Q519486,IND,Karnataka,Populated place,6,503564,ne-ne_10m_populated_places
1159148527,Ballari,贝拉里,76.915036,15.150043,Q429063,IND,Karnataka,Populated place,6,445388,ne-ne_10m_populated_places
1159148531,Belagavi,贝尔高姆,74.505002,15.865012,Q270176,IND,Karnataka,Populated place,6,608756,ne-ne_10m_populated_places
1159148533,Mayumba,马永巴,10.650037,-3.416602,Q2738426,GAB,Nyanga,Populated place,6,3996,ne-ne_10m_populated_places
1159148535,Gamba,甘巴,9.999999,-2.650033,Q1492877,GAB,Ogooué-Maritime,Populated place,6,9928,ne-ne_10m_populated_places
1159148537,La Rochelle,拉罗谢尔,-1.149992,46.166651,Q82185,FRA,Poitou-Charentes,Populated place,6,76997,ne-ne_10m_populated_places
1159148539,Taoudenni,陶代尼,-3.983359,22.666587,Q1888993,MLI,Timbuktu,Populated place,6,3019,ne-ne_10m_populated_places
1159148541,Araouane,阿拉萬,-3.52995,18.900021,Q626121,MLI,Timbuktu,Populated place,6,4026,ne-ne_10m_populated_places
1159148543,Tessalit,泰薩利,1.088812,20.201388,Q1025926,MLI,Kidal,Populated place,6,6000,ne-ne_10m_populated_places
1159148545,Ménaka,梅納卡,2.399998,15.916663,Q855986,MLI,Gao,Populated place,6,9110,ne-ne_10m_populated_places
1159148549,Tocopilla,托科皮亚,-70.18999,-22.090035,Q188192,CHL,Antofagasta,Populated place,6,24460,ne-ne_10m_populated_places
1159148551,Calama,卡拉马,-68.91999,-22.450013,Q3685,CHL,Antofagasta,Populated place,6,143084,ne-ne_10m_populated_places
1159148553,Mejillones,梅希约内斯,-70.45,-23.1,Q16928,CHL,Antofagasta,Populated place,6,2041,ne-ne_10m_populated_places
1159148555,Taltal,塔尔塔尔,-70.470024,-25.400014,Q188049,CHL,Antofagasta,Populated place,6,10018,ne-ne_10m_populated_places
1159148557,Vallenar,巴耶纳尔,-70.760007,-28.570002,Q200978,CHL,Atacama,Populated place,6,44895,ne-ne_10m_populated_places
1159148559,Chañaral,查尼亚拉尔,-70.62147,-26.3481,Q3763,CHL,Atacama,Populated place,6,13543,ne-ne_10m_populated_places
1159148561,Ovalle,奥瓦列,-71.199493,-30.609447,Q51060,CHL,Coquimbo,Populated place,6,77138,ne-ne_10m_populated_places
1159148563,Chillán,奇廉,-72.111291,-36.606832,Q3774,CHL,Ñuble,Populated place,6,150396,ne-ne_10m_populated_places
1159148567,Rancagua,兰卡瓜,-70.739982,-34.170021,Q4582,CHL,Libertador General Bernardo O'Higgins,Admin-1 capital,6,233268,ne-ne_10m_populated_places
1159148569,Osorno,奥索尔诺,-73.130661,-40.578707,Q51059,CHL,Los Lagos,Populated place,6,154131,ne-ne_10m_populated_places
1159148571,Ancud,安库德,-73.829974,-41.869965,Q3597,CHL,Los Lagos,Populated place,6,28020,ne-ne_10m_populated_places
1159148573,Talca,塔尔卡,-71.665637,-35.43021,Q4469,CHL,Maule,Admin-1 capital,6,197479,ne-ne_10m_populated_places
1159148575,Curicó,库里科,-71.240029,-34.979998,Q13030,CHL,Maule,Populated place,6,113711,ne-ne_10m_populated_places
1159148577,Bir Mogrein,比尔莫格兰,-11.583309,25.233303,Q94910,MRT,Tiris Zemmour,Populated place,6,10,ne-ne_10m_populated_places
1159148579,Rosso,罗索,-15.812663,16.524016,Q861580,MRT,Trarza,Admin-1 capital,6,47203,ne-ne_10m_populated_places
1159148581,Kiffa,基法,-11.399987,16.619979,Q492778,MRT,Assaba,Admin-1 capital,6,73930,ne-ne_10m_populated_places
1159148585,Nara,納拉,-7.27998,15.180015,Q937352,MLI,Bamako,Populated place,6,18459,ne-ne_10m_populated_places
1159148587,Koulikoro,库利科罗,-7.549989,12.883308,Q740974,MLI,Bamako,Admin-1 capital,6,23919,ne-ne_10m_populated_places
1159148589,Mopti,莫普提,-4.18004,14.48998,Q211227,MLI,Mopti,Admin-1 capital,6,108456,ne-ne_10m_populated_places
1159148591,Ouésso,韋索,16.050017,1.609991,Q627885,COG,Sangha,Admin-1 capital,6,28320,ne-ne_10m_populated_places
1159148593,Ghadamis,古达米斯,9.50003,30.133289,Q192237,LBY,Ghadamis,Populated place,6,6623,ne-ne_10m_populated_places
1159148595,Kalamata,卡拉马塔,22.114195,37.038914,Q167895,GRC,Peloponnisos,Admin-1 capital,6,71823,ne-ne_10m_populated_places
1159148597,Hun,胡恩,15.933332,29.116658,Q1991249,LBY,Al Jufrah,Admin-1 capital,6,18878,ne-ne_10m_populated_places
1159148599,Birak,比拉克,14.283355,27.533318,Q1196877,LBY,Ash Shati',Populated place,6,45421,ne-ne_10m_populated_places
1159148603,Ghat,加特,10.172754,24.964741,Q209393,LBY,Ghat,Populated place,6,24347,ne-ne_10m_populated_places
1159148605,Marzuq,迈尔祖格,13.897229,25.904399,Q526822,LBY,Murzuq,Admin-1 capital,6,55071,ne-ne_10m_populated_places
1159148607,Ajdabiya,艾季达比耶,20.219995,30.769994,Q202991,LBY,Ajdabiya,Admin-1 capital,6,143833,ne-ne_10m_populated_places
1159148609,Awjilah,奥吉拉,21.286907,29.108028,Q137320,LBY,Ajdabiya,Populated place,6,6610,ne-ne_10m_populated_places
1159148611,Surt,苏尔特,16.590036,31.209993,Q162413,LBY,Surt,Populated place,6,128123,ne-ne_10m_populated_places
1159148613,Darnah,德尔纳,22.639139,32.764811,Q211866,LBY,Al Qubbah,Admin-1 capital,6,127974,ne-ne_10m_populated_places
1159148615,Tubruq,图卜鲁格,23.960026,32.079991,Q182092,LBY,Al Butnan,Populated place,6,263527,ne-ne_10m_populated_places
1159148617,Iraklio,伊拉克利翁,25.130497,35.325013,Q160544,GRC,Kriti,Admin-1 capital,6,137154,ne-ne_10m_populated_places
1159148621,Sukhumi,苏呼米,41.020018,43.020021,Q40811,GEO,Abkhazia,Admin-0 region capital,6,81546,ne-ne_10m_populated_places
1159148623,Ṭarābulus,的黎波里,35.831661,34.438267,Q168954,LBN,North Lebanon,Admin-1 capital,6,530000,ne-ne_10m_populated_places
1159148625,Debre Markos,德宝马曲思,37.720013,10.339975,Q1024659,ETH,Amhara,Admin-1 capital,6,70758,ne-ne_10m_populated_places
1159148627,Dese,德西,39.630025,11.129978,Q755752,ETH,Amhara,Admin-1 capital,6,183802,ne-ne_10m_populated_places
1159148629,Sodo,索多,37.749985,6.900004,Q673275,ETH,"Southern Nations, Nationalities and Peoples",Populated place,6,65737,ne-ne_10m_populated_places
1159148631,Arba Minch,阿尔巴门奇,37.549997,6.040005,Q626861,ETH,"Southern Nations, Nationalities and Peoples",Admin-1 capital,6,69622,ne-ne_10m_populated_places
1159148633,Harar,哈勒尔,42.150026,9.319959,Q190184,ETH,Addis Ababa,Admin-1 capital,6,174994,ne-ne_10m_populated_places
1159148635,Goba,戈巴,39.970004,7.010023,Q745871,ETH,Addis Ababa,Admin-1 capital,6,34369,ne-ne_10m_populated_places
1159148639,Jima,吉马,36.830041,7.679982,Q385341,ETH,Addis Ababa,Admin-1 capital,6,128306,ne-ne_10m_populated_places
1159148641,Nazret,阿达玛,39.269996,8.549981,Q351427,ETH,Addis Ababa,Populated place,6,476892,ne-ne_10m_populated_places
1159148643,Negele Boran,訥格萊,39.58331,5.316612,Q2714363,ETH,Addis Ababa,Populated place,6,11772,ne-ne_10m_populated_places
1159148645,Gode,戈德,43.449999,5.95001,Q744673,ETH,Somali,Populated place,6,75000,ne-ne_10m_populated_places
1159148647,Dolo Bay,多洛湾,42.083312,4.183348,Q3034265,ETH,Somali,Populated place,6,11810,ne-ne_10m_populated_places
1159148649,Kemi,凯米,24.581693,65.733312,Q203619,FIN,Lapland,Populated place,6,22641,ne-ne_10m_populated_places
1159148651,Oulu,奥卢,25.470011,64.999998,Q47048,FIN,Northern Ostrobothnia,Admin-1 capital,6,136752,ne-ne_10m_populated_places
1159148653,Shalqar,沙尔卡尔,59.614077,47.836291,Q2374447,KAZ,Aqt,Populated place,6,27256,ne-ne_10m_populated_places
1159148657,Qazaly,卡札林斯克,62.107516,45.7628,Q1557559,KAZ,Qyzylorda,Populated place,6,6582,ne-ne_10m_populated_places
1159148659,Aral,阿拉爾斯克,61.666613,46.799971,Q165450,KAZ,Qyzylorda,Populated place,6,33017,ne-ne_10m_populated_places
1159148661,Qulsary,庫利薩雷,54.016537,46.983268,Q1268163,KAZ,Atyrau,Populated place,6,37103,ne-ne_10m_populated_places
1159148663,Oral,乌拉尔,51.334995,51.27112,Q487439,KAZ,West Kazakhstan,Admin-1 capital,6,209788,ne-ne_10m_populated_places
1159148665,Bandar-e Bushehr,布什尔,50.830013,28.919978,Q158928,IRN,Bushehr,Admin-1 capital,6,169060,ne-ne_10m_populated_places
1159148667,Abadan,阿巴丹,48.279678,30.330744,Q63049,IRN,Khuzestan,Populated place,6,370180,ne-ne_10m_populated_places
1159148669,Ardabil,阿尔达比勒,48.300039,38.250003,Q180103,IRN,Ardebil,Admin-1 capital,6,414603,ne-ne_10m_populated_places
1159148671,Qom,库姆,50.94806,34.651961,Q170573,IRN,Qom,Admin-1 capital,6,973000,ne-ne_10m_populated_places
1159148675,Qazvin,加兹温,49.999986,36.27002,Q181578,IRN,Qazvin,Admin-1 capital,6,464551,ne-ne_10m_populated_places
1159148677,Beyneu,别伊涅乌,55.100037,45.183352,Q650715,KAZ,Mangghystau,Populated place,6,32452,ne-ne_10m_populated_places
1159148679,Aqtau,阿克套,51.2365,43.623189,Q198989,KAZ,Mangghystau,Populated place,6,4479,ne-ne_10m_populated_places
1159148681,Kermanshah,克尔曼沙赫,47.058065,34.381952,Q180078,IRN,Kermanshah,Admin-1 capital,6,828313,ne-ne_10m_populated_places
1159148683,Rasht,拉什特,49.629983,37.299983,Q178373,IRN,Gilan,Admin-1 capital,6,594590,ne-ne_10m_populated_places
1159148685,Birjand,比尔詹德,59.219941,32.88002,Q193806,IRN,South Khorasan,Admin-1 capital,6,324703,ne-ne_10m_populated_places
1159148687,Sabzewar,萨卜泽瓦尔,57.630012,36.220023,Q765553,IRN,Razavi Khorasan,Populated place,6,226183,ne-ne_10m_populated_places
1159148689,Zabol,扎博勒,61.481456,31.021451,Q139024,IRN,Sistan and Baluchestan,Populated place,6,233968,ne-ne_10m_populated_places
1159148693,Zahedan,扎黑丹,60.830023,29.499994,Q140561,IRN,Sistan and Baluchestan,Admin-1 capital,6,598887,ne-ne_10m_populated_places
1159148695,Tuticorin,拓图昆迪,78.131797,8.7978,Q41562,IND,Tamil Nadu,Populated place,6,436094,ne-ne_10m_populated_places
1159148697,Dindigul,丁迪古尔,77.978285,10.359908,Q853945,IND,Tamil Nadu,Populated place,6,200797,ne-ne_10m_populated_places
1159148699,Århus,奥胡斯,10.210684,56.157204,Q25319,DNK,Midtjylland,Populated place,6,237551,ne-ne_10m_populated_places
1159148701,Korhogo,科霍戈,-5.639951,9.459977,Q985627,CIV,Savanes,Admin-1 capital,6,177711,ne-ne_10m_populated_places
1159148703,Labé,拉贝,-12.300009,11.319992,Q1020384,GIN,Labe,Admin-1 capital,6,140575,ne-ne_10m_populated_places
1159148705,Boké,博凱,-14.29999,10.93999,Q891240,GIN,Boke,Admin-1 capital,6,116270,ne-ne_10m_populated_places
1159148707,Kindia,肯迪亚,-12.869974,10.060018,Q997057,GIN,Kindia,Admin-1 capital,6,117062,ne-ne_10m_populated_places
1159148711,Daloa,达洛亚,-6.450005,6.889979,Q860304,CIV,Haut-Sassandra,Admin-1 capital,6,255168,ne-ne_10m_populated_places
1159148713,Mafetang,马费滕,27.250006,-29.816644,Q1013379,LSO,Mafeteng,Admin-1 capital,6,57059,ne-ne_10m_populated_places
1159148715,Cobija,科維哈,-68.768827,-11.02052,Q34995,BOL,Acre,Admin-1 capital,6,44437,ne-ne_10m_populated_places
1159148717,Sena Madureira,塞纳马杜雷拉,-68.669979,-9.070003,Q1754389,BRA,Acre,Populated place,6,26192,ne-ne_10m_populated_places
1159148719,Fonte Boa,方特堡,-66.09161,-2.513814,Q1793768,BRA,Amazonas,Populated place,6,16060,ne-ne_10m_populated_places
1159148721,Eirunepé,埃鲁内佩,-69.873808,-6.660021,Q1646910,BRA,Amazonas,Populated place,6,21750,ne-ne_10m_populated_places
1159148723,Manicoré,马尼科雷,-61.297484,-5.812166,Q43490,BRA,Amazonas,Populated place,6,21549,ne-ne_10m_populated_places
1159148725,Barcelos,巴塞洛斯,-62.923896,-0.974993,Q807939,BRA,Amazonas,Populated place,6,12584,ne-ne_10m_populated_places
1159148729,Tonantins,托南廷斯,-67.801893,-2.872707,Q1793355,BRA,Amazonas,Populated place,6,4561,ne-ne_10m_populated_places
1159148731,Tefé,特费,-64.699989,-3.360016,Q975545,BRA,Amazonas,Populated place,6,51437,ne-ne_10m_populated_places
1159148733,Coari,夸里,-63.129981,-4.079972,Q645204,BRA,Amazonas,Populated place,6,53305,ne-ne_10m_populated_places
1159148735,São Gabriel da Cachoeira,圣加布里埃尔达卡绍埃拉,-67.083306,-0.133236,Q694840,BRA,Amazonas,Populated place,6,15231,ne-ne_10m_populated_places
1159148737,Novo Airão,新艾朗,-60.943784,-2.620785,Q1750332,BRA,Amazonas,Populated place,6,9049,ne-ne_10m_populated_places
1159148739,Itacoatiara,伊塔夸蒂亚拉,-58.439984,-3.140029,Q1750426,BRA,Amazonas,Populated place,6,51509,ne-ne_10m_populated_places
1159148741,Parintins,帕林廷斯,-56.74001,-2.610036,Q926713,BRA,Amazonas,Populated place,6,64428,ne-ne_10m_populated_places
1159148743,Natal,纳塔尔,-60.269949,-6.983826,,BRA,Amazonas,Populated place,6,980588,ne-ne_10m_populated_places
1159148747,Crato,克拉图,-63.039961,-7.4639,,BRA,Amazonas,Populated place,6,273883,ne-ne_10m_populated_places
1159148749,Imperatriz,因佩拉特里斯,-47.490006,-5.520039,Q504755,BRA,Maranhão,Populated place,6,218106,ne-ne_10m_populated_places
1159148751,Balsas,巴尔萨斯,-46.04999,-7.52002,Q1813001,BRA,Maranhão,Populated place,6,68056,ne-ne_10m_populated_places
1159148753,Breves,布雷韦斯,-50.490004,-1.680015,Q1804770,BRA,Pará,Populated place,6,47164,ne-ne_10m_populated_places
1159148755,Jacareacanga,雅卡雷阿坎加,-57.760131,-6.228018,Q1805252,BRA,Par,Populated place,6,31661,ne-ne_10m_populated_places
1159148757,Tucuruí,图库鲁伊,-49.673652,-3.767357,Q374432,BRA,Pará,Populated place,6,76337,ne-ne_10m_populated_places
1159148759,Itaituba,伊泰图巴,-55.925021,-4.258617,Q655734,BRA,Pará,Populated place,6,92308,ne-ne_10m_populated_places
1159148761,Conceição do Araguaia,康塞桑杜阿拉瓜亚,-49.290025,-8.250002,Q1788037,BRA,Pará,Populated place,6,27115,ne-ne_10m_populated_places
1159148765,Abaetetuba,阿巴埃特图巴,-48.88488,-1.724531,Q1615298,BRA,Pará,Populated place,6,79420,ne-ne_10m_populated_places
1159148767,Principe da Beira,普林西比达贝拉,-64.416647,-12.416672,,BRA,Rondinia,Populated place,6,956,ne-ne_10m_populated_places
1159148769,Araguaína,阿拉瓜伊纳,-48.210014,-7.190015,Q625279,BRA,Tocantins,Populated place,6,50444,ne-ne_10m_populated_places
1159148771,Palmas,帕尔马斯,-48.287787,-10.237736,Q178993,BRA,Tocantins,Admin-1 capital,6,235315,ne-ne_10m_populated_places
1159148773,Teófilo Otoni,特奥菲卢奥托尼,-41.50001,-17.870035,Q1637552,BRA,Minas Gerais,Populated place,6,101170,ne-ne_10m_populated_places
1159148775,Uberaba,乌贝拉巴,-47.950004,-19.779995,Q381733,BRA,Minas Gerais,Populated place,6,260843,ne-ne_10m_populated_places
1159148777,Januária,雅努阿里亚,-44.36999,-15.48,Q22062457,BRA,Minas Gerais,Populated place,6,34811,ne-ne_10m_populated_places
1159148779,Santissima Trindade,维拉贝拉-达桑蒂西马特林达迪,-59.950021,-15.000029,Q732088,BRA,Mato Grosso,Populated place,6,16271,ne-ne_10m_populated_places
1159148783,Aripuanã,阿里普阿南,-59.44387,-10.17666,Q1805412,BRA,Mato Grosso,Populated place,6,26983,ne-ne_10m_populated_places
1159148785,Sinop,西诺普,-55.459985,-11.849989,Q180192,BRA,Mato Grosso,Populated place,6,8961,ne-ne_10m_populated_places
1159148787,Jaguarão,亚瓜龙,-53.369983,-32.560042,Q942201,BRA,Rio Grande do Sul,Populated place,6,29613,ne-ne_10m_populated_places
1159148789,Bagé,巴热,-54.100016,-31.320015,Q119140,BRA,Rio Grande do Sul,Populated place,6,106098,ne-ne_10m_populated_places
1159148791,Londrina,隆德里纳,-51.179987,-23.300039,Q192387,BRA,Paraná,Populated place,6,520238,ne-ne_10m_populated_places
1159148793,Criciúma,克里修馬,-49.389967,-28.680021,Q1439157,BRA,Santa Catarina,Populated place,6,204217,ne-ne_10m_populated_places
1159148795,Aracati,阿拉卡蒂,-37.770031,-4.559994,Q1754397,BRA,Ceará,Populated place,6,44293,ne-ne_10m_populated_places
1159148797,Icó,伊科,-38.849991,-6.400037,Q1807902,BRA,Ceará,Populated place,6,28323,ne-ne_10m_populated_places
1159148801,Parnaíba,巴纳伊巴,-41.769967,-2.910017,Q1643864,BRA,Piauí,Populated place,6,138008,ne-ne_10m_populated_places
1159148803,Picos,皮库斯,-41.439988,-7.079995,Q1810825,BRA,Piauí,Populated place,6,57495,ne-ne_10m_populated_places
1159148805,Arapiraca,阿拉皮拉卡,-36.669995,-9.750013,Q626175,BRA,Alagoas,Populated place,6,187668,ne-ne_10m_populated_places
1159148807,Jequié,热基耶,-40.079993,-13.850022,Q630203,BRA,Bahia,Populated place,6,135574,ne-ne_10m_populated_places
1159148809,Ilhéus,伊列乌斯,-39.050004,-14.780042,Q373705,BRA,Bahia,Populated place,6,230622,ne-ne_10m_populated_places
1159148811,Canavieiras,卡纳维埃拉斯,-38.96001,-15.640042,Q1772515,BRA,Bahia,Populated place,6,26375,ne-ne_10m_populated_places
1159148813,Santa Maria da Vitória,圣玛丽亚-达维多利亚,-44.210025,-13.389998,Q1761852,BRA,Bahia,Populated place,6,23488,ne-ne_10m_populated_places
1159148815,Irecê,伊雷塞,-41.870013,-11.299996,Q1762180,BRA,Bahia,Populated place,6,63626,ne-ne_10m_populated_places
1159148819,Xique-Xique,希克希克,-42.730012,-10.820026,Q1762114,BRA,Bahia,Populated place,6,35433,ne-ne_10m_populated_places
1159148821,Linhares,利尼亚雷斯,-40.050021,-19.389993,Q1755402,BRA,Espírito Santo,Populated place,6,105075,ne-ne_10m_populated_places
1159148823,Campos,坎普斯戈伊塔卡济斯,-41.320021,-21.749953,Q689868,BRA,Rio de Janeiro,Populated place,6,387417,ne-ne_10m_populated_places
1159148825,Mossoró,莫索罗,-37.340005,-5.190033,Q694845,BRA,Rio Grande do Norte,Populated place,6,202583,ne-ne_10m_populated_places
1159148827,Aracaju,阿拉卡茹,-37.119967,-10.900021,Q170578,BRA,Sergipe,Admin-1 capital,6,685356,ne-ne_10m_populated_places
1159148829,Norway House,挪威豪斯,-97.83329,53.966588,Q1020012,CAN,Manitoba,Populated place,6,6000,ne-ne_10m_populated_places
1159148831,Flin Flon,弗林弗伦,-101.883301,54.766591,Q666831,CAN,Manitoba,Populated place,6,6393,ne-ne_10m_populated_places
1159148833,Dauphin,多芬,-100.04995,51.150016,Q1173008,CAN,Manitoba,Populated place,6,9077,ne-ne_10m_populated_places
1159148837,The Pas,帕斯（加拿大）,-101.233315,53.816623,Q61422,CAN,Manitoba,Populated place,6,6055,ne-ne_10m_populated_places
1159148839,Uranium City,铀城,-108.616585,59.566557,Q2141879,CAN,Saskatchewan,Populated place,6,89,ne-ne_10m_populated_places
1159148841,Moose Jaw,穆斯乔,-105.550002,50.399984,Q1019496,CAN,Saskatchewan,Populated place,6,32166,ne-ne_10m_populated_places
1159148843,Jasper,贾斯珀,-118.083371,52.883321,Q999429,CAN,Alberta,Populated place,6,3907,ne-ne_10m_populated_places
1159148845,Medicine Hat,梅迪辛哈特,-110.683332,50.033314,Q368241,CAN,Alberta,Populated place,6,63138,ne-ne_10m_populated_places
1159148847,Red Deer,红鹿,-113.800041,52.26664,Q23025,CAN,Alberta,Populated place,6,74857,ne-ne_10m_populated_places
1159148849,Banff,班夫,-115.571923,51.177999,Q58337,CAN,Alberta,Populated place,6,7502,ne-ne_10m_populated_places
1159148851,Grand Prairie,大草原城,-118.799994,55.166644,Q642900,CAN,Alberta,Populated place,6,41462,ne-ne_10m_populated_places
1159148855,Smithers,史密特斯,-127.16659,54.766591,Q1009247,CAN,British Columbia,Populated place,6,6245,ne-ne_10m_populated_places
1159148857,Kamloops,坎卢普斯,-120.333286,50.666661,Q473209,CAN,British Columbia,Populated place,6,68714,ne-ne_10m_populated_places
1159148859,Williams Lake,威廉姆斯湖,-122.149997,52.11665,Q2039207,CAN,British Columbia,Populated place,6,14168,ne-ne_10m_populated_places
1159148861,Prince George,乔治王子城,-122.766651,53.916669,Q590205,CAN,British Columbia,Populated place,6,65558,ne-ne_10m_populated_places
1159148863,Fort Nelson,纳尔逊堡,-122.686543,58.803878,Q606045,CAN,British Columbia,Populated place,6,6315,ne-ne_10m_populated_places
1159148865,Pond Inlet,龐德因萊特,-78.000056,72.684981,Q1017702,CAN,Nunavut,Populated place,6,1549,ne-ne_10m_populated_places
1159148867,Cape Dorset,多塞特角,-76.538579,64.31252,Q665280,CAN,Nunavut,Populated place,6,1326,ne-ne_10m_populated_places
1159148869,Kimmirut,金米鲁特,-69.883316,62.850026,Q284160,CAN,Nunavut,Populated place,6,385,ne-ne_10m_populated_places
1159148873,Gjoa Haven,約阿港,-95.916662,68.63329,Q719585,CAN,Nunavut,Populated place,6,1109,ne-ne_10m_populated_places
1159148875,Grise Fiord,格雷斯冰河,-82.949986,76.441651,Q276115,CAN,Nunavut,Populated place,6,23,ne-ne_10m_populated_places
1159148877,Alert,阿勒特,-62.249984,82.483323,Q501744,CAN,Nunavut,Populated place,6,125,ne-ne_10m_populated_places
1159148879,Ennadai,恩纳代,-100.883336,61.133283,Q5379128,CAN,Nunavut,Historic place,6,0,ne-ne_10m_populated_places
1159148881,Rankin Inlet,兰金,-92.09532,62.816668,Q1021766,CAN,Nunavut,Populated place,6,2472,ne-ne_10m_populated_places
1159148883,Fort Resolution,雷索盧申堡,-113.682994,61.166588,Q1438687,CAN,Northwest Territories,Populated place,6,448,ne-ne_10m_populated_places
1159148885,Fort Simpson,辛普森堡,-121.333276,61.849983,Q1240735,CAN,Northwest Territories,Populated place,6,283,ne-ne_10m_populated_places
1159148887,Inuvik,因纽维克,-133.699989,68.349974,Q338686,CAN,Northwest Territories,Populated place,6,3022,ne-ne_10m_populated_places
1159148891,Tuktoyaktuk,图克托亚图克,-133.049201,69.454775,Q719547,CAN,Northwest Territories,Populated place,6,929,ne-ne_10m_populated_places
1159148893,Watson Lake,沃森湖鎮,-128.711692,60.062306,Q1025947,CAN,Yukon,Populated place,6,802,ne-ne_10m_populated_places
1159148895,Laranjal do Jari,拉兰雅尔杜雅里,-52.480011,-0.85004,Q1117969,BRA,Amapi,Populated place,6,45000,ne-ne_10m_populated_places
1159148897,Amapá,阿马帕,-50.800011,2.04999,Q586263,BRA,Amapi,Populated place,6,1947,ne-ne_10m_populated_places
1159148899,Vila Velha,韦利亚镇,-51.216652,3.216663,,BRA,Amapi,Populated place,6,1209091,ne-ne_10m_populated_places
1159148901,Lansdowne House,兰斯当豪斯,-87.883329,52.216644,,CAN,Ontario,Populated place,6,120,ne-ne_10m_populated_places
1159148903,Moosonee,穆索尼,-80.657981,51.280602,Q1736159,CAN,Ontario,Populated place,6,1725,ne-ne_10m_populated_places
1159148905,Sudbury,大萨德伯里,-80.966645,46.49999,Q383434,CAN,Ontario,Populated place,6,157857,ne-ne_10m_populated_places
1159148909,Kenora,肯诺拉,-94.466648,49.76669,Q993714,CAN,Ontario,Populated place,6,10852,ne-ne_10m_populated_places
1159148911,Gaspé,加斯佩,-64.493361,48.837315,Q141903,CAN,Québec,Populated place,6,3677,ne-ne_10m_populated_places
1159148913,Mingan,明根,-64.017265,50.301759,Q500867,CAN,Québec,Populated place,6,588,ne-ne_10m_populated_places
1159148915,Dolbeau,多尔博,-72.233328,48.86659,Q141393,CAN,Québec,Populated place,6,13337,ne-ne_10m_populated_places
1159148917,Val d'Or,瓦勒多,-77.766633,48.116635,Q141937,CAN,Québec,Populated place,6,20625,ne-ne_10m_populated_places
1159148919,Ivugivik,伊武吉维克,-77.899984,62.416641,Q1013360,CAN,Québec,Populated place,6,156,ne-ne_10m_populated_places
1159148921,Inukjuak,伊努克爪克,-78.135991,58.470009,Q991143,CAN,Québec,Populated place,6,1597,ne-ne_10m_populated_places
1159148923,Chicoutimi,希库蒂米,-71.066706,48.433309,Q952269,CAN,Québec,Populated place,6,53940,ne-ne_10m_populated_places
1159148927,Moncton,蒙克顿,-64.766678,46.083349,Q457334,CAN,New Brunswick,Populated place,6,90635,ne-ne_10m_populated_places
1159148929,Fredericton,弗雷德里克頓,-66.633308,45.949998,Q2138,CAN,New Brunswick,Admin-1 capital,6,52337,ne-ne_10m_populated_places
1159148931,Bathurst,巴瑟斯特,-65.649983,47.599974,Q810807,CAN,New Brunswick,Populated place,6,6111,ne-ne_10m_populated_places
1159148933,Yarmouth,雅茅斯,-66.112581,43.830795,Q864688,CAN,Nova Scotia,Populated place,6,7500,ne-ne_10m_populated_places
1159148935,Gander,甘德,-54.549988,48.949995,Q745257,CAN,Newfoundland and Labrador,Populated place,6,3345,ne-ne_10m_populated_places
1159148937,Cartwright,卡特赖特,-57.012141,53.701407,Q2940694,CAN,Newfoundland and Labrador,Populated place,6,505,ne-ne_10m_populated_places
1159148939,Rigolet,里哥列,-58.447322,54.176601,Q15068820,CAN,Newfoundland and Labrador,Populated place,6,124,ne-ne_10m_populated_places
1159148941,Port Burwell,伯韦尔港,-64.741098,60.266462,Q7230519,CAN,Newfoundland and Labrador,Populated place,6,2762,ne-ne_10m_populated_places
1159148945,Bouar,布阿尔,15.599967,5.95001,Q512111,CAF,Nana-Mambéré,Admin-1 capital,6,34372,ne-ne_10m_populated_places
1159148947,Puerto San Julián,聖胡利安港,-67.716652,-49.300002,Q955668,ARG,Santa Cruz,Populated place,6,2347,ne-ne_10m_populated_places
1159148949,Perito Moreno,佩里托莫雷諾,-70.933355,-46.600012,Q2061265,ARG,Santa Cruz,Populated place,6,3766,ne-ne_10m_populated_places
1159148951,Rio Grande,里奧格蘭德,-67.698995,-53.791446,Q1005221,ARG,Tierra del Fuego,Populated place,6,31095,ne-ne_10m_populated_places
1159148953,Ushuaia,乌斯怀亚,-68.310001,-54.790003,Q44254,ARG,Tierra del Fuego,Admin-1 capital,6,58028,ne-ne_10m_populated_places
1159148955,Sarmiento,薩爾米恩托,-69.083313,-45.600021,Q106034,ARG,Chubut,Populated place,6,5185,ne-ne_10m_populated_places
1159148957,San Rafael,聖拉斐爾,-68.333333,-34.600021,Q23044,ARG,Mendoza,Populated place,6,109163,ne-ne_10m_populated_places
1159148959,Necochea,内科切阿,-58.749991,-38.559986,Q1022275,ARG,Ciudad de Buenos Aires,Populated place,6,80478,ne-ne_10m_populated_places
1159148963,Río Colorado,里奧科洛拉多,-64.083282,-38.966576,Q1410272,ARG,La Pampa,Populated place,6,11499,ne-ne_10m_populated_places
1159148965,Catamarca,卡塔马卡,-65.780001,-28.470008,Q44162,ARG,Catamarca,Admin-1 capital,6,188812,ne-ne_10m_populated_places
1159148967,La Rioja,拉里奥哈,-66.849961,-29.40995,Q44236,ARG,La Rioja,Admin-1 capital,6,162620,ne-ne_10m_populated_places
1159148969,Santiago del Estero,圣地亚哥－德尔埃斯特罗,-64.266656,-27.783331,Q44253,ARG,Santiago del Estero,Admin-1 capital,6,354692,ne-ne_10m_populated_places
1159148971,Resistencia,雷西斯滕西亚,-58.990027,-27.459992,Q44206,ARG,Chaco,Admin-1 capital,6,387158,ne-ne_10m_populated_places
1159148973,Gualeguaychú,瓜萊瓜伊丘,-58.520004,-33.020014,Q52585,ARG,Entre Ríos,Populated place,6,78676,ne-ne_10m_populated_places
1159148975,Santos,桑托斯,-46.328496,-23.961836,Q81882,BRA,São Paulo,Populated place,6,1709000,ne-ne_10m_populated_places
1159148977,Bauru,巴乌鲁,-49.080012,-22.330021,Q241645,BRA,São Paulo,Populated place,6,335024,ne-ne_10m_populated_places
1159148981,Iguape,伊瓜佩,-47.569949,-24.720004,Q1646941,BRA,São Paulo,Populated place,6,23784,ne-ne_10m_populated_places
1159148983,Franca,弗朗卡,-47.390012,-20.530027,Q504587,BRA,São Paulo,Populated place,6,305041,ne-ne_10m_populated_places
1159148985,Garanhuns,加拉尼温斯,-36.500031,-8.890014,Q771575,BRA,Pernambuco,Populated place,6,110085,ne-ne_10m_populated_places
1159148987,Caruaru,卡鲁阿鲁,-35.980011,-8.280026,Q622830,BRA,Pernambuco,Populated place,6,242094,ne-ne_10m_populated_places
1159148989,Farah,法拉,62.096819,32.39173,Q593156,AFG,Farah,Admin-1 capital,6,73647,ne-ne_10m_populated_places
1159148991,Dundo,栋多,20.829984,-7.380029,Q2425651,AGO,Lunda Norte,Populated place,6,11985,ne-ne_10m_populated_places
1159148993,Ambriz,安布里什,13.125028,-7.854987,Q458731,AGO,Bengo,Populated place,6,17000,ne-ne_10m_populated_places
1159148995,Dondo,栋多,14.430013,-9.690017,Q5295566,AGO,Cuanza Norte,Populated place,6,2353,ne-ne_10m_populated_places
1159148999,Sumbe,孫貝,13.849997,-11.210028,Q780534,AGO,Cuanza Sul,Admin-1 capital,6,33277,ne-ne_10m_populated_places
1159149001,Uíge,威热,15.049975,-7.620014,Q911191,AGO,Uíge,Admin-1 capital,6,60008,ne-ne_10m_populated_places
1159149003,Kuito,奎托,16.939989,-12.380034,Q843980,AGO,Bié,Admin-1 capital,6,114286,ne-ne_10m_populated_places
1159149005,Lobito,洛比托,13.54123,-12.370009,Q223914,AGO,Benguela,Populated place,6,207932,ne-ne_10m_populated_places
1159149007,Xangongo,桑貢戈,14.96998,-16.740026,Q1458892,AGO,Cunene,Populated place,6,447,ne-ne_10m_populated_places
1159149009,Luena,卢埃纳,19.900015,-11.790044,Q618643,AGO,Moxico,Admin-1 capital,6,21115,ne-ne_10m_populated_places
1159149011,Tômbua,通布阿,11.859989,-15.800032,Q2944558,AGO,Namibe,Populated place,6,40000,ne-ne_10m_populated_places
1159149013,San Matias,聖馬蒂亞斯,-58.420011,-16.359997,Q176823,BOL,Santa Cruz,Populated place,6,6352,ne-ne_10m_populated_places
1159149017,San Jose,聖何塞德奇基托斯,-60.779996,-17.850036,Q2143101,BOL,Santa Cruz,Populated place,6,9211,ne-ne_10m_populated_places
1159149019,Adrar,阿德拉尔,-0.289967,27.86999,Q251181,DZA,Adrar,Admin-1 capital,6,56910,ne-ne_10m_populated_places
1159149021,Reggane,拉甘,0.166646,26.699984,Q582905,DZA,Adrar,Populated place,6,32974,ne-ne_10m_populated_places
1159149023,Béchar,贝沙尔,-2.230004,31.611105,Q638704,DZA,Béchar,Admin-1 capital,6,143382,ne-ne_10m_populated_places
1159149025,Tindouf,廷杜夫,-8.147782,27.674188,Q328510,DZA,Tindouf,Populated place,6,18270,ne-ne_10m_populated_places
1159149027,Illizi,伊利济,8.466604,26.483356,Q640740,DZA,Illizi,Populated place,6,7957,ne-ne_10m_populated_places
1159149029,Arak,阿拉克,3.749993,25.279993,Q15185885,DZA,Tamanghasset,Populated place,6,423251,ne-ne_10m_populated_places
1159149031,I-n-Salah,因萨拉赫,2.466609,27.216645,Q255251,DZA,Tamanghasset,Populated place,6,49223,ne-ne_10m_populated_places
1159149035,El Goléa,古莱阿,2.883328,30.566621,Q1324185,DZA,Ghardaaa,Populated place,6,32049,ne-ne_10m_populated_places
1159149037,Laghouat,艾格瓦特,2.88002,33.809989,Q402733,DZA,Laghouat,Admin-1 capital,6,113872,ne-ne_10m_populated_places
1159149039,Touggourt,图古尔特,6.059981,33.099981,Q852515,DZA,Ouargla,Populated place,6,133954,ne-ne_10m_populated_places
1159149041,Ouargla,瓦尔格拉,5.340025,31.969972,Q852469,DZA,Ouargla,Admin-1 capital,6,176271,ne-ne_10m_populated_places
1159149043,Biskra,比斯克拉,5.730027,34.859977,Q312759,DZA,Biskra,Admin-1 capital,6,202103,ne-ne_10m_populated_places
1159149045,Djelfa,杰勒法,3.250024,34.679988,Q2794758,DZA,Djelfa,Admin-1 capital,6,170901,ne-ne_10m_populated_places
1159149047,Sétif,塞提夫,5.39997,36.180025,Q244004,DZA,SZtif,Admin-1 capital,6,274744,ne-ne_10m_populated_places
1159149049,Batna,巴特纳,6.17,35.569959,Q338844,DZA,Batna,Admin-1 capital,6,280798,ne-ne_10m_populated_places
1159149053,Burgas,布尔加斯,27.474643,42.5146,Q6509,BGR,Burgas,Admin-1 capital,6,195966,ne-ne_10m_populated_places
1159149055,Vitsyebsk,维捷布斯克,30.18533,55.18871,Q102217,BLR,Vitsyebsk,Admin-1 capital,6,342700,ne-ne_10m_populated_places
1159149057,Molepolole,莫莱波洛莱,25.510009,-24.399972,Q170725,BWA,Kweneng,Admin-1 capital,6,63248,ne-ne_10m_populated_places
1159149059,Myeik,丹老,98.61149,12.454083,Q1018163,MMR,Tanintharyi,Populated place,6,266720,ne-ne_10m_populated_places
1159149061,Palikir,帕利基尔,158.149974,6.916644,Q42751,FSM,,Admin-0 capital,6,4645,ne-ne_10m_populated_places
1159149063,Majuro,马朱罗,171.38,7.103004,Q12919,MHL,,Admin-0 capital,6,25400,ne-ne_10m_populated_places
1159149065,Agana,阿加尼亚,144.750017,13.470016,Q30988,GUM,,Admin-0 region capital,6,122411,ne-ne_10m_populated_places
1159149067,Arecibo,阿雷西沃,-66.729994,18.440023,Q640728,PRI,,Populated place,6,69307,ne-ne_10m_populated_places
1159149071,Funafuti,富纳富提,179.216647,-8.516652,Q34126,TUV,,Admin-0 capital,6,4749,ne-ne_10m_populated_places
1159149073,Melekeok,梅莱凯奥克,134.626549,7.487396,Q154002,PLW,,Admin-0 capital,6,7026,ne-ne_10m_populated_places
1159149075,Bir Lehlou,比鄂-雷楼,-9.652522,26.119167,Q614754,SAH,,Admin-0 capital alt,6,500,ne-ne_10m_populated_places
1159149077,Monaco,摩纳哥,7.406913,43.739646,Q235,MCO,,Admin-0 capital,6,36371,ne-ne_10m_populated_places
1159149079,Tarawa,南塔拉瓦,173.017571,1.338188,Q131233,KIR,,Admin-0 capital,6,28802,ne-ne_10m_populated_places
1159149081,Tasiilaq,安馬赫夏利克,-37.633737,65.601869,Q2139799,GRL,,Admin-1 capital,6,1829,ne-ne_10m_populated_places
1159149083,Moroni,莫洛尼,43.240244,-11.704158,Q3901,COM,,Admin-0 capital,6,128698,ne-ne_10m_populated_places
1159149085,Macau,澳门,113.544375,22.189135,Q14773,MAC,,Admin-0 region capital,6,568700,ne-ne_10m_populated_places
1159149089,Andorra,安道尔城,1.526594,42.510753,Q1863,AND,,Admin-0 capital,6,53998,ne-ne_10m_populated_places
1159149091,Savissivik,萨维斯维克,-65.112481,76.019476,Q740795,GRL,,Populated place,6,66,ne-ne_10m_populated_places
1159149093,Kangersuatsiaq,康尔苏亚克,-55.549119,72.37964,Q2086923,GRL,,Populated place,6,200,ne-ne_10m_populated_places
1159149095,Uummannaq,乌玛纳克,-52.122934,70.675023,Q747898,GRL,,Populated place,6,1299,ne-ne_10m_populated_places
1159149097,Santa Cruz de Tenerife,圣克鲁斯-德特内里费,-16.250001,28.469979,Q14328,ESP,,Admin-1 capital,6,336061,ne-ne_10m_populated_places
1159149099,Avarua,阿瓦鲁阿,-159.785437,-21.196226,Q170482,COK,,Admin-1 capital,6,5445,ne-ne_10m_populated_places
1159149101,Santa Cruz,圣克鲁斯,-122.02639,36.971946,Q159232,USA,California,Populated place,6,148444,ne-ne_10m_populated_places
1159149103,Hualien,花莲,121.600009,23.983742,Q713310,TWN,Hualien,Admin-1 capital,6,350468,ne-ne_10m_populated_places
1159149107,New Taipei,新北,121.465,25.012778,Q244898,TWN,New Taipei City,Admin-1 capital,5,3893740,ne-ne_10m_populated_places
1159149109,Tainan,台南,120.200043,23.000003,Q140631,TWN,Tainan City,Admin-1 capital,6,1876312,ne-ne_10m_populated_places
1159149111,Taitung,台东,121.140037,22.755393,Q713381,TWN,Taitung,Admin-1 capital,6,175000,ne-ne_10m_populated_places
1159149113,San Bernardino,圣贝纳迪诺,-117.30198,34.12233,Q486168,USA,California,Populated place,4,1745000,ne-ne_10m_populated_places
1159149115,Bridgeport,布里奇波特,-73.201907,41.181925,Q49174,USA,Connecticut,Populated place,4,1018000,ne-ne_10m_populated_places
1159149117,Rochester,羅徹斯特,-77.621896,43.172371,Q49218,USA,New York,Populated place,4,755000,ne-ne_10m_populated_places
1159149119,Manchester,曼彻斯特,-2.248685,53.47532,Q18125,GBR,Manchester,Populated place,4,2230000,ne-ne_10m_populated_places
1159149121,Gujranwala,古吉兰瓦拉,74.183076,32.162372,Q243322,PAK,Punjab,Populated place,4,1513000,ne-ne_10m_populated_places
1159149125,Incheon,仁川廣域,126.640288,37.478094,Q20934,KOR,Inch'on-gwangyoksi,Admin-1 capital,4,2550000,ne-ne_10m_populated_places
1159149127,Benin City,贝宁城,5.618062,6.342423,Q320704,NGA,Edo,Admin-1 capital,4,1190000,ne-ne_10m_populated_places
1159149129,Xiamen,厦门,118.078071,24.451938,Q68744,CHN,Fujian,Populated place,4,2519000,ne-ne_10m_populated_places
1159149131,Nanchong,南充,106.128051,30.782378,Q426996,CHN,Sichuan,Populated place,4,2174000,ne-ne_10m_populated_places
1159149133,Neijiang,内江,105.048066,29.582323,Q426756,CHN,Sichuan,Populated place,4,1466000,ne-ne_10m_populated_places
1159149135,Nanyang,南阳,112.528074,33.002346,Q404763,CHN,Henan,Populated place,4,1944000,ne-ne_10m_populated_places
1159149137,Jinxi,锦溪,120.828033,40.752287,,CHN,Liaoning,Populated place,4,2426000,ne-ne_10m_populated_places
1159149139,Yantai,烟台,121.398075,37.532354,Q210493,CHN,Shandong,Populated place,4,2116000,ne-ne_10m_populated_places
1159149143,Zaozhuang,枣庄,117.568077,34.881947,Q147187,CHN,Shandong,Populated place,4,2145000,ne-ne_10m_populated_places
1159149145,Suzhou,苏州,120.618071,31.302424,Q42622,CHN,Jiangsu,Populated place,4,1650000,ne-ne_10m_populated_places
1159149147,Xuzhou,徐州,117.178074,34.281958,Q57719,CHN,Jiangsu,Populated place,4,2091000,ne-ne_10m_populated_places
1159149149,Wuxi,无锡,120.298039,31.581942,Q42651,CHN,Jiangsu,Populated place,4,1749000,ne-ne_10m_populated_places
1159149151,Jilin,吉林,126.548097,43.851917,Q92277,CHN,Jilin,Populated place,4,2396000,ne-ne_10m_populated_places
1159149153,Chandigarh,昌迪加尔,76.77806,30.721943,Q43433,IND,Chandigarh,Admin-1 capital,4,979000,ne-ne_10m_populated_places
1159149155,Jammu,查谟,74.844793,32.713733,Q255455,IND,Jammu and Kashmir,Populated place,4,791000,ne-ne_10m_populated_places
1159149157,Sholapur,索拉普,75.898062,17.672352,Q237847,IND,Maharashtra,Populated place,4,1057000,ne-ne_10m_populated_places
1159149161,Aurangabad,奥郎加巴德,75.328948,19.861686,Q200713,IND,Maharashtra,Populated place,4,1113000,ne-ne_10m_populated_places
1159149163,Nasik,纳西克,73.778036,20.002365,Q200235,IND,Maharashtra,Populated place,4,1473000,ne-ne_10m_populated_places
1159149165,Dispur,第斯普尔,91.766636,26.144023,Q271911,IND,Assam,Admin-1 capital,4,16140,ne-ne_10m_populated_places
1159149167,Jullundur,贾朗达尔,75.567074,31.336866,Q33377,IND,Punjab,Populated place,4,855000,ne-ne_10m_populated_places
1159149169,Allahabad,安拉阿巴德,81.838061,25.456941,Q162442,IND,Uttar Pradesh,Populated place,4,1201000,ne-ne_10m_populated_places
1159149171,Moradabad,莫拉达巴德,78.754838,28.843737,Q330643,IND,Uttar Pradesh,Populated place,4,787000,ne-ne_10m_populated_places
1159149173,Ghaziabad,加济阿巴德,77.406445,28.662327,Q207098,IND,Uttar Pradesh,Populated place,4,1341000,ne-ne_10m_populated_places
1159149175,Agra,阿格拉,78.013075,27.172366,Q42941,IND,Uttar Pradesh,Populated place,4,1592000,ne-ne_10m_populated_places
1159149179,Aligarh,阿里格尔,78.059842,27.894157,Q201832,IND,Uttar Pradesh,Populated place,4,805000,ne-ne_10m_populated_places
1159149181,Meerut,密拉特,77.698055,29.002358,Q200237,IND,Uttar Pradesh,Populated place,4,1398000,ne-ne_10m_populated_places
1159149183,Dhanbad,丹巴德,86.41804,23.802339,Q244159,IND,Jharkhand,Populated place,4,1246000,ne-ne_10m_populated_places
1159149185,Gwalior,瓜廖尔,78.169197,26.200035,Q158467,IND,Madhya Pradesh,Populated place,4,978000,ne-ne_10m_populated_places
1159149187,Vadodara,瓦多达拉,73.178073,22.311965,Q11909,IND,Dadra and Nagar Haveli,Populated place,4,1756000,ne-ne_10m_populated_places
1159149189,Rajkot,莱科特,70.798063,22.311965,Q11854,IND,Dadra and Nagar Haveli,Populated place,4,1260000,ne-ne_10m_populated_places
1159149191,Durazno,杜拉斯诺,-56.51005,-33.410016,Q855645,URY,Durazno,Admin-1 capital,4,34037,ne-ne_10m_populated_places
1159149193,International Falls,国际瀑布城,-93.410846,48.601128,Q946270,USA,Minnesota,Populated place,4,15240,ne-ne_10m_populated_places
1159149197,St.  Paul,圣保罗,-93.084975,44.943987,Q28848,USA,Minnesota,Admin-1 capital,4,734854,ne-ne_10m_populated_places
1159149199,Billings,比灵斯,-108.54,45.788302,Q166304,USA,Montana,Populated place,4,104552,ne-ne_10m_populated_places
1159149201,Great Falls,大瀑布城,-111.299987,47.50029,Q466190,USA,Montana,Populated place,4,66558,ne-ne_10m_populated_places
1159149203,Missoula,米苏拉,-113.993053,46.872241,Q189602,USA,Montana,Populated place,4,72856,ne-ne_10m_populated_places
1159149205,Minot,迈诺特,-101.295817,48.232494,Q487201,USA,North Dakota,Populated place,4,39439,ne-ne_10m_populated_places
1159149207,Fargo,法戈,-96.789426,46.877228,Q34109,USA,North Dakota,Populated place,4,162842,ne-ne_10m_populated_places
1159149209,Hilo,希洛,-155.08154,19.705643,Q216258,USA,Hawaii,Populated place,4,52391,ne-ne_10m_populated_places
1159149211,Olympia,奥林匹亚,-122.899434,47.038045,Q42735,USA,Washington,Admin-1 capital,4,156984,ne-ne_10m_populated_places
1159149215,Spokane,斯波坎,-117.419949,47.669996,Q187805,USA,Washington,Populated place,4,347705,ne-ne_10m_populated_places
1159149217,Vancouver,温哥华,-122.639993,45.630301,Q234053,USA,Washington,Populated place,4,525802,ne-ne_10m_populated_places
1159149219,Flagstaff,弗拉格斯塔夫,-111.650508,35.198096,Q79842,USA,Arizona,Populated place,4,63993,ne-ne_10m_populated_places
1159149221,Tucson,图森,-110.891932,32.206943,Q18575,USA,Arizona,Populated place,4,823000,ne-ne_10m_populated_places
1159149223,Santa Barbara,圣巴巴拉,-119.716618,34.410799,Q159288,USA,California,Populated place,4,181632,ne-ne_10m_populated_places
1159149225,Fresno,弗雷斯诺,-119.772984,36.747717,Q43301,USA,California,Populated place,4,616353,ne-ne_10m_populated_places
1159149227,Eureka,尤里卡,-124.150371,40.793039,Q488702,USA,California,Populated place,4,42398,ne-ne_10m_populated_places
1159149229,Colorado Springs,科罗拉多斯普林斯,-104.791986,38.862963,Q49258,USA,Colorado,Populated place,4,493654,ne-ne_10m_populated_places
1159149233,Reno,雷諾,-119.82001,39.529976,Q49225,USA,Nevada,Populated place,4,328585,ne-ne_10m_populated_places
1159149235,Elko,埃尔科,-115.761989,40.832506,Q945084,USA,Nevada,Populated place,4,19252,ne-ne_10m_populated_places
1159149237,Albuquerque,阿尔伯克基,-106.641331,35.104975,Q34804,USA,New Mexico,Populated place,4,898642,ne-ne_10m_populated_places
1159149239,Salem,塞勒姆,-123.023897,44.92807,Q43919,USA,Oregon,Admin-1 capital,4,229010,ne-ne_10m_populated_places
1159149241,Casper,卡斯珀,-106.323243,42.846872,Q223177,USA,Wyoming,Populated place,4,60791,ne-ne_10m_populated_places
1159149243,Topeka,托皮卡,-95.669985,39.050005,Q41057,USA,Kansas,Admin-1 capital,4,132091,ne-ne_10m_populated_places
1159149245,Kansas City,堪萨斯城,-94.60604,39.109034,Q41819,USA,Missouri,Populated place,4,1469000,ne-ne_10m_populated_places
1159149247,Tulsa,塔尔萨,-95.930021,36.120003,Q44989,USA,Oklahoma,Populated place,4,946962,ne-ne_10m_populated_places
1159149251,Sioux Falls,苏瀑,-96.729998,43.549989,Q131335,USA,South Dakota,Populated place,4,155724,ne-ne_10m_populated_places
1159149253,Shreveport,什里夫波特,-93.770023,32.500017,Q80517,USA,Louisiana,Populated place,4,248053,ne-ne_10m_populated_places
1159149255,Baton Rouge,巴吞魯日,-91.140158,30.457946,Q28218,USA,Louisiana,Admin-1 capital,4,422072,ne-ne_10m_populated_places
1159149257,Ft.  Worth,沃思堡,-97.340038,32.739977,Q16558,USA,Texas,Populated place,4,1440454,ne-ne_10m_populated_places
1159149259,Corpus Christi,科珀斯克里斯蒂,-97.401895,27.742814,Q49242,USA,Texas,Populated place,4,277454,ne-ne_10m_populated_places
1159149261,Austin,奥斯汀,-97.744724,30.268895,Q16559,USA,Texas,Admin-1 capital,4,1161000,ne-ne_10m_populated_places
1159149263,Amarillo,阿马里洛,-101.829997,35.22998,Q51691,USA,Texas,Populated place,4,181766,ne-ne_10m_populated_places
1159149265,El Paso,艾尔帕索,-106.511941,31.78193,Q16562,USA,Texas,Populated place,4,753000,ne-ne_10m_populated_places
1159149269,Laredo,拉雷多,-99.507218,27.506136,Q16868,USA,Texas,Populated place,4,434768,ne-ne_10m_populated_places
1159149271,Mérida,梅里達,-71.182522,8.56952,Q23551,VEN,Mérida,Admin-1 capital,4,345489,ne-ne_10m_populated_places
1159149273,Burlington,南柏林頓,-73.212467,44.475798,Q31058,USA,Vermont,Populated place,4,93807,ne-ne_10m_populated_places
1159149275,Montgomery,蒙哥马利,-86.279189,32.361602,Q29364,USA,Alabama,Admin-1 capital,4,198325,ne-ne_10m_populated_places
1159149277,Tallahassee,塔拉赫西,-84.280034,30.449988,Q37043,USA,Florida,Admin-1 capital,4,221222,ne-ne_10m_populated_places
1159149279,Orlando,奥兰多,-81.381976,28.511923,Q49233,USA,Florida,Populated place,4,1350000,ne-ne_10m_populated_places
1159149281,Jacksonville,杰克逊维尔,-81.671933,30.331967,Q16568,USA,Florida,Populated place,4,988000,ne-ne_10m_populated_places
1159149283,Savannah,萨凡纳,-81.109995,32.021106,Q83813,USA,Georgia,Populated place,4,180187,ne-ne_10m_populated_places
1159149287,Columbia,哥伦比亚,-81.031262,33.996861,Q38453,USA,South Carolina,Admin-1 capital,4,398093,ne-ne_10m_populated_places
1159149289,Indianapolis,印第安纳波利斯,-86.171994,39.751934,Q6346,USA,Indiana,Admin-1 capital,4,1436000,ne-ne_10m_populated_places
1159149291,Wilmington,威尔明顿,-77.94502,34.225519,Q659400,USA,North Carolina,Populated place,4,161560,ne-ne_10m_populated_places
1159149293,Knoxville,诺克斯维尔,-83.92003,35.970012,Q185582,USA,Tennessee,Populated place,4,655400,ne-ne_10m_populated_places
1159149295,Richmond,里士满,-77.451932,37.551965,Q43421,USA,Virginia,Admin-1 capital,4,912000,ne-ne_10m_populated_places
1159149297,Charleston,查尔斯顿,-81.632728,38.349738,Q44564,USA,West Virginia,Admin-1 capital,4,123799,ne-ne_10m_populated_places
1159149299,Baltimore,巴尔的摩,-76.614582,39.281516,Q5092,USA,Maryland,Populated place,4,2255000,ne-ne_10m_populated_places
1159149301,Syracuse,锡拉丘兹,-76.150014,43.049994,Q128069,USA,New York,Populated place,4,662577,ne-ne_10m_populated_places
1159149305,Puerto Ayacucho,阿亞庫喬港,-67.623609,5.663904,Q372920,VEN,Amazonas,Admin-1 capital,4,52526,ne-ne_10m_populated_places
1159149307,Port-of-Spain,西班牙港,-61.517031,10.651997,Q39178,TTO,Port of Spain,Admin-0 capital,4,294934,ne-ne_10m_populated_places
1159149309,Augusta,奥古斯塔,-69.779989,44.310563,Q28206,USA,Maine,Admin-1 capital,4,24042,ne-ne_10m_populated_places
1159149311,Sault Ste. Marie,苏圣玛丽,-84.345276,46.495261,Q986634,USA,Michigan,Populated place,4,83805,ne-ne_10m_populated_places
1159149313,Atakpamé,阿塔帕梅,1.120024,7.530043,Q126124,TGO,Plateaux,Admin-1 capital,4,80683,ne-ne_10m_populated_places
1159149315,Sousse,苏塞,10.625026,35.829995,Q180717,TUN,Sousse,Admin-1 capital,4,327004,ne-ne_10m_populated_places
1159149317,Taizz,塔伊兹,44.037474,13.606398,Q466216,YEM,Ta`izz,Admin-1 capital,4,751000,ne-ne_10m_populated_places
1159149319,Sitka,锡特卡,-135.327549,57.060398,Q79804,USA,Alaska,Populated place,4,8931,ne-ne_10m_populated_places
1159149323,Lviv,利沃夫,24.029995,49.83498,Q36036,UKR,L'viv,Admin-1 capital,4,803880,ne-ne_10m_populated_places
1159149325,Odessa,敖德萨,30.708055,46.491962,Q1874,UKR,Odessa,Admin-1 capital,4,991000,ne-ne_10m_populated_places
1159149327,Zhytomyr,日托米尔,28.662167,50.245575,Q156713,UKR,Zhytomyr,Admin-1 capital,4,282192,ne-ne_10m_populated_places
1159149329,Dnipro,第聂伯罗,34.998078,48.481918,Q48256,UKR,Dnipropetrovs'k,Admin-1 capital,4,1050000,ne-ne_10m_populated_places
1159149331,Donetsk,顿涅茨克,37.828034,48.001947,Q43070,UKR,Donets'k,Admin-1 capital,4,988000,ne-ne_10m_populated_places
1159149333,Kharkiv,哈尔科夫,36.248079,50.001929,Q42308,UKR,Kharkiv,Admin-1 capital,4,1461000,ne-ne_10m_populated_places
1159149335,Türkmenbaşy,土库曼巴希,52.969676,40.023047,Q488987,TKM,Balkan,Admin-1 capital,4,68292,ne-ne_10m_populated_places
1159149337,Bukhara,布哈拉,64.43001,39.780012,Q5764,UZB,Bukhoro,Admin-1 capital,4,319476,ne-ne_10m_populated_places
1159149341,Nukus,努库斯,59.615007,42.470003,Q489898,UZB,Karakalpakstan,Admin-1 capital,4,230006,ne-ne_10m_populated_places
1159149343,Türkmenabat,土库曼纳巴德,63.580036,39.110002,Q487684,TKM,Chardzhou,Admin-1 capital,4,234817,ne-ne_10m_populated_places
1159149345,Mary,马雷,61.833321,37.600016,Q5713,TKM,Mary,Admin-1 capital,4,178708,ne-ne_10m_populated_places
1159149347,Andijan,安集延,72.339967,40.790002,Q487656,UZB,Andijon,Admin-1 capital,4,650000,ne-ne_10m_populated_places
1159149349,Haiphong,海防,106.678147,20.831952,Q72818,VNM,Qu?ng Ninh,Admin-1 capital,4,1969000,ne-ne_10m_populated_places
1159149351,Da Nang,岘港,108.249971,16.060039,Q25282,VNM,Ðà N?ng,Admin-1 capital,4,1000000,ne-ne_10m_populated_places
1159149353,Kabwe,卡布韦,28.449984,-14.440011,Q216902,ZMB,Central,Admin-1 capital,4,188979,ne-ne_10m_populated_places
1159149355,Mufulira,穆富利拉,28.25997,-12.549997,Q636209,ZMB,Copperbelt,Populated place,4,153624,ne-ne_10m_populated_places
1159149359,Kitwe,基特韦,28.220024,-12.810033,Q239580,ZMB,Copperbelt,Populated place,4,404901,ne-ne_10m_populated_places
1159149361,Livingstone,利文斯顿,25.860013,-17.860009,Q1866604,ZMB,Southern,Admin-1 capital,4,165480,ne-ne_10m_populated_places
1159149363,Chitungwiza,奇通圭扎,31.100003,-18.000001,Q399119,ZWE,Harare,Populated place,4,340360,ne-ne_10m_populated_places
1159149365,Douala,杜阿拉,9.708045,4.062356,Q132830,CMR,Littoral,Admin-1 capital,4,1906000,ne-ne_10m_populated_places
1159149367,Birmingham,伯明翰,-1.921943,52.47692,Q2256,GBR,West Midlands,Populated place,4,2285000,ne-ne_10m_populated_places
1159149369,Belfast,贝尔法斯特,-5.928178,54.594245,Q10686,GBR,Belfast,Admin-0 region capital,4,450406,ne-ne_10m_populated_places
1159149371,İzmir,伊兹密尔,27.149848,38.438096,Q35997,TUR,Izmir,Admin-1 capital,4,2587000,ne-ne_10m_populated_places
1159149373,Bursa,布尔萨,29.068052,40.201933,Q40738,TUR,Bursa,Admin-1 capital,4,1492000,ne-ne_10m_populated_places
1159149377,Samsun,萨姆松,36.343663,41.279998,Q160450,TUR,Samsun,Admin-1 capital,4,609339,ne-ne_10m_populated_places
1159149379,Konya,科尼亚,32.473064,37.876958,Q79857,TUR,Konya,Admin-1 capital,4,919000,ne-ne_10m_populated_places
1159149381,Adana,阿达纳,35.318058,36.996935,Q38545,TUR,Adana,Admin-1 capital,4,1293000,ne-ne_10m_populated_places
1159149383,Gulu,古盧,32.280034,2.779997,Q581379,UGA,Aswa,Admin-1 region capital,4,146858,ne-ne_10m_populated_places
1159149385,Kigali,吉佳利,30.058586,-1.951644,Q3859,RWA,Kigali City,Admin-0 capital,4,860000,ne-ne_10m_populated_places
1159149387,Cottica,科蒂卡,-54.233289,3.850009,Q1376242,SUR,Sipaliwini,Populated place,4,29210,ne-ne_10m_populated_places
1159149389,Córdoba,科尔多瓦,-4.770004,37.879999,Q5818,ESP,Andalucía,Populated place,4,321376,ne-ne_10m_populated_places
1159149391,Niamey,马拉迪,7.096404,13.491643,Q664550,NER,Maradi,Admin-1 capital,4,232555,ne-ne_10m_populated_places
1159149395,Tahoua,塔瓦,5.259927,14.899981,Q877122,NER,Tahoua,Admin-1 capital,4,115956,ne-ne_10m_populated_places
1159149397,Constanța,康斯坦察,28.609974,44.202662,Q79808,ROU,Constanta,Admin-1 capital,4,303399,ne-ne_10m_populated_places
1159149399,Luleå,吕勒奥,22.158378,65.596635,Q26268,SWE,Norrbotten,Admin-1 capital,4,48638,ne-ne_10m_populated_places
1159149401,Sundsvall,松玆瓦爾,17.316658,62.400053,Q26476,SWE,Västernorrland,Populated place,4,73389,ne-ne_10m_populated_places
1159149403,Iași,雅西,27.574947,47.168347,Q46852,ROU,Iasi,Admin-1 capital,4,325914,ne-ne_10m_populated_places
1159149405,Surat Thani,素叻他尼,99.340127,9.150099,Q840951,THA,Surat Thani,Admin-1 capital,4,157627,ne-ne_10m_populated_places
1159149407,Chiang Mai,清迈,98.980046,18.799975,Q52028,THA,Chiang Mai,Admin-1 capital,4,397211,ne-ne_10m_populated_places
1159149409,Nakhon Ratchasima,那空叻差是玛,102.10001,15.000026,Q633036,THA,Nakhon Ratchasima,Admin-1 capital,4,334984,ne-ne_10m_populated_places
1159149413,Mbabane,墨巴本,31.133335,-26.316651,Q3904,SWZ,Hhohho,Admin-0 capital,4,90138,ne-ne_10m_populated_places
1159149415,Piura,皮乌拉,-80.629973,-5.210032,Q223966,PER,Piura,Admin-1 capital,4,396932,ne-ne_10m_populated_places
1159149417,Arequipa,阿雷基帕,-71.531957,-16.418048,Q159273,PER,Arequipa,Admin-1 capital,4,815000,ne-ne_10m_populated_places
1159149419,Chimbote,钦博特,-78.569995,-9.070003,Q518431,PER,Ancash,Populated place,4,349846,ne-ne_10m_populated_places
1159149421,Pucallpa,普兰尔帕,-74.534996,-8.368909,Q217071,PER,Ucayali,Admin-1 capital,4,310750,ne-ne_10m_populated_places
1159149423,Iquitos,伊基托斯,-73.25001,-3.750018,Q193289,PER,Loreto,Admin-1 capital,4,458729,ne-ne_10m_populated_places
1159149425,Huancayo,万卡约,-75.20002,-12.08,Q468782,PER,Junín,Admin-1 capital,4,412733,ne-ne_10m_populated_places
1159149427,Ciudad del Este,东方,-54.616057,-25.5167,Q192235,PRY,Alto Paran,Admin-1 capital,4,320872,ne-ne_10m_populated_places
1159149431,Ponta Delgada,蓬塔德尔加达,-25.666584,37.748302,Q208149,PRT,Azores,Admin-0 region capital,4,61526,ne-ne_10m_populated_places
1159149433,Vigo,维戈,-8.729995,42.220019,Q8745,ESP,Galicia,Populated place,4,378952,ne-ne_10m_populated_places
1159149435,Bilbao,毕尔巴鄂,-2.929987,43.249981,Q8692,ESP,País Vasco,Populated place,4,875552,ne-ne_10m_populated_places
1159149437,Kaolack,考拉克,-16.10001,14.149975,Q847677,SEN,Kaolack,Admin-1 capital,4,277812,ne-ne_10m_populated_places
1159149439,Kaédi,卡埃迪,-13.499988,16.150008,Q524984,SEN,Matam,Admin-1 capital,4,21656,ne-ne_10m_populated_places
1159149441,Geneina,朱奈纳,22.440015,13.450017,Q311309,SDN,West Darfur,Admin-1 capital,4,162981,ne-ne_10m_populated_places
1159149443,Medina,麦地那,39.578057,24.501935,Q35484,SAU,Al Madinah,Admin-1 capital,4,1010000,ne-ne_10m_populated_places
1159149445,Tabuk,塔布克,36.554967,28.383835,Q244232,SAU,Tabuk,Admin-1 capital,4,547957,ne-ne_10m_populated_places
1159149449,Juba,朱巴,31.580026,4.829975,Q1947,SSD,Central Equatoria,Admin-0 capital,4,111975,ne-ne_10m_populated_places
1159149451,Malakal,马拉卡尔,31.65599,9.536897,Q220049,SSD,Upper Nile,Admin-1 region capital,4,160765,ne-ne_10m_populated_places
1159149453,Omdurman,恩图曼,32.480022,15.616681,Q180921,SDN,Khartoum,Admin-1 capital,4,2395159,ne-ne_10m_populated_places
1159149455,Al-Ubayyid,欧拜伊德,30.216698,13.18329,Q309475,SDN,North Kurdufan,Admin-1 capital,4,393311,ne-ne_10m_populated_places
1159149457,The Hague,海牙,4.269961,52.080037,Q36600,NLD,Zuid-Holland,Admin-0 capital alt,4,1406000,ne-ne_10m_populated_places
1159149459,Kristiansand,克里斯蒂安桑,7.974984,58.14562,Q2415,NOR,Vest-Agder,Admin-1 capital,4,63814,ne-ne_10m_populated_places
1159149461,Ljubljana,卢布尔雅那,14.514969,46.055288,Q437,SVN,Osrednjeslovenska,Admin-0 capital,4,314807,ne-ne_10m_populated_places
1159149463,Bratislava,布拉迪斯拉发,17.116981,48.150018,Q1780,SVK,Bratislavský,Admin-0 capital,4,423737,ne-ne_10m_populated_places
1159149467,Hammerfest,哈默菲斯特,23.688001,70.66128,Q721374,NOR,Finnmark,Populated place,4,10000,ne-ne_10m_populated_places
1159149469,Doha,多哈,51.532968,25.286556,Q3861,QAT,Ad Dawhah,Admin-0 capital,4,1450000,ne-ne_10m_populated_places
1159149471,Quetta,奎达,67.023048,30.221947,Q185458,PAK,Baluchistan,Admin-1 capital,4,768000,ne-ne_10m_populated_places
1159149473,Larkana,拉尔卡纳,68.206782,27.561766,Q696605,PAK,Sind,Populated place,4,364033,ne-ne_10m_populated_places
1159149475,Springbok,斯普林博克,17.883291,-29.66673,Q2301363,ZAF,Northern Cape,Populated place,4,10438,ne-ne_10m_populated_places
1159149477,Upington,乌平通,21.230011,-28.460034,Q575780,ZAF,Northern Cape,Populated place,4,71373,ne-ne_10m_populated_places
1159149479,Worcester,伍斯特,19.43994,-33.640028,Q1025649,ZAF,Western Cape,Populated place,4,127597,ne-ne_10m_populated_places
1159149481,George,喬治,22.45004,-33.950035,Q370456,ZAF,Western Cape,Populated place,4,174582,ne-ne_10m_populated_places
1159149485,Tete,太特,33.580007,-16.170035,Q388242,MOZ,Tete,Admin-1 capital,4,129316,ne-ne_10m_populated_places
1159149487,Pemba,彭巴,40.532347,-12.983046,Q498048,MOZ,Cabo Delgado,Admin-1 capital,4,110643,ne-ne_10m_populated_places
1159149489,Nampula,楠普拉,39.293043,-15.136041,Q323801,MOZ,Nampula,Admin-1 capital,4,388526,ne-ne_10m_populated_places
1159149491,Welkom,韦尔科姆,26.729986,-27.969987,Q1015631,ZAF,Orange Free State,Populated place,4,431944,ne-ne_10m_populated_places
1159149493,Xai-Xai,赛赛,33.640003,-25.039984,Q318299,MOZ,Gaza,Admin-1 capital,4,128805,ne-ne_10m_populated_places
1159149495,Goroka,戈罗卡,145.385482,-6.083312,Q498192,PNG,Eastern Highlands,Admin-1 capital,4,39699,ne-ne_10m_populated_places
1159149497,Mt.  Hagen,芒特哈根,144.21682,-5.863222,Q1017362,PNG,Western Highlands,Admin-1 capital,4,59064,ne-ne_10m_populated_places
1159149499,Rabaul,拉包尔,152.143431,-4.20549,Q218768,PNG,East New Britain,Admin-1 capital,4,8074,ne-ne_10m_populated_places
1159149503,Lae,莱城,146.990035,-6.732988,Q612250,PNG,Morobe,Admin-1 capital,4,131052,ne-ne_10m_populated_places
1159149505,David,戴维,-82.433325,8.433321,Q279009,PAN,Chiriquí,Admin-1 capital,4,110037,ne-ne_10m_populated_places
1159149507,Oujda,乌季达,-1.909972,34.690013,Q193802,MAR,Oriental,Admin-1 capital,4,409391,ne-ne_10m_populated_places
1159149509,Safi,萨非,-9.239989,32.319977,Q183405,MAR,Doukkala - Abda,Admin-1 capital,4,353476,ne-ne_10m_populated_places
1159149511,Podgorica,波德戈里察,19.266307,42.465972,Q23564,MNE,Podgorica,Admin-0 capital,4,145850,ne-ne_10m_populated_places
1159149513,Quelimane,克利马内,36.889986,-17.880008,Q318306,MOZ,Zambezia,Admin-1 capital,4,188964,ne-ne_10m_populated_places
1159149515,East London,东伦敦,27.87002,-32.970043,Q209537,ZAF,Eastern Cape,Populated place,4,338627,ne-ne_10m_populated_places
1159149517,Middelburg,米德尔堡,25.009987,-31.500004,Q1002188,ZAF,Eastern Cape,Populated place,4,18164,ne-ne_10m_populated_places
1159149521,Nalchik,納爾奇克,43.617947,43.498106,Q5265,RUS,Kabardin-Balkar,Admin-1 capital,4,307866,ne-ne_10m_populated_places
1159149523,Stavropol,斯塔夫罗波尔,41.980011,45.050001,Q5206,RUS,Stavropol',Admin-1 capital,4,363064,ne-ne_10m_populated_places
1159149525,Ugolnye Kopi,乌戈尔尼科皮,177.699995,64.733295,Q1305638,RUS,Chukchi Autonomous Okrug,Populated place,4,3367,ne-ne_10m_populated_places
1159149527,Kaliningrad,加里宁格勒,20.497343,54.700006,Q1829,RUS,Kaliningrad,Admin-1 capital,4,434954,ne-ne_10m_populated_places
1159149529,Pskov,普斯科夫,28.32994,57.829996,Q2214,RUS,Pskov,Admin-1 capital,4,201990,ne-ne_10m_populated_places
1159149531,Bryansk,布良斯克,34.429981,53.259991,Q2801,RUS,Bryansk,Admin-1 capital,4,427236,ne-ne_10m_populated_places
1159149533,Smolensk,斯摩棱斯克,32.047336,54.782688,Q2337,RUS,Smolensk,Admin-1 capital,4,320991,ne-ne_10m_populated_places
1159149535,Petrozavodsk,彼得罗扎沃茨克,34.361223,61.781318,Q1895,RUS,Karelia,Admin-1 capital,4,265025,ne-ne_10m_populated_places
1159149539,Tver,特维尔,35.889995,56.859978,Q2288,RUS,Tver',Admin-1 capital,4,400212,ne-ne_10m_populated_places
1159149541,Vologda,沃洛格达,39.919982,59.209989,Q1957,RUS,Vologda,Admin-1 capital,4,294889,ne-ne_10m_populated_places
1159149543,Yaroslavl,雅罗斯拉夫尔,39.87001,57.619983,Q2423,RUS,Yaroslavl',Admin-1 capital,4,606730,ne-ne_10m_populated_places
1159149545,Rostov,顿河畔罗斯托夫,39.71071,47.236594,Q908,RUS,Rostov,Admin-1 capital,4,1052000,ne-ne_10m_populated_places
1159149547,Sochi,索契,39.729967,43.590012,Q39420,RUS,Krasnodar,Populated place,4,327608,ne-ne_10m_populated_places
1159149549,Krasnodar,克拉斯诺达尔,39.000038,45.019977,Q3646,RUS,Krasnodar,Admin-1 capital,4,649851,ne-ne_10m_populated_places
1159149551,Penza,奔萨,44.999982,53.180021,Q5540,RUS,Penza,Admin-1 capital,4,512602,ne-ne_10m_populated_places
1159149553,Ryazan,梁赞,39.719994,54.619959,Q2746,RUS,Ryazan',Admin-1 capital,4,520173,ne-ne_10m_populated_places
1159149557,Voronezh,沃罗涅日,39.186843,51.66539,Q3426,RUS,Voronezh,Admin-1 capital,4,844000,ne-ne_10m_populated_places
1159149559,Magnitogorsk,马格尼托哥尔斯克,58.980007,53.422694,Q95449,RUS,Chelyabinsk,Populated place,4,413351,ne-ne_10m_populated_places
1159149561,Chelyabinsk,车里雅宾斯克,61.436722,55.156937,Q906,RUS,Chelyabinsk,Admin-1 capital,4,1091000,ne-ne_10m_populated_places
1159149563,Vorkuta,沃尔库塔,64.009984,67.5,Q133529,RUS,Komi,Populated place,4,80039,ne-ne_10m_populated_places
1159149565,Kirov,基洛夫,49.669981,58.590053,Q5384,RUS,Kirov,Admin-1 capital,4,457437,ne-ne_10m_populated_places
1159149567,Nizhny Tagil,下塔吉尔,59.974985,57.920016,Q98967,RUS,Sverdlovsk,Populated place,4,381116,ne-ne_10m_populated_places
1159149569,Astrakhan,阿斯特拉罕,48.054989,46.348655,Q3927,RUS,Astrakhan',Admin-1 capital,4,502533,ne-ne_10m_populated_places
1159149571,Orenburg,奥伦堡,55.110011,51.779978,Q5337,RUS,Orenburg,Admin-1 capital,4,550204,ne-ne_10m_populated_places
1159149575,Saratov,萨拉托夫,46.02805,51.581936,Q5332,RUS,Saratov,Admin-1 capital,4,843000,ne-ne_10m_populated_places
1159149577,Ulyanovsk,乌里扬诺夫斯克,48.410006,54.329977,Q5627,RUS,Ul'yanovsk,Admin-1 capital,4,640680,ne-ne_10m_populated_places
1159149579,Omsk,鄂木斯克,73.398008,54.991934,Q898,RUS,Omsk,Admin-1 capital,4,1135000,ne-ne_10m_populated_places
1159149581,Tyumen,秋明,65.529995,57.140012,Q5815,RUS,Tyumen',Admin-1 capital,4,519119,ne-ne_10m_populated_places
1159149583,Novokuznetsk,新库兹涅茨克,87.114982,53.750012,Q93910,RUS,Kemerovo,Populated place,4,539616,ne-ne_10m_populated_places
1159149585,Kemerovo,克麦罗沃,86.08998,55.339967,Q6066,RUS,Kemerovo,Admin-1 capital,4,477090,ne-ne_10m_populated_places
1159149587,Grozny,格罗兹尼,45.698699,43.318685,Q5196,RUS,Chechnya,Admin-1 capital,4,226100,ne-ne_10m_populated_places
1159149589,Kandy,康提,80.670001,7.279981,Q203197,LKA,Kandy,Admin-1 capital,4,111701,ne-ne_10m_populated_places
1159149593,Sri Jayawardenepura Kotte,斯里贾亚瓦德纳普拉科特,79.949993,6.900004,Q41963,LKA,Colombo,Admin-0 capital alt,4,115826,ne-ne_10m_populated_places
1159149595,Daejeon,大田广域,127.423082,36.337491,Q20921,KOR,Daejeon,Admin-1 capital,4,1468000,ne-ne_10m_populated_places
1159149597,Gwangju,光州广域,126.908488,35.172911,Q41283,KOR,Kwangju-gwangyoksi,Admin-1 capital,4,1440000,ne-ne_10m_populated_places
1159149599,Busan,釜山,129.008102,35.096999,Q16520,KOR,Busan,Admin-1 capital,4,3480000,ne-ne_10m_populated_places
1159149601,Zamboanga,三宝颜,122.078085,6.921923,Q1629,PHL,Zamboanga del Sur,Populated place,4,773000,ne-ne_10m_populated_places
1159149603,Laoag,拉瓦格,120.59361,18.198849,Q39738,PHL,Ilocos Norte,Populated place,4,207048,ne-ne_10m_populated_places
1159149605,Baguio,碧瑶,120.569943,16.429991,Q1822,PHL,Benguet,Admin-0 capital alt,4,447824,ne-ne_10m_populated_places
1159149607,General Santos,三投斯将军,125.174726,6.110827,Q594275,PHL,South Cotabato,Populated place,4,950530,ne-ne_10m_populated_places
1159149611,Ust-Ilimsk,乌斯季伊利姆斯克,102.633311,57.98996,Q196946,RUS,Irkutsk,Populated place,4,100271,ne-ne_10m_populated_places
1159149613,Angarsk,安加尔斯克,103.920003,52.560007,Q103565,RUS,Irkutsk,Populated place,4,243158,ne-ne_10m_populated_places
1159149615,Abakan,阿巴坎,91.445002,53.703685,Q875,RUS,Krasnoyarsk,Admin-1 capital,4,167289,ne-ne_10m_populated_places
1159149617,Norilsk,诺里尔斯克,88.224992,69.340017,Q175517,RUS,Taymyr,Populated place,4,165873,ne-ne_10m_populated_places
1159149619,Khatanga,哈坦加,102.465001,72.041144,Q918830,RUS,Taymyr,Populated place,4,3205,ne-ne_10m_populated_places
1159149621,Kyzyl,克孜勒,94.383066,51.7067,Q6049,RUS,Tuva,Admin-1 capital,4,108240,ne-ne_10m_populated_places
1159149623,Ulan-Ude,乌兰乌德,107.624996,51.824988,Q6816,RUS,Buryat,Admin-1 capital,4,360278,ne-ne_10m_populated_places
1159149625,Blagoveshchensk,海兰泡,127.533342,50.266607,Q6934,RUS,Amur,Admin-1 capital,4,221296,ne-ne_10m_populated_places
1159149629,Bukachacha,布卡恰恰,116.916625,52.983341,Q1003237,RUS,Chita,Populated place,4,3372,ne-ne_10m_populated_places
1159149631,Dalnegorsk,达利涅戈尔斯克,135.517247,44.537216,Q7054,RUS,Primor'ye,Populated place,4,8123,ne-ne_10m_populated_places
1159149633,Ambarchik,安巴奇克,162.333595,69.651006,Q2629730,RUS,Sakha (Yakutia),Historic place,4,0,ne-ne_10m_populated_places
1159149635,Batagay,巴塔蓋,134.635027,67.655985,Q2359080,RUS,Sakha (Yakutia),Populated place,4,4266,ne-ne_10m_populated_places
1159149637,Chokurdakh,喬庫爾達赫,147.89458,70.618311,Q2312088,RUS,Sakha (Yakutia),Populated place,4,2506,ne-ne_10m_populated_places
1159149639,Ust-Nera,乌斯季涅拉,143.199983,64.566587,Q1025866,RUS,Sakha (Yakutia),Populated place,4,9148,ne-ne_10m_populated_places
1159149641,Lensk,连斯克,114.94703,60.725271,Q157493,RUS,Sakha (Yakutia),Populated place,4,25589,ne-ne_10m_populated_places
1159149643,Aldan,阿尔丹,125.38939,58.602998,Q103273,RUS,Sakha (Yakutia),Populated place,4,24426,ne-ne_10m_populated_places
1159149647,Mirny,米尔内,113.961354,62.540019,Q105477,RUS,Sakha (Yakutia),Populated place,4,40308,ne-ne_10m_populated_places
1159149649,Zhigansk,日甘斯克,123.371115,66.769709,Q2621673,RUS,Sakha (Yakutia),Populated place,4,3237,ne-ne_10m_populated_places
1159149651,Okhotsk,鄂霍次克,143.217036,59.383002,Q648799,RUS,Khabarovsk,Populated place,4,5570,ne-ne_10m_populated_places
1159149653,Khabarovsk,伯力,135.120011,48.454987,Q4454,RUS,Khabarovsk,Admin-1 capital,4,579000,ne-ne_10m_populated_places
1159149655,Okha,奥哈,142.947853,53.573899,Q177782,RUS,Sakhalin,Populated place,4,26560,ne-ne_10m_populated_places
1159149657,Yuzhno Sakhalinsk,南萨哈林斯克,142.740011,46.964974,Q7859,RUS,Sakhalin,Admin-1 capital,4,176484,ne-ne_10m_populated_places
1159149659,Mexicali,墨西卡利,-115.481962,32.651928,Q199440,MEX,Baja California,Admin-1 capital,4,885000,ne-ne_10m_populated_places
1159149661,La Paz,拉巴斯,-110.319995,24.139959,Q214215,MEX,Baja California Sur,Admin-1 capital,4,189767,ne-ne_10m_populated_places
1159149665,Torreón,托雷翁,-103.421949,25.571999,Q386991,MEX,Coahuila,Populated place,4,1144000,ne-ne_10m_populated_places
1159149667,Culiacán,库利亚坎,-107.381914,24.831941,Q211760,MEX,Sinaloa,Admin-1 capital,4,809000,ne-ne_10m_populated_places
1159149669,Nogales,诺加利斯,-110.944996,31.305,Q79783,MEX,Sonora,Populated place,4,178097,ne-ne_10m_populated_places
1159149671,Hermosillo,埃莫西约,-110.954065,29.098881,Q189138,MEX,Sonora,Admin-1 capital,4,595811,ne-ne_10m_populated_places
1159149673,Guaymas,瓜伊马斯,-110.889986,27.930012,Q985521,MEX,Sonora,Populated place,4,103449,ne-ne_10m_populated_places
1159149675,San Luis Potosí,圣路易斯波托西,-101.001941,22.171922,Q204271,MEX,San Luis Potosí,Admin-1 capital,4,992000,ne-ne_10m_populated_places
1159149677,Matamoros,马塔莫罗斯,-97.500002,25.879982,Q738353,MEX,Tamaulipas,Populated place,4,538785,ne-ne_10m_populated_places
1159149679,Nuevo Laredo,新拉雷多,-99.550007,27.499987,Q328846,MEX,Tamaulipas,Populated place,4,349550,ne-ne_10m_populated_places
1159149683,Colima,科利马,-103.72001,19.229975,Q61320,MEX,Colima,Admin-1 capital,4,223287,ne-ne_10m_populated_places
1159149685,Campeche,坎佩切,-90.49999,19.82999,Q61301,MEX,Campeche,Admin-1 capital,4,205212,ne-ne_10m_populated_places
1159149687,Oaxaca,瓦哈卡,-96.66995,17.08269,Q131429,MEX,Oaxaca,Admin-1 capital,4,530728,ne-ne_10m_populated_places
1159149689,León,莱昂,-101.701976,21.151933,Q189128,MEX,Guanajuato,Populated place,4,1488000,ne-ne_10m_populated_places
1159149691,Maiduguri,迈杜古里,13.158067,11.851906,Q221436,NGA,Borno,Admin-1 capital,4,896000,ne-ne_10m_populated_places
1159149693,Port Harcourt,哈科特港,7.008055,4.811948,Q217432,NGA,Rivers,Admin-1 capital,4,1020000,ne-ne_10m_populated_places
1159149695,Makurdi,马库尔迪,8.530011,7.729979,Q994096,NGA,Benue,Admin-1 capital,4,292645,ne-ne_10m_populated_places
1159149697,Ibadan,伊巴丹,3.928036,7.381972,Q183298,NGA,Oyo,Admin-1 capital,4,2628000,ne-ne_10m_populated_places
1159149701,Ogbomosho,奥博莫绍,4.238043,8.131952,Q500366,NGA,Oyo,Populated place,4,951000,ne-ne_10m_populated_places
1159149703,Warri,瓦里,5.76,5.519959,Q574593,NGA,Delta,Populated place,4,830106,ne-ne_10m_populated_places
1159149705,Kaduna,卡杜纳,7.438054,10.521961,Q208318,NGA,Kaduna,Admin-1 capital,4,1442000,ne-ne_10m_populated_places
1159149707,Gdańsk,格但斯克,18.64004,54.359975,Q1792,POL,Pomeranian,Admin-1 capital,4,740000,ne-ne_10m_populated_places
1159149709,Kraków,克拉科夫,19.958066,50.061925,Q31487,POL,Lesser Poland,Admin-1 capital,4,756000,ne-ne_10m_populated_places
1159149711,Dalandzadgad,达兰扎德嘎德,104.440281,43.583553,Q822808,MNG,Ömnögovi,Admin-1 capital,4,15093,ne-ne_10m_populated_places
1159149713,Wonsan,元山,127.430816,39.160489,Q109374,PRK,Kangwon-do,Admin-1 capital,4,329207,ne-ne_10m_populated_places
1159149715,Sinuiju,新义州,124.421284,40.085859,Q156243,PRK,P'yongan-bukto,Admin-1 capital,4,288112,ne-ne_10m_populated_places
1159149719,Dund-Us,科布多城,91.633259,48.016641,Q731256,MNG,Hovd,Admin-1 capital,4,30500,ne-ne_10m_populated_places
1159149721,Choibalsan,乔巴山,114.506023,48.066587,Q318245,MNG,Dornod,Admin-1 capital,4,33376,ne-ne_10m_populated_places
1159149723,Lüderitz,吕德里茨,15.159426,-26.648,Q159325,NAM,Karas,Admin-1 capital,4,15137,ne-ne_10m_populated_places
1159149725,Walvis Bay,鲸湾港,14.505306,-22.957528,Q220843,NAM,Erongo,Populated place,4,52058,ne-ne_10m_populated_places
1159149727,Mwanza,姆万扎,32.930021,-2.520015,Q110218,TZA,Mwanza,Admin-1 capital,4,493944,ne-ne_10m_populated_places
1159149729,Morogoro,莫罗戈罗,37.660016,-6.820011,Q243319,TZA,Morogoro,Admin-1 capital,4,250902,ne-ne_10m_populated_places
1159149731,Dodoma,多多马,35.750004,-6.183306,Q3866,TZA,Dodoma,Admin-0 capital alt,4,218269,ne-ne_10m_populated_places
1159149733,Arusha,阿鲁沙,36.669999,-3.360016,Q4301,TZA,Arusha,Admin-1 capital,4,341136,ne-ne_10m_populated_places
1159149737,Bern,伯尔尼,7.466976,46.916683,Q70,CHE,Bern,Admin-0 capital,4,275329,ne-ne_10m_populated_places
1159149739,Malmö,马尔默,13.02306,55.599424,Q2211,SWE,Skåne,Admin-1 capital,4,269349,ne-ne_10m_populated_places
1159149741,Laayoune,阿尤恩,-13.200006,27.149982,Q47837,MAR,Laâyoune - Boujdour - Sakia El Hamra,Admin-0 capital alt,4,188084,ne-ne_10m_populated_places
1159149743,Ternate,特爾納特,127.363016,0.792961,Q19151,IDN,Maluku Utara,Populated place,4,187521,ne-ne_10m_populated_places
1159149745,Ambon,安汶,128.200019,-3.716687,Q18970,IDN,Maluku,Admin-1 capital,4,355596,ne-ne_10m_populated_places
1159149747,Raba,拉巴,118.766642,-8.449989,Q7278471,IDN,Nusa Tenggara Barat,Populated place,4,106101,ne-ne_10m_populated_places
1159149749,Jayapura,查雅普拉,140.69998,-2.532986,Q27860,IDN,Papua,Admin-1 capital,4,169341,ne-ne_10m_populated_places
1159149751,Florence,佛罗伦萨,11.25,43.780001,Q2044,ITA,Toscana,Admin-1 region capital,4,1500000,ne-ne_10m_populated_places
1159149755,Catania,卡塔纳,15.079999,37.499971,Q1903,ITA,Sicily,Populated place,4,674542,ne-ne_10m_populated_places
1159149757,Pristina,普里什蒂纳,21.165984,42.66671,Q25270,KOS,Pristina,Admin-0 capital,4,465186,ne-ne_10m_populated_places
1159149759,Meru,梅鲁,37.640017,0.059982,Q934149,KEN,Eastern,Populated place,4,47226,ne-ne_10m_populated_places
1159149761,Eldoret,埃尔多雷特,35.269981,0.520006,Q322149,KEN,Rift Valley,Populated place,4,353381,ne-ne_10m_populated_places
1159149763,Banda Aceh,班達亞齊,95.320011,5.549983,Q5779,IDN,Aceh,Admin-1 capital,4,513698,ne-ne_10m_populated_places
1159149765,George Town,乔治,100.329368,5.413613,Q61092,MYS,Pulau Pinang,Admin-1 capital,4,2500000,ne-ne_10m_populated_places
1159149767,Zhangye,张掖,100.450034,38.929987,Q197402,CHN,Gansu,Populated place,4,230728,ne-ne_10m_populated_places
1159149769,Wuwei,武威,102.641011,37.928007,Q249007,CHN,Gansu,Populated place,4,493092,ne-ne_10m_populated_places
1159149773,Dunhuang,敦煌,94.662015,40.142678,Q319114,CHN,Gansu,Populated place,4,140094,ne-ne_10m_populated_places
1159149775,Tianshui,天水,105.918038,34.601964,Q533157,CHN,Gansu,Populated place,4,1225000,ne-ne_10m_populated_places
1159149777,Dulan,都兰,98.266601,36.16659,,CHN,Gansu,Populated place,4,100,ne-ne_10m_populated_places
1159149779,Golmud,格尔木,94.883345,36.416626,Q858250,CHN,Gansu,Populated place,4,107092,ne-ne_10m_populated_places
1159149781,Yulin,玉林,110.148064,22.63192,Q571918,CHN,Guangxi,Populated place,4,1127000,ne-ne_10m_populated_places
1159149783,Bose,白城,106.613327,23.899716,Q92381,CHN,Guangxi,Populated place,4,175282,ne-ne_10m_populated_places
1159149785,Wuzhou,梧州,111.320016,23.480025,Q571652,CHN,Guangxi,Populated place,4,442315,ne-ne_10m_populated_places
1159149787,Liupanshui,六盘水,104.831386,26.596381,Q485918,CHN,Guizhou,Populated place,4,1221000,ne-ne_10m_populated_places
1159149791,Quanzhou,泉州,118.578041,24.901962,Q68695,CHN,Fujian,Populated place,4,1463000,ne-ne_10m_populated_places
1159149793,Hefei,合肥,117.278068,31.851977,Q185684,CHN,Anhui,Admin-1 capital,4,2035000,ne-ne_10m_populated_places
1159149795,Suzhou,宿州,116.976943,33.638057,Q360643,CHN,Anhui,Populated place,4,1964000,ne-ne_10m_populated_places
1159149797,Zhanjiang,湛江,110.378076,21.20193,Q59144,CHN,Guangdong,Populated place,4,1590000,ne-ne_10m_populated_places
1159149799,Shaoguan,韶关,113.579982,24.799971,Q59107,CHN,Guangdong,Populated place,4,720266,ne-ne_10m_populated_places
1159149801,Balikpapan,巴厘巴板,116.830016,-1.250015,Q14492,IDN,Kalimantan Timur,Populated place,4,445905,ne-ne_10m_populated_places
1159149803,Kuching,古晋,110.329999,1.52997,Q220445,MYS,Sarawak,Admin-1 capital,4,570407,ne-ne_10m_populated_places
1159149805,Antsiranana,安齐拉纳纳,49.311526,-12.276502,Q218928,MDG,Antsiranana,Admin-1 capital,4,82937,ne-ne_10m_populated_places
1159149809,Fianarantsoa,菲亞納蘭楚阿,47.083265,-21.433331,Q527441,MDG,Fianarantsoa,Admin-1 capital,4,184184,ne-ne_10m_populated_places
1159149811,Mahajanga,马哈赞加,46.345016,-15.670014,Q218753,MDG,Mahajanga,Admin-1 capital,4,154657,ne-ne_10m_populated_places
1159149813,Toliara,图利亚拉,43.689984,-23.356831,Q824043,MDG,Toliary,Admin-1 capital,4,115319,ne-ne_10m_populated_places
1159149815,Surakarta,梭罗,110.825008,-7.564979,Q4803,IDN,Jawa Tengah,Populated place,4,555308,ne-ne_10m_populated_places
1159149817,Bandar Lampung,班達楠榜,105.268052,-5.428073,Q8156,IDN,Lampung,Admin-1 capital,4,865000,ne-ne_10m_populated_places
1159149819,Tanjung Pandan,丹绒香兰,107.650008,-2.750027,Q3056359,IDN,Bangka-Belitung,Populated place,4,62374,ne-ne_10m_populated_places
1159149821,Malang,玛琅,112.608069,-7.978046,Q11445,IDN,Jawa Timur,Populated place,4,805000,ne-ne_10m_populated_places
1159149823,Kupang,古邦,123.582989,-10.178669,Q14155,IDN,Nusa Tenggara Timur,Admin-1 capital,4,282396,ne-ne_10m_populated_places
1159149827,Parepare,巴里巴里,119.633307,-4.016668,Q14636,IDN,Sulawesi Selatan,Populated place,4,87776,ne-ne_10m_populated_places
1159149829,Cuenca,昆卡,-78.999995,-2.899992,Q54886,ECU,Azuay,Admin-1 capital,4,286878,ne-ne_10m_populated_places
1159149831,Santa Cruz,圣克鲁斯,-90.35,-0.533315,,ECU,Gal,Populated place,4,11262,ne-ne_10m_populated_places
1159149833,Limón,利蒙,-83.03334,10.000021,Q30620,CRI,Limón,Admin-1 capital,4,85001,ne-ne_10m_populated_places
1159149835,Santiago de Cuba,圣地亚哥－德古巴,-75.821326,20.025017,Q117040,CUB,Santiago de Cuba,Admin-1 capital,4,555865,ne-ne_10m_populated_places
1159149837,Santiago,聖地牙哥,-70.670012,19.50001,Q42763,DOM,Santiago,Admin-1 capital,4,1550753,ne-ne_10m_populated_places
1159149839,Manizales,马尼萨莱斯,-75.52,5.059987,Q235190,COL,Caldas,Admin-1 capital,4,375848,ne-ne_10m_populated_places
1159149841,Pasto,帕斯托,-77.281107,1.213607,Q320015,COL,Nariño,Admin-1 capital,4,382236,ne-ne_10m_populated_places
1159149845,Barranquilla,巴兰基亚,-74.801913,10.961934,Q62823,COL,Atlántico,Admin-1 capital,4,1798000,ne-ne_10m_populated_places
1159149847,Roseau,罗索,-61.387013,15.301016,Q36281,DMA,Saint George,Admin-0 capital,4,23336,ne-ne_10m_populated_places
1159149849,Mbandaka,姆班达卡,18.260012,0.040035,Q211070,COD,Équateur,Admin-1 capital,4,274996,ne-ne_10m_populated_places
1159149851,Moundou,蒙杜,16.090015,8.549981,Q333074,TCD,Logone Oriental,Admin-1 capital,4,156705,ne-ne_10m_populated_places
1159149853,Suez,苏伊士,32.549941,30.004976,Q134514,EGY,As Suways,Populated place,4,508335,ne-ne_10m_populated_places
1159149855,Bur Said,塞得港,32.290008,31.25999,Q134509,EGY,Bur Sa`id,Admin-1 capital,4,623864,ne-ne_10m_populated_places
1159149857,El Faiyum,法尤姆,30.839967,29.310031,Q203299,EGY,Al Fayyum,Admin-1 capital,4,316772,ne-ne_10m_populated_places
1159149859,Aswan,阿斯旺,32.898911,24.087508,Q29888,EGY,Aswan,Admin-1 capital,4,313442,ne-ne_10m_populated_places
1159149863,Asyut,艾斯尤特,31.179947,27.18998,Q29962,EGY,Asyut,Admin-1 capital,4,420585,ne-ne_10m_populated_places
1159149865,Kisangani,基桑加尼,25.22,0.520006,Q146723,COD,Orientale,Admin-1 capital,4,578470,ne-ne_10m_populated_places
1159149867,Assab,阿萨布,42.729991,13.010018,Q738496,ERI,Debubawi Keyih Bahri,Admin-1 capital,4,105496,ne-ne_10m_populated_places
1159149869,Djibouti,吉布地,43.148002,11.595014,Q3604,DJI,Djibouti,Admin-0 capital,4,923000,ne-ne_10m_populated_places
1159149871,Dresden,德累斯顿,13.750003,51.049971,Q1731,DEU,Sachsen,Admin-1 capital,4,617515,ne-ne_10m_populated_places
1159149873,Xigaze,日喀则,88.88335,29.250009,Q1211183,CHN,Xizang,Populated place,4,80000,ne-ne_10m_populated_places
1159149875,Shache,莎车县,77.250003,38.426142,Q857618,CHN,Xinjiang Uygur,Populated place,4,851374,ne-ne_10m_populated_places
1159149877,Yining,伊宁,81.350011,43.900019,Q866021,CHN,Xinjiang Uygur,Populated place,4,542507,ne-ne_10m_populated_places
1159149881,Altay,阿勒泰,88.116626,47.866599,Q434924,CHN,Xinjiang Uygur,Populated place,4,142000,ne-ne_10m_populated_places
1159149883,Putrajaya,布城,101.695037,2.932515,Q182378,MYS,Selangor,Admin-0 capital alt,4,67964,ne-ne_10m_populated_places
1159149885,Shizuishan,石嘴山,106.769028,39.233276,Q604385,CHN,Ningxia Hui,Populated place,4,136570,ne-ne_10m_populated_places
1159149887,Yulin,榆林,109.733291,38.283308,Q515712,CHN,Shaanxi,Populated place,4,155960,ne-ne_10m_populated_places
1159149889,Ankang,安康,109.020002,32.679981,Q515846,CHN,Shaanxi,Populated place,4,1100000,ne-ne_10m_populated_places
1159149891,Houma,侯马,111.209997,35.619982,Q975264,CHN,Shanxi,Populated place,4,102400,ne-ne_10m_populated_places
1159149893,Yueyang,岳阳,113.098065,29.381999,Q151958,CHN,Hunan,Populated place,4,826000,ne-ne_10m_populated_places
1159149895,Hengyang,衡阳,112.58807,26.881971,Q144663,CHN,Hunan,Populated place,4,1016000,ne-ne_10m_populated_places
1159149899,Mianyang,绵阳,104.689993,31.464828,Q426130,CHN,Sichuan,Populated place,4,1396000,ne-ne_10m_populated_places
1159149901,Xichang,西昌,102.299998,27.880015,Q224603,CHN,Sichuan,Populated place,4,379993,ne-ne_10m_populated_places
1159149903,Baoshan,保山,99.15001,25.119977,Q496576,CHN,Yunnan,Populated place,4,1000000,ne-ne_10m_populated_places
1159149905,Gejiu,个旧,103.150076,23.37998,Q1016730,CHN,Yunnan,Populated place,4,149105,ne-ne_10m_populated_places
1159149907,Shijiazhuang,石家庄,114.478032,38.05196,Q58401,CHN,Hebei,Admin-1 capital,4,2417000,ne-ne_10m_populated_places
1159149909,Handan,邯郸,114.478032,36.581921,Q58570,CHN,Hebei,Populated place,4,1631000,ne-ne_10m_populated_places
1159149911,Anshan,鞍山,122.938085,41.116967,Q74957,CHN,Liaoning,Populated place,4,1639000,ne-ne_10m_populated_places
1159149913,Dalian,大连,121.627885,38.924784,Q74881,CHN,Liaoning,Populated place,4,3167000,ne-ne_10m_populated_places
1159149917,Qingdao,青岛,120.328063,36.091925,Q170322,CHN,Shandong,Populated place,4,2866000,ne-ne_10m_populated_places
1159149919,Linyi,临沂,118.32803,35.081935,Q373346,CHN,Shandong,Populated place,4,2082000,ne-ne_10m_populated_places
1159149921,Huaiyin,淮安,119.065967,33.585165,Q57818,CHN,Jiangsu,Populated place,4,1264000,ne-ne_10m_populated_places
1159149923,Wenzhou,温州,120.648147,28.021927,Q42635,CHN,Zhejiang,Populated place,4,2350000,ne-ne_10m_populated_places
1159149925,Ningbo,宁波,121.548092,29.881917,Q42780,CHN,Zhejiang,Populated place,4,1923000,ne-ne_10m_populated_places
1159149927,Fukuoka,福冈,130.408068,33.596961,Q26600,JPN,Fukuoka,Admin-1 region capital,4,2792000,ne-ne_10m_populated_places
1159149929,Miyazaki,宫崎,131.418376,31.918244,Q204308,JPN,Miyazaki,Admin-1 capital,4,324384,ne-ne_10m_populated_places
1159149931,Naha,那霸,127.672972,26.207172,Q181966,JPN,Okinawa,Admin-1 region capital,4,905238,ne-ne_10m_populated_places
1159149935,Kōchi,高知,133.537523,33.562433,Q200251,JPN,Kochi,Admin-1 capital,4,335570,ne-ne_10m_populated_places
1159149937,Gorontalo,哥倫打洛,123.070048,0.549978,Q14525,IDN,Gorontalo,Populated place,4,365497,ne-ne_10m_populated_places
1159149939,Tongliao,通辽,122.268048,43.621905,Q570884,CHN,Nei Mongol,Populated place,4,884000,ne-ne_10m_populated_places
1159149941,Hohhot,呼和浩特,111.65805,40.821921,Q535534,CHN,Nei Mongol,Admin-1 capital,4,1726000,ne-ne_10m_populated_places
1159149943,Chifeng,赤峰,118.948044,42.271961,Q570829,CHN,Nei Mongol,Populated place,4,1277000,ne-ne_10m_populated_places
1159149945,Ulan Hot,乌兰浩特,122.080031,46.080016,Q1000383,CHN,Nei Mongol,Populated place,4,241894,ne-ne_10m_populated_places
1159149947,Hailar,海拉尔区,119.700022,49.19998,Q986724,CHN,Nei Mongol,Populated place,4,231171,ne-ne_10m_populated_places
1159149949,Jiamusi,佳木斯,130.348072,46.831967,Q29003,CHN,Heilongjiang,Populated place,4,1020000,ne-ne_10m_populated_places
1159149953,Bei'an,北安,126.528604,48.246263,Q814616,CHN,Heilongjiang,Populated place,4,154936,ne-ne_10m_populated_places
1159149955,Daqing,大庆,124.998062,46.581905,Q304848,CHN,Heilongjiang,Populated place,4,1693000,ne-ne_10m_populated_places
1159149957,Jixi,鸡西,130.968085,45.301906,Q28979,CHN,Heilongjiang,Populated place,4,965000,ne-ne_10m_populated_places
1159149959,Nagoya,名古屋,136.913046,35.156943,Q11751,JPN,Aichi,Admin-1 region capital,4,3230000,ne-ne_10m_populated_places
1159149961,Nagano,长野,138.170005,36.649997,Q128849,JPN,Nagano,Admin-1 capital,4,594311,ne-ne_10m_populated_places
1159149963,Kushiro,钏路,144.374691,42.974959,Q271917,JPN,Hokkaido,Populated place,4,198566,ne-ne_10m_populated_places
1159149965,Hakodate,函馆,140.739978,41.79498,Q26418,JPN,Hokkaido,Populated place,4,302984,ne-ne_10m_populated_places
1159149967,Kyoto,京都,135.748052,35.031938,Q34600,JPN,Kyoto,Admin-0 capital alt,4,1805000,ne-ne_10m_populated_places
1159149971,Sendai,仙台,140.869667,38.268441,Q46747,JPN,Miyagi,Admin-1 region capital,4,2250000,ne-ne_10m_populated_places
1159149973,Sakata,酒田,139.850058,38.920039,Q504690,JPN,Yamagata,Populated place,4,100446,ne-ne_10m_populated_places
1159149975,Bandundu,班顿杜,17.379962,-3.309993,Q736061,COD,Bandundu,Admin-1 capital,4,118211,ne-ne_10m_populated_places
1159149977,Kananga,卡南加,22.398072,-5.888096,Q205327,COD,Kasaï-Occidental,Admin-1 capital,4,765000,ne-ne_10m_populated_places
1159149979,Kasongo,卡松戈,26.660016,-4.450027,Q587152,COD,Maniema,Populated place,4,63000,ne-ne_10m_populated_places
1159149981,Mbuji-Mayi,姆布吉马伊,23.59805,-6.148081,Q319660,COD,Kasaï-Oriental,Admin-1 capital,4,1295000,ne-ne_10m_populated_places
1159149983,Kalemie,卡莱米,29.200016,-5.933295,Q732801,COD,Katanga,Populated place,4,206257,ne-ne_10m_populated_places
1159149985,Butembo,布滕博,29.280011,0.130004,Q518785,COD,Nord-Kivu,Populated place,4,286403,ne-ne_10m_populated_places
1159149989,Goma,戈马,29.221787,-1.678799,Q204381,COD,Nord-Kivu,Admin-1 capital,4,144124,ne-ne_10m_populated_places
1159149991,Mzuzu,姆祖祖,34.01998,-11.459987,Q502216,MWI,Mzimba,Admin-1 region capital,4,110201,ne-ne_10m_populated_places
1159149993,Blantyre,布兰太尔,34.989947,-15.790007,Q188693,MWI,Blantyre,Admin-1 region capital,4,584877,ne-ne_10m_populated_places
1159149995,Quetzaltenango,克萨尔特南戈,-91.520006,14.829959,Q334577,GTM,Quezaltenango,Admin-1 capital,4,575263,ne-ne_10m_populated_places
1159149997,Banjul,班竹,-16.591701,13.453876,Q3726,GMB,Banjul,Admin-0 capital,4,43094,ne-ne_10m_populated_places
1159149999,Faridabad,法里达巴德,77.314721,28.435279,Q200663,IND,Haryana,Populated place,4,1394000,ne-ne_10m_populated_places
1159150001,Srinagar,斯利那加,74.828309,34.069474,Q170115,IND,Jammu and Kashmir,Admin-1 capital,4,1140000,ne-ne_10m_populated_places
1159150003,Vijayawada,维杰亚瓦达,80.628057,16.521905,Q200017,IND,Andhra Pradesh,Populated place,4,1137000,ne-ne_10m_populated_places
1159150007,Thiruvananthapuram,特里凡得琅,76.925191,8.515521,Q167715,IND,Kerala,Admin-1 capital,4,954000,ne-ne_10m_populated_places
1159150009,Kochi,戈奇,76.22197,10.016953,Q1800,IND,Kerala,Populated place,4,1519000,ne-ne_10m_populated_places
1159150011,Cuttack,克塔克,85.889941,20.470002,Q207324,IND,Orissa,Populated place,4,580000,ne-ne_10m_populated_places
1159150013,Hubballi,胡布利,75.12307,15.361924,Q33412,IND,Karnataka,Populated place,4,890000,ne-ne_10m_populated_places
1159150015,Mangaluru,门格洛尔,74.849994,12.900025,Q127041,IND,Karnataka,Populated place,4,776632,ne-ne_10m_populated_places
1159150017,Mysuru,迈索尔,76.658067,12.31193,Q10086,IND,Karnataka,Populated place,4,887000,ne-ne_10m_populated_places
1159150019,Kalaburagi,古巴尔嘎,76.820003,17.34996,Q37112,IND,Karnataka,Populated place,4,483615,ne-ne_10m_populated_places
1159150021,Kolhapur,戈尔哈布尔,74.220007,16.7,Q209698,IND,Maharashtra,Populated place,4,750000,ne-ne_10m_populated_places
1159150025,Nanded,楠代德,77.308337,19.197259,Q855122,IND,Maharashtra,Populated place,4,623708,ne-ne_10m_populated_places
1159150027,Akola,阿科拉,77.010018,20.709988,Q213014,IND,Maharashtra,Populated place,4,503502,ne-ne_10m_populated_places
1159150029,Guwahati,古瓦哈提,91.768049,26.161963,Q199605,IND,Assam,Populated place,4,983000,ne-ne_10m_populated_places
1159150031,Kayes,卡耶斯,13.280006,-4.180017,Q6271177,COG,Bouenza,Populated place,4,62521,ne-ne_10m_populated_places
1159150033,Franceville,弗朗斯维尔,13.583295,-1.633299,Q459369,GAB,Haut-Ogooué,Admin-1 capital,4,42967,ne-ne_10m_populated_places
1159150035,Bordeaux,波尔多,-0.596959,44.851959,Q1479,FRA,Aquitaine,Admin-1 region capital,4,803000,ne-ne_10m_populated_places
1159150037,Marseille,马赛,5.373064,43.291925,Q23482,FRA,Provence-Alpes-Côte-d'Azur,Admin-1 region capital,4,1400000,ne-ne_10m_populated_places
1159150039,Le Havre,勒阿弗尔,0.10497,49.504974,Q42810,FRA,Haute-Normandie,Populated place,4,242124,ne-ne_10m_populated_places
1159150043,Gao,加奥,-0.050008,16.26659,Q188904,MLI,Gao,Admin-1 capital,4,116967,ne-ne_10m_populated_places
1159150045,Coihaique,科伊艾克,-72.070004,-45.569997,Q3810,CHL,Aisén del General Carlos Ibáñez del Campo,Admin-1 capital,4,45787,ne-ne_10m_populated_places
1159150047,Arica,阿里卡,-70.289984,-18.500022,Q2203,CHL,Arica y Parinacota,Admin-1 capital,4,185999,ne-ne_10m_populated_places
1159150049,Copiapó,科皮亚波,-70.329955,-27.371779,Q3868,CHL,Atacama,Admin-1 capital,4,129280,ne-ne_10m_populated_places
1159150051,La Serena,拉塞雷纳,-71.249977,-29.899998,Q14467,CHL,Coquimbo,Admin-1 capital,4,154521,ne-ne_10m_populated_places
1159150053,Los Angeles,洛桑赫莱斯,-72.346924,-37.479741,Q16910,CHL,Bío-Bío,Populated place,4,145239,ne-ne_10m_populated_places
1159150055,Narsarsuaq,納沙斯瓦哥,-45.416618,61.166588,Q59168,GRL,Kommune Kujalleq,Populated place,4,145,ne-ne_10m_populated_places
1159150057,Sisimiut,西西缪特,-53.666606,66.950008,Q208098,GRL,Qeqqata Kommunia,Populated place,4,5227,ne-ne_10m_populated_places
1159150061,Upernavik,乌佩纳维克,-56.141675,72.709367,Q303160,GRL,Qaasuitsup Kommunia,Populated place,4,1129,ne-ne_10m_populated_places
1159150063,Qaanaaq,卡纳克,-69.22964,77.46655,Q223314,GRL,Qaasuitsup Kommunia,Admin-1 capital,4,616,ne-ne_10m_populated_places
1159150065,Nouadhibou,努瓦迪布,-17.056024,20.900002,Q184184,MRT,Dakhlet Nouadhibou,Admin-1 capital,4,86738,ne-ne_10m_populated_places
1159150067,Kayes,卡伊,-11.44001,14.449982,Q325164,MLI,Kayes,Admin-1 capital,4,77207,ne-ne_10m_populated_places
1159150069,Ayoun el Atrous,阿尤恩阿特魯斯,-9.616659,16.666591,Q175596,MRT,Hodh el Gharbi,Admin-1 capital,4,1423,ne-ne_10m_populated_places
1159150071,Ségou,塞古,-6.260016,13.439992,Q333476,MLI,Ségou,Admin-1 capital,4,122952,ne-ne_10m_populated_places
1159150073,Skopje,斯科普里,21.433461,42.000006,Q384,MKD,Centar,Admin-0 capital,4,494087,ne-ne_10m_populated_places
1159150075,Al Jawf,焦夫,23.289989,24.199981,Q134086,LBY,Al Kufrah,Populated place,4,24132,ne-ne_10m_populated_places
1159150079,Tmassa,马萨,15.800007,26.366645,Q4117083,LBY,Murzuq,Populated place,4,500,ne-ne_10m_populated_places
1159150081,Misrata,米苏拉塔,15.099998,32.379973,Q131323,LBY,Misratah,Admin-1 capital,4,386120,ne-ne_10m_populated_places
1159150083,Zuwara,祖瓦拉,12.079149,32.93441,Q231167,LBY,An Nuqat al Khams,Populated place,4,180310,ne-ne_10m_populated_places
1159150085,Kirkuk,基尔库克,44.392267,35.472239,Q173310,IRQ,At-Ta'mim,Admin-1 capital,4,601433,ne-ne_10m_populated_places
1159150087,Mosul,摩苏尔,43.143059,36.346948,Q83317,IRQ,Ninawa,Admin-1 capital,4,1316000,ne-ne_10m_populated_places
1159150089,Najaf,纳杰夫,44.335371,32.000332,Q168193,IRQ,An-Najaf,Admin-1 capital,4,665552,ne-ne_10m_populated_places
1159150091,Bahir Dar,巴赫达尔,37.383289,11.600053,Q464699,ETH,Amhara,Populated place,4,206748,ne-ne_10m_populated_places
1159150093,Mekele,默克莱,39.469983,13.499989,Q332319,ETH,Tigray,Admin-1 capital,4,95856,ne-ne_10m_populated_places
1159150097,Dire Dawa,德雷达瓦,41.860018,9.589995,Q193486,ETH,Dire Dawa,Populated place,4,252279,ne-ne_10m_populated_places
1159150099,Rovaniemi,罗瓦涅米,25.715939,66.500035,Q103717,FIN,Lapland,Admin-1 capital,4,34781,ne-ne_10m_populated_places
1159150101,Vaasa,瓦萨,21.600015,63.099984,Q125080,FIN,Western Finland,Admin-1 capital,4,57014,ne-ne_10m_populated_places
1159150103,Tampere,坦佩雷,23.750013,61.500005,Q40840,FIN,Pirkanmaa,Populated place,4,259279,ne-ne_10m_populated_places
1159150105,Aqtobe,阿克托比,57.169988,50.280017,Q477232,KAZ,Aqtöbe,Admin-1 capital,4,262457,ne-ne_10m_populated_places
1159150107,Rudniy,鲁德内,63.130038,52.952697,Q1008853,KAZ,Qostanay,Populated place,4,124000,ne-ne_10m_populated_places
1159150109,Qyzylorda,克孜勒奥尔达,65.464986,44.800016,Q491123,KAZ,Qyzylorda,Admin-1 capital,4,300000,ne-ne_10m_populated_places
1159150111,Atyrau,阿特劳,51.920024,47.112691,Q486913,KAZ,Atyrau,Admin-1 capital,4,182753,ne-ne_10m_populated_places
1159150115,Ekibastuz,埃基巴斯图兹,75.31994,51.729981,Q496442,KAZ,Pavlodar,Populated place,4,127868,ne-ne_10m_populated_places
1159150117,Pavlodar,巴甫洛达尔,76.950021,52.299998,Q486282,KAZ,Pavlodar,Admin-1 capital,4,329002,ne-ne_10m_populated_places
1159150119,Semey,塞米伊,80.275038,50.434995,Q61944,KAZ,East Kazakhstan,Admin-1 capital,4,311353,ne-ne_10m_populated_places
1159150121,Oskemen,厄斯克门,82.614947,49.990035,Q162548,KAZ,East Kazakhstan,Admin-1 capital,4,319067,ne-ne_10m_populated_places
1159150123,Yazd,亚兹德,54.370004,31.920053,Q182394,IRN,Yazd,Admin-1 capital,4,477905,ne-ne_10m_populated_places
1159150125,Ahvaz,阿瓦士,48.718067,31.281934,Q170366,IRN,Khuzestan,Admin-1 capital,4,996000,ne-ne_10m_populated_places
1159150127,Basra,巴士拉,47.811611,30.51547,Q48195,IRQ,Al-Basrah,Admin-1 capital,4,870000,ne-ne_10m_populated_places
1159150129,Bandar-e-Abbas,阿巴斯港,56.272135,27.20406,Q154814,IRN,Hormozgan,Admin-1 capital,4,461499,ne-ne_10m_populated_places
1159150133,Hamadan,哈马丹,48.515013,34.796027,Q28587,IRN,Hamadan,Admin-1 capital,4,528256,ne-ne_10m_populated_places
1159150135,Tabriz,大不里士,46.2993,38.088237,Q80053,IRN,East Azarbaijan,Admin-1 capital,4,1413000,ne-ne_10m_populated_places
1159150137,Ludhiana,卢迪亚纳,75.870312,30.929708,Q200123,IND,Punjab,Populated place,4,1649000,ne-ne_10m_populated_places
1159150139,Kota,科塔,75.833053,25.181945,Q330531,IND,Rajasthan,Populated place,4,827000,ne-ne_10m_populated_places
1159150141,Jodhpur,焦特布尔,73.014827,26.293712,Q200019,IND,Rajasthan,Populated place,4,995000,ne-ne_10m_populated_places
1159150143,Shymkent,希姆肯特,69.595018,42.320012,Q485496,KAZ,South Kazakhstan,Admin-1 capital,4,465392,ne-ne_10m_populated_places
1159150145,Taraz,塔拉兹,71.364987,42.899977,Q486545,KAZ,Zhambyl,Admin-1 capital,4,358153,ne-ne_10m_populated_places
1159150147,Lucknow,勒克瑙,80.913053,26.856985,Q47916,IND,Uttar Pradesh,Admin-1 capital,4,2695000,ne-ne_10m_populated_places
1159150151,Saharanpur,萨哈兰普尔,77.550036,29.970017,Q242895,IND,Uttar Pradesh,Populated place,4,484873,ne-ne_10m_populated_places
1159150153,Ranchi,兰契,85.32808,23.371952,Q174461,IND,Jharkhand,Admin-1 capital,4,1044000,ne-ne_10m_populated_places
1159150155,Bhagalpur,帕格尔布尔,86.980003,25.229996,Q760714,IND,Bihar,Populated place,4,361548,ne-ne_10m_populated_places
1159150157,Raipur,赖布尔,81.633061,21.23694,Q372773,IND,Chhattisgarh,Admin-1 capital,4,875000,ne-ne_10m_populated_places
1159150159,Jabalpur,贾巴尔普尔,79.953112,23.177003,Q200878,IND,Madhya Pradesh,Populated place,4,1285000,ne-ne_10m_populated_places
1159150161,Indore,因多尔,75.863077,22.717005,Q66616,IND,Madhya Pradesh,Populated place,4,2026000,ne-ne_10m_populated_places
1159150163,Puducherry,本地治里,79.83,11.934994,Q639421,IND,Puducherry,Admin-1 capital,4,227411,ne-ne_10m_populated_places
1159150165,Salem,萨兰姆,78.178129,11.671943,Q9863,IND,Tamil Nadu,Populated place,4,873000,ne-ne_10m_populated_places
1159150169,Tiruchirappalli,蒂鲁吉拉帕利,78.687512,10.800541,Q207754,IND,Tamil Nadu,Populated place,4,951000,ne-ne_10m_populated_places
1159150171,Pointe-Noire,黑角,11.880039,-4.770007,Q223920,COG,Kouilou,Admin-1 capital,4,659084,ne-ne_10m_populated_places
1159150173,Kankan,坎坎,-9.310011,10.389998,Q874317,GIN,Kankan,Admin-1 capital,4,114009,ne-ne_10m_populated_places
1159150175,Nzérékoré,恩泽雷科雷,-8.829988,7.760003,Q1002799,GIN,Nzerekore,Admin-1 capital,4,168121,ne-ne_10m_populated_places
1159150177,Bouaké,布瓦凯,-5.030014,7.689982,Q271000,CIV,Vallée du Bandama,Admin-1 capital,4,567481,ne-ne_10m_populated_places
1159150179,St.-Denis,圣但尼,55.448078,-20.878895,Q47045,FRA,La Réunion,Admin-1 capital,4,190047,ne-ne_10m_populated_places
1159150181,Rio Branco,里约布兰科,-67.800007,-9.966589,Q171612,BRA,Acre,Admin-1 capital,4,257642,ne-ne_10m_populated_places
1159150183,São Luís,圣路易斯,-44.267937,-2.514039,Q28441,BRA,Maranhão,Admin-1 capital,4,1038000,ne-ne_10m_populated_places
1159150187,Porto Velho,韦柳港,-63.900012,-8.750023,Q172512,BRA,Rondônia,Admin-1 capital,4,306180,ne-ne_10m_populated_places
1159150189,Alvorada,阿尔沃拉达,-49.082002,-12.470002,Q22060164,BRA,Tocantins,Populated place,4,10232,ne-ne_10m_populated_places
1159150191,Corumbá,科伦巴,-57.650006,-19.016011,Q271215,BRA,Mato Grosso do Sul,Populated place,4,96520,ne-ne_10m_populated_places
1159150193,Belo Horizonte,贝洛奥里藏特,-43.91695,-19.91308,Q42800,BRA,Minas Gerais,Admin-1 capital,4,5575000,ne-ne_10m_populated_places
1159150195,Montes Claros,蒙蒂斯克拉鲁斯,-43.860021,-16.720027,Q651906,BRA,Minas Gerais,Populated place,4,332379,ne-ne_10m_populated_places
1159150197,Uberlândia,乌贝兰迪亚,-48.279984,-18.899998,Q194328,BRA,Minas Gerais,Populated place,4,563536,ne-ne_10m_populated_places
1159150199,Colíder,科利德尔,-55.45058,-10.817287,Q1805608,BRA,Mato Grosso,Populated place,4,27139,ne-ne_10m_populated_places
1159150201,Alta Floresta,上弗洛雷斯塔,-55.909983,-9.90003,Q433574,BRA,Mato Grosso,Populated place,4,40466,ne-ne_10m_populated_places
1159150205,Cuiabá,库亚巴,-56.086931,-15.567661,Q170762,BRA,Mato Grosso,Admin-1 capital,4,806000,ne-ne_10m_populated_places
1159150207,Pelotas,佩洛塔斯,-52.330021,-31.750014,Q109188,BRA,Rio Grande do Sul,Populated place,4,320674,ne-ne_10m_populated_places
1159150209,Caxias do Sul,南卡希亚斯,-51.17004,-29.17999,Q110017,BRA,Rio Grande do Sul,Populated place,4,381270,ne-ne_10m_populated_places
1159150211,Ponta Grossa,蓬塔格罗萨,-50.16005,-25.090007,Q242906,BRA,Paraná,Populated place,4,292177,ne-ne_10m_populated_places
1159150213,Teresina,特雷西纳,-42.781955,-5.093055,Q165341,BRA,Piauí,Admin-1 capital,4,907000,ne-ne_10m_populated_places
1159150215,Maceió,马塞约,-35.73192,-9.61805,Q168888,BRA,Alagoas,Admin-1 capital,4,1186000,ne-ne_10m_populated_places
1159150217,Vitória da Conquista,维多利亚-达孔基斯塔,-40.839998,-14.850012,Q22062839,BRA,Bahia,Populated place,4,308204,ne-ne_10m_populated_places
1159150219,Barreiras,巴雷拉斯,-45.000003,-12.139997,Q1384520,BRA,Bahia,Populated place,4,158292,ne-ne_10m_populated_places
1159150223,Vila Velha,韦利亚镇,-40.290233,-20.338046,Q334197,BRA,Espírito Santo,Populated place,4,1209091,ne-ne_10m_populated_places
1159150225,Natal,纳塔尔,-35.24195,-5.778077,Q131620,BRA,Rio Grande do Norte,Admin-1 capital,4,1088000,ne-ne_10m_populated_places
1159150227,Thompson,汤普森,-97.866621,55.749942,Q991295,CAN,Manitoba,Populated place,4,13727,ne-ne_10m_populated_places
1159150229,Brandon,布兰登,-99.949982,49.833275,Q61432,CAN,Manitoba,Populated place,4,28418,ne-ne_10m_populated_places
1159150231,Fort Smith,史密斯堡,-111.883336,60.000019,Q686415,CAN,Alberta,Populated place,4,518,ne-ne_10m_populated_places
1159150233,Fort McMurray,麦克默里堡,-111.383315,56.733319,Q126624,CAN,Alberta,Populated place,4,21863,ne-ne_10m_populated_places
1159150235,Peace River,皮斯里弗,-117.283291,56.233323,Q1743985,CAN,Alberta,Populated place,4,5340,ne-ne_10m_populated_places
1159150237,Fort St. John,圣约翰堡,-120.833281,56.249989,Q23021,CAN,British Columbia,Populated place,4,18776,ne-ne_10m_populated_places
1159150241,Iqaluit,伊魁特,-68.500192,63.750459,Q2030,CAN,Nunavut,Admin-1 capital,4,6124,ne-ne_10m_populated_places
1159150243,Cambridge Bay,剑桥湾,-105.033315,69.116956,Q719611,CAN,Nunavut,Populated place,4,1477,ne-ne_10m_populated_places
1159150245,Kugluktuk,库格鲁克图克,-115.12535,67.798663,Q719707,CAN,Nunavut,Populated place,4,1302,ne-ne_10m_populated_places
1159150247,Chesterfield Inlet,切斯特菲尔德入口,-90.700082,63.33829,Q1070783,CAN,Nunavut,Populated place,4,374,ne-ne_10m_populated_places
1159150249,Arviat,亚怀亚特,-94.058607,61.108592,Q643346,CAN,Nunavut,Populated place,4,1868,ne-ne_10m_populated_places
1159150251,Taloyoak,塔洛約克,-93.53332,69.533313,Q719605,CAN,Nunavut,Populated place,4,774,ne-ne_10m_populated_places
1159150253,Igloolik,伊格卢利克,-81.793592,69.256535,Q999339,CAN,Nunavut,Populated place,4,1612,ne-ne_10m_populated_places
1159150255,Dawson City,道森,-139.416669,64.066644,Q372324,CAN,Yukon,Populated place,4,1319,ne-ne_10m_populated_places
1159150259,Timmins,蒂明斯,-81.333315,48.466588,Q991310,CAN,Ontario,Populated place,4,34974,ne-ne_10m_populated_places
1159150261,North Bay,北湾,-79.449993,46.300002,Q912253,CAN,Ontario,Populated place,4,50170,ne-ne_10m_populated_places
1159150263,Kuujjuarapik,库居阿尔阿皮克,-77.765832,55.281495,Q1794745,CAN,Québec,Populated place,4,1243,ne-ne_10m_populated_places
1159150265,Kuujjuaq,库朱瓦克,-68.399996,58.100005,Q1543830,CAN,Québec,Populated place,4,1273,ne-ne_10m_populated_places
1159150267,Sydney,悉尼,-60.179981,46.066114,Q932261,CAN,Nova Scotia,Populated place,4,37538,ne-ne_10m_populated_places
1159150269,Labrador City,拉布拉多,-66.915875,52.941431,Q767147,CAN,Newfoundland and Labrador,Populated place,4,10313,ne-ne_10m_populated_places
1159150271,Ebolowa,埃博洛瓦,11.150006,2.900015,Q910616,CMR,Sud,Admin-1 capital,4,87875,ne-ne_10m_populated_places
1159150273,Bambari,班巴里,20.667203,5.76196,Q805946,CAF,Ouaka,Admin-1 capital,4,62098,ne-ne_10m_populated_places
1159150277,Venice,威尼斯,12.334999,45.438659,Q641,ITA,Veneto,Admin-1 region capital,4,270816,ne-ne_10m_populated_places
1159150279,El Calafate,埃尔卡拉法特,-72.300016,-50.333324,Q81561,ARG,Santa Cruz,Populated place,4,8000,ne-ne_10m_populated_places
1159150281,San Juan,圣胡安,-68.519988,-31.550026,Q44241,ARG,San Juan,Admin-1 capital,4,447048,ne-ne_10m_populated_places
1159150283,Rawson,罗森,-65.099991,-43.300007,Q44208,ARG,Chubut,Admin-1 capital,4,26335,ne-ne_10m_populated_places
1159150285,Neuquén,内乌肯,-68.059991,-38.95004,Q44239,ARG,Neuquén,Admin-1 capital,4,242092,ne-ne_10m_populated_places
1159150287,Trinidad,特立尼达,-64.899977,-14.833372,Q34986,BOL,El Beni,Admin-1 capital,4,84259,ne-ne_10m_populated_places
1159150289,Santa Rosa,圣罗莎,-64.299988,-36.620001,Q44215,ARG,La Pampa,Admin-1 capital,4,111424,ne-ne_10m_populated_places
1159150291,Bariloche,圣卡洛斯-德巴里洛切,-71.3,-41.149957,Q47772,ARG,Río Negro,Populated place,4,95394,ne-ne_10m_populated_places
1159150295,Salta,萨尔塔,-65.416638,-24.783359,Q36307,ARG,Salta,Admin-1 capital,4,512686,ne-ne_10m_populated_places
1159150297,Tucumán,圣米格尔-德-图库曼,-65.21857,-26.814054,Q44255,ARG,Tucumán,Admin-1 capital,4,830000,ne-ne_10m_populated_places
1159150299,Formosa,福莫萨,-58.182816,-26.172835,Q44214,ARG,Formosa,Admin-1 capital,4,221383,ne-ne_10m_populated_places
1159150301,Santa Fe,圣菲,-60.690001,-31.623872,Q44244,ARG,Santa Fe,Admin-1 capital,4,489505,ne-ne_10m_populated_places
1159150303,Rosario,罗萨里奥,-60.668253,-32.949184,Q52535,ARG,Santa Fe,Populated place,4,1203000,ne-ne_10m_populated_places
1159150305,Campinas,坎皮纳斯,-47.055885,-22.907898,Q171617,BRA,São Paulo,Populated place,4,2791000,ne-ne_10m_populated_places
1159150307,Sorocaba,索罗卡巴,-47.469981,-23.490002,Q188901,BRA,São Paulo,Populated place,4,563281,ne-ne_10m_populated_places
1159150309,Ribeirão Preto,里贝朗普雷图,-47.829985,-21.17004,Q188892,BRA,São Paulo,Populated place,4,551267,ne-ne_10m_populated_places
1159150313,Petrolina,彼得罗利纳,-40.509967,-9.38001,Q842143,BRA,Pernambuco,Populated place,4,260985,ne-ne_10m_populated_places
1159150315,Bamenda,巴门达,10.150016,5.959984,Q528432,CMR,Nord-Ouest,Admin-1 capital,4,445299,ne-ne_10m_populated_places
1159150317,Garoua,加鲁阿,13.390025,9.300012,Q157915,CMR,Nord,Admin-1 capital,4,436899,ne-ne_10m_populated_places
1159150319,Herat,赫拉特,62.169993,34.330009,Q45313,AFG,Hirat,Admin-1 capital,4,481009,ne-ne_10m_populated_places
1159150321,Mazar-i-Sharif,马扎里沙里夫,67.100028,36.699994,Q130469,AFG,Balkh,Admin-1 capital,4,458151,ne-ne_10m_populated_places
1159150323,Battambang,马德望,103.200047,13.100013,Q748336,KHM,Batdâmbâng,Admin-1 capital,4,154773,ne-ne_10m_populated_places
1159150325,Siem Reap,暹粒,103.850033,13.366638,Q11711,KHM,Siemréab,Admin-1 capital,4,109398,ne-ne_10m_populated_places
1159150327,Malanje,马兰哲,16.340026,-9.54,Q621001,AGO,Malanje,Admin-1 capital,4,125856,ne-ne_10m_populated_places
1159150331,Benguela,本格拉,13.407233,-12.578264,Q214248,AGO,Benguela,Admin-1 capital,4,151226,ne-ne_10m_populated_places
1159150333,Lubango,盧班戈,13.490019,-14.910008,Q122044,AGO,Huíla,Admin-1 capital,4,125632,ne-ne_10m_populated_places
1159150335,Moçâmedes,纳米贝,12.160022,-15.190043,Q221914,AGO,Namibe,Admin-1 capital,4,132900,ne-ne_10m_populated_places
1159150337,Tarija,塔里哈,-64.749986,-21.516685,Q35004,BOL,Tarija,Admin-1 capital,4,159269,ne-ne_10m_populated_places
1159150339,Bridgetown,布里奇顿,-59.616527,13.102003,Q36168,BRB,Saint Michael,Admin-0 capital,4,191152,ne-ne_10m_populated_places
1159150341,Annaba,安纳巴,7.759981,36.920006,Q45942,DZA,Annaba,Admin-1 capital,4,503524,ne-ne_10m_populated_places
1159150343,Parakou,帕拉库,2.620036,9.34001,Q688324,BEN,Borgou,Admin-1 capital,4,188853,ne-ne_10m_populated_places
1159150345,Porto-Novo,波多诺伏,2.616626,6.483311,Q3799,BEN,Ouémé,Admin-0 capital alt,4,300000,ne-ne_10m_populated_places
1159150349,Constantine,君士坦丁,6.599948,36.359989,Q187346,DZA,Constantine,Admin-1 capital,4,605179,ne-ne_10m_populated_places
1159150351,Brest,布列斯特,23.69999,52.099984,Q140147,BLR,Brest,Admin-1 capital,4,300715,ne-ne_10m_populated_places
1159150353,Khulna,库尔纳,89.558055,22.841933,Q243325,BGD,Khulna,Admin-1 capital,4,1553000,ne-ne_10m_populated_places
1159150355,Francistown,弗朗西斯敦,27.500016,-21.17004,Q165422,BWA,Central,Admin-1 capital,4,89979,ne-ne_10m_populated_places
1159150357,Mahalapye,马哈拉佩,26.820006,-23.1,Q170724,BWA,Central,Populated place,4,50744,ne-ne_10m_populated_places
1159150359,Serowe,塞罗韦,26.710039,-22.390017,Q855634,BWA,Central,Admin-1 capital,4,48573,ne-ne_10m_populated_places
1159150361,Katherine,凱瑟琳,132.266593,-14.466625,Q17980,AUS,Northern Territory,Populated place,4,10141,ne-ne_10m_populated_places
1159150363,Busselton,巴瑟尔顿,115.348659,-33.65641,Q642631,AUS,Western Australia,Populated place,4,10214,ne-ne_10m_populated_places
1159150367,Mandurah,曼杜拉,115.747057,-32.523483,Q595542,AUS,Western Australia,Populated place,4,73356,ne-ne_10m_populated_places
1159150369,Broome,布鲁姆,122.230768,-17.961771,Q606294,AUS,Western Australia,Populated place,4,13218,ne-ne_10m_populated_places
1159150371,Kalgoorlie,卡尔古利,121.460018,-30.735399,Q329503,AUS,Western Australia,Populated place,4,36852,ne-ne_10m_populated_places
1159150373,Albany,奥班尼,117.891605,-35.016947,Q704257,AUS,Western Australia,Populated place,4,26445,ne-ne_10m_populated_places
1159150375,Port Hedland,黑德蘭港姆,118.606032,-20.310402,Q550465,AUS,Western Australia,Populated place,4,14288,ne-ne_10m_populated_places
1159150377,Karratha,卡拉萨,116.870013,-20.730377,Q1309107,AUS,Western Australia,Populated place,4,16796,ne-ne_10m_populated_places
1159150379,Geraldton,杰拉尔顿,114.599971,-28.76663,Q605267,AUS,Western Australia,Populated place,4,27258,ne-ne_10m_populated_places
1159150381,Griffith,葛瑞菲斯,146.040016,-34.290014,Q14217100,AUS,New South Wales,Populated place,4,15455,ne-ne_10m_populated_places
1159150385,Orange,奥兰治,149.099984,-33.279998,Q580973,AUS,New South Wales,Populated place,4,39329,ne-ne_10m_populated_places
1159150387,Dubbo,达博,148.597327,-32.259957,Q706105,AUS,New South Wales,Populated place,4,31574,ne-ne_10m_populated_places
1159150389,Armidale,阿米代尔,151.667476,-30.512312,Q606169,AUS,New South Wales,Populated place,4,22673,ne-ne_10m_populated_places
1159150391,Broken Hill,布罗肯希尔,141.433114,-31.94995,Q270734,AUS,New South Wales,Populated place,4,17395,ne-ne_10m_populated_places
1159150393,Port Lincoln,林肯港,135.86658,-34.733243,Q606268,AUS,South Australia,Populated place,4,13630,ne-ne_10m_populated_places
1159150395,Whyalla,怀阿拉,137.561412,-33.025027,Q706029,AUS,South Australia,Populated place,4,22559,ne-ne_10m_populated_places
1159150397,Portland,波特兰,141.590003,-38.34,Q1663450,AUS,Victoria,Populated place,4,11808,ne-ne_10m_populated_places
1159150399,Bendigo,本迪戈,144.28002,-36.759993,Q497793,AUS,Victoria,Populated place,4,81657,ne-ne_10m_populated_places
1159150403,Wangaratta,旺加拉塔,146.3,-36.360017,Q1024728,AUS,Victoria,Populated place,4,14022,ne-ne_10m_populated_places
1159150405,Windorah,温多拉,142.650197,-25.433242,Q935006,AUS,Queensland,Populated place,4,158,ne-ne_10m_populated_places
1159150407,Mount Isa,伊萨山,139.490028,-20.723865,Q606335,AUS,Queensland,Populated place,4,33200,ne-ne_10m_populated_places
1159150409,Rockhampton,洛坎普顿,150.520001,-23.363911,Q606162,AUS,Queensland,Populated place,4,65850,ne-ne_10m_populated_places
1159150411,Cairns,凯恩斯,145.763331,-16.88784,Q189133,AUS,Queensland,Populated place,4,154225,ne-ne_10m_populated_places
1159150413,Gold Coast,黄金海岸,153.448246,-28.081504,Q140075,AUS,Queensland,Populated place,4,527660,ne-ne_10m_populated_places
1159150415,Devonport,德文港,146.331102,-41.192668,Q705705,AUS,Tasmania,Populated place,4,19317,ne-ne_10m_populated_places
1159150417,Bobo Dioulasso,博博迪乌拉索,-4.289981,11.179975,Q223761,BFA,Houet,Admin-1 capital,4,360106,ne-ne_10m_populated_places
1159150421,Rajshahi,拉杰沙希,88.603074,24.37693,Q322155,BGD,Rajshahi,Admin-1 capital,4,810000,ne-ne_10m_populated_places
1159150423,Mandalay,曼德勒,96.083083,21.971934,Q185518,MMR,Mandalay,Admin-1 capital,4,1300000,ne-ne_10m_populated_places
1159150425,Sittwe,实兑,92.880005,20.139997,Q738748,MMR,Rakhine,Admin-1 capital,4,179032,ne-ne_10m_populated_places
1159150427,Bujumbura,布琼布拉,29.360006,-3.376087,Q3854,BDI,Bujumbura Mairie,Admin-0 capital,4,331700,ne-ne_10m_populated_places
1159150429,Pago Pago,帕果帕果,-170.706645,-14.276611,Q51678,ASM,,Admin-0 region capital,4,12576,ne-ne_10m_populated_places
1159150431,Kingstown,金斯敦,-61.220236,13.155756,Q41474,VCT,,Admin-0 capital,4,49485,ne-ne_10m_populated_places
1159150433,Castries,卡斯特里,-60.992875,14.007875,Q41699,LCA,,Admin-0 capital,4,37963,ne-ne_10m_populated_places
1159150435,Basseterre,巴斯特尔,-62.717009,17.302031,Q41295,KNA,,Admin-0 capital,4,21887,ne-ne_10m_populated_places
1159150439,Las Palmas,拉斯帕尔马斯,-15.429999,28.099976,Q11974,ESP,,Admin-1 capital,4,378495,ne-ne_10m_populated_places
1159150441,Berbera,柏培拉,45.016415,10.43555,Q191718,SOL,,Populated place,4,242344,ne-ne_10m_populated_places
1159150443,Port Louis,路易港,57.499994,-20.166639,Q3929,MUS,,Admin-0 capital,4,595491,ne-ne_10m_populated_places
1159150445,Gaza City,加薩,34.445019,31.529999,Q47492,PSX,,Admin-0 region capital,4,505700,ne-ne_10m_populated_places
1159150447,Saint George's,圣乔治,-61.741643,12.052633,Q41547,GRD,,Admin-0 capital,4,33734,ne-ne_10m_populated_places
1159150449,Papeete,帕皮提,-149.566669,-17.533363,Q130800,PYF,,Admin-0 region capital,4,131695,ne-ne_10m_populated_places
1159150451,Manama,麦纳麦,50.583052,26.236136,Q3882,BHR,,Admin-0 capital,4,563920,ne-ne_10m_populated_places
1159150453,Freeport,自由港,-78.700013,26.533276,Q867573,BHS,,Populated place,4,25383,ne-ne_10m_populated_places
1159150457,Saint John's,圣约翰,-61.850034,17.118036,Q36262,ATG,,Admin-0 capital,4,35499,ne-ne_10m_populated_places
1159150459,Magong,马公,119.583333,23.566667,Q701428,TWN,Penghu,Admin-1 capital,5,56435,ne-ne_10m_populated_places
1159150461,Taichung,台中,120.681667,24.152078,Q245023,TWN,Taichung City,Admin-1 capital,4,2629323,ne-ne_10m_populated_places
1159150463,Kozhikode,科兹科德,75.768044,11.252382,Q28729,IND,Kerala,Populated place,3,953000,ne-ne_10m_populated_places
1159150465,Bhubaneswar,布巴内什瓦尔,85.825414,20.272374,Q171771,IND,Orissa,Admin-1 capital,3,844000,ne-ne_10m_populated_places
1159150467,Jamshedpur,贾姆谢德布尔,86.195573,22.789481,Q200054,IND,Jharkhand,Populated place,3,1300000,ne-ne_10m_populated_places
1159150469,Montevideo,蒙得维的亚,-56.186823,-34.905376,Q1335,URY,Montevideo,Admin-0 capital,3,1513000,ne-ne_10m_populated_places
1159150471,Helena,赫勒拿,-112.035291,46.592749,Q38733,USA,Montana,Admin-1 capital,3,38725,ne-ne_10m_populated_places
1159150475,Bismarck,俾斯麦,-100.783316,46.808317,Q37066,USA,North Dakota,Admin-1 capital,3,63871,ne-ne_10m_populated_places
1159150477,Boise,博伊西,-116.22749,43.60859,Q35775,USA,Idaho,Admin-1 capital,3,338071,ne-ne_10m_populated_places
1159150479,San Jose,圣何塞,-121.888179,37.330943,Q16553,USA,California,Populated place,3,1668000,ne-ne_10m_populated_places
1159150481,Sacramento,沙加缅度,-121.471984,38.576967,Q18013,USA,California,Admin-1 capital,3,1604000,ne-ne_10m_populated_places
1159150483,Las Vegas,拉斯维加斯,-115.151362,36.164763,Q23768,USA,Nevada,Populated place,3,1823000,ne-ne_10m_populated_places
1159150485,Santa Fe,圣菲,-105.937239,35.686929,Q38555,USA,New Mexico,Admin-1 capital,3,92681,ne-ne_10m_populated_places
1159150487,Portland,波特兰,-122.681936,45.52197,Q6106,USA,Oregon,Populated place,3,1875000,ne-ne_10m_populated_places
1159150489,Salt Lake City,盐湖城,-111.931998,40.776962,Q23337,USA,Utah,Admin-1 capital,3,966000,ne-ne_10m_populated_places
1159150493,Cheyenne,夏延,-104.819711,41.140007,Q39042,USA,Wyoming,Admin-1 capital,3,72927,ne-ne_10m_populated_places
1159150495,Des Moines,德梅因,-93.619981,41.57998,Q39709,USA,Iowa,Admin-1 capital,3,380655,ne-ne_10m_populated_places
1159150497,Omaha,奥马哈,-96.00999,41.240001,Q43199,USA,Nebraska,Populated place,3,877110,ne-ne_10m_populated_places
1159150499,Oklahoma City,奧克拉荷馬,-97.520629,35.471989,Q34863,USA,Oklahoma,Admin-1 capital,3,788000,ne-ne_10m_populated_places
1159150501,Pierre,皮尔,-100.350552,44.368337,Q40747,USA,South Dakota,Admin-1 capital,3,13879,ne-ne_10m_populated_places
1159150503,San Antonio,圣安东尼奥,-98.492693,29.419848,Q975,USA,Texas,Populated place,3,1473000,ne-ne_10m_populated_places
1159150505,San Cristóbal,圣克里斯托瓦尔,-72.249967,7.770003,Q820235,VEN,Táchira,Admin-1 capital,3,438798,ne-ne_10m_populated_places
1159150507,Valencia,巴伦西亚,-67.981967,10.231927,Q54880,VEN,Carabobo,Admin-1 capital,3,1770000,ne-ne_10m_populated_places
1159150511,Jackson,杰克逊,-90.184997,32.298815,Q28198,USA,Mississippi,Admin-1 capital,3,250902,ne-ne_10m_populated_places
1159150513,Raleigh,罗利,-78.647035,35.772696,Q41087,USA,North Carolina,Admin-1 capital,3,1163515,ne-ne_10m_populated_places
1159150515,Cleveland,克里夫兰,-81.696944,41.471933,Q37320,USA,Ohio,Populated place,3,1890000,ne-ne_10m_populated_places
1159150517,Cincinnati,辛辛那提,-84.458868,39.163831,Q43196,USA,Ohio,Populated place,3,1636000,ne-ne_10m_populated_places
1159150519,Nashville,纳什维尔,-86.781931,36.17192,Q23197,USA,Tennessee,Admin-1 capital,3,877000,ne-ne_10m_populated_places
1159150521,Memphis,孟菲斯,-90.028777,35.144701,Q16563,USA,Tennessee,Populated place,3,1081000,ne-ne_10m_populated_places
1159150523,Norfolk,諾福克,-76.280006,36.849959,Q49231,USA,Virginia,Populated place,3,1047869,ne-ne_10m_populated_places
1159150525,Milwaukee,密尔沃基,-87.916673,43.029608,Q37836,USA,Wisconsin,Populated place,3,1388000,ne-ne_10m_populated_places
1159150529,Buffalo,水牛城,-78.881948,42.881924,Q40435,USA,New York,Populated place,3,1016000,ne-ne_10m_populated_places
1159150531,Pittsburgh,匹兹堡,-80.001931,40.431945,Q1342,USA,Pennsylvania,Populated place,3,1838000,ne-ne_10m_populated_places
1159150533,Ciudad Guayana,圭亚那城,-62.619987,8.370017,Q507080,VEN,Bolívar,Populated place,3,746535,ne-ne_10m_populated_places
1159150535,Lomé,洛美,1.220811,6.133883,Q3792,TGO,Maritime,Admin-0 capital,3,1452000,ne-ne_10m_populated_places
1159150537,Tunis,突尼斯,10.179678,36.802778,Q3572,TUN,Tunis,Admin-0 capital,3,2412500,ne-ne_10m_populated_places
1159150539,Kodiak,科迪亚克,-152.406987,57.789998,Q79985,USA,Alaska,Populated place,3,9461,ne-ne_10m_populated_places
1159150541,Cold Bay,冷湾,-162.715092,55.200001,Q79523,USA,Alaska,Populated place,3,200,ne-ne_10m_populated_places
1159150543,Bethel,伯特利,-161.755796,60.793303,Q80022,USA,Alaska,Populated place,3,6228,ne-ne_10m_populated_places
1159150547,Point Hope,波因特霍普,-166.80802,68.347726,Q79813,USA,Alaska,Populated place,3,461,ne-ne_10m_populated_places
1159150549,Utqiaġvik,巴罗,-156.78858,71.29057,Q79809,USA,Alaska,Populated place,3,4336,ne-ne_10m_populated_places
1159150551,Nome,诺姆,-165.406374,64.5061,Q79996,USA,Alaska,Populated place,3,3485,ne-ne_10m_populated_places
1159150553,Valdez,瓦尔迪兹,-146.348287,61.135996,Q80037,USA,Alaska,Populated place,3,4036,ne-ne_10m_populated_places
1159150555,Juneau,朱諾,-134.400712,58.303386,Q29445,USA,Alaska,Admin-1 capital,3,30711,ne-ne_10m_populated_places
1159150557,Fairbanks,费尔班克斯,-147.710659,64.836984,Q79638,USA,Alaska,Populated place,3,56993,ne-ne_10m_populated_places
1159150559,Prudhoe Bay,普拉德霍湾,-148.66936,70.292181,Q1013046,USA,Alaska,Populated place,3,2500,ne-ne_10m_populated_places
1159150561,Sevastopol,塞瓦斯托波尔,33.524395,44.603925,Q7525,RUS,Crimea,Admin-1 capital,3,379200,ne-ne_10m_populated_places
1159150565,Abu Dhabi,阿布扎比,54.366593,24.466684,Q1519,ARE,Abu Dhabi,Admin-0 capital,3,603492,ne-ne_10m_populated_places
1159150567,Ashgabat,阿什哈巴德,58.383299,37.949995,Q23438,TKM,Ahal,Admin-0 capital,3,727700,ne-ne_10m_populated_places
1159150569,Samarkand,撒马尔罕,66.944999,39.670019,Q5753,UZB,Samarkand,Admin-1 capital,3,708000,ne-ne_10m_populated_places
1159150571,Lusaka,卢萨卡,28.281382,-15.414698,Q3881,ZMB,Lusaka,Admin-0 capital,3,1328000,ne-ne_10m_populated_places
1159150573,Harare,哈拉雷,31.042764,-17.815844,Q3921,ZWE,Harare,Admin-0 capital,3,1572000,ne-ne_10m_populated_places
1159150575,Bulawayo,布拉瓦约,28.580002,-20.169998,Q193250,ZWE,Bulawayo,Admin-1 capital,3,699385,ne-ne_10m_populated_places
1159150577,Dili,帝力,125.579456,-8.559388,Q9310,TLS,Dili,Admin-0 capital,3,234331,ne-ne_10m_populated_places
1159150579,Port Vila,维拉港,168.316641,-17.73335,Q37806,VUT,Shefa,Admin-0 capital,3,44040,ne-ne_10m_populated_places
1159150583,Tegucigalpa,特古西加尔巴,-87.219475,14.103991,Q3238,HND,Francisco Morazán,Admin-0 capital,3,946000,ne-ne_10m_populated_places
1159150585,Georgetown,乔治敦,-58.167029,6.801974,Q10717,GUY,East Berbice-Corentyne,Admin-0 capital,3,264350,ne-ne_10m_populated_places
1159150587,Reykjavík,雷克雅未克,-21.936546,64.143459,Q1764,ISL,Suðurnes,Admin-0 capital,3,166212,ne-ne_10m_populated_places
1159150589,Port-au-Prince,太子港,-72.33798,18.54297,Q34261,HTI,Ouest,Admin-0 capital,3,1998000,ne-ne_10m_populated_places
1159150591,Glasgow,格拉斯哥,-4.239101,55.86227,Q4093,GBR,Glasgow,Populated place,3,1160000,ne-ne_10m_populated_places
1159150593,Kampala,坎帕拉,32.581378,0.318605,Q3894,UGA,Kampala,Admin-0 capital,3,1420000,ne-ne_10m_populated_places
1159150595,Aden,亚丁,45.00949,12.779723,Q131694,YEM,`Adan,Admin-1 capital,3,1000000,ne-ne_10m_populated_places
1159150597,Paramaribo,帕拉马里博,-55.167031,5.83503,Q3001,SUR,Paramaribo,Admin-0 capital,3,254169,ne-ne_10m_populated_places
1159150601,Seville,塞维利亚,-5.980007,37.405015,Q8717,ESP,Andalucía,Admin-1 capital,3,1212045,ne-ne_10m_populated_places
1159150603,Zinder,津德尔,8.983317,13.799996,Q204365,NER,Zinder,Admin-1 capital,3,230358,ne-ne_10m_populated_places
1159150605,Niamey,尼亚美,2.11471,13.518652,Q3674,NER,Niamey,Admin-0 capital,3,915000,ne-ne_10m_populated_places
1159150607,Port Sudan,苏丹港,37.216426,19.615791,Q208718,SDN,Red Sea,Admin-1 capital,3,489725,ne-ne_10m_populated_places
1159150609,Dushanbe,杜尚别,68.773879,38.560035,Q9365,TJK,Tadzhikistan Territories,Admin-0 capital,3,1086244,ne-ne_10m_populated_places
1159150611,Cusco,库斯科,-71.972155,-13.525028,Q5582862,PER,Cusco,Admin-1 capital,3,361182,ne-ne_10m_populated_places
1159150613,Tacna,塔克纳,-70.250012,-18.000001,Q272795,PER,Tacna,Admin-1 capital,3,280098,ne-ne_10m_populated_places
1159150615,Trujillo,特鲁希略,-79.019968,-8.120035,Q214173,PER,La Libertad,Admin-1 capital,3,765171,ne-ne_10m_populated_places
1159150619,Ica,伊卡,-75.725492,-14.067993,Q840712,PER,Ica,Admin-1 capital,3,279420,ne-ne_10m_populated_places
1159150621,Asunción,亚松森,-57.625834,-25.290671,Q2933,PRY,Asunción,Admin-0 capital,3,1870000,ne-ne_10m_populated_places
1159150623,Managua,馬拿瓜,-86.270437,12.154962,Q3274,NIC,Managua,Admin-0 capital,3,920000,ne-ne_10m_populated_places
1159150625,Freetown,弗里敦,-13.236162,8.471957,Q3780,SLE,Western,Admin-0 capital,3,827000,ne-ne_10m_populated_places
1159150627,Agadez,阿加德兹,7.98281,16.995873,Q320049,NER,Agadez,Admin-1 capital,3,117770,ne-ne_10m_populated_places
1159150629,Nyala,尼亚拉,24.889995,12.059973,Q851576,SDN,South Darfur,Admin-1 capital,3,392373,ne-ne_10m_populated_places
1159150631,Wau,瓦乌,27.98996,7.699981,Q276534,SSD,West Bahr-al-Ghazal,Admin-1 region capital,3,127384,ne-ne_10m_populated_places
1159150633,Dongola,栋古拉,30.483297,19.166594,Q821321,SDN,Northern,Admin-1 region capital,3,26404,ne-ne_10m_populated_places
1159150637,Kassala,卡薩拉,36.390016,15.459972,Q686813,SDN,Kassala,Admin-1 capital,3,401477,ne-ne_10m_populated_places
1159150639,Tromsø,特罗姆瑟,18.992025,69.635076,Q26087,NOR,Troms,Admin-1 capital,3,52436,ne-ne_10m_populated_places
1159150641,Trondheim,特隆赫姆,10.416666,63.416657,Q25804,NOR,Sør-Trøndelag,Admin-1 capital,3,147139,ne-ne_10m_populated_places
1159150643,Bergen,卑尔根,5.324522,60.391002,Q26793,NOR,Hordaland,Admin-1 capital,3,213585,ne-ne_10m_populated_places
1159150645,Islamabad,伊斯兰堡,73.08063,33.689368,Q1362,PAK,F.C.T.,Admin-0 capital,3,780000,ne-ne_10m_populated_places
1159150647,Multan,木尔坦,71.453062,30.201923,Q185453,PAK,Punjab,Populated place,3,1522000,ne-ne_10m_populated_places
1159150649,Hyderabad,海得拉巴,68.373043,25.381933,Q1640079,PAK,Sind,Populated place,3,1459000,ne-ne_10m_populated_places
1159150651,Peshawar,白沙瓦,71.533057,34.006962,Q1113311,PAK,N.W.F.P.,Admin-1 capital,3,1303000,ne-ne_10m_populated_places
1159150655,Kathmandu,加德满都,85.314696,27.718638,Q3037,NPL,Bhaktapur,Admin-0 capital,3,895000,ne-ne_10m_populated_places
1159150657,Nacala,纳卡拉,40.715024,-14.518611,Q990080,MOZ,Nampula,Populated place,3,224795,ne-ne_10m_populated_places
1159150659,Bloemfontein,布隆方丹,26.229913,-29.119994,Q37701,ZAF,Orange Free State,Admin-0 capital,3,463064,ne-ne_10m_populated_places
1159150661,Pretoria,比勒陀利亚,28.227483,-25.704975,Q3926,ZAF,Gauteng,Admin-0 capital,3,1338000,ne-ne_10m_populated_places
1159150663,Port Moresby,莫尔兹比港,147.192504,-9.464708,Q36526,PNG,Central,Admin-0 capital,3,283733,ne-ne_10m_populated_places
1159150665,Honiara,霍尼亚拉,159.949766,-9.437994,Q40921,SLB,Guadalcanal,Admin-0 capital,3,76328,ne-ne_10m_populated_places
1159150667,Panama City,巴拿马城,-79.534983,8.969963,Q3306,PAN,Panama,Admin-0 capital,3,1281000,ne-ne_10m_populated_places
1159150669,Fez,非斯,-5.002323,34.056545,Q80985,MAR,Fès - Boulemane,Admin-1 capital,3,1002000,ne-ne_10m_populated_places
1159150673,Rabat,拉巴特,-6.836408,34.025307,Q3551,MAR,Rabat - Salé - Zemmour - Zaer,Admin-0 capital,3,1705000,ne-ne_10m_populated_places
1159150675,Marrakesh,马拉喀什,-8.001933,31.631939,Q101625,MAR,Marrakech - Tensift - Al Haouz,Admin-1 capital,3,872000,ne-ne_10m_populated_places
1159150677,Chișinău,基希讷乌,28.857711,47.005024,Q21197,MDA,Chisinau,Admin-0 capital,3,688134,ne-ne_10m_populated_places
1159150679,Beira,贝拉,34.870006,-19.820045,Q211563,MOZ,Sofala,Admin-1 capital,3,530604,ne-ne_10m_populated_places
1159150681,Port Elizabeth,伊莉莎白港,25.598083,-33.968088,Q125434,ZAF,Eastern Cape,Populated place,3,1021000,ne-ne_10m_populated_places
1159150683,Maputo,马普托,32.587217,-25.953332,Q3889,MOZ,Maputo,Admin-0 capital,3,1446000,ne-ne_10m_populated_places
1159150685,Tomsk,托木斯克,84.975009,56.494987,Q976,RUS,Tomsk,Admin-1 capital,3,535479,ne-ne_10m_populated_places
1159150687,Anadyr,阿纳德尔,177.474996,64.73699,Q7978,RUS,Chukchi Autonomous Okrug,Admin-1 capital,3,10332,ne-ne_10m_populated_places
1159150691,Murmansk,摩尔曼斯克,33.100036,68.969988,Q1763,RUS,Murmansk,Admin-1 capital,3,319263,ne-ne_10m_populated_places
1159150693,Archangel,阿尔汉格尔斯克,40.545008,64.574959,Q1851,RUS,Arkhangel'sk,Admin-1 capital,3,356051,ne-ne_10m_populated_places
1159150695,Nizhny Novgorod,下诺夫哥罗德,43.998148,56.334953,Q891,RUS,Nizhegorod,Admin-1 capital,3,1278000,ne-ne_10m_populated_places
1159150697,Volgograd,伏尔加格勒,44.498015,48.711956,Q914,RUS,Volgograd,Admin-1 capital,3,984000,ne-ne_10m_populated_places
1159150699,Ufa,乌法,56.038085,54.791921,Q911,RUS,Bashkortostan,Admin-1 capital,3,1018000,ne-ne_10m_populated_places
1159150701,Yekaterinburg,叶卡捷琳堡,60.598014,56.851976,Q887,RUS,Sverdlovsk,Admin-1 capital,3,1313000,ne-ne_10m_populated_places
1159150703,Samara,萨马拉,50.149349,53.196953,Q894,RUS,Samara,Admin-1 capital,3,1137000,ne-ne_10m_populated_places
1159150705,Kazan,喀山,49.124399,55.751888,Q900,RUS,Tatarstan,Admin-1 capital,3,1115000,ne-ne_10m_populated_places
1159150709,Surgut,苏尔古特,73.425017,61.259942,Q183002,RUS,Khanty-Mansiy,Populated place,3,400000,ne-ne_10m_populated_places
1159150711,Barnaul,巴尔瑙尔,83.745007,53.354998,Q6014,RUS,Altay,Admin-1 capital,3,599579,ne-ne_10m_populated_places
1159150713,Novosibirsk,新西伯利亚,82.958096,55.031906,Q883,RUS,Novosibirsk,Admin-1 capital,3,1389000,ne-ne_10m_populated_places
1159150715,Mogadishu,摩加迪休,45.364732,2.068627,Q2449,SOM,Banaadir,Admin-0 capital,3,1100000,ne-ne_10m_populated_places
1159150717,Muscat,马斯喀特,58.378311,23.585179,Q3826,OMN,Muscat,Admin-0 capital,3,734697,ne-ne_10m_populated_places
1159150719,Colombo,科伦坡,79.857751,6.931966,Q35381,LKA,Colombo,Admin-0 capital,3,217000,ne-ne_10m_populated_places
1159150721,Cebu,宿雾,123.898129,10.321922,Q1467,PHL,Cebu,Populated place,3,815000,ne-ne_10m_populated_places
1159150723,Iloilo,伊洛伊洛,122.545016,10.705043,Q459787,PHL,Iloilo,Populated place,3,387681,ne-ne_10m_populated_places
1159150727,Davao,达沃,125.62805,7.111963,Q1473,PHL,Davao Del Sur,Populated place,3,1402000,ne-ne_10m_populated_places
1159150729,Bratsk,布拉茨克,101.615027,56.156997,Q132732,RUS,Irkutsk,Populated place,3,246348,ne-ne_10m_populated_places
1159150731,Irkutsk,伊尔库茨克,104.283869,52.284604,Q6576,RUS,Irkutsk,Admin-1 capital,3,586695,ne-ne_10m_populated_places
1159150733,Krasnoyarsk,克拉斯诺亚尔斯克,92.864055,56.015929,Q919,RUS,Krasnoyarsk,Admin-1 capital,3,925000,ne-ne_10m_populated_places
1159150735,Dikson,迪克森,80.545099,73.506972,Q678299,RUS,Taymyr,Populated place,3,1113,ne-ne_10m_populated_places
1159150737,Chita,赤塔,113.465002,52.055025,Q53139,RUS,Chita,Admin-1 capital,3,308500,ne-ne_10m_populated_places
1159150739,Vladivostok,海参崴,131.910026,43.130015,Q959,RUS,Primor'ye,Admin-1 capital,3,587022,ne-ne_10m_populated_places
1159150741,Nizhneyansk,下揚斯克,136.066619,71.433326,Q1993488,RUS,Sakha (Yakutia),Populated place,3,400,ne-ne_10m_populated_places
1159150745,Yakutsk,雅库茨克,129.735016,62.034959,Q6610,RUS,Sakha (Yakutia),Admin-1 capital,3,235600,ne-ne_10m_populated_places
1159150747,Tiksi,季克西,128.834967,71.626886,Q500895,RUS,Sakha (Yakutia),Populated place,3,5700,ne-ne_10m_populated_places
1159150749,Magadan,马加丹,150.810009,59.57498,Q7968,RUS,Maga Buryatdan,Admin-1 capital,3,95282,ne-ne_10m_populated_places
1159150751,Tijuana,蒂华纳,-117.081942,32.501963,Q124739,MEX,Baja California,Populated place,3,1553000,ne-ne_10m_populated_places
1159150753,Chihuahua,奇瓦瓦,-106.086928,28.646927,Q61302,MEX,Chihuahua,Admin-1 capital,3,793000,ne-ne_10m_populated_places
1159150755,Mazatlán,马萨特兰,-106.420001,23.221101,Q40194,MEX,Sinaloa,Populated place,3,368204,ne-ne_10m_populated_places
1159150757,Tampico,坦皮科,-97.870006,22.30002,Q273014,MEX,Tamaulipas,Populated place,3,859419,ne-ne_10m_populated_places
1159150759,Acapulco,阿卡普尔科,-99.915979,16.849991,Q81398,MEX,Guerrero,Populated place,3,715584,ne-ne_10m_populated_places
1159150763,Veracruz,韦拉克鲁斯,-96.159981,19.177342,Q173270,MEX,Veracruz,Populated place,3,578963,ne-ne_10m_populated_places
1159150765,Tuxtla Gutiérrez,图斯特拉－古铁雷斯,-93.15001,16.749997,Q207429,MEX,Chiapas,Admin-1 capital,3,481128,ne-ne_10m_populated_places
1159150767,Cancún,坎昆,-86.830008,21.16996,Q8969,MEX,Quintana Roo,Populated place,3,542043,ne-ne_10m_populated_places
1159150769,Mérida,梅里达,-89.618579,20.968585,Q165204,MEX,Yucatán,Admin-1 capital,3,965000,ne-ne_10m_populated_places
1159150771,Enugu,埃努古,7.499997,6.450031,Q465022,NGA,Enugu,Admin-1 capital,3,688862,ne-ne_10m_populated_places
1159150773,Sokoto,索科托,5.240031,13.060016,Q336350,NGA,Sokoto,Admin-1 capital,3,732178,ne-ne_10m_populated_places
1159150775,Perm,彼尔姆,56.248047,58.001906,Q915,RUS,Perm',Admin-1 capital,3,997000,ne-ne_10m_populated_places
1159150777,Erdenet,额尔登特,104.118337,49.053297,Q230628,MNG,Orhon,Admin-1 capital,3,79647,ne-ne_10m_populated_places
1159150781,Ulaanbaatar,乌兰巴托,106.91467,47.918619,Q23430,MNG,Ulaanbaatar,Admin-0 capital,3,885000,ne-ne_10m_populated_places
1159150783,Mbeya,姆贝亚,33.430042,-8.890014,Q335548,TZA,Mbeya,Admin-1 capital,3,291649,ne-ne_10m_populated_places
1159150785,Windhoek,温得和克,17.083546,-22.570006,Q3935,NAM,Khomas,Admin-0 capital,3,268132,ne-ne_10m_populated_places
1159150787,Grootfontein,赫鲁特方丹,18.116558,-19.566623,Q986336,NAM,Otjozondjupa,Populated place,3,24099,ne-ne_10m_populated_places
1159150789,Zanzibar,桑给巴尔,39.200026,-6.16,Q2222874,TZA,Zanzibar West,Admin-1 capital,3,403658,ne-ne_10m_populated_places
1159150791,Valencia,巴伦西亚,-0.401958,39.486963,Q8818,ESP,Comunidad Valenciana,Admin-1 capital,3,808000,ne-ne_10m_populated_places
1159150793,Palana,帕拉纳,159.950019,59.084002,Q695360,RUS,Kamchatka,Admin-1 capital,3,3671,ne-ne_10m_populated_places
1159150795,Petropavlovsk-Kamchatsky,堪察加彼得巴甫洛夫斯克,158.62302,53.061992,Q7951,RUS,Kamchatka,Admin-1 capital,3,187282,ne-ne_10m_populated_places
1159150799,Abuja,阿布贾,7.489505,9.05462,Q3787,NGA,Federal Capital Territory,Admin-0 capital,3,1576000,ne-ne_10m_populated_places
1159150801,Padang,巴东,100.358068,-0.958061,Q7253,IDN,Sumatera Barat,Admin-1 capital,3,855000,ne-ne_10m_populated_places
1159150803,Bissau,比绍,-15.598361,11.865024,Q3739,GNB,Bissau,Admin-0 capital,3,403339,ne-ne_10m_populated_places
1159150805,Palermo,巴勒莫,13.348081,38.126969,Q2656,ITA,Sicily,Admin-1 region capital,3,863000,ne-ne_10m_populated_places
1159150807,Amman,安曼,35.931354,31.951971,Q3805,JOR,Amman,Admin-0 capital,3,1060000,ne-ne_10m_populated_places
1159150809,Vilnius,维尔纽斯,25.316635,54.683366,Q216,LTU,Vilniaus,Admin-0 capital,3,542366,ne-ne_10m_populated_places
1159150811,Riga,里加,24.099965,56.950024,Q1773,LVA,Riga,Admin-0 capital,3,742572,ne-ne_10m_populated_places
1159150813,Bishkek,比什凯克,74.583258,42.875025,Q9361,KGZ,Bishkek,Admin-0 capital,3,837000,ne-ne_10m_populated_places
1159150817,Jiayuguan,嘉峪关,98.299984,39.82001,Q532560,CHN,Gansu,Populated place,3,148279,ne-ne_10m_populated_places
1159150819,Xining,西宁,101.768059,36.621944,Q69060,CHN,Gansu,Admin-1 capital,3,1048000,ne-ne_10m_populated_places
1159150821,Guilin,桂林,110.278082,25.281939,Q189633,CHN,Guangxi,Populated place,3,987000,ne-ne_10m_populated_places
1159150823,Huainan,淮南,116.978035,32.63193,Q360178,CHN,Anhui,Populated place,3,1451000,ne-ne_10m_populated_places
1159150825,Shantou,汕头,116.66808,23.371952,Q59100,CHN,Guangdong,Populated place,3,1601000,ne-ne_10m_populated_places
1159150827,Tarakan,打拉根,117.633016,3.300017,Q14501,IDN,Kalimantan Timur,Populated place,3,193069,ne-ne_10m_populated_places
1159150829,Mombasa,蒙巴萨,39.687972,-4.03808,Q225641,KEN,Coast,Admin-1 capital,3,882000,ne-ne_10m_populated_places
1159150831,Maseru,马塞卢,27.483273,-29.316674,Q3909,LSO,Maseru,Admin-0 capital,3,361324,ne-ne_10m_populated_places
1159150835,Antananarivo,塔那那利佛,47.514678,-18.914691,Q3915,MDG,Antananarivo,Admin-0 capital,3,1697000,ne-ne_10m_populated_places
1159150837,Semarang,三宝垄,110.418074,-6.964672,Q11025,IDN,Jawa Tengah,Admin-1 capital,3,1396000,ne-ne_10m_populated_places
1159150839,Palembang,巨港,104.748084,-2.978093,Q8131,IDN,Sumatera Selatan,Admin-1 capital,3,1749000,ne-ne_10m_populated_places
1159150841,Bandjarmasin,马辰,114.580076,-3.329992,Q14182,IDN,Kalimantan Selatan,Admin-1 capital,3,603576,ne-ne_10m_populated_places
1159150843,Makassar,望加锡,119.430082,-5.138013,Q14634,IDN,Sulawesi Selatan,Admin-1 capital,3,1262000,ne-ne_10m_populated_places
1159150845,Lyon,里昂,4.828085,45.771954,Q456,FRA,Rhône-Alpes,Admin-1 region capital,3,1423000,ne-ne_10m_populated_places
1159150847,Quito,基多,-78.501997,-0.213042,Q2900,ECU,Pichincha,Admin-0 capital,3,1701000,ne-ne_10m_populated_places
1159150849,San José,圣荷西,-84.078814,9.930371,Q3070,CRI,San José,Admin-0 capital,3,1284000,ne-ne_10m_populated_places
1159150853,San Salvador,圣萨尔瓦多,-89.215576,13.70328,Q3110,SLV,San Salvador,Admin-0 capital,3,1433000,ne-ne_10m_populated_places
1159150855,Kingston,京斯敦,-76.767434,17.977077,Q34692,JAM,Kingston,Admin-0 capital,3,937700,ne-ne_10m_populated_places
1159150857,Cartagena,卡塔赫纳,-75.516339,10.401684,Q657461,COL,Bolívar,Admin-1 capital,3,887000,ne-ne_10m_populated_places
1159150859,Mitú,米图,-70.173608,1.198311,Q130242,COL,Vaupés,Admin-1 capital,3,5917,ne-ne_10m_populated_places
1159150861,Bumba,奔巴,22.459962,2.189981,Q1004822,COD,Équateur,Populated place,3,160539,ne-ne_10m_populated_places
1159150863,N'Djamena,恩贾梅纳,15.047202,12.115042,Q3659,TCD,Hadjer-Lamis,Admin-0 capital,3,989000,ne-ne_10m_populated_places
1159150865,Abéché,阿贝歇,20.829984,13.839994,Q242587,TCD,Ouaddaï,Admin-1 capital,3,158317,ne-ne_10m_populated_places
1159150867,Malabo,马拉博,8.783278,3.750015,Q3818,GNQ,Bioko Norte,Admin-0 capital,3,155963,ne-ne_10m_populated_places
1159150871,Luxor,卢克索,32.650038,25.700019,Q130514,EGY,Qina,Populated place,3,609248,ne-ne_10m_populated_places
1159150873,Asmara,阿斯马拉,38.933324,15.333339,Q3642,ERI,Anseba,Admin-0 capital,3,620802,ne-ne_10m_populated_places
1159150875,Zagreb,萨格勒布,15.999995,45.800007,Q1435,HRV,Grad Zagreb,Admin-0 capital,3,722526,ne-ne_10m_populated_places
1159150877,Tallinn,塔林,24.728041,59.433877,Q1770,EST,Harju,Admin-0 capital,3,394024,ne-ne_10m_populated_places
1159150879,Lhasa,拉萨,91.10001,29.645024,Q5869,CHN,Xizang,Admin-1 capital,3,219599,ne-ne_10m_populated_places
1159150881,Hami,伊州区,93.515005,42.826984,Q650585,CHN,Xinjiang Uygur,Populated place,3,580000,ne-ne_10m_populated_places
1159150883,Hotan,和田,79.926945,37.099711,Q235389,CHN,Xinjiang Uygur,Populated place,3,408894,ne-ne_10m_populated_places
1159150885,Kashgar,喀什,75.969926,39.476336,Q170521,CHN,Xinjiang Uygur,Populated place,3,506640,ne-ne_10m_populated_places
1159150889,Yinchuan,银川,106.271092,38.46992,Q211243,CHN,Ningxia Hui,Admin-1 capital,3,991000,ne-ne_10m_populated_places
1159150891,Pingxiang,萍乡,113.848097,27.621951,Q362865,CHN,Jiangxi,Populated place,3,961000,ne-ne_10m_populated_places
1159150893,Nagasaki,长崎,129.885033,32.764988,Q38234,JPN,Nagasaki,Admin-1 capital,3,435455,ne-ne_10m_populated_places
1159150895,Qiqihar,齐齐哈尔,123.988046,47.346923,Q205922,CHN,Heilongjiang,Populated place,3,1641000,ne-ne_10m_populated_places
1159150897,Kikwit,基奎特,18.850002,-5.030043,Q261887,COD,Bandundu,Populated place,3,637736,ne-ne_10m_populated_places
1159150899,Matadi,马塔迪,13.450021,-5.81661,Q211073,COD,Bas-Congo,Admin-1 capital,3,245862,ne-ne_10m_populated_places
1159150901,Kolwezi,科卢韦齐,25.47244,-10.716724,Q271404,COD,Katanga,Admin-1 capital,3,418000,ne-ne_10m_populated_places
1159150903,Lubumbashi,卢本巴希,27.478072,-11.678079,Q187593,COD,Katanga,Admin-1 capital,3,1352000,ne-ne_10m_populated_places
1159150907,Lilongwe,利隆圭,33.783302,-13.983295,Q3876,MWI,Lilongwe,Admin-0 capital,3,646750,ne-ne_10m_populated_places
1159150909,Guatemala City,瓜地馬拉,-90.528911,14.623081,Q1555,GTM,Guatemala,Admin-0 capital,3,1024000,ne-ne_10m_populated_places
1159150911,Cayenne,卡宴,-52.330021,4.932992,Q44401,FRA,Guinaa,Admin-1 capital,3,61550,ne-ne_10m_populated_places
1159150913,Libreville,利伯维尔,9.457965,0.385389,Q3825,GAB,Estuaire,Admin-0 capital,3,578156,ne-ne_10m_populated_places
1159150915,Vishakhapatnam,维沙卡帕特南,83.219848,17.682903,Q200016,IND,Andhra Pradesh,Populated place,3,1529000,ne-ne_10m_populated_places
1159150917,Suva,苏瓦,178.441707,-18.133016,Q38807,FJI,Central,Admin-0 capital,3,175399,ne-ne_10m_populated_places
1159150919,Port-Gentil,让蒂尔港,8.780022,-0.720022,Q501715,GAB,Ogooué-Maritime,Admin-1 capital,3,116836,ne-ne_10m_populated_places
1159150921,Timbuktu,通布图,-3.016596,16.766585,Q9427,MLI,Timbuktu,Admin-1 capital,3,68872,ne-ne_10m_populated_places
1159150925,Punta Arenas,蓬塔阿雷纳斯,-70.939996,-53.164986,Q51599,CHL,Magallanes y Antártica Chilena,Admin-1 capital,3,117430,ne-ne_10m_populated_places
1159150927,Iquique,伊基克,-70.129968,-20.249993,Q14440,CHL,Tarapacá,Admin-1 capital,3,227499,ne-ne_10m_populated_places
1159150929,Antofagasta,安托法加斯塔,-70.400003,-23.649992,Q3612,CHL,Antofagasta,Admin-1 capital,3,309832,ne-ne_10m_populated_places
1159150931,Valparaíso,瓦尔帕莱索,-71.617026,-33.047739,Q33986,CHL,Valparaíso,Admin-0 capital alt,3,854000,ne-ne_10m_populated_places
1159150933,Valdivia,瓦尔迪维亚,-73.233111,-39.821651,Q160687,CHL,Los Ríos,Admin-1 capital,3,159599,ne-ne_10m_populated_places
1159150935,Concepción,康塞普西翁,-73.050022,-36.830014,Q1880,CHL,Bío-Bío,Admin-1 capital,3,889725,ne-ne_10m_populated_places
1159150937,Puerto Montt,蒙特港,-72.929978,-41.469989,Q36214,CHL,Los Lagos,Admin-1 capital,3,174629,ne-ne_10m_populated_places
1159150939,Nuuk,努克,-51.732659,64.198281,Q226,GRL,Kommuneqarfik Sermersooq,Admin-0 region capital,3,14798,ne-ne_10m_populated_places
1159150943,Nouakchott,努瓦克肖特,-15.97534,18.086427,Q3688,MRT,Nouakchott,Admin-0 capital,3,742144,ne-ne_10m_populated_places
1159150945,Bamako,巴马科,-8.001985,12.65196,Q3703,MLI,Bamako,Admin-0 capital,3,1494000,ne-ne_10m_populated_places
1159150947,Atar,阿塔尔,-13.049989,20.51664,Q735645,MRT,Adrar,Admin-1 capital,3,44265,ne-ne_10m_populated_places
1159150949,Djenné,杰内,-4.549991,13.89999,Q213507,MLI,Mopti,Populated place,3,32944,ne-ne_10m_populated_places
1159150951,Sabha,塞卜哈,14.43332,27.033271,Q208389,LBY,Sabha,Admin-1 capital,3,100249,ne-ne_10m_populated_places
1159150953,Banghazi,班加西,20.064777,32.118679,Q40816,LBY,Benghazi,Admin-1 capital,3,1180000,ne-ne_10m_populated_places
1159150955,Thessaloniki,塞萨洛尼基,22.883055,40.698052,Q17151,GRC,Kentriki Makedonia,Admin-1 capital,3,828000,ne-ne_10m_populated_places
1159150957,Beirut,贝鲁特,35.507762,33.873921,Q3820,LBN,Beirut,Admin-0 capital,3,1846000,ne-ne_10m_populated_places
1159150961,Tbilisi,第比利斯,44.78885,41.726956,Q994,GEO,Tbilisi,Admin-0 capital,3,1100000,ne-ne_10m_populated_places
1159150963,Gondar,贡德尔,37.460028,12.610043,Q218861,ETH,Amhara,Admin-1 capital,3,156230,ne-ne_10m_populated_places
1159150965,Nur-Sultan,努尔苏丹,71.427774,51.181125,Q1520,KAZ,Aqmola,Admin-0 capital,3,345604,ne-ne_10m_populated_places
1159150967,Qaraghandy,卡拉干达,73.11501,49.884977,Q484706,KAZ,Qaraghandy,Admin-1 capital,3,451800,ne-ne_10m_populated_places
1159150969,Almaty,阿拉木图,76.91309,43.326936,Q35493,KAZ,Almaty,Admin-1 capital,3,1209000,ne-ne_10m_populated_places
1159150971,Isfahan,伊斯法罕,51.698092,32.701951,Q42053,IRN,Esfahan,Admin-1 capital,3,1628000,ne-ne_10m_populated_places
1159150973,Shiraz,西菈子,52.568065,29.631906,Q6397066,IRN,Fars,Admin-1 capital,3,1240000,ne-ne_10m_populated_places
1159150975,Amritsar,阿姆利则,74.868047,31.641938,Q48403,IND,Punjab,Populated place,3,1212000,ne-ne_10m_populated_places
1159150979,Varanasi,瓦兰希,82.998094,25.331936,Q79980,IND,Uttar Pradesh,Populated place,3,1352000,ne-ne_10m_populated_places
1159150981,Asansol,阿桑索尔,86.981387,23.685279,Q202139,IND,West Bengal,Populated place,3,1328000,ne-ne_10m_populated_places
1159150983,Bhilai,比莱,81.372213,21.211262,Q242144,IND,Chhattisgarh,Populated place,3,1097000,ne-ne_10m_populated_places
1159150985,Bhopal,博帕尔,77.408047,23.251934,Q80989,IND,Madhya Pradesh,Admin-1 capital,3,1727000,ne-ne_10m_populated_places
1159150987,Madurai,马杜赖,78.118081,9.921972,Q228405,IND,Tamil Nadu,Populated place,3,1294000,ne-ne_10m_populated_places
1159150989,Coimbatore,科伊巴拓雷,76.948075,11.001906,Q9885,IND,Tamil Nadu,Populated place,3,1696000,ne-ne_10m_populated_places
1159150991,Vientiane,万象,102.59998,17.966693,Q9326,LAO,Vientiane [prefecture],Admin-0 capital,3,754000,ne-ne_10m_populated_places
1159150993,Brazzaville,布拉柴维尔,15.282744,-4.25724,Q3844,COG,Pool,Admin-0 capital,3,1355000,ne-ne_10m_populated_places
1159150997,Conakry,科纳克里,-13.682181,9.533469,Q3733,GIN,Conakry,Admin-0 capital,3,1494000,ne-ne_10m_populated_places
1159150999,Yamoussoukro,亚穆苏克罗,-5.275503,6.818381,Q3768,CIV,Lacs,Admin-0 capital,3,206499,ne-ne_10m_populated_places
1159151001,Cruzeiro do Sul,南克魯賽羅,-72.669968,-7.629988,Q941136,BRA,Acre,Populated place,3,56862,ne-ne_10m_populated_places
1159151003,Leticia,莱蒂西亚,-69.955261,-4.201207,Q214913,COL,Amazonas,Admin-1 capital,3,59575,ne-ne_10m_populated_places
1159151005,Manaus,马瑙斯,-60.001963,-3.098086,Q40236,BRA,Amazonas,Admin-1 capital,3,1753000,ne-ne_10m_populated_places
1159151007,Caxias,卡希亚斯,-43.350026,-4.833001,Q997107,BRA,Maranh,Populated place,3,134640,ne-ne_10m_populated_places
1159151009,Santarém,圣塔伦,-54.699979,-2.433251,Q659450,BRA,Pará,Populated place,3,230428,ne-ne_10m_populated_places
1159151011,Marabá,马拉巴,-49.115979,-5.349972,Q509818,BRA,Pará,Populated place,3,166182,ne-ne_10m_populated_places
1159151015,Vilhena,维列纳,-60.1166,-12.716602,Q1749958,BRA,Rondônia,Populated place,3,63231,ne-ne_10m_populated_places
1159151017,Ji-Paraná,日帕拉纳,-61.967003,-10.833307,Q983815,BRA,Rondinia,Populated place,3,65016,ne-ne_10m_populated_places
1159151019,Campo Grande,大坎普,-54.618571,-20.448086,Q168929,BRA,Mato Grosso do Sul,Admin-1 capital,3,778000,ne-ne_10m_populated_places
1159151021,Florianópolis,弗洛里亚诺波利斯,-48.521966,-27.578039,Q132997,BRA,Santa Catarina,Admin-1 capital,3,1023000,ne-ne_10m_populated_places
1159151023,Feira de Santana,费拉迪圣安娜,-38.970009,-12.250016,Q194343,BRA,Bahia,Populated place,3,481911,ne-ne_10m_populated_places
1159151025,Winnipeg,温尼伯,-97.165992,49.882987,Q2135,CAN,Manitoba,Admin-1 capital,3,632063,ne-ne_10m_populated_places
1159151027,Churchill,邱吉尔,-94.165994,58.765985,Q744553,CAN,Manitoba,Populated place,3,1000,ne-ne_10m_populated_places
1159151029,Regina,里贾纳,-104.61701,50.450033,Q2123,CAN,Saskatchewan,Admin-1 capital,3,176183,ne-ne_10m_populated_places
1159151033,Saskatoon,萨斯卡通,-106.669985,52.170031,Q10566,CAN,Saskatchewan,Populated place,3,198958,ne-ne_10m_populated_places
1159151035,Calgary,卡尔加里,-114.081944,51.084938,Q36312,CAN,Alberta,Populated place,3,1110000,ne-ne_10m_populated_places
1159151037,Prince Rupert,鲁珀特王子港,-130.329988,54.31667,Q1015639,CAN,British Columbia,Populated place,3,14708,ne-ne_10m_populated_places
1159151039,Victoria,维多利亚,-123.350001,48.433283,Q2132,CAN,British Columbia,Admin-1 capital,3,289625,ne-ne_10m_populated_places
1159151041,Arctic Bay,北極灣,-85.166621,73.033306,Q638017,CAN,Nunavut,Populated place,3,604,ne-ne_10m_populated_places
1159151043,Resolute,雷索卢特,-94.900006,74.683334,Q606622,CAN,Nunavut,Populated place,3,250,ne-ne_10m_populated_places
1159151045,Naujaat,努雅特,-86.282935,66.529467,Q1723761,CAN,Nunavut,Populated place,3,1000,ne-ne_10m_populated_places
1159151047,Yellowknife,黄刀镇,-114.396981,62.442014,Q2061,CAN,Northwest Territories,Admin-1 capital,3,19234,ne-ne_10m_populated_places
1159151051,Fort Good Hope,德望堡,-128.633322,66.266613,Q201313,CAN,Northwest Territories,Populated place,3,597,ne-ne_10m_populated_places
1159151053,Whitehorse,白马,-135.049984,60.716719,Q2058,CAN,Yukon,Admin-1 capital,3,23276,ne-ne_10m_populated_places
1159151055,Boa Vista,博阿维斯塔,-60.665998,2.816093,Q181056,BRA,Roraima,Admin-1 capital,3,235150,ne-ne_10m_populated_places
1159151057,Macapá,马卡帕,-51.050021,0.033007,Q180215,BRA,Amapá,Admin-1 capital,3,499166,ne-ne_10m_populated_places
1159151059,Ottawa,渥太华,-75.701961,45.418643,Q1930,CAN,Ontario,Admin-0 capital,3,1145000,ne-ne_10m_populated_places
1159151061,Fort Severn,塞文堡,-87.649984,55.983339,Q3078079,CAN,Ontario,Populated place,3,125,ne-ne_10m_populated_places
1159151063,Thunder Bay,桑德贝,-89.274975,48.44615,Q34116,CAN,Ontario,Populated place,3,99334,ne-ne_10m_populated_places
1159151065,Québec,魁北克,-71.24561,46.839969,Q2145,CAN,Québec,Admin-1 capital,3,624177,ne-ne_10m_populated_places
1159151069,Halifax,哈利法克斯,-63.600004,44.650025,Q2141,CAN,Nova Scotia,Admin-1 capital,3,359111,ne-ne_10m_populated_places
1159151071,St. John's,圣约翰斯,-52.681007,47.584988,Q2082,CAN,Newfoundland and Labrador,Admin-1 capital,3,131469,ne-ne_10m_populated_places
1159151073,Nain,奈恩,-61.686045,56.547351,Q3335210,CAN,Newfoundland and Labrador,Populated place,3,1151,ne-ne_10m_populated_places
1159151075,Charlottetown,夏洛特顿,-63.131325,46.249282,Q2127,CAN,Prince Edward Island,Admin-1 capital,3,42402,ne-ne_10m_populated_places
1159151077,N'Délé,恩代萊,20.653044,8.409137,Q612713,CAF,Bamingui-Bangoran,Admin-1 capital,3,11764,ne-ne_10m_populated_places
1159151079,Belgrade,贝尔格莱德,20.466045,44.820591,Q3711,SRB,Grad Beograd,Admin-0 capital,3,1099000,ne-ne_10m_populated_places
1159151081,Obo,奥博,26.500026,5.399992,Q1025617,CAF,Haut-Mbomou,Admin-1 capital,3,12887,ne-ne_10m_populated_places
1159151083,Bandar Seri Begawan,斯里巴加湾,114.933284,4.883331,Q9279,BRN,Brunei and Muara,Admin-0 capital,3,296500,ne-ne_10m_populated_places
1159151087,Puerto Deseado,德塞阿多港,-65.899968,-47.75002,Q923541,ARG,Santa Cruz,Populated place,3,3305,ne-ne_10m_populated_places
1159151089,Río Gallegos,里奥加耶戈斯,-69.216587,-51.633297,Q44242,ARG,Santa Cruz,Admin-1 capital,3,85700,ne-ne_10m_populated_places
1159151091,Comodoro Rivadavia,里瓦达维亚海军准将城,-67.499999,-45.870031,Q221921,ARG,Chubut,Populated place,3,140850,ne-ne_10m_populated_places
1159151093,Mendoza,门多萨,-68.818557,-32.881384,Q44237,ARG,Mendoza,Admin-1 capital,3,893000,ne-ne_10m_populated_places
1159151095,Sucre,苏克雷,-65.259516,-19.040971,Q2907,BOL,Chuquisaca,Admin-0 capital,3,224838,ne-ne_10m_populated_places
1159151097,Riberalta,里韦拉尔塔,-66.100007,-10.983013,Q941357,BOL,El Beni,Populated place,3,74014,ne-ne_10m_populated_places
1159151099,Bahía Blanca,布兰卡港,-62.265021,-38.740027,Q54108,ARG,Ciudad de Buenos Aires,Populated place,3,281536,ne-ne_10m_populated_places
1159151101,Mar del Plata,马德普拉塔,-57.579984,-38.00002,Q52607,ARG,Ciudad de Buenos Aires,Populated place,3,555897,ne-ne_10m_populated_places
1159151105,Córdoba,科尔多瓦,-64.18424,-31.398012,Q44210,ARG,Córdoba,Admin-1 capital,3,1452000,ne-ne_10m_populated_places
1159151107,Posadas,波萨达斯,-55.885107,-27.357832,Q44238,ARG,Misiones,Admin-1 capital,3,357119,ne-ne_10m_populated_places
1159151109,Belmopan,贝尔墨邦,-88.767073,17.252033,Q3043,BLZ,Cayo,Admin-0 capital,3,15220,ne-ne_10m_populated_places
1159151111,Bangui,班吉,18.558288,4.366644,Q3832,CAF,Bangui,Admin-0 capital,3,831925,ne-ne_10m_populated_places
1159151113,Maroua,马鲁阿,14.324696,10.595566,Q818824,CMR,Extrême-Nord,Admin-1 capital,3,319941,ne-ne_10m_populated_places
1159151115,Yaoundé,雅温得,11.514705,3.868647,Q3808,CMR,Centre,Admin-0 capital,3,1611000,ne-ne_10m_populated_places
1159151117,Tirana,地拉那,19.818883,41.327541,Q19689,ALB,Durrës,Admin-0 capital,3,895350,ne-ne_10m_populated_places
1159151119,Yerevan,埃里温,44.511606,40.183097,Q1953,ARM,Erevan,Admin-0 capital,3,1102000,ne-ne_10m_populated_places
1159151123,Baku,巴库,49.860271,40.397218,Q9248,AZE,Baki,Admin-0 capital,3,2122300,ne-ne_10m_populated_places
1159151125,Kandahar,坎大哈,65.694946,31.61002,Q45604,AFG,Kandahar,Admin-1 capital,3,715542,ne-ne_10m_populated_places
1159151127,Phnom Penh,金边,104.914689,11.551976,Q1850,KHM,Phnom Penh,Admin-0 capital,3,1466000,ne-ne_10m_populated_places
1159151129,Menongue,梅农盖,17.699994,-14.666612,Q818731,AGO,Cuando Cubango,Admin-1 capital,3,13030,ne-ne_10m_populated_places
1159151131,Huambo,万博,15.758064,-12.74804,Q207322,AGO,Huambo,Admin-1 capital,3,1100000,ne-ne_10m_populated_places
1159151133,La Paz,拉巴斯,-68.151931,-16.496028,Q1491,BOL,La Paz,Admin-0 capital,3,1590000,ne-ne_10m_populated_places
1159151135,Santa Cruz,圣克鲁斯,-63.227942,-17.751972,Q170688,BOL,Santa Cruz,Admin-1 capital,3,2102998,ne-ne_10m_populated_places
1159151137,Oran,瓦赫兰,-0.621919,35.711948,Q131818,DZA,Oran,Populated place,3,798000,ne-ne_10m_populated_places
1159151141,Cotonou,科托努,2.404355,6.36298,Q43595,BEN,Ouémé,Admin-0 capital,3,762000,ne-ne_10m_populated_places
1159151143,Tamanrasset,塔曼拉塞特,5.522805,22.785003,Q205792,DZA,Tamanghasset,Admin-1 capital,3,76000,ne-ne_10m_populated_places
1159151145,Ghardaia,盖尔达耶,3.669998,32.489992,Q622841,DZA,Ghardaaa,Populated place,3,125480,ne-ne_10m_populated_places
1159151147,Sofia,索非亚,23.314708,42.685295,Q472,BGR,Grad Sofiya,Admin-0 capital,3,1185000,ne-ne_10m_populated_places
1159151149,Minsk,明斯克,27.564681,53.901923,Q2280,BLR,Minsk,Admin-0 capital,3,1805000,ne-ne_10m_populated_places
1159151151,Thimphu,廷布,89.639014,27.472986,Q9270,BTN,Thimphu,Admin-0 capital,3,98676,ne-ne_10m_populated_places
1159151153,Gaborone,嘉柏隆里,25.911948,-24.646314,Q3919,BWA,South-East,Admin-0 capital,3,208411,ne-ne_10m_populated_places
1159151155,Darwin,达尔文,130.850039,-12.425354,Q11568,AUS,Northern Territory,Admin-1 capital,3,93080,ne-ne_10m_populated_places
1159151159,Alice Springs,爱丽斯泉,133.880034,-23.700996,Q17872,AUS,Northern Territory,Populated place,3,27710,ne-ne_10m_populated_places
1159151161,Canberra,堪培拉,149.129026,-35.283029,Q3114,AUS,Australian Capital Territory,Admin-0 capital,3,327700,ne-ne_10m_populated_places
1159151163,Newcastle,纽卡斯尔,151.770249,-32.929508,Q57278,AUS,New South Wales,Populated place,3,540796,ne-ne_10m_populated_places
1159151165,Adelaide,阿德莱德,138.598059,-34.933042,Q5112,AUS,South Australia,Admin-1 capital,3,1145000,ne-ne_10m_populated_places
1159151167,Townsville,汤斯维尔,146.769997,-19.24995,Q190021,AUS,Queensland,Populated place,3,138954,ne-ne_10m_populated_places
1159151169,Brisbane,布里斯班,153.033147,-27.453085,Q34932,AUS,Queensland,Admin-1 capital,3,1860000,ne-ne_10m_populated_places
1159151171,Hobart,霍巴特,147.29503,-42.850009,Q40191,AUS,Tasmania,Admin-1 capital,3,80870,ne-ne_10m_populated_places
1159151173,Ouagadougou,瓦加杜古,-1.52667,12.372262,Q3777,BFA,Kadiogo,Admin-0 capital,3,1149000,ne-ne_10m_populated_places
1159151177,Sarajevo,萨拉热窝,18.383002,43.850022,Q11194,BIH,Sarajevo,Admin-0 capital,3,696731,ne-ne_10m_populated_places
1159151179,Naypyidaw,奈比多,96.116673,19.768503,Q37400,MMR,Mandalay,Admin-0 capital,3,930000,ne-ne_10m_populated_places
1159151181,San Juan,圣胡安,-66.129979,18.440023,Q41211,PRI,,Admin-1 capital,3,2478905,ne-ne_10m_populated_places
1159151183,Stanley,斯坦利,-57.849968,-51.700011,Q12245,FLK,,Admin-0 region capital,3,2213,ne-ne_10m_populated_places
1159151185,Hamilton,哈密尔顿,-64.783937,32.29419,Q30985,BMU,,Admin-0 region capital,3,52320,ne-ne_10m_populated_places
1159151187,Nuku'alofa,努库阿洛法,-175.220564,-21.138512,Q38834,TON,,Admin-0 capital,3,42620,ne-ne_10m_populated_places
1159151189,Hargeisa,哈尔格萨,44.06531,9.560022,Q168652,SOL,,Admin-0 capital,3,477876,ne-ne_10m_populated_places
1159151191,Victoria,維多利亞,55.44999,-4.616632,Q3940,SYC,,Admin-0 capital,3,33576,ne-ne_10m_populated_places
1159151195,São Tomé,圣多美,6.72965,0.337466,Q3932,STP,,Admin-0 capital,3,88219,ne-ne_10m_populated_places
1159151197,Apia,阿皮亚,-171.768599,-13.835715,Q36260,WSM,,Admin-0 capital,3,61916,ne-ne_10m_populated_places
1159151199,Valletta,瓦莱塔,14.514711,35.899732,Q23800,MLT,,Admin-0 capital,3,368250,ne-ne_10m_populated_places
1159151201,Malé,马累,73.508901,4.172037,Q9347,MDV,,Admin-0 capital,3,112927,ne-ne_10m_populated_places
1159151203,Jerusalem,耶路撒冷,35.206626,31.778408,Q1218,ISR,Jerusalem,Admin-0 capital,3,1029300,ne-ne_10m_populated_places
1159151205,Praia,培亞,-23.516689,14.916698,Q3751,CPV,,Admin-0 capital,3,113364,ne-ne_10m_populated_places
1159151207,Nassau,拿骚,-77.350044,25.08339,Q2467,BHS,,Admin-0 capital,3,227940,ne-ne_10m_populated_places
1159151209,Nicosia,尼科西亚,33.366635,35.166677,Q3856,CYP,,Admin-0 capital,3,224300,ne-ne_10m_populated_places
1159151213,Kaohsiung,高雄,120.266602,22.633307,Q181557,TWN,Kaohsiung City,Admin-1 capital,3,2769072,ne-ne_10m_populated_places
1159151215,Shenzhen,深圳,114.061154,22.548097,Q15174,CHN,Guangdong,Populated place,2,7581000,ne-ne_10m_populated_places
1159151217,Zibo,淄博,117.99646,36.821365,Q198370,CHN,Shandong,Populated place,2,3061000,ne-ne_10m_populated_places
1159151219,Minneapolis,明尼阿波利斯,-93.253732,44.981925,Q36091,USA,Minnesota,Populated place,2,2616000,ne-ne_10m_populated_places
1159151221,Honolulu,檀香山,-157.858301,21.303429,Q18094,USA,Hawaii,Admin-1 capital,2,786000,ne-ne_10m_populated_places
1159151223,Seattle,西雅图,-122.315322,47.600423,Q5083,USA,Washington,Populated place,2,3074000,ne-ne_10m_populated_places
1159151225,Phoenix,菲尼克斯,-112.067365,33.448322,Q16556,USA,Arizona,Admin-1 capital,2,3551000,ne-ne_10m_populated_places
1159151227,San Diego,圣迭戈,-117.150881,32.718914,Q16552,USA,California,Populated place,2,2916000,ne-ne_10m_populated_places
1159151231,St. Louis,圣路易斯,-90.241926,38.636964,Q38022,USA,Missouri,Populated place,2,2199000,ne-ne_10m_populated_places
1159151233,New Orleans,新奥尔良,-90.088368,29.968908,Q34404,USA,Louisiana,Populated place,2,785000,ne-ne_10m_populated_places
1159151235,Dallas,达拉斯,-96.794687,32.771958,Q16557,USA,Texas,Populated place,2,4798000,ne-ne_10m_populated_places
1159151237,Maracaibo,马拉开波,-71.661924,10.731923,Q171632,VEN,Zulia,Admin-1 capital,2,2072000,ne-ne_10m_populated_places
1159151239,Boston,波士顿,-71.07196,42.331906,Q100,USA,Massachusetts,Admin-1 capital,2,4467000,ne-ne_10m_populated_places
1159151241,Tampa,坦帕,-82.460567,27.948934,Q49255,USA,Florida,Populated place,2,2314000,ne-ne_10m_populated_places
1159151243,Philadelphia,费城,-75.179841,39.945942,Q1345,USA,Pennsylvania,Populated place,2,5492000,ne-ne_10m_populated_places
1159151245,Detroit,底特律,-83.051334,42.333558,Q12439,USA,Michigan,Populated place,2,4101000,ne-ne_10m_populated_places
1159151249,Anchorage,安克雷奇,-149.887446,61.214004,Q39450,USA,Alaska,Populated place,2,260283,ne-ne_10m_populated_places
1159151251,Hanoi,河内,105.848068,21.035273,Q1858,VNM,Thái Nguyên,Admin-0 capital,2,4378000,ne-ne_10m_populated_places
1159151253,Ho Chi Minh City,胡志明,106.702985,10.762125,Q1854,VNM,H? Chí Minh city,Admin-1 capital,2,5314000,ne-ne_10m_populated_places
1159151255,Ankara,安卡拉,32.862446,39.929184,Q3640,TUR,Ankara,Admin-0 capital,2,3716000,ne-ne_10m_populated_places
1159151257,Budapest,布达佩斯,19.081375,47.501952,Q1781,HUN,Budapest,Admin-0 capital,2,1679000,ne-ne_10m_populated_places
1159151259,Sanaa,萨那,44.204648,15.356679,Q2471,YEM,Amanat Al Asimah,Admin-0 capital,2,2008000,ne-ne_10m_populated_places
1159151261,Barcelona,巴塞罗那,2.181424,41.385245,Q1492,ESP,Cataluña,Admin-1 capital,2,4920000,ne-ne_10m_populated_places
1159151263,Bucharest,布加勒斯特,26.098001,44.435318,Q19660,ROU,Bucharest,Admin-0 capital,2,1942000,ne-ne_10m_populated_places
1159151267,Aleppo,阿勒颇,37.168074,36.231917,Q41183,SYR,Aleppo (Halab),Populated place,2,2738000,ne-ne_10m_populated_places
1159151269,Damascus,大马士革,36.29805,33.50198,Q3766,SYR,Damascus,Admin-0 capital,2,2466000,ne-ne_10m_populated_places
1159151271,Zürich,苏黎世,8.548064,47.381934,Q72,CHE,Zürich,Admin-1 capital,2,1108000,ne-ne_10m_populated_places
1159151273,Lisbon,里斯本,-9.146812,38.724669,Q597,PRT,Lisboa,Admin-0 capital,2,2812000,ne-ne_10m_populated_places
1159151275,Khartoum,喀土穆,32.532233,15.590024,Q1963,SDN,Khartoum,Admin-0 capital,2,4754000,ne-ne_10m_populated_places
1159151277,Jeddah,吉达,39.217252,21.518835,Q374365,SAU,Makkah,Populated place,2,3012000,ne-ne_10m_populated_places
1159151279,Makkah,麦加,39.818094,21.431967,Q5806,SAU,Makkah,Populated place,2,1385000,ne-ne_10m_populated_places
1159151281,Oslo,奥斯陆,10.748033,59.918636,Q585,NOR,Oslo,Admin-0 capital,2,835000,ne-ne_10m_populated_places
1159151285,Lahore,拉合尔,74.348079,31.561917,Q11739,PAK,Punjab,Admin-1 capital,2,6577000,ne-ne_10m_populated_places
1159151287,Karachi,卡拉奇,66.988063,24.871938,Q8660,PAK,Sind,Admin-1 capital,2,12130000,ne-ne_10m_populated_places
1159151289,Durban,德班,31.010944,-29.860662,Q5468,ZAF,KwaZulu-Natal,Populated place,2,2729000,ne-ne_10m_populated_places
1159151291,St.  Petersburg,圣彼得堡,30.314074,59.94096,Q656,RUS,City of St. Petersburg,Admin-1 capital,2,4553000,ne-ne_10m_populated_places
1159151293,Guadalajara,瓜达拉哈拉,-103.33198,20.671962,Q9022,MEX,Jalisco,Admin-1 capital,2,4198000,ne-ne_10m_populated_places
1159151295,Puebla,普埃布拉,-98.203737,19.032594,Q125293,MEX,Puebla,Admin-1 capital,2,2195000,ne-ne_10m_populated_places
1159151297,Kano,卡诺,8.518092,12.001923,Q182984,NGA,Kano,Admin-1 capital,2,3140000,ne-ne_10m_populated_places
1159151299,Warsaw,华沙,21.005347,52.230872,Q270,POL,Masovian,Admin-0 capital,2,1707000,ne-ne_10m_populated_places
1159151303,Pyongyang,平壤,125.752745,39.021385,Q18808,PRK,P'yongyang,Admin-0 capital,2,3300000,ne-ne_10m_populated_places
1159151305,Dar es Salaam,三蘭港,39.266396,-6.798067,Q1960,TZA,Dar-Es-Salaam,Admin-0 capital,2,2930000,ne-ne_10m_populated_places
1159151307,Medan,棉兰,98.648094,3.58192,Q5972,IDN,Sumatera Utara,Admin-1 capital,2,2115000,ne-ne_10m_populated_places
1159151309,Dublin,都柏林,-6.25698,53.346731,Q1761,IRL,Dublin,Admin-0 capital,2,1059000,ne-ne_10m_populated_places
1159151311,Monrovia,蒙罗维亚,-10.79966,6.314582,Q3748,LBR,Montserrado,Admin-0 capital,2,1041000,ne-ne_10m_populated_places
1159151313,Naples,那不勒斯,14.243066,40.841971,Q2634,ITA,Campania,Admin-1 region capital,2,2250000,ne-ne_10m_populated_places
1159151315,Milan,米兰,9.203063,45.471921,Q490,ITA,Lombardia,Admin-1 region capital,2,2945000,ne-ne_10m_populated_places
1159151317,Kuala Lumpur,吉隆坡,101.688699,3.139797,Q1865,MYS,Selangor,Admin-0 capital,2,1448000,ne-ne_10m_populated_places
1159151321,Lanzhou,兰州,103.790054,36.057974,Q183584,CHN,Gansu,Admin-1 capital,2,2561000,ne-ne_10m_populated_places
1159151323,Nanning,南宁,108.318099,22.821934,Q179608,CHN,Guangxi,Admin-1 capital,2,2167000,ne-ne_10m_populated_places
1159151325,Guiyang,贵阳,106.718093,26.581989,Q192271,CHN,Guizhou,Admin-1 capital,2,3662000,ne-ne_10m_populated_places
1159151327,Chongqing,重庆,106.593036,29.566923,Q11725,CHN,Chongqing,Admin-1 capital,2,6461000,ne-ne_10m_populated_places
1159151329,Fuzhou,福州,119.2981,26.081942,Q68481,CHN,Fujian,Admin-1 capital,2,2606000,ne-ne_10m_populated_places
1159151331,Guangzhou,广州,113.261785,23.124723,Q16572,CHN,Guangdong,Admin-1 capital,2,8829000,ne-ne_10m_populated_places
1159151333,Dongguan,东莞,113.750474,23.021537,Q59218,CHN,Guangdong,Populated place,2,4528000,ne-ne_10m_populated_places
1159151335,Bandung,万隆,107.568067,-6.948083,Q10389,IDN,Jawa Barat,Admin-1 capital,2,2394000,ne-ne_10m_populated_places
1159151339,Surabaya,泗水,112.748887,-7.24729,Q11462,IDN,Jawa Timur,Admin-1 capital,2,2845000,ne-ne_10m_populated_places
1159151341,Guayaquil,瓜亚基尔,-79.921988,-2.218088,Q43509,ECU,Guayas,Admin-1 capital,2,2514000,ne-ne_10m_populated_places
1159151343,Medellín,麦德林,-75.576956,6.276949,Q48278,COL,Antioquia,Admin-1 capital,2,3297000,ne-ne_10m_populated_places
1159151345,Cali,卡利,-76.501912,3.401905,Q51103,COL,Valle del Cauca,Admin-1 capital,2,2254000,ne-ne_10m_populated_places
1159151347,Havana,哈瓦那,-82.366128,23.133905,Q1563,CUB,Ciudad de la Habana,Admin-0 capital,2,2174000,ne-ne_10m_populated_places
1159151349,Alexandria,亚历山大港,29.94805,31.201965,Q87,EGY,Al Iskandariyah,Populated place,2,4165000,ne-ne_10m_populated_places
1159151351,Frankfurt,美因河畔法兰克福,8.675015,50.099977,Q1794,DEU,Hessen,Populated place,2,2895000,ne-ne_10m_populated_places
1159151353,Hamburg,汉堡,9.998053,53.551971,Q1055,DEU,Hamburg,Admin-1 capital,2,1757000,ne-ne_10m_populated_places
1159151357,Munich,慕尼黑,11.573048,48.131888,Q1726,DEU,Bayern,Admin-1 capital,2,1275000,ne-ne_10m_populated_places
1159151359,Prague,布拉格,14.422939,50.086967,Q1085,CZE,Prague,Admin-0 capital,2,1162000,ne-ne_10m_populated_places
1159151361,Kuwait City,科威特城,47.976355,29.371664,Q35178,KWT,Al Kuwayt,Admin-0 capital,2,2063000,ne-ne_10m_populated_places
1159151363,Xian,西安,108.89305,34.276971,Q5826,CHN,Shaanxi,Admin-1 capital,2,4009000,ne-ne_10m_populated_places
1159151365,Taiyuan,太原,112.543112,37.876958,Q72778,CHN,Shanxi,Admin-1 capital,2,2913000,ne-ne_10m_populated_places
1159151367,Wuhan,武汉,114.268071,30.581977,Q11746,CHN,Hubei,Admin-1 capital,2,7243000,ne-ne_10m_populated_places
1159151369,Changsha,长沙,112.968047,28.201916,Q174091,CHN,Hunan,Admin-1 capital,2,2604000,ne-ne_10m_populated_places
1159151371,Kunming,昆明,102.69744,25.042859,Q182852,CHN,Yunnan,Admin-1 capital,2,2931000,ne-ne_10m_populated_places
1159151375,Zhengzhou,郑州,113.663147,34.756942,Q30340,CHN,Henan,Admin-1 capital,2,2636000,ne-ne_10m_populated_places
1159151377,Shenyeng,沈阳,123.448028,41.806925,Q11720,CHN,Liaoning,Admin-1 capital,2,4787000,ne-ne_10m_populated_places
1159151379,Jinan,济南,116.993073,36.676928,Q170247,CHN,Shandong,Admin-1 capital,2,2798000,ne-ne_10m_populated_places
1159151381,Tianjin,天津,117.196607,39.082772,Q11736,CHN,Tianjin,Admin-1 capital,2,7180000,ne-ne_10m_populated_places
1159151383,Nanchang,南昌,115.87805,28.681938,Q171943,CHN,Jiangxi,Admin-1 capital,2,2350000,ne-ne_10m_populated_places
1159151385,Nanjing,南京,118.778029,32.051965,Q16666,CHN,Jiangsu,Admin-1 capital,2,3679000,ne-ne_10m_populated_places
1159151387,Hangzhou,杭州,120.168073,30.25192,Q4970,CHN,Zhejiang,Admin-1 capital,2,3007000,ne-ne_10m_populated_places
1159151389,Hiroshima,广岛,132.440967,34.389781,Q34664,JPN,Hiroshima,Admin-1 region capital,2,2045000,ne-ne_10m_populated_places
1159151393,Changchun,长春,125.338042,43.866954,Q92161,CHN,Jilin,Admin-1 capital,2,3183000,ne-ne_10m_populated_places
1159151395,Baotou,包头,109.820074,40.654153,Q569907,CHN,Nei Mongol,Populated place,2,2036000,ne-ne_10m_populated_places
1159151397,Harbin,哈尔滨,126.648039,45.75193,Q42956,CHN,Heilongjiang,Admin-1 capital,2,3621000,ne-ne_10m_populated_places
1159151399,Sapporo,札幌,141.338099,43.076925,Q37951,JPN,Hokkaido,Admin-1 region capital,2,2544000,ne-ne_10m_populated_places
1159151401,Santo Domingo,圣多明哥,-69.929742,18.470745,Q34820,DOM,Distrito Nacional,Admin-0 capital,2,2154000,ne-ne_10m_populated_places
1159151403,Accra,阿克拉,-0.218662,5.55198,Q3761,GHA,Greater Accra,Admin-0 capital,2,2121000,ne-ne_10m_populated_places
1159151405,Delhi,德里,77.228058,28.671939,Q1353,IND,Delhi,Populated place,2,15926000,ne-ne_10m_populated_places
1159151407,Hyderabad,海德拉巴,78.478008,17.401929,Q1361,IND,Telangana,Admin-1 capital,2,6376000,ne-ne_10m_populated_places
1159151411,Pune,浦那,73.851892,18.516394,Q1538,IND,Maharashtra,Populated place,2,4672000,ne-ne_10m_populated_places
1159151413,Nagpur,纳格普尔,79.088048,21.171906,Q1513,IND,Maharashtra,Populated place,2,2454000,ne-ne_10m_populated_places
1159151415,Tripoli,的黎波里,13.180012,32.8925,Q3579,LBY,Tajura' wa an Nawahi al Arba,Admin-0 capital,2,2189000,ne-ne_10m_populated_places
1159151417,Tel Aviv,特拉维夫,34.768066,32.081937,Q33935,ISR,Tel Aviv,Admin-0 capital alt,2,3112000,ne-ne_10m_populated_places
1159151419,Helsinki,赫尔辛基,24.932457,60.163804,Q1757,FIN,Southern Finland,Admin-0 capital,2,1115000,ne-ne_10m_populated_places
1159151421,Mashhad,马什哈德,59.568051,36.271966,Q121157,IRN,Razavi Khorasan,Admin-1 capital,2,2469000,ne-ne_10m_populated_places
1159151423,Jaipur,斋浦尔,75.808042,26.923079,Q66485,IND,Rajasthan,Admin-1 capital,2,2917000,ne-ne_10m_populated_places
1159151425,Kanpur,坎普尔,80.31805,26.461945,Q66568,IND,Uttar Pradesh,Populated place,2,3162000,ne-ne_10m_populated_places
1159151429,Patna,巴特那,85.128093,25.626905,Q80484,IND,Bihar,Admin-1 capital,2,2158000,ne-ne_10m_populated_places
1159151431,Chennai,金奈,80.278053,13.091934,Q1352,IND,Tamil Nadu,Admin-1 capital,2,7163000,ne-ne_10m_populated_places
1159151433,Ahmedabad,阿麼达巴德,72.578058,23.031999,Q1070,IND,Dadra and Nagar Haveli,Populated place,2,5375000,ne-ne_10m_populated_places
1159151435,Surat,苏拉特,72.838094,21.20193,Q4629,IND,Dadra and Nagar Haveli,Populated place,2,3842000,ne-ne_10m_populated_places
1159151437,København,哥本哈根,12.56154,55.68051,Q1748,DNK,Hovedstaden,Admin-0 capital,2,1085000,ne-ne_10m_populated_places
1159151439,Abidjan,阿比让,-4.020207,5.323126,Q1515,CIV,Lagunes,Admin-0 capital,2,3802000,ne-ne_10m_populated_places
1159151441,Belém,贝伦,-48.481969,-1.448057,Q12829733,BRA,Pará,Admin-1 capital,2,2167000,ne-ne_10m_populated_places
1159151443,Brasília,巴西利亚,-47.917998,-15.781394,Q2844,BRA,Distrito Federal,Admin-0 capital,2,3716996,ne-ne_10m_populated_places
1159151447,Porto Alegre,阿雷格里港,-51.201958,-30.048069,Q40269,BRA,Rio Grande do Sul,Admin-1 capital,2,3917000,ne-ne_10m_populated_places
1159151449,Curitiba,库里奇巴,-49.321944,-25.418067,Q4361,BRA,Paraná,Admin-1 capital,2,3084000,ne-ne_10m_populated_places
1159151451,Fortaleza,福塔雷萨,-38.581927,-3.748072,Q43463,BRA,Ceará,Admin-1 capital,2,3602319,ne-ne_10m_populated_places
1159151453,Salvador,萨尔瓦多,-38.481933,-12.968026,Q36947,BRA,Bahia,Admin-1 capital,2,3484000,ne-ne_10m_populated_places
1159151455,Edmonton,埃德蒙顿,-113.501928,53.551971,Q2096,CAN,Alberta,Admin-1 capital,2,1058000,ne-ne_10m_populated_places
1159151457,Montréal,蒙特利尔,-73.585243,45.501945,Q340,CAN,Québec,Populated place,2,3678000,ne-ne_10m_populated_places
1159151459,Goiânia,戈亚尼亚,-49.301971,-16.718081,Q83189,BRA,Goiás,Admin-1 capital,2,2022000,ne-ne_10m_populated_places
1159151461,Recife,累西腓,-34.908766,-8.060532,Q48344,BRA,Pernambuco,Admin-1 capital,2,3651000,ne-ne_10m_populated_places
1159151465,Brussels,布鲁塞尔,4.331371,50.835263,Q239,BEL,Brussels,Admin-0 capital,2,1743000,ne-ne_10m_populated_places
1159151467,Dhaka,达卡,90.406634,23.725006,Q1354,BGD,Dhaka,Admin-0 capital,2,12797394,ne-ne_10m_populated_places
1159151469,Luanda,罗安达,13.232481,-8.83634,Q3897,AGO,Luanda,Admin-0 capital,2,5172900,ne-ne_10m_populated_places
1159151471,Algiers,阿尔及尔,3.048607,36.765011,Q3561,DZA,Alger,Admin-0 capital,2,3354000,ne-ne_10m_populated_places
1159151473,Chattogram,吉大港,91.798022,22.331938,Q376749,BGD,Chittagong,Admin-1 capital,2,4529000,ne-ne_10m_populated_places
1159151475,Perth,珀斯,115.838053,-31.953069,Q3183,AUS,Western Australia,Admin-1 capital,2,1532000,ne-ne_10m_populated_places
1159151477,Yangon,仰光,96.164732,16.7853,Q37995,MMR,Yangon,Admin-0 capital,2,4088000,ne-ne_10m_populated_places
1159151479,San Francisco,旧金山,-122.3996,37.784263,Q62,USA,California,Populated place,1,3450000,ne-ne_10m_populated_places
1159151483,Denver,丹佛,-104.985962,39.741134,Q16554,USA,Colorado,Admin-1 capital,1,2313000,ne-ne_10m_populated_places
1159151485,Houston,休斯敦,-95.348436,29.741273,Q16555,USA,Texas,Populated place,1,4459000,ne-ne_10m_populated_places
1159151487,Miami,迈阿密,-80.226052,25.789557,Q8652,USA,Florida,Populated place,1,5585000,ne-ne_10m_populated_places
1159151489,Atlanta,亚特兰大,-84.367642,33.739457,Q23556,USA,Georgia,Admin-1 capital,1,4506000,ne-ne_10m_populated_places
1159151491,Chicago,芝加哥,-87.635237,41.847961,Q1297,USA,Illinois,Populated place,1,8990000,ne-ne_10m_populated_places
1159151493,Caracas,加拉加斯,-66.918983,10.502944,Q1533,VEN,Distrito Capital,Admin-0 capital,1,2985000,ne-ne_10m_populated_places
1159151495,Kyiv,基辅,30.514682,50.435313,Q1899,UKR,Kiev,Admin-0 capital,1,2709000,ne-ne_10m_populated_places
1159151497,Dubai,迪拜,55.286946,25.214912,Q612,ARE,Dubay,Admin-1 capital,1,1379000,ne-ne_10m_populated_places
1159151501,Tashkent,塔什干,69.268823,41.303828,Q269,UZB,Tashkent,Admin-0 capital,1,2184000,ne-ne_10m_populated_places
1159151503,Madrid,马德里,-3.685297,40.401972,Q2807,ESP,Comunidad de Madrid,Admin-0 capital,1,5567000,ne-ne_10m_populated_places
1159151505,Geneva,日内瓦,6.140028,46.210008,Q71,CHE,Genève,Admin-1 capital,1,1240000,ne-ne_10m_populated_places
1159151507,Stockholm,斯德哥尔摩,18.0663,59.324127,Q1754,SWE,Stockholm,Admin-0 capital,1,1264000,ne-ne_10m_populated_places
1159151509,Bangkok,曼谷,100.514699,13.751945,Q1861,THA,Bangkok Metropolis,Admin-0 capital,1,6704000,ne-ne_10m_populated_places
1159151511,Lima,利马,-77.052008,-12.046067,Q2868,PER,Lima,Admin-0 capital,1,8012000,ne-ne_10m_populated_places
1159151513,Dakar,达喀尔,-17.475076,14.717778,Q3718,SEN,Dakar,Admin-0 capital,1,2604000,ne-ne_10m_populated_places
1159151515,Johannesburg,约翰内斯堡,28.028064,-26.168099,Q34647,ZAF,Gauteng,Admin-0 capital,1,3435000,ne-ne_10m_populated_places
1159151519,Amsterdam,阿姆斯特丹,4.914694,52.351914,Q727,NLD,Noord-Holland,Admin-0 capital,1,1031000,ne-ne_10m_populated_places
1159151521,Casablanca,卡萨布兰卡,-7.618313,33.601922,Q7903,MAR,Grand Casablanca,Admin-1 capital,1,3181000,ne-ne_10m_populated_places
1159151523,Seoul,首尔,126.997785,37.568295,Q8684,KOR,Seoul,Admin-0 capital,1,9796000,ne-ne_10m_populated_places
1159151525,Manila,马尼拉,120.980271,14.606105,Q1461,PHL,Metropolitan Manila,Admin-0 capital,1,11100000,ne-ne_10m_populated_places
1159151527,Monterrey,蒙特雷,-100.331931,25.671941,Q81033,MEX,Nuevo León,Admin-1 capital,1,3712000,ne-ne_10m_populated_places
1159151529,Berlin,柏林,13.399603,52.523764,Q64,DEU,Berlin,Admin-0 capital,1,3406000,ne-ne_10m_populated_places
1159151531,Ürümqi,乌鲁木齐,87.57306,43.806958,Q16959,CHN,Xinjiang Uygur,Admin-1 capital,1,3575000,ne-ne_10m_populated_places
1159151533,Chengdu,成都,104.068074,30.671946,Q30002,CHN,Sichuan,Admin-1 capital,1,4123000,ne-ne_10m_populated_places
1159151537,Ōsaka,大阪,135.503754,34.691095,Q35765,JPN,Osaka,Admin-1 region capital,1,11294000,ne-ne_10m_populated_places
1159151539,Kinshasa,金沙萨,15.313026,-4.327778,Q3838,COD,Kinshasa City,Admin-0 capital,1,7843000,ne-ne_10m_populated_places
1159151541,New Delhi,新德里,77.19998,28.600023,Q987,IND,Delhi,Admin-0 capital,1,317797,ne-ne_10m_populated_places
1159151543,Bengaluru,班加罗尔,77.558064,12.971941,Q1355,IND,Karnataka,Admin-1 capital,1,6787000,ne-ne_10m_populated_places
1159151545,Athens,雅典,23.731375,37.985272,Q1524,GRC,Attiki,Admin-0 capital,1,3242000,ne-ne_10m_populated_places
1159151547,Baghdad,巴格达,44.391923,33.340594,Q1530,IRQ,Baghdad,Admin-0 capital,1,5054000,ne-ne_10m_populated_places
1159151549,Addis Ababa,亚的斯亚贝巴,38.698059,9.035256,Q3624,ETH,Addis Ababa,Admin-0 capital,1,3100000,ne-ne_10m_populated_places
1159151551,Tehran,德黑兰,51.422398,35.673889,Q3616,IRN,Tehran,Admin-0 capital,1,7873000,ne-ne_10m_populated_places
1159151555,Vancouver,温哥华,-123.12359,49.275362,Q24639,CAN,British Columbia,Populated place,1,2313328,ne-ne_10m_populated_places
1159151557,Toronto,多伦多,-79.389459,43.664645,Q172,CAN,Ontario,Admin-1 capital,1,5213000,ne-ne_10m_populated_places
1159151559,Buenos Aires,布宜诺斯艾利斯,-58.432513,-34.610715,Q1486,ARG,Ciudad de Buenos Aires,Admin-0 capital,1,12795000,ne-ne_10m_populated_places
1159151561,Kabul,喀布尔,69.181314,34.518636,Q5838,AFG,Kabul,Admin-0 capital,1,3277000,ne-ne_10m_populated_places
1159151563,Vienna,维也纳,16.364693,48.201961,Q1741,AUT,Wien,Admin-0 capital,1,2400000,ne-ne_10m_populated_places
1159151565,Melbourne,墨尔本,144.97307,-37.818086,Q3141,AUS,Victoria,Admin-1 capital,1,4170000,ne-ne_10m_populated_places
1159151567,Taipei,台北,121.568333,25.035833,Q1867,TWN,Taipei City,Admin-0 capital,1,6900273,ne-ne_10m_populated_places
1159151569,Los Angeles,洛杉矶,-118.231986,34.049219,Q65,USA,California,Populated place,0,12500000,ne-ne_10m_populated_places
1159151573,"Washington,  D.C.",华盛顿哥伦比亚特区,-77.011364,38.901495,Q61,USA,District of Columbia,Admin-0 capital,0,4338000,ne-ne_10m_populated_places
1159151575,New York,纽约,-73.995718,40.721562,Q60,USA,New York,Populated place,0,19040000,ne-ne_10m_populated_places
1159151577,London,伦敦,-0.118668,51.501941,Q84,GBR,Westminster,Admin-0 capital,0,8567000,ne-ne_10m_populated_places
1159151579,Istanbul,伊斯坦布尔,28.974277,41.017602,Q406,TUR,Istanbul,Admin-1 capital,0,10061000,ne-ne_10m_populated_places
1159151581,Riyadh,利雅德,46.720487,24.634497,Q3692,SAU,Ar Riyad,Admin-0 capital,0,4465000,ne-ne_10m_populated_places
1159151583,Cape Town,开普敦,18.433042,-33.918065,Q5465,ZAF,Western Cape,Admin-0 capital,0,3215000,ne-ne_10m_populated_places
1159151585,Moscow,莫斯科,37.613577,55.75411,Q649,RUS,Moskva,Admin-0 capital,0,10452000,ne-ne_10m_populated_places
1159151587,Mexico City,墨西哥城,-99.132934,19.444388,Q1489,MEX,Distrito Federal,Admin-0 capital,0,19028000,ne-ne_10m_populated_places
1159151591,Lagos,拉各斯,3.389585,6.445208,Q8673,NGA,Lagos,Admin-0 capital alt,0,9466000,ne-ne_10m_populated_places
1159151593,Rome,罗马,12.481313,41.897902,Q220,ITA,Lazio,Admin-0 capital,0,3339000,ne-ne_10m_populated_places
1159151595,Beijing,北京,116.394201,39.90172,Q956,CHN,Beijing,Admin-0 capital,0,11106000,ne-ne_10m_populated_places
1159151597,Nairobi,内罗毕,36.814711,-1.281401,Q3870,KEN,Nairobi,Admin-0 capital,0,3010000,ne-ne_10m_populated_places
1159151599,Jakarta,雅加达,106.827492,-6.172472,Q3630,IDN,Jakarta Raya,Admin-0 capital,0,9125000,ne-ne_10m_populated_places
1159151601,Bogota,波哥大,-74.08529,4.598369,Q2841,COL,Bogota,Admin-0 capital,0,7772000,ne-ne_10m_populated_places
1159151603,Cairo,开罗,31.248022,30.051906,Q85,EGY,Al Qahirah,Admin-0 capital,0,11893000,ne-ne_10m_populated_places
1159151605,Shanghai,上海,121.434559,31.218398,Q8686,CHN,Shanghai,Admin-1 capital,0,14987000,ne-ne_10m_populated_places
1159151609,Tokyo,东京,139.749462,35.686963,Q1490,JPN,Tokyo,Admin-0 capital,0,35676000,ne-ne_10m_populated_places
1159151611,Mumbai,孟买,72.875839,19.068408,Q1156,IND,Maharashtra,Admin-1 capital,0,18978000,ne-ne_10m_populated_places
1159151613,Paris,巴黎,2.352992,48.858092,Q90,FRA,Île-de-France,Admin-0 capital,0,9904000,ne-ne_10m_populated_places
1159151615,Santiago,圣地亚哥,-70.650504,-33.440205,Q2887,CHL,Región Metropolitana de Santiago,Admin-0 capital,0,5720000,ne-ne_10m_populated_places
1159151617,Kolkata,加尔各答,88.369126,22.569579,Q1348,IND,West Bengal,Admin-1 capital,0,14787000,ne-ne_10m_populated_places
1159151619,Rio de Janeiro,里约热内卢,-43.212117,-22.907308,Q8678,BRA,Rio de Janeiro,Admin-1 capital,0,11748000,ne-ne_10m_populated_places
1159151621,São Paulo,圣保罗,-46.626966,-23.556734,Q174,BRA,São Paulo,Admin-1 capital,0,18845000,ne-ne_10m_populated_places
1159151623,Sydney,悉尼,151.212548,-33.871373,Q3130,AUS,New South Wales,Admin-1 capital,0,4630000,ne-ne_10m_populated_places
1159151627,Singapore,新加坡,103.853875,1.294979,Q334,SGP,,Admin-0 capital,0,5183700,ne-ne_10m_populated_places
1159151629,Hong Kong,香港,114.183064,22.306927,Q8646,HKG,,Admin-0 region capital,0,7206000,ne-ne_10m_populated_places
1159151631,Greymouth,格雷茅斯,171.223143,-42.471645,Q934790,NZL,West Coast,Admin-1 capital,9,10100,ne-ne_10m_populated_places
1159151633,Upper Hutt,乌伯亨特,175.029041,-41.135477,Q166002,NZL,Manawatu-Wanganui,Populated place,7,39200,ne-ne_10m_populated_places
1159151635,Masterton,马斯特顿,175.645646,-40.94392,Q1223916,NZL,Manawatu-Wanganui,Populated place,7,20200,ne-ne_10m_populated_places
1159151637,Levin,莱文,175.277246,-40.612361,Q1821910,NZL,Manawatu-Wanganui,Populated place,7,19550,ne-ne_10m_populated_places
1159151639,Waitakere,怀塔克雷,174.554279,-36.852449,Q782760,NZL,Auckland,Populated place,7,208100,ne-ne_10m_populated_places
1159151641,North Shore,北岸,174.775839,-36.791269,Q868671,NZL,Auckland,Populated place,7,205605,ne-ne_10m_populated_places
1159151645,Whakatane,华卡塔尼,176.982758,-37.957386,Q974074,NZL,Bay of Plenty,Populated place,7,18700,ne-ne_10m_populated_places
1159151647,Ashburton,艾士伯顿,171.748642,-43.898269,Q724923,NZL,Canterbury,Populated place,7,17700,ne-ne_10m_populated_places
1159151649,Kaiapoi,凯阿波伊,172.651036,-43.381311,Q1013339,NZL,Canterbury,Populated place,7,10200,ne-ne_10m_populated_places
1159151651,New Plymouth,新普利茅斯,174.074813,-39.055639,Q212984,NZL,Taranaki,Admin-1 capital,7,52500,ne-ne_10m_populated_places
1159151653,Westport,韦斯特波特,171.602792,-41.763842,Q1349217,NZL,West Coast,Populated place,7,3900,ne-ne_10m_populated_places
1159151655,Hokitika,霍基蒂卡,171.009954,-42.707239,Q1549557,NZL,West Coast,Populated place,7,3078,ne-ne_10m_populated_places
1159151657,Oamaru,奥马鲁,170.99479,-45.109197,Q4782,NZL,Otago,Populated place,7,13000,ne-ne_10m_populated_places
1159151659,Palmerston North,北帕莫斯顿,175.607211,-40.352691,Q212289,NZL,Manawatu-Wanganui,Populated place,6,82400,ne-ne_10m_populated_places
1159151663,Whanganui,旺加努伊,175.0393,-39.932626,Q1015672,NZL,Manawatu-Wanganui,Admin-1 capital,6,43200,ne-ne_10m_populated_places
1159151665,Hastings,哈斯丁,176.8368,-39.638203,Q1015690,NZL,Gisborne,Admin-1 capital,6,66100,ne-ne_10m_populated_places
1159151667,Gisborne,吉斯伯恩,178.018081,-38.663333,Q233467,NZL,Gisborne,Admin-1 capital,6,34300,ne-ne_10m_populated_places
1159151669,Rotorua,罗托路亚,176.248263,-38.131738,Q208948,NZL,Auckland,Populated place,6,56200,ne-ne_10m_populated_places
1159151671,Taupo,陶波,176.077053,-38.693011,Q2397257,NZL,Auckland,Populated place,6,22600,ne-ne_10m_populated_places
1159151673,Tauranga,陶朗加,176.153629,-37.696416,Q207756,NZL,Bay of Plenty,Admin-1 capital,6,121500,ne-ne_10m_populated_places
1159151675,Timaru,提马鲁,171.242469,-44.397154,Q1016574,NZL,Canterbury,Populated place,6,27200,ne-ne_10m_populated_places
1159151677,Nelson,尼尔逊,173.247448,-41.292592,Q206687,NZL,Nelson,Admin-1 capital,6,60800,ne-ne_10m_populated_places
1159151681,Whangarei,旺阿雷,174.322971,-35.725571,Q744239,NZL,Northland,Admin-1 capital,6,52200,ne-ne_10m_populated_places
1159151683,Queenstown,皇后镇,168.725081,-45.022672,Q613602,NZL,Otago,Populated place,6,16600,ne-ne_10m_populated_places
1159151685,Invercargill,因弗卡吉尔,168.365006,-46.409437,Q31805,NZL,Southland,Admin-1 capital,6,49200,ne-ne_10m_populated_places
1159151687,Napier,内皮尔,176.926451,-39.490001,Q203380,NZL,Gisborne,Admin-1 capital,4,57800,ne-ne_10m_populated_places
1159151689,Manukau,曼努考,174.884971,-36.99997,Q986198,NZL,Auckland,Populated place,4,375600,ne-ne_10m_populated_places
1159151691,Hamilton,哈密尔顿,175.289578,-37.778269,Q200028,NZL,Waikato,Admin-1 capital,4,148200,ne-ne_10m_populated_places
1159151693,Blenheim,布伦亨,173.954958,-41.513517,Q883831,NZL,Marlborough,Populated place,4,30300,ne-ne_10m_populated_places
1159151695,Dunedin,达尼丁,170.491016,-45.885423,Q133073,NZL,Otago,Admin-1 capital,4,117700,ne-ne_10m_populated_places
1159151699,Wellington,惠灵顿,174.777201,-41.292068,Q23661,NZL,Manawatu-Wanganui,Admin-0 capital,3,393400,ne-ne_10m_populated_places
1159151701,Christchurch,克赖斯特彻奇,172.630023,-43.535022,Q79990,NZL,Canterbury,Admin-1 capital,3,363200,ne-ne_10m_populated_places
1159151703,Auckland,奥克兰都会区,174.763027,-36.848055,Q37100,NZL,Auckland,Admin-1 capital,1,1377200,ne-ne_10m_populated_places
1159151705,Lower Hutt,下哈特,174.912312,-41.203745,Q1015681,NZL,Wellington,Populated place,8,102400,ne-ne_10m_populated_places
1159151707,Paraparaumu,帕拉帕拉乌穆,174.998931,-40.903442,Q1115332,NZL,Wellington,Populated place,8,25263,ne-ne_10m_populated_places
1159151709,Porirua,波里鲁阿,174.852353,-41.121892,Q1015773,NZL,Wellington,Populated place,8,52500,ne-ne_10m_populated_places
1159151711,Thames,泰晤士,175.585316,-37.138424,Q1691479,NZL,Waikato,Populated place,8,6756,ne-ne_10m_populated_places
1159151713,Pukekohe,普基科希,174.903307,-37.201492,Q733057,NZL,Auckland,Populated place,8,26300,ne-ne_10m_populated_places
1159151717,Hawera,哈维拉,174.277975,-39.579467,Q998452,NZL,Taranaki,Populated place,8,11100,ne-ne_10m_populated_places
1159151719,Kaitaia,凱塔亞,173.272685,-35.109926,Q257417,NZL,Northland,Populated place,8,5202,ne-ne_10m_populated_places
1159151721,Kaikoura,凯库拉,173.689686,-42.401181,Q25834,NZL,Canterbury,Populated place,8,2172,ne-ne_10m_populated_places
1159151723,Gore,戈尔,168.960381,-46.094682,Q597409,NZL,Southland,Populated place,8,9750,ne-ne_10m_populated_places
1159151725,Te Anau,蒂阿瑙,167.758458,-45.407365,Q1154973,NZL,Southland,Populated place,8,1857,ne-ne_10m_populated_places
1159151727,Oban,奥本,168.166594,-46.88765,Q1718987,NZL,Southland,Populated place,8,310,ne-ne_10m_populated_places
1159151729,Tokoroa,托科罗阿,175.870471,-38.224515,Q112685,NZL,Waikato,Populated place,8,13350,ne-ne_10m_populated_places
1159151731,Wanaka,瓦納卡,169.144852,-44.698014,Q930344,NZL,Otago,Populated place,8,5037,ne-ne_10m_populated_places
1159151735,Picton,皮克頓,174.016556,-41.280523,Q1362879,NZL,Malborough,Populated place,8,2928,ne-ne_10m_populated_places
1159151737,Waitangi,怀唐伊,-176.350754,-44.032665,Q1809774,NZL,Chatham Is. aggregation,Admin-1 capital,8,300,ne-ne_10m_populated_places
1159151739,Atafu,阿塔富環礁,-172.497665,-8.548618,Q642787,TKL,Tokelau aggregation,Admin-1 capital,8,524,ne-ne_10m_populated_places
1159151741,Alofi,阿洛菲,-169.913625,-19.065988,Q30966,NIU,Niue aggregation,Admin-1 capital,8,581,ne-ne_10m_populated_places
1159151743,Raoul Island Station,拉乌尔岛,-177.926412,-29.246514,,NZL,South I. remainder,Meteorological Station,8,0,ne-ne_10m_populated_places
1159151745,Cambridge,剑桥,175.470273,-37.889428,Q1028261,NZL,Waikato,Populated place,8,15192,ne-ne_10m_populated_places
1159151747,Kerikeri,凯里凯里,173.950671,-35.228481,Q1185949,NZL,Northland,Populated place,8,5856,ne-ne_10m_populated_places
1159151749,Turangi,图朗伊,175.814241,-38.988888,Q1026386,NZL,Waikato,Populated place,8,3240,ne-ne_10m_populated_places
1730025033,Leh,莱镇,77.572291,34.161559,Q230818,IND,Ladakh,Admin-1 capital,4,30870,ne-ne_10m_populated_places
1730025037,Amaravati,阿马拉瓦蒂,80.52432,16.533658,Q19881964,IND,Andhra Pradesh,Admin-1 capital,4,5800000,ne-ne_10m_populated_places
