{"type":"FeatureCollection","features":[{"type":"Feature","properties":{"ne_id":1159123391,"name":"Mesa","name_zh":"梅薩","longitude":-111.820967,"latitude":33.414796,"wikidata_id":"Q49261","source_adm0_a3":"USA","source_adm1_name":"Arizona","source_feature_class":"Populated place","source_scalerank":8,"source_pop_max":1085394,"source_id":"ne-ne_10m_populated_places"},"geometry":{"type":"Point","coordinates":[-111.820967,33.414796]}},{"type":"Feature","properties":{"ne_id":1159126943,"name":"Sharjah","name_zh":"沙迦","longitude":55.406478,"latitude":25.371383,"wikidata_id":"Q289693","source_adm0_a3":"ARE","source_adm1_name":"Sharjah","source_feature_class":"Admin-1 capital","source_scalerank":8,"source_pop_max":1103027,"source_id":"ne-ne_10m_populated_places"},"geometry":{"type":"Point","coordinates":[55.406478,25.371383]}},{"type":"Feature","properties":{"ne_id":1159127593,"name":"Changwon","name_zh":"昌原","longitude":128.583562,"latitude":35.219102,"wikidata_id":"Q243327","source_adm0_a3":"KOR","source_adm1_name":"Gyeongsangnam-do","source_feature_class":"Populated place","source_scalerank":8,"source_pop_max":1081499,"source_id":"ne-ne_10m_populated_places"},"geometry":{"type":"Point","coordinates":[128.583562,35.219102]}},{"type":"Feature","properties":{"ne_id":1159127645,"name":"Sheffield","name_zh":"谢菲尔德","longitude":-1.499997,"latitude":53.366677,"wikidata_id":"Q42448","source_adm0_a3":"GBR","source_adm1_name":"South Yorkshire","source_feature_class":"Populated place","source_scalerank":8,"source_pop_max":1292900,"source_id":"ne-ne_10m_populated_places"},"geometry":{"type":"Point","coordinates":[-1.499997,53.366677]}},{"type":"Feature","properties":{"ne_id":1159128399,"name":"Abbottabad","name_zh":"阿伯塔巴德","longitude":73.199501,"latitude":34.149503,"wikidata_id":"Q170315","source_adm0_a3":"PAK","source_adm1_name":"N.W.F.P.","source_feature_class":"Populated place","source_scalerank":8,"source_pop_max":1183647,"source_id":"ne-ne_10m_populated_places"},"geometry":{"type":"Point","coordinates":[73.199501,34.149503]}},{"type":"Feature","properties":{"ne_id":1159129381,"name":"Nezahualcoyotl","name_zh":"内萨瓦尔科约特尔城","longitude":-99.029987,"latitude":19.410016,"wikidata_id":"Q210307","source_adm0_a3":"MEX","source_adm1_name":"México","source_feature_class":"Populated place","source_scalerank":8,"source_pop_max":1109363,"source_id":"ne-ne_10m_populated_places"},"geometry":{"type":"Point","coordinates":[-99.029987,19.410016]}},{"type":"Feature","properties":{"ne_id":1159130001,"name":"Duisburg","name_zh":"杜伊斯堡","longitude":6.750017,"latitude":51.429973,"wikidata_id":"Q2100","source_adm0_a3":"DEU","source_adm1_name":"Nordrhein-Westfalen","source_feature_class":"Populated place","source_scalerank":8,"source_pop_max":1276757,"source_id":"ne-ne_10m_populated_places"},"geometry":{"type":"Point","coordinates":[6.750017,51.429973]}},{"type":"Feature","properties":{"ne_id":1159130011,"name":"Essen","name_zh":"埃森","longitude":7.016615,"latitude":51.449998,"wikidata_id":"Q2066","source_adm0_a3":"DEU","source_adm1_name":"Nordrhein-Westfalen","source_feature_class":"Populated place","source_scalerank":8,"source_pop_max":1742135,"source_id":"ne-ne_10m_populated_places"},"geometry":{"type":"Point","coordinates":[7.016615,51.449998]}},{"type":"Feature","properties":{"ne_id":1159130203,"name":"Zhucheng","name_zh":"诸城","longitude":119.380093,"latitude":35.989959,"wikidata_id":"Q198184","source_adm0_a3":"CHN","source_adm1_name":"Shandong","source_feature_class":"Populated place","source_scalerank":8,"source_pop_max":1060000,"source_id":"ne-ne_10m_populated_places"},"geometry":{"type":"Point","coordinates":[119.380093,35.989959]}},{"type":"Feature","properties":{"ne_id":1159130361,"name":"Kawasaki","name_zh":"川崎","longitude":139.705002,"latitude":35.529988,"wikidata_id":"Q164234","source_adm0_a3":"JPN","source_adm1_name":"Kanagawa","source_feature_class":"Populated place","source_scalerank":8,"source_pop_max":1437266,"source_id":"ne-ne_10m_populated_places"},"geometry":{"type":"Point","coordinates":[139.705002,35.529988]}},{"type":"Feature","properties":{"ne_id":1159130467,"name":"Kalyan","name_zh":"卡延","longitude":73.160175,"latitude":19.250232,"wikidata_id":"Q366754","source_adm0_a3":"IND","source_adm1_name":"Maharashtra","source_feature_class":"Populated place","source_scalerank":8,"source_pop_max":1576614,"source_id":"ne-ne_10m_populated_places"},"geometry":{"type":"Point","coordinates":[73.160175,19.250232]}},{"type":"Feature","properties":{"ne_id":1159131309,"name":"Niterói","name_zh":"尼泰罗伊","longitude":-43.105826,"latitude":-22.882534,"wikidata_id":"Q178725","source_adm0_a3":"BRA","source_adm1_name":"Rio de Janeiro","source_feature_class":"Admin-1 capital","source_scalerank":8,"source_pop_max":1500513,"source_id":"ne-ne_10m_populated_places"},"geometry":{"type":"Point","coordinates":[-43.105826,-22.882534]}},{"type":"Feature","properties":{"ne_id":1159132389,"name":"Zhongli","name_zh":"中坜区","longitude":121.216776,"latitude":24.965025,"wikidata_id":"Q172146","source_adm0_a3":"TWN","source_adm1_name":"Taoyuan","source_feature_class":"Populated place","source_scalerank":7,"source_pop_max":1632616,"source_id":"ne-ne_10m_populated_places"},"geometry":{"type":"Point","coordinates":[121.216776,24.965025]}},{"type":"Feature","properties":{"ne_id":1159132667,"name":"Irvine","name_zh":"歐文","longitude":-117.82995,"latitude":33.680411,"wikidata_id":"Q49219","source_adm0_a3":"USA","source_adm1_name":"California","source_feature_class":"Populated place","source_scalerank":7,"source_pop_max":3010232,"source_id":"ne-ne_10m_populated_places"},"geometry":{"type":"Point","coordinates":[-117.82995,33.680411]}},{"type":"Feature","properties":{"ne_id":1159133279,"name":"Fort Lauderdale","name_zh":"劳德代尔堡","longitude":-80.141785,"latitude":26.136065,"wikidata_id":"Q165972","source_adm0_a3":"USA","source_adm1_name":"Florida","source_feature_class":"Populated place","source_scalerank":7,"source_pop_max":2042042,"source_id":"ne-ne_10m_populated_places"},"geometry":{"type":"Point","coordinates":[-80.141785,26.136065]}},{"type":"Feature","properties":{"ne_id":1159136389,"name":"Dammam","name_zh":"达曼","longitude":50.097724,"latitude":26.430138,"wikidata_id":"Q160320","source_adm0_a3":"SAU","source_adm1_name":"Ash Sharqiyah","source_feature_class":"Admin-1 capital","source_scalerank":7,"source_pop_max":2054710,"source_id":"ne-ne_10m_populated_places"},"geometry":{"type":"Point","coordinates":[50.097724,26.430138]}},{"type":"Feature","properties":{"ne_id":1159137967,"name":"Quezon City","name_zh":"奎松","longitude":121.029966,"latitude":14.650435,"wikidata_id":"Q1475","source_adm0_a3":"PHL","source_adm1_name":"Metropolitan Manila","source_feature_class":"Populated place","source_scalerank":7,"source_pop_max":2761720,"source_id":"ne-ne_10m_populated_places"},"geometry":{"type":"Point","coordinates":[121.029966,14.650435]}},{"type":"Feature","properties":{"ne_id":1159138577,"name":"Toluca","name_zh":"托卢卡","longitude":-99.653179,"latitude":19.289308,"wikidata_id":"Q209034","source_adm0_a3":"MEX","source_adm1_name":"México","source_feature_class":"Admin-1 capital","source_scalerank":7,"source_pop_max":1531000,"source_id":"ne-ne_10m_populated_places"},"geometry":{"type":"Point","coordinates":[-99.653179,19.289308]}},{"type":"Feature","properties":{"ne_id":1159138813,"name":"Ikare","name_zh":"伊卡雷","longitude":5.76,"latitude":7.53043,"wikidata_id":"Q3320803","source_adm0_a3":"NGA","source_adm1_name":"Ondo","source_feature_class":"Populated place","source_scalerank":7,"source_pop_max":1099931,"source_id":"ne-ne_10m_populated_places"},"geometry":{"type":"Point","coordinates":[5.76,7.53043]}},{"type":"Feature","properties":{"ne_id":1159139075,"name":"Katowice","name_zh":"卡托维兹","longitude":19.020017,"latitude":50.26038,"wikidata_id":"Q588","source_adm0_a3":"POL","source_adm1_name":"Silesian","source_feature_class":"Admin-1 capital","source_scalerank":7,"source_pop_max":2746000,"source_id":"ne-ne_10m_populated_places"},"geometry":{"type":"Point","coordinates":[19.020017,50.26038]}},{"type":"Feature","properties":{"ne_id":1159139657,"name":"Hechi","name_zh":"河池","longitude":108.083,"latitude":24.695252,"wikidata_id":"Q572089","source_adm0_a3":"CHN","source_adm1_name":"Guangxi","source_feature_class":"Populated place","source_scalerank":7,"source_pop_max":3830000,"source_id":"ne-ne_10m_populated_places"},"geometry":{"type":"Point","coordinates":[108.083,24.695252]}},{"type":"Feature","properties":{"ne_id":1159139683,"name":"Zhangzhou","name_zh":"漳州","longitude":117.670016,"latitude":24.520375,"wikidata_id":"Q68814","source_adm0_a3":"CHN","source_adm1_name":"Fujian","source_feature_class":"Populated place","source_scalerank":7,"source_pop_max":3531147,"source_id":"ne-ne_10m_populated_places"},"geometry":{"type":"Point","coordinates":[117.670016,24.520375]}},{"type":"Feature","properties":{"ne_id":1159139721,"name":"Maanshan","name_zh":"马鞍山","longitude":118.485148,"latitude":31.672564,"wikidata_id":"Q360235","source_adm0_a3":"CHN","source_adm1_name":"Anhui","source_feature_class":"Populated place","source_scalerank":7,"source_pop_max":1366302,"source_id":"ne-ne_10m_populated_places"},"geometry":{"type":"Point","coordinates":[118.485148,31.672564]}},{"type":"Feature","properties":{"ne_id":1159139761,"name":"Maoming","name_zh":"茂名","longitude":110.870018,"latitude":21.920405,"wikidata_id":"Q38927","source_adm0_a3":"CHN","source_adm1_name":"Guangdong","source_feature_class":"Populated place","source_scalerank":7,"source_pop_max":1217715,"source_id":"ne-ne_10m_populated_places"},"geometry":{"type":"Point","coordinates":[110.870018,21.920405]}},{"type":"Feature","properties":{"ne_id":1159139775,"name":"Cilacap","name_zh":"芝拉扎","longitude":109.015402,"latitude":-7.71882,"wikidata_id":"Q12478970","source_adm0_a3":"IDN","source_adm1_name":"Jawa Tengah","source_feature_class":"Populated place","source_scalerank":7,"source_pop_max":1174964,"source_id":"ne-ne_10m_populated_places"},"geometry":{"type":"Point","coordinates":[109.015402,-7.71882]}},{"type":"Feature","properties":{"ne_id":1159139809,"name":"Bekasi","name_zh":"勿加泗","longitude":106.972323,"latitude":-6.217257,"wikidata_id":"Q10392","source_adm0_a3":"IDN","source_adm1_name":"Jakarta Raya","source_feature_class":"Populated place","source_scalerank":7,"source_pop_max":2378211,"source_id":"ne-ne_10m_populated_places"},"geometry":{"type":"Point","coordinates":[106.972323,-6.217257]}},{"type":"Feature","properties":{"ne_id":1159140545,"name":"Düsseldorf","name_zh":"杜塞道夫","longitude":6.779989,"latitude":51.220374,"wikidata_id":"Q1718","source_adm0_a3":"DEU","source_adm1_name":"Nordrhein-Westfalen","source_feature_class":"Admin-1 capital","source_scalerank":7,"source_pop_max":1220000,"source_id":"ne-ne_10m_populated_places"},"geometry":{"type":"Point","coordinates":[6.779989,51.220374]}},{"type":"Feature","properties":{"ne_id":1159140549,"name":"Mannheim","name_zh":"曼海姆","longitude":8.470015,"latitude":49.500375,"wikidata_id":"Q2119","source_adm0_a3":"DEU","source_adm1_name":"Baden-Württemberg","source_feature_class":"Populated place","source_scalerank":7,"source_pop_max":2362000,"source_id":"ne-ne_10m_populated_places"},"geometry":{"type":"Point","coordinates":[8.470015,49.500375]}},{"type":"Feature","properties":{"ne_id":1159140809,"name":"Xiangtan","name_zh":"湘潭","longitude":112.900023,"latitude":27.850431,"wikidata_id":"Q215755","source_adm0_a3":"CHN","source_adm1_name":"Hunan","source_feature_class":"Populated place","source_scalerank":7,"source_pop_max":2586948,"source_id":"ne-ne_10m_populated_places"},"geometry":{"type":"Point","coordinates":[112.900023,27.850431]}},{"type":"Feature","properties":{"ne_id":1159140813,"name":"Zigong","name_zh":"自贡","longitude":104.778056,"latitude":29.401946,"wikidata_id":"Q29015","source_adm0_a3":"CHN","source_adm1_name":"Sichuan","source_feature_class":"Populated place","source_scalerank":7,"source_pop_max":1105000,"source_id":"ne-ne_10m_populated_places"},"geometry":{"type":"Point","coordinates":[104.778056,29.401946]}},{"type":"Feature","properties":{"ne_id":1159140855,"name":"Baoding","name_zh":"保定","longitude":115.468897,"latitude":38.85834,"wikidata_id":"Q58584","source_adm0_a3":"CHN","source_adm1_name":"Hebei","source_feature_class":"Populated place","source_scalerank":7,"source_pop_max":1107000,"source_id":"ne-ne_10m_populated_places"},"geometry":{"type":"Point","coordinates":[115.468897,38.85834]}},{"type":"Feature","properties":{"ne_id":1159140981,"name":"Shangrao","name_zh":"上饶","longitude":117.969998,"latitude":28.470393,"wikidata_id":"Q363479","source_adm0_a3":"CHN","source_adm1_name":"Jiangxi","source_feature_class":"Populated place","source_scalerank":7,"source_pop_max":1144577,"source_id":"ne-ne_10m_populated_places"},"geometry":{"type":"Point","coordinates":[117.969998,28.470393]}},{"type":"Feature","properties":{"ne_id":1159140995,"name":"Shuyang","name_zh":"沭阳县","longitude":118.77336,"latitude":34.129866,"wikidata_id":null,"source_adm0_a3":"CHN","source_adm1_name":"Jiangsu","source_feature_class":"Populated place","source_scalerank":7,"source_pop_max":1770000,"source_id":"ne-ne_10m_populated_places"},"geometry":{"type":"Point","coordinates":[118.77336,34.129866]}},{"type":"Feature","properties":{"ne_id":1159142281,"name":"Haifa","name_zh":"海法","longitude":34.978079,"latitude":32.822357,"wikidata_id":"Q41621","source_adm0_a3":"ISR","source_adm1_name":"Haifa","source_feature_class":"Admin-1 capital","source_scalerank":7,"source_pop_max":1011000,"source_id":"ne-ne_10m_populated_places"},"geometry":{"type":"Point","coordinates":[34.978079,32.822357]}},{"type":"Feature","properties":{"ne_id":1159142617,"name":"Karaj","name_zh":"卡拉季","longitude":50.968059,"latitude":35.802305,"wikidata_id":"Q36529","source_adm0_a3":"IRN","source_adm1_name":"Tehran","source_feature_class":"Populated place","source_scalerank":7,"source_pop_max":1423000,"source_id":"ne-ne_10m_populated_places"},"geometry":{"type":"Point","coordinates":[50.968059,35.802305]}},{"type":"Feature","properties":{"ne_id":1159142843,"name":"Haora","name_zh":"豪拉","longitude":88.318516,"latitude":22.584698,"wikidata_id":"Q205697","source_adm0_a3":"IND","source_adm1_name":"West Bengal","source_feature_class":"Populated place","source_scalerank":7,"source_pop_max":4841638,"source_id":"ne-ne_10m_populated_places"},"geometry":{"type":"Point","coordinates":[88.318516,22.584698]}},{"type":"Feature","properties":{"ne_id":1159146199,"name":"Long Beach","name_zh":"長灘","longitude":-118.200337,"latitude":33.777018,"wikidata_id":"Q16739","source_adm0_a3":"USA","source_adm1_name":"California","source_feature_class":"Populated place","source_scalerank":6,"source_pop_max":2036134,"source_id":"ne-ne_10m_populated_places"},"geometry":{"type":"Point","coordinates":[-118.200337,33.777018]}},{"type":"Feature","properties":{"ne_id":1159146253,"name":"Barquisimeto","name_zh":"巴基西梅托","longitude":-69.301913,"latitude":10.051938,"wikidata_id":"Q4709","source_adm0_a3":"VEN","source_adm1_name":"Lara","source_feature_class":"Admin-1 capital","source_scalerank":6,"source_pop_max":1116000,"source_id":"ne-ne_10m_populated_places"},"geometry":{"type":"Point","coordinates":[-69.301913,10.051938]}},{"type":"Feature","properties":{"ne_id":1159146257,"name":"Providence","name_zh":"普罗维登斯","longitude":-71.416926,"latitude":41.823048,"wikidata_id":"Q18383","source_adm0_a3":"USA","source_adm1_name":"Rhode Island","source_feature_class":"Admin-1 capital","source_scalerank":6,"source_pop_max":1277000,"source_id":"ne-ne_10m_populated_places"},"geometry":{"type":"Point","coordinates":[-71.416926,41.823048]}},{"type":"Feature","properties":{"ne_id":1159146259,"name":"Birmingham","name_zh":"伯明翰","longitude":-86.824995,"latitude":33.530006,"wikidata_id":"Q79867","source_adm0_a3":"USA","source_adm1_name":"Alabama","source_feature_class":"Populated place","source_scalerank":6,"source_pop_max":1128047,"source_id":"ne-ne_10m_populated_places"},"geometry":{"type":"Point","coordinates":[-86.824995,33.530006]}},{"type":"Feature","properties":{"ne_id":1159146281,"name":"Virginia Beach","name_zh":"維珍尼亞海灘","longitude":-75.980265,"latitude":36.85516,"wikidata_id":"Q49259","source_adm0_a3":"USA","source_adm1_name":"Virginia","source_feature_class":"Populated place","source_scalerank":6,"source_pop_max":1491000,"source_id":"ne-ne_10m_populated_places"},"geometry":{"type":"Point","coordinates":[-75.980265,36.85516]}},{"type":"Feature","properties":{"ne_id":1159146381,"name":"Suwon","name_zh":"水原","longitude":127.008947,"latitude":37.259735,"wikidata_id":"Q20714","source_adm0_a3":"KOR","source_adm1_name":"Gyeonggi-do","source_feature_class":"Admin-1 capital","source_scalerank":6,"source_pop_max":1078000,"source_id":"ne-ne_10m_populated_places"},"geometry":{"type":"Point","coordinates":[127.008947,37.259735]}},{"type":"Feature","properties":{"ne_id":1159146385,"name":"Leeds","name_zh":"利兹","longitude":-1.551348,"latitude":53.790017,"wikidata_id":"Q39121","source_adm0_a3":"GBR","source_adm1_name":"West Yorkshire","source_feature_class":"Populated place","source_scalerank":6,"source_pop_max":1529000,"source_id":"ne-ne_10m_populated_places"},"geometry":{"type":"Point","coordinates":[-1.551348,53.790017]}},{"type":"Feature","properties":{"ne_id":1159146429,"name":"Porto","name_zh":"波尔图","longitude":-8.621947,"latitude":41.151952,"wikidata_id":"Q36433","source_adm0_a3":"PRT","source_adm1_name":"Porto","source_feature_class":"Admin-1 capital","source_scalerank":6,"source_pop_max":1337000,"source_id":"ne-ne_10m_populated_places"},"geometry":{"type":"Point","coordinates":[-8.621947,41.151952]}},{"type":"Feature","properties":{"ne_id":1159146435,"name":"Rotterdam","name_zh":"鹿特丹","longitude":4.478028,"latitude":51.921915,"wikidata_id":"Q34370","source_adm0_a3":"NLD","source_adm1_name":"Zuid-Holland","source_feature_class":"Populated place","source_scalerank":6,"source_pop_max":1005000,"source_id":"ne-ne_10m_populated_places"},"geometry":{"type":"Point","coordinates":[4.478028,51.921915]}},{"type":"Feature","properties":{"ne_id":1159146463,"name":"Faisalabad","name_zh":"费萨拉巴德","longitude":73.108051,"latitude":31.411927,"wikidata_id":"Q173985","source_adm0_a3":"PAK","source_adm1_name":"Punjab","source_feature_class":"Populated place","source_scalerank":6,"source_pop_max":2617000,"source_id":"ne-ne_10m_populated_places"},"geometry":{"type":"Point","coordinates":[73.108051,31.411927]}},{"type":"Feature","properties":{"ne_id":1159146465,"name":"Rawalpindi","name_zh":"拉瓦尔品第","longitude":73.067502,"latitude":33.591002,"wikidata_id":"Q93230","source_adm0_a3":"PAK","source_adm1_name":"Punjab","source_feature_class":"Populated place","source_scalerank":6,"source_pop_max":1858000,"source_id":"ne-ne_10m_populated_places"},"geometry":{"type":"Point","coordinates":[73.067502,33.591002]}},{"type":"Feature","properties":{"ne_id":1159146475,"name":"Saidu","name_zh":"赛杜","longitude":72.349992,"latitude":34.750035,"wikidata_id":"Q378879","source_adm0_a3":"PAK","source_adm1_name":"N.W.F.P.","source_feature_class":"Populated place","source_scalerank":6,"source_pop_max":1860310,"source_id":"ne-ne_10m_populated_places"},"geometry":{"type":"Point","coordinates":[72.349992,34.750035]}},{"type":"Feature","properties":{"ne_id":1159146483,"name":"Benoni","name_zh":"伯诺尼","longitude":28.327994,"latitude":-26.147635,"wikidata_id":"Q818106","source_adm0_a3":"ZAF","source_adm1_name":"Gauteng","source_feature_class":"Populated place","source_scalerank":6,"source_pop_max":2986000,"source_id":"ne-ne_10m_populated_places"},"geometry":{"type":"Point","coordinates":[28.327994,-26.147635]}},{"type":"Feature","properties":{"ne_id":1159146485,"name":"Vereeniging","name_zh":"弗里尼欣","longitude":27.958042,"latitude":-26.647656,"wikidata_id":"Q503056","source_adm0_a3":"ZAF","source_adm1_name":"Gauteng","source_feature_class":"Populated place","source_scalerank":6,"source_pop_max":1074000,"source_id":"ne-ne_10m_populated_places"},"geometry":{"type":"Point","coordinates":[27.958042,-26.647656]}},{"type":"Feature","properties":{"ne_id":1159146597,"name":"Ulsan","name_zh":"蔚山广域","longitude":129.315008,"latitude":35.548677,"wikidata_id":"Q41278","source_adm0_a3":"KOR","source_adm1_name":"Ulsan","source_feature_class":"Admin-1 capital","source_scalerank":6,"source_pop_max":1061000,"source_id":"ne-ne_10m_populated_places"},"geometry":{"type":"Point","coordinates":[129.315008,35.548677]}},{"type":"Feature","properties":{"ne_id":1159146599,"name":"Daegu","name_zh":"大邱","longitude":128.605026,"latitude":35.868735,"wikidata_id":"Q20927","source_adm0_a3":"KOR","source_adm1_name":"Taegu-gwangyoksi","source_feature_class":"Admin-1 capital","source_scalerank":6,"source_pop_max":2460000,"source_id":"ne-ne_10m_populated_places"},"geometry":{"type":"Point","coordinates":[128.605026,35.868735]}},{"type":"Feature","properties":{"ne_id":1159146789,"name":"Ciudad Juárez","name_zh":"華雷斯城","longitude":-106.491994,"latitude":31.692323,"wikidata_id":"Q26590","source_adm0_a3":"MEX","source_adm1_name":"Chihuahua","source_feature_class":"Populated place","source_scalerank":6,"source_pop_max":1343000,"source_id":"ne-ne_10m_populated_places"},"geometry":{"type":"Point","coordinates":[-106.491994,31.692323]}},{"type":"Feature","properties":{"ne_id":1159146825,"name":"Nampo","name_zh":"南浦特别","longitude":125.450488,"latitude":38.768867,"wikidata_id":"Q109386","source_adm0_a3":"PRK","source_adm1_name":"Namp'o-si","source_feature_class":"Admin-1 capital","source_scalerank":6,"source_pop_max":1127000,"source_id":"ne-ne_10m_populated_places"},"geometry":{"type":"Point","coordinates":[125.450488,38.768867]}},{"type":"Feature","properties":{"ne_id":1159146875,"name":"Turin","name_zh":"都灵","longitude":7.668015,"latitude":45.072333,"wikidata_id":"Q495","source_adm0_a3":"ITA","source_adm1_name":"Piemonte","source_feature_class":"Admin-1 region capital","source_scalerank":6,"source_pop_max":1652000,"source_id":"ne-ne_10m_populated_places"},"geometry":{"type":"Point","coordinates":[7.668015,45.072333]}},{"type":"Feature","properties":{"ne_id":1159146879,"name":"Liuzhou","name_zh":"柳州","longitude":109.413529,"latitude":24.320777,"wikidata_id":"Q38968","source_adm0_a3":"CHN","source_adm1_name":"Guangxi","source_feature_class":"Populated place","source_scalerank":6,"source_pop_max":1497000,"source_id":"ne-ne_10m_populated_places"},"geometry":{"type":"Point","coordinates":[109.413529,24.320777]}},{"type":"Feature","properties":{"ne_id":1159146887,"name":"Wanzhou","name_zh":"万州","longitude":108.400039,"latitude":30.819991,"wikidata_id":null,"source_adm0_a3":"CHN","source_adm1_name":"Chongqing","source_feature_class":"Populated place","source_scalerank":6,"source_pop_max":1680000,"source_id":"ne-ne_10m_populated_places"},"geometry":{"type":"Point","coordinates":[108.400039,30.819991]}},{"type":"Feature","properties":{"ne_id":1159146895,"name":"Luan","name_zh":"六安","longitude":116.478065,"latitude":31.752293,"wikidata_id":"Q360702","source_adm0_a3":"CHN","source_adm1_name":"Anhui","source_feature_class":"Populated place","source_scalerank":6,"source_pop_max":1690000,"source_id":"ne-ne_10m_populated_places"},"geometry":{"type":"Point","coordinates":[116.478065,31.752293]}},{"type":"Feature","properties":{"ne_id":1159146917,"name":"Bucaramanga","name_zh":"布卡拉曼加","longitude":-73.127829,"latitude":7.132039,"wikidata_id":"Q243766","source_adm0_a3":"COL","source_adm1_name":"Santander","source_feature_class":"Admin-1 capital","source_scalerank":6,"source_pop_max":1009000,"source_id":"ne-ne_10m_populated_places"},"geometry":{"type":"Point","coordinates":[-73.127829,7.132039]}},{"type":"Feature","properties":{"ne_id":1159146947,"name":"Giza","name_zh":"吉萨","longitude":31.190024,"latitude":30.009989,"wikidata_id":"Q81788","source_adm0_a3":"EGY","source_adm1_name":"Al Jizah","source_feature_class":"Populated place","source_scalerank":6,"source_pop_max":2681863,"source_id":"ne-ne_10m_populated_places"},"geometry":{"type":"Point","coordinates":[31.190024,30.009989]}},{"type":"Feature","properties":{"ne_id":1159146949,"name":"Stuttgart","name_zh":"斯图加特","longitude":9.199996,"latitude":48.77998,"wikidata_id":"Q1022","source_adm0_a3":"DEU","source_adm1_name":"Baden-Württemberg","source_feature_class":"Admin-1 capital","source_scalerank":6,"source_pop_max":2944700,"source_id":"ne-ne_10m_populated_places"},"geometry":{"type":"Point","coordinates":[9.199996,48.77998]}},{"type":"Feature","properties":{"ne_id":1159146977,"name":"Haikou","name_zh":"海口","longitude":110.320026,"latitude":20.050002,"wikidata_id":"Q189823","source_adm0_a3":"CHN","source_adm1_name":"Hainan","source_feature_class":"Admin-1 capital","source_scalerank":6,"source_pop_max":2046189,"source_id":"ne-ne_10m_populated_places"},"geometry":{"type":"Point","coordinates":[110.320026,20.050002]}},{"type":"Feature","properties":{"ne_id":1159146991,"name":"Datong","name_zh":"大同","longitude":113.298053,"latitude":40.081966,"wikidata_id":"Q72877","source_adm0_a3":"CHN","source_adm1_name":"Shanxi","source_feature_class":"Populated place","source_scalerank":6,"source_pop_max":1873000,"source_id":"ne-ne_10m_populated_places"},"geometry":{"type":"Point","coordinates":[113.298053,40.081966]}},{"type":"Feature","properties":{"ne_id":1159146993,"name":"Jianmen","name_zh":"荆门","longitude":113.158061,"latitude":30.651999,"wikidata_id":"Q71323","source_adm0_a3":"CHN","source_adm1_name":"Hubei","source_feature_class":"Populated place","source_scalerank":6,"source_pop_max":1708000,"source_id":"ne-ne_10m_populated_places"},"geometry":{"type":"Point","coordinates":[113.158061,30.651999]}},{"type":"Feature","properties":{"ne_id":1159146997,"name":"Xiantao","name_zh":"仙桃","longitude":113.438096,"latitude":30.372352,"wikidata_id":"Q71455","source_adm0_a3":"CHN","source_adm1_name":"Hubei","source_feature_class":"Populated place","source_scalerank":6,"source_pop_max":1556000,"source_id":"ne-ne_10m_populated_places"},"geometry":{"type":"Point","coordinates":[113.438096,30.372352]}},{"type":"Feature","properties":{"ne_id":1159147005,"name":"Zhuzhou","name_zh":"株洲","longitude":113.148088,"latitude":27.831938,"wikidata_id":"Q198266","source_adm0_a3":"CHN","source_adm1_name":"Hunan","source_feature_class":"Populated place","source_scalerank":6,"source_pop_max":1080000,"source_id":"ne-ne_10m_populated_places"},"geometry":{"type":"Point","coordinates":[113.148088,27.831938]}},{"type":"Feature","properties":{"ne_id":1159147007,"name":"Yongzhou","name_zh":"永州","longitude":111.609135,"latitude":26.41792,"wikidata_id":"Q266014","source_adm0_a3":"CHN","source_adm1_name":"Hunan","source_feature_class":"Populated place","source_scalerank":6,"source_pop_max":1000000,"source_id":"ne-ne_10m_populated_places"},"geometry":{"type":"Point","coordinates":[111.609135,26.41792]}},{"type":"Feature","properties":{"ne_id":1159147009,"name":"Yiyang","name_zh":"益阳","longitude":112.328086,"latitude":28.602356,"wikidata_id":"Q416669","source_adm0_a3":"CHN","source_adm1_name":"Hunan","source_feature_class":"Populated place","source_scalerank":6,"source_pop_max":1352000,"source_id":"ne-ne_10m_populated_places"},"geometry":{"type":"Point","coordinates":[112.328086,28.602356]}},{"type":"Feature","properties":{"ne_id":1159147011,"name":"Changde","name_zh":"常德","longitude":111.6781,"latitude":29.031943,"wikidata_id":"Q416544","source_adm0_a3":"CHN","source_adm1_name":"Hunan","source_feature_class":"Populated place","source_scalerank":6,"source_pop_max":1469000,"source_id":"ne-ne_10m_populated_places"},"geometry":{"type":"Point","coordinates":[111.6781,29.031943]}},{"type":"Feature","properties":{"ne_id":1159147015,"name":"Leshan","name_zh":"乐山","longitude":103.731402,"latitude":29.569042,"wikidata_id":"Q426868","source_adm0_a3":"CHN","source_adm1_name":"Sichuan","source_feature_class":"Populated place","source_scalerank":6,"source_pop_max":1157000,"source_id":"ne-ne_10m_populated_places"},"geometry":{"type":"Point","coordinates":[103.731402,29.569042]}},{"type":"Feature","properties":{"ne_id":1159147025,"name":"Luzhou","name_zh":"泸州","longitude":105.378071,"latitude":28.881926,"wikidata_id":"Q425492","source_adm0_a3":"CHN","source_adm1_name":"Sichuan","source_feature_class":"Populated place","source_scalerank":6,"source_pop_max":1537000,"source_id":"ne-ne_10m_populated_places"},"geometry":{"type":"Point","coordinates":[105.378071,28.881926]}},{"type":"Feature","properties":{"ne_id":1159147039,"name":"Qinhuangdao","name_zh":"秦皇岛","longitude":119.618081,"latitude":39.932311,"wikidata_id":"Q58560","source_adm0_a3":"CHN","source_adm1_name":"Hebei","source_feature_class":"Populated place","source_scalerank":6,"source_pop_max":1003000,"source_id":"ne-ne_10m_populated_places"},"geometry":{"type":"Point","coordinates":[119.618081,39.932311]}},{"type":"Feature","properties":{"ne_id":1159147043,"name":"Zhangjiakou","name_zh":"张家口","longitude":114.852027,"latitude":40.805255,"wikidata_id":"Q58650","source_adm0_a3":"CHN","source_adm1_name":"Hebei","source_feature_class":"Populated place","source_scalerank":6,"source_pop_max":1046000,"source_id":"ne-ne_10m_populated_places"},"geometry":{"type":"Point","coordinates":[114.852027,40.805255]}},{"type":"Feature","properties":{"ne_id":1159147045,"name":"Tangshan","name_zh":"唐山","longitude":118.192431,"latitude":39.626283,"wikidata_id":"Q58422","source_adm0_a3":"CHN","source_adm1_name":"Hebei","source_feature_class":"Populated place","source_scalerank":6,"source_pop_max":1879000,"source_id":"ne-ne_10m_populated_places"},"geometry":{"type":"Point","coordinates":[118.192431,39.626283]}},{"type":"Feature","properties":{"ne_id":1159147055,"name":"Shangqiu","name_zh":"商丘","longitude":115.64961,"latitude":34.412942,"wikidata_id":"Q404817","source_adm0_a3":"CHN","source_adm1_name":"Henan","source_feature_class":"Populated place","source_scalerank":6,"source_pop_max":1753000,"source_id":"ne-ne_10m_populated_places"},"geometry":{"type":"Point","coordinates":[115.64961,34.412942]}},{"type":"Feature","properties":{"ne_id":1159147059,"name":"Xinyang","name_zh":"信阳","longitude":114.068032,"latitude":32.132322,"wikidata_id":"Q404873","source_adm0_a3":"CHN","source_adm1_name":"Henan","source_feature_class":"Populated place","source_scalerank":6,"source_pop_max":1541000,"source_id":"ne-ne_10m_populated_places"},"geometry":{"type":"Point","coordinates":[114.068032,32.132322]}},{"type":"Feature","properties":{"ne_id":1159147063,"name":"Luoyang","name_zh":"洛阳","longitude":112.444471,"latitude":34.64377,"wikidata_id":"Q187136","source_adm0_a3":"CHN","source_adm1_name":"Henan","source_feature_class":"Populated place","source_scalerank":6,"source_pop_max":1715000,"source_id":"ne-ne_10m_populated_places"},"geometry":{"type":"Point","coordinates":[112.444471,34.64377]}},{"type":"Feature","properties":{"ne_id":1159147077,"name":"Benxi","name_zh":"本溪","longitude":123.748061,"latitude":41.332329,"wikidata_id":"Q75091","source_adm0_a3":"CHN","source_adm1_name":"Liaoning","source_feature_class":"Populated place","source_scalerank":6,"source_pop_max":1012000,"source_id":"ne-ne_10m_populated_places"},"geometry":{"type":"Point","coordinates":[123.748061,41.332329]}},{"type":"Feature","properties":{"ne_id":1159147079,"name":"Fushun","name_zh":"抚顺","longitude":123.868054,"latitude":41.867335,"wikidata_id":"Q75026","source_adm0_a3":"CHN","source_adm1_name":"Liaoning","source_feature_class":"Admin-1 capital","source_scalerank":6,"source_pop_max":1470000,"source_id":"ne-ne_10m_populated_places"},"geometry":{"type":"Point","coordinates":[123.868054,41.867335]}},{"type":"Feature","properties":{"ne_id":1159147081,"name":"Jining","name_zh":"济宁","longitude":116.548087,"latitude":35.402355,"wikidata_id":"Q372791","source_adm0_a3":"CHN","source_adm1_name":"Shandong","source_feature_class":"Populated place","source_scalerank":6,"source_pop_max":1186000,"source_id":"ne-ne_10m_populated_places"},"geometry":{"type":"Point","coordinates":[116.548087,35.402355]}},{"type":"Feature","properties":{"ne_id":1159147083,"name":"Weifang","name_zh":"潍坊","longitude":119.155626,"latitude":36.702285,"wikidata_id":"Q217698","source_adm0_a3":"CHN","source_adm1_name":"Shandong","source_feature_class":"Populated place","source_scalerank":6,"source_pop_max":1553000,"source_id":"ne-ne_10m_populated_places"},"geometry":{"type":"Point","coordinates":[119.155626,36.702285]}},{"type":"Feature","properties":{"ne_id":1159147085,"name":"Taian","name_zh":"泰安","longitude":117.11813,"latitude":36.201944,"wikidata_id":"Q217681","source_adm0_a3":"CHN","source_adm1_name":"Shandong","source_feature_class":"Populated place","source_scalerank":6,"source_pop_max":1629000,"source_id":"ne-ne_10m_populated_places"},"geometry":{"type":"Point","coordinates":[117.11813,36.201944]}},{"type":"Feature","properties":{"ne_id":1159147087,"name":"Heze","name_zh":"菏泽","longitude":115.448103,"latitude":35.231926,"wikidata_id":"Q332753","source_adm0_a3":"CHN","source_adm1_name":"Shandong","source_feature_class":"Populated place","source_scalerank":6,"source_pop_max":1338000,"source_id":"ne-ne_10m_populated_places"},"geometry":{"type":"Point","coordinates":[115.448103,35.231926]}},{"type":"Feature","properties":{"ne_id":1159147095,"name":"Ganzhou","name_zh":"赣州","longitude":114.950027,"latitude":25.91998,"wikidata_id":"Q363166","source_adm0_a3":"CHN","source_adm1_name":"Jiangxi","source_feature_class":"Populated place","source_scalerank":6,"source_pop_max":1500000,"source_id":"ne-ne_10m_populated_places"},"geometry":{"type":"Point","coordinates":[114.950027,25.91998]}},{"type":"Feature","properties":{"ne_id":1159147099,"name":"Changzhou","name_zh":"常州","longitude":119.968033,"latitude":31.78193,"wikidata_id":"Q57970","source_adm0_a3":"CHN","source_adm1_name":"Jiangsu","source_feature_class":"Populated place","source_scalerank":6,"source_pop_max":1327000,"source_id":"ne-ne_10m_populated_places"},"geometry":{"type":"Point","coordinates":[119.968033,31.78193]}},{"type":"Feature","properties":{"ne_id":1159147109,"name":"Huzhou","name_zh":"湖州","longitude":120.098051,"latitude":30.872321,"wikidata_id":"Q42664","source_adm0_a3":"CHN","source_adm1_name":"Zhejiang","source_feature_class":"Populated place","source_scalerank":6,"source_pop_max":1231000,"source_id":"ne-ne_10m_populated_places"},"geometry":{"type":"Point","coordinates":[120.098051,30.872321]}},{"type":"Feature","properties":{"ne_id":1159147113,"name":"Jinhua","name_zh":"金华","longitude":119.649999,"latitude":29.120043,"wikidata_id":"Q58210","source_adm0_a3":"CHN","source_adm1_name":"Zhejiang","source_feature_class":"Populated place","source_scalerank":6,"source_pop_max":1092852,"source_id":"ne-ne_10m_populated_places"},"geometry":{"type":"Point","coordinates":[119.649999,29.120043]}},{"type":"Feature","properties":{"ne_id":1159147155,"name":"Mudangiang","name_zh":"牡丹江","longitude":129.588066,"latitude":44.576963,"wikidata_id":"Q217646","source_adm0_a3":"CHN","source_adm1_name":"Heilongjiang","source_feature_class":"Populated place","source_scalerank":6,"source_pop_max":1244000,"source_id":"ne-ne_10m_populated_places"},"geometry":{"type":"Point","coordinates":[129.588066,44.576963]}},{"type":"Feature","properties":{"ne_id":1159147165,"name":"Kōbe","name_zh":"神戶","longitude":135.169982,"latitude":34.679988,"wikidata_id":"Q48320","source_adm0_a3":"JPN","source_adm1_name":"Hyogo","source_feature_class":"Admin-1 capital","source_scalerank":6,"source_pop_max":1528478,"source_id":"ne-ne_10m_populated_places"},"geometry":{"type":"Point","coordinates":[135.169982,34.679988]}},{"type":"Feature","properties":{"ne_id":1159147167,"name":"Yokohama","name_zh":"横滨","longitude":139.602021,"latitude":35.430656,"wikidata_id":"Q38283","source_adm0_a3":"JPN","source_adm1_name":"Kanagawa","source_feature_class":"Admin-1 capital","source_scalerank":6,"source_pop_max":3697894,"source_id":"ne-ne_10m_populated_places"},"geometry":{"type":"Point","coordinates":[139.602021,35.430656]}},{"type":"Feature","properties":{"ne_id":1159147191,"name":"Warangal","name_zh":"瓦朗加尔","longitude":79.57999,"latitude":18.009998,"wikidata_id":"Q25563103","source_adm0_a3":"IND","source_adm1_name":"Telangana","source_feature_class":"Populated place","source_scalerank":6,"source_pop_max":1203853,"source_id":"ne-ne_10m_populated_places"},"geometry":{"type":"Point","coordinates":[79.57999,18.009998]}},{"type":"Feature","properties":{"ne_id":1159147227,"name":"Lille","name_zh":"里尔","longitude":3.078062,"latitude":50.651915,"wikidata_id":"Q648","source_adm0_a3":"FRA","source_adm1_name":"Nord-Pas-de-Calais","source_feature_class":"Admin-1 region capital","source_scalerank":6,"source_pop_max":1044000,"source_id":"ne-ne_10m_populated_places"},"geometry":{"type":"Point","coordinates":[3.078062,50.651915]}},{"type":"Feature","properties":{"ne_id":1159147363,"name":"Oakland","name_zh":"奥克兰","longitude":-122.278038,"latitude":37.804725,"wikidata_id":"Q17042","source_adm0_a3":"USA","source_adm1_name":"California","source_feature_class":"Populated place","source_scalerank":6,"source_pop_max":1510271,"source_id":"ne-ne_10m_populated_places"},"geometry":{"type":"Point","coordinates":[-122.278038,37.804725]}},{"type":"Feature","properties":{"ne_id":1159147411,"name":"West Palm Beach","name_zh":"西棕榈滩","longitude":-80.123621,"latitude":26.74502,"wikidata_id":"Q163749","source_adm0_a3":"USA","source_adm1_name":"Florida","source_feature_class":"Populated place","source_scalerank":6,"source_pop_max":1250000,"source_id":"ne-ne_10m_populated_places"},"geometry":{"type":"Point","coordinates":[-80.123621,26.74502]}},{"type":"Feature","properties":{"ne_id":1159147453,"name":"Columbus","name_zh":"哥伦布","longitude":-82.991956,"latitude":39.98192,"wikidata_id":"Q16567","source_adm0_a3":"USA","source_adm1_name":"Ohio","source_feature_class":"Admin-1 capital","source_scalerank":6,"source_pop_max":1270000,"source_id":"ne-ne_10m_populated_places"},"geometry":{"type":"Point","coordinates":[-82.991956,39.98192]}},{"type":"Feature","properties":{"ne_id":1159147477,"name":"Maracay","name_zh":"马拉凯","longitude":-67.597753,"latitude":10.248826,"wikidata_id":"Q333928","source_adm0_a3":"VEN","source_adm1_name":"Aragua","source_feature_class":"Populated place","source_scalerank":6,"source_pop_max":1007000,"source_id":"ne-ne_10m_populated_places"},"geometry":{"type":"Point","coordinates":[-67.597753,10.248826]}},{"type":"Feature","properties":{"ne_id":1159147553,"name":"Can Tho","name_zh":"芹苴","longitude":105.770019,"latitude":10.049993,"wikidata_id":"Q216075","source_adm0_a3":"VNM","source_adm1_name":"d?ng b?ng sông C?u Long","source_feature_class":"Admin-1 capital","source_scalerank":6,"source_pop_max":1121000,"source_id":"ne-ne_10m_populated_places"},"geometry":{"type":"Point","coordinates":[105.770019,10.049993]}},{"type":"Feature","properties":{"ne_id":1159147621,"name":"Vitória","name_zh":"维多利亚","longitude":-40.353943,"latitude":-20.332042,"wikidata_id":"Q168376","source_adm0_a3":"BRA","source_adm1_name":"Espírito Santo","source_feature_class":"Admin-1 capital","source_scalerank":6,"source_pop_max":1704000,"source_id":"ne-ne_10m_populated_places"},"geometry":{"type":"Point","coordinates":[-40.353943,-20.332042]}},{"type":"Feature","properties":{"ne_id":1159147681,"name":"Cochabamba","name_zh":"科恰班巴","longitude":-66.169977,"latitude":-17.410011,"wikidata_id":"Q183124","source_adm0_a3":"BOL","source_adm1_name":"Cochabamba","source_feature_class":"Admin-1 capital","source_scalerank":6,"source_pop_max":1000000,"source_id":"ne-ne_10m_populated_places"},"geometry":{"type":"Point","coordinates":[-66.169977,-17.410011]}},{"type":"Feature","properties":{"ne_id":1159147849,"name":"Gaziantep","name_zh":"加济安泰普","longitude":37.383048,"latitude":37.07693,"wikidata_id":"Q93338","source_adm0_a3":"TUR","source_adm1_name":"Gaziantep","source_feature_class":"Admin-1 capital","source_scalerank":6,"source_pop_max":1044000,"source_id":"ne-ne_10m_populated_places"},"geometry":{"type":"Point","coordinates":[37.383048,37.07693]}},{"type":"Feature","properties":{"ne_id":1159147871,"name":"Homs","name_zh":"霍姆斯","longitude":36.718076,"latitude":34.731905,"wikidata_id":"Q131301","source_adm0_a3":"SYR","source_adm1_name":"Homs (Hims)","source_feature_class":"Populated place","source_scalerank":6,"source_pop_max":1005000,"source_id":"ne-ne_10m_populated_places"},"geometry":{"type":"Point","coordinates":[36.718076,34.731905]}},{"type":"Feature","properties":{"ne_id":1159148193,"name":"Cagayan de Oro","name_zh":"卡加延德奥罗","longitude":124.685299,"latitude":8.45084,"wikidata_id":"Q1645","source_adm0_a3":"PHL","source_adm1_name":"Misamis Oriental","source_feature_class":"Populated place","source_scalerank":6,"source_pop_max":1121561,"source_id":"ne-ne_10m_populated_places"},"geometry":{"type":"Point","coordinates":[124.685299,8.45084]}},{"type":"Feature","properties":{"ne_id":1159148325,"name":"Zhuhai","name_zh":"珠海","longitude":113.565832,"latitude":22.27889,"wikidata_id":"Q59095","source_adm0_a3":"CHN","source_adm1_name":"Guangdong","source_feature_class":"Populated place","source_scalerank":6,"source_pop_max":1023000,"source_id":"ne-ne_10m_populated_places"},"geometry":{"type":"Point","coordinates":[113.565832,22.27889]}},{"type":"Feature","properties":{"ne_id":1159148451,"name":"Cologne","name_zh":"科隆","longitude":6.948059,"latitude":50.93195,"wikidata_id":"Q365","source_adm0_a3":"DEU","source_adm1_name":"Nordrhein-Westfalen","source_feature_class":"Populated place","source_scalerank":6,"source_pop_max":1004000,"source_id":"ne-ne_10m_populated_places"},"geometry":{"type":"Point","coordinates":[6.948059,50.93195]}},{"type":"Feature","properties":{"ne_id":1159148455,"name":"Xianyang","name_zh":"咸阳","longitude":108.712776,"latitude":34.347501,"wikidata_id":"Q497341","source_adm0_a3":"CHN","source_adm1_name":"Shaanxi","source_feature_class":"Populated place","source_scalerank":6,"source_pop_max":1126000,"source_id":"ne-ne_10m_populated_places"},"geometry":{"type":"Point","coordinates":[108.712776,34.347501]}},{"type":"Feature","properties":{"ne_id":1159148459,"name":"Xiangyang","name_zh":"襄阳","longitude":112.128098,"latitude":32.021941,"wikidata_id":"Q71284","source_adm0_a3":"CHN","source_adm1_name":"Hubei","source_feature_class":"Populated place","source_scalerank":6,"source_pop_max":1069000,"source_id":"ne-ne_10m_populated_places"},"geometry":{"type":"Point","coordinates":[112.128098,32.021941]}},{"type":"Feature","properties":{"ne_id":1159148461,"name":"Suining","name_zh":"遂宁","longitude":105.531387,"latitude":30.535279,"wikidata_id":"Q426644","source_adm0_a3":"CHN","source_adm1_name":"Sichuan","source_feature_class":"Populated place","source_scalerank":6,"source_pop_max":1425000,"source_id":"ne-ne_10m_populated_places"},"geometry":{"type":"Point","coordinates":[105.531387,30.535279]}},{"type":"Feature","properties":{"ne_id":1159148507,"name":"Kumasi","name_zh":"库马西","longitude":-1.63196,"latitude":6.691937,"wikidata_id":"Q182059","source_adm0_a3":"GHA","source_adm1_name":"Ashanti","source_feature_class":"Admin-1 capital","source_scalerank":6,"source_pop_max":1646000,"source_id":"ne-ne_10m_populated_places"},"geometry":{"type":"Point","coordinates":[-1.63196,6.691937]}},{"type":"Feature","properties":{"ne_id":1159148899,"name":"Vila Velha","name_zh":"韦利亚镇","longitude":-51.216652,"latitude":3.216663,"wikidata_id":null,"source_adm0_a3":"BRA","source_adm1_name":"Amapi","source_feature_class":"Populated place","source_scalerank":6,"source_pop_max":1209091,"source_id":"ne-ne_10m_populated_places"},"geometry":{"type":"Point","coordinates":[-51.216652,3.216663]}},{"type":"Feature","properties":{"ne_id":1159148975,"name":"Santos","name_zh":"桑托斯","longitude":-46.328496,"latitude":-23.961836,"wikidata_id":"Q81882","source_adm0_a3":"BRA","source_adm1_name":"São Paulo","source_feature_class":"Populated place","source_scalerank":6,"source_pop_max":1709000,"source_id":"ne-ne_10m_populated_places"},"geometry":{"type":"Point","coordinates":[-46.328496,-23.961836]}},{"type":"Feature","properties":{"ne_id":1159149107,"name":"New Taipei","name_zh":"新北","longitude":121.465,"latitude":25.012778,"wikidata_id":"Q244898","source_adm0_a3":"TWN","source_adm1_name":"New Taipei City","source_feature_class":"Admin-1 capital","source_scalerank":5,"source_pop_max":3893740,"source_id":"ne-ne_10m_populated_places"},"geometry":{"type":"Point","coordinates":[121.465,25.012778]}},{"type":"Feature","properties":{"ne_id":1159149109,"name":"Tainan","name_zh":"台南","longitude":120.200043,"latitude":23.000003,"wikidata_id":"Q140631","source_adm0_a3":"TWN","source_adm1_name":"Tainan City","source_feature_class":"Admin-1 capital","source_scalerank":6,"source_pop_max":1876312,"source_id":"ne-ne_10m_populated_places"},"geometry":{"type":"Point","coordinates":[120.200043,23.000003]}},{"type":"Feature","properties":{"ne_id":1159149113,"name":"San Bernardino","name_zh":"圣贝纳迪诺","longitude":-117.30198,"latitude":34.12233,"wikidata_id":"Q486168","source_adm0_a3":"USA","source_adm1_name":"California","source_feature_class":"Populated place","source_scalerank":4,"source_pop_max":1745000,"source_id":"ne-ne_10m_populated_places"},"geometry":{"type":"Point","coordinates":[-117.30198,34.12233]}},{"type":"Feature","properties":{"ne_id":1159149115,"name":"Bridgeport","name_zh":"布里奇波特","longitude":-73.201907,"latitude":41.181925,"wikidata_id":"Q49174","source_adm0_a3":"USA","source_adm1_name":"Connecticut","source_feature_class":"Populated place","source_scalerank":4,"source_pop_max":1018000,"source_id":"ne-ne_10m_populated_places"},"geometry":{"type":"Point","coordinates":[-73.201907,41.181925]}},{"type":"Feature","properties":{"ne_id":1159149119,"name":"Manchester","name_zh":"曼彻斯特","longitude":-2.248685,"latitude":53.47532,"wikidata_id":"Q18125","source_adm0_a3":"GBR","source_adm1_name":"Manchester","source_feature_class":"Populated place","source_scalerank":4,"source_pop_max":2230000,"source_id":"ne-ne_10m_populated_places"},"geometry":{"type":"Point","coordinates":[-2.248685,53.47532]}},{"type":"Feature","properties":{"ne_id":1159149121,"name":"Gujranwala","name_zh":"古吉兰瓦拉","longitude":74.183076,"latitude":32.162372,"wikidata_id":"Q243322","source_adm0_a3":"PAK","source_adm1_name":"Punjab","source_feature_class":"Populated place","source_scalerank":4,"source_pop_max":1513000,"source_id":"ne-ne_10m_populated_places"},"geometry":{"type":"Point","coordinates":[74.183076,32.162372]}},{"type":"Feature","properties":{"ne_id":1159149125,"name":"Incheon","name_zh":"仁川廣域","longitude":126.640288,"latitude":37.478094,"wikidata_id":"Q20934","source_adm0_a3":"KOR","source_adm1_name":"Inch'on-gwangyoksi","source_feature_class":"Admin-1 capital","source_scalerank":4,"source_pop_max":2550000,"source_id":"ne-ne_10m_populated_places"},"geometry":{"type":"Point","coordinates":[126.640288,37.478094]}},{"type":"Feature","properties":{"ne_id":1159149127,"name":"Benin City","name_zh":"贝宁城","longitude":5.618062,"latitude":6.342423,"wikidata_id":"Q320704","source_adm0_a3":"NGA","source_adm1_name":"Edo","source_feature_class":"Admin-1 capital","source_scalerank":4,"source_pop_max":1190000,"source_id":"ne-ne_10m_populated_places"},"geometry":{"type":"Point","coordinates":[5.618062,6.342423]}},{"type":"Feature","properties":{"ne_id":1159149129,"name":"Xiamen","name_zh":"厦门","longitude":118.078071,"latitude":24.451938,"wikidata_id":"Q68744","source_adm0_a3":"CHN","source_adm1_name":"Fujian","source_feature_class":"Populated place","source_scalerank":4,"source_pop_max":2519000,"source_id":"ne-ne_10m_populated_places"},"geometry":{"type":"Point","coordinates":[118.078071,24.451938]}},{"type":"Feature","properties":{"ne_id":1159149131,"name":"Nanchong","name_zh":"南充","longitude":106.128051,"latitude":30.782378,"wikidata_id":"Q426996","source_adm0_a3":"CHN","source_adm1_name":"Sichuan","source_feature_class":"Populated place","source_scalerank":4,"source_pop_max":2174000,"source_id":"ne-ne_10m_populated_places"},"geometry":{"type":"Point","coordinates":[106.128051,30.782378]}},{"type":"Feature","properties":{"ne_id":1159149133,"name":"Neijiang","name_zh":"内江","longitude":105.048066,"latitude":29.582323,"wikidata_id":"Q426756","source_adm0_a3":"CHN","source_adm1_name":"Sichuan","source_feature_class":"Populated place","source_scalerank":4,"source_pop_max":1466000,"source_id":"ne-ne_10m_populated_places"},"geometry":{"type":"Point","coordinates":[105.048066,29.582323]}},{"type":"Feature","properties":{"ne_id":1159149135,"name":"Nanyang","name_zh":"南阳","longitude":112.528074,"latitude":33.002346,"wikidata_id":"Q404763","source_adm0_a3":"CHN","source_adm1_name":"Henan","source_feature_class":"Populated place","source_scalerank":4,"source_pop_max":1944000,"source_id":"ne-ne_10m_populated_places"},"geometry":{"type":"Point","coordinates":[112.528074,33.002346]}},{"type":"Feature","properties":{"ne_id":1159149137,"name":"Jinxi","name_zh":"锦溪","longitude":120.828033,"latitude":40.752287,"wikidata_id":null,"source_adm0_a3":"CHN","source_adm1_name":"Liaoning","source_feature_class":"Populated place","source_scalerank":4,"source_pop_max":2426000,"source_id":"ne-ne_10m_populated_places"},"geometry":{"type":"Point","coordinates":[120.828033,40.752287]}},{"type":"Feature","properties":{"ne_id":1159149139,"name":"Yantai","name_zh":"烟台","longitude":121.398075,"latitude":37.532354,"wikidata_id":"Q210493","source_adm0_a3":"CHN","source_adm1_name":"Shandong","source_feature_class":"Populated place","source_scalerank":4,"source_pop_max":2116000,"source_id":"ne-ne_10m_populated_places"},"geometry":{"type":"Point","coordinates":[121.398075,37.532354]}},{"type":"Feature","properties":{"ne_id":1159149143,"name":"Zaozhuang","name_zh":"枣庄","longitude":117.568077,"latitude":34.881947,"wikidata_id":"Q147187","source_adm0_a3":"CHN","source_adm1_name":"Shandong","source_feature_class":"Populated place","source_scalerank":4,"source_pop_max":2145000,"source_id":"ne-ne_10m_populated_places"},"geometry":{"type":"Point","coordinates":[117.568077,34.881947]}},{"type":"Feature","properties":{"ne_id":1159149145,"name":"Suzhou","name_zh":"苏州","longitude":120.618071,"latitude":31.302424,"wikidata_id":"Q42622","source_adm0_a3":"CHN","source_adm1_name":"Jiangsu","source_feature_class":"Populated place","source_scalerank":4,"source_pop_max":1650000,"source_id":"ne-ne_10m_populated_places"},"geometry":{"type":"Point","coordinates":[120.618071,31.302424]}},{"type":"Feature","properties":{"ne_id":1159149147,"name":"Xuzhou","name_zh":"徐州","longitude":117.178074,"latitude":34.281958,"wikidata_id":"Q57719","source_adm0_a3":"CHN","source_adm1_name":"Jiangsu","source_feature_class":"Populated place","source_scalerank":4,"source_pop_max":2091000,"source_id":"ne-ne_10m_populated_places"},"geometry":{"type":"Point","coordinates":[117.178074,34.281958]}},{"type":"Feature","properties":{"ne_id":1159149149,"name":"Wuxi","name_zh":"无锡","longitude":120.298039,"latitude":31.581942,"wikidata_id":"Q42651","source_adm0_a3":"CHN","source_adm1_name":"Jiangsu","source_feature_class":"Populated place","source_scalerank":4,"source_pop_max":1749000,"source_id":"ne-ne_10m_populated_places"},"geometry":{"type":"Point","coordinates":[120.298039,31.581942]}},{"type":"Feature","properties":{"ne_id":1159149151,"name":"Jilin","name_zh":"吉林","longitude":126.548097,"latitude":43.851917,"wikidata_id":"Q92277","source_adm0_a3":"CHN","source_adm1_name":"Jilin","source_feature_class":"Populated place","source_scalerank":4,"source_pop_max":2396000,"source_id":"ne-ne_10m_populated_places"},"geometry":{"type":"Point","coordinates":[126.548097,43.851917]}},{"type":"Feature","properties":{"ne_id":1159149157,"name":"Sholapur","name_zh":"索拉普","longitude":75.898062,"latitude":17.672352,"wikidata_id":"Q237847","source_adm0_a3":"IND","source_adm1_name":"Maharashtra","source_feature_class":"Populated place","source_scalerank":4,"source_pop_max":1057000,"source_id":"ne-ne_10m_populated_places"},"geometry":{"type":"Point","coordinates":[75.898062,17.672352]}},{"type":"Feature","properties":{"ne_id":1159149161,"name":"Aurangabad","name_zh":"奥郎加巴德","longitude":75.328948,"latitude":19.861686,"wikidata_id":"Q200713","source_adm0_a3":"IND","source_adm1_name":"Maharashtra","source_feature_class":"Populated place","source_scalerank":4,"source_pop_max":1113000,"source_id":"ne-ne_10m_populated_places"},"geometry":{"type":"Point","coordinates":[75.328948,19.861686]}},{"type":"Feature","properties":{"ne_id":1159149163,"name":"Nasik","name_zh":"纳西克","longitude":73.778036,"latitude":20.002365,"wikidata_id":"Q200235","source_adm0_a3":"IND","source_adm1_name":"Maharashtra","source_feature_class":"Populated place","source_scalerank":4,"source_pop_max":1473000,"source_id":"ne-ne_10m_populated_places"},"geometry":{"type":"Point","coordinates":[73.778036,20.002365]}},{"type":"Feature","properties":{"ne_id":1159149169,"name":"Allahabad","name_zh":"安拉阿巴德","longitude":81.838061,"latitude":25.456941,"wikidata_id":"Q162442","source_adm0_a3":"IND","source_adm1_name":"Uttar Pradesh","source_feature_class":"Populated place","source_scalerank":4,"source_pop_max":1201000,"source_id":"ne-ne_10m_populated_places"},"geometry":{"type":"Point","coordinates":[81.838061,25.456941]}},{"type":"Feature","properties":{"ne_id":1159149173,"name":"Ghaziabad","name_zh":"加济阿巴德","longitude":77.406445,"latitude":28.662327,"wikidata_id":"Q207098","source_adm0_a3":"IND","source_adm1_name":"Uttar Pradesh","source_feature_class":"Populated place","source_scalerank":4,"source_pop_max":1341000,"source_id":"ne-ne_10m_populated_places"},"geometry":{"type":"Point","coordinates":[77.406445,28.662327]}},{"type":"Feature","properties":{"ne_id":1159149175,"name":"Agra","name_zh":"阿格拉","longitude":78.013075,"latitude":27.172366,"wikidata_id":"Q42941","source_adm0_a3":"IND","source_adm1_name":"Uttar Pradesh","source_feature_class":"Populated place","source_scalerank":4,"source_pop_max":1592000,"source_id":"ne-ne_10m_populated_places"},"geometry":{"type":"Point","coordinates":[78.013075,27.172366]}},{"type":"Feature","properties":{"ne_id":1159149181,"name":"Meerut","name_zh":"密拉特","longitude":77.698055,"latitude":29.002358,"wikidata_id":"Q200237","source_adm0_a3":"IND","source_adm1_name":"Uttar Pradesh","source_feature_class":"Populated place","source_scalerank":4,"source_pop_max":1398000,"source_id":"ne-ne_10m_populated_places"},"geometry":{"type":"Point","coordinates":[77.698055,29.002358]}},{"type":"Feature","properties":{"ne_id":1159149183,"name":"Dhanbad","name_zh":"丹巴德","longitude":86.41804,"latitude":23.802339,"wikidata_id":"Q244159","source_adm0_a3":"IND","source_adm1_name":"Jharkhand","source_feature_class":"Populated place","source_scalerank":4,"source_pop_max":1246000,"source_id":"ne-ne_10m_populated_places"},"geometry":{"type":"Point","coordinates":[86.41804,23.802339]}},{"type":"Feature","properties":{"ne_id":1159149187,"name":"Vadodara","name_zh":"瓦多达拉","longitude":73.178073,"latitude":22.311965,"wikidata_id":"Q11909","source_adm0_a3":"IND","source_adm1_name":"Dadra and Nagar Haveli","source_feature_class":"Populated place","source_scalerank":4,"source_pop_max":1756000,"source_id":"ne-ne_10m_populated_places"},"geometry":{"type":"Point","coordinates":[73.178073,22.311965]}},{"type":"Feature","properties":{"ne_id":1159149189,"name":"Rajkot","name_zh":"莱科特","longitude":70.798063,"latitude":22.311965,"wikidata_id":"Q11854","source_adm0_a3":"IND","source_adm1_name":"Dadra and Nagar Haveli","source_feature_class":"Populated place","source_scalerank":4,"source_pop_max":1260000,"source_id":"ne-ne_10m_populated_places"},"geometry":{"type":"Point","coordinates":[70.798063,22.311965]}},{"type":"Feature","properties":{"ne_id":1159149245,"name":"Kansas City","name_zh":"堪萨斯城","longitude":-94.60604,"latitude":39.109034,"wikidata_id":"Q41819","source_adm0_a3":"USA","source_adm1_name":"Missouri","source_feature_class":"Populated place","source_scalerank":4,"source_pop_max":1469000,"source_id":"ne-ne_10m_populated_places"},"geometry":{"type":"Point","coordinates":[-94.60604,39.109034]}},{"type":"Feature","properties":{"ne_id":1159149257,"name":"Ft.  Worth","name_zh":"沃思堡","longitude":-97.340038,"latitude":32.739977,"wikidata_id":"Q16558","source_adm0_a3":"USA","source_adm1_name":"Texas","source_feature_class":"Populated place","source_scalerank":4,"source_pop_max":1440454,"source_id":"ne-ne_10m_populated_places"},"geometry":{"type":"Point","coordinates":[-97.340038,32.739977]}},{"type":"Feature","properties":{"ne_id":1159149261,"name":"Austin","name_zh":"奥斯汀","longitude":-97.744724,"latitude":30.268895,"wikidata_id":"Q16559","source_adm0_a3":"USA","source_adm1_name":"Texas","source_feature_class":"Admin-1 capital","source_scalerank":4,"source_pop_max":1161000,"source_id":"ne-ne_10m_populated_places"},"geometry":{"type":"Point","coordinates":[-97.744724,30.268895]}},{"type":"Feature","properties":{"ne_id":1159149279,"name":"Orlando","name_zh":"奥兰多","longitude":-81.381976,"latitude":28.511923,"wikidata_id":"Q49233","source_adm0_a3":"USA","source_adm1_name":"Florida","source_feature_class":"Populated place","source_scalerank":4,"source_pop_max":1350000,"source_id":"ne-ne_10m_populated_places"},"geometry":{"type":"Point","coordinates":[-81.381976,28.511923]}},{"type":"Feature","properties":{"ne_id":1159149289,"name":"Indianapolis","name_zh":"印第安纳波利斯","longitude":-86.171994,"latitude":39.751934,"wikidata_id":"Q6346","source_adm0_a3":"USA","source_adm1_name":"Indiana","source_feature_class":"Admin-1 capital","source_scalerank":4,"source_pop_max":1436000,"source_id":"ne-ne_10m_populated_places"},"geometry":{"type":"Point","coordinates":[-86.171994,39.751934]}},{"type":"Feature","properties":{"ne_id":1159149299,"name":"Baltimore","name_zh":"巴尔的摩","longitude":-76.614582,"latitude":39.281516,"wikidata_id":"Q5092","source_adm0_a3":"USA","source_adm1_name":"Maryland","source_feature_class":"Populated place","source_scalerank":4,"source_pop_max":2255000,"source_id":"ne-ne_10m_populated_places"},"geometry":{"type":"Point","coordinates":[-76.614582,39.281516]}},{"type":"Feature","properties":{"ne_id":1159149329,"name":"Dnipro","name_zh":"第聂伯罗","longitude":34.998078,"latitude":48.481918,"wikidata_id":"Q48256","source_adm0_a3":"UKR","source_adm1_name":"Dnipropetrovs'k","source_feature_class":"Admin-1 capital","source_scalerank":4,"source_pop_max":1050000,"source_id":"ne-ne_10m_populated_places"},"geometry":{"type":"Point","coordinates":[34.998078,48.481918]}},{"type":"Feature","properties":{"ne_id":1159149333,"name":"Kharkiv","name_zh":"哈尔科夫","longitude":36.248079,"latitude":50.001929,"wikidata_id":"Q42308","source_adm0_a3":"UKR","source_adm1_name":"Kharkiv","source_feature_class":"Admin-1 capital","source_scalerank":4,"source_pop_max":1461000,"source_id":"ne-ne_10m_populated_places"},"geometry":{"type":"Point","coordinates":[36.248079,50.001929]}},{"type":"Feature","properties":{"ne_id":1159149349,"name":"Haiphong","name_zh":"海防","longitude":106.678147,"latitude":20.831952,"wikidata_id":"Q72818","source_adm0_a3":"VNM","source_adm1_name":"Qu?ng Ninh","source_feature_class":"Admin-1 capital","source_scalerank":4,"source_pop_max":1969000,"source_id":"ne-ne_10m_populated_places"},"geometry":{"type":"Point","coordinates":[106.678147,20.831952]}},{"type":"Feature","properties":{"ne_id":1159149351,"name":"Da Nang","name_zh":"岘港","longitude":108.249971,"latitude":16.060039,"wikidata_id":"Q25282","source_adm0_a3":"VNM","source_adm1_name":"Ðà N?ng","source_feature_class":"Admin-1 capital","source_scalerank":4,"source_pop_max":1000000,"source_id":"ne-ne_10m_populated_places"},"geometry":{"type":"Point","coordinates":[108.249971,16.060039]}},{"type":"Feature","properties":{"ne_id":1159149365,"name":"Douala","name_zh":"杜阿拉","longitude":9.708045,"latitude":4.062356,"wikidata_id":"Q132830","source_adm0_a3":"CMR","source_adm1_name":"Littoral","source_feature_class":"Admin-1 capital","source_scalerank":4,"source_pop_max":1906000,"source_id":"ne-ne_10m_populated_places"},"geometry":{"type":"Point","coordinates":[9.708045,4.062356]}},{"type":"Feature","properties":{"ne_id":1159149367,"name":"Birmingham","name_zh":"伯明翰","longitude":-1.921943,"latitude":52.47692,"wikidata_id":"Q2256","source_adm0_a3":"GBR","source_adm1_name":"West Midlands","source_feature_class":"Populated place","source_scalerank":4,"source_pop_max":2285000,"source_id":"ne-ne_10m_populated_places"},"geometry":{"type":"Point","coordinates":[-1.921943,52.47692]}},{"type":"Feature","properties":{"ne_id":1159149371,"name":"İzmir","name_zh":"伊兹密尔","longitude":27.149848,"latitude":38.438096,"wikidata_id":"Q35997","source_adm0_a3":"TUR","source_adm1_name":"Izmir","source_feature_class":"Admin-1 capital","source_scalerank":4,"source_pop_max":2587000,"source_id":"ne-ne_10m_populated_places"},"geometry":{"type":"Point","coordinates":[27.149848,38.438096]}},{"type":"Feature","properties":{"ne_id":1159149373,"name":"Bursa","name_zh":"布尔萨","longitude":29.068052,"latitude":40.201933,"wikidata_id":"Q40738","source_adm0_a3":"TUR","source_adm1_name":"Bursa","source_feature_class":"Admin-1 capital","source_scalerank":4,"source_pop_max":1492000,"source_id":"ne-ne_10m_populated_places"},"geometry":{"type":"Point","coordinates":[29.068052,40.201933]}},{"type":"Feature","properties":{"ne_id":1159149381,"name":"Adana","name_zh":"阿达纳","longitude":35.318058,"latitude":36.996935,"wikidata_id":"Q38545","source_adm0_a3":"TUR","source_adm1_name":"Adana","source_feature_class":"Admin-1 capital","source_scalerank":4,"source_pop_max":1293000,"source_id":"ne-ne_10m_populated_places"},"geometry":{"type":"Point","coordinates":[35.318058,36.996935]}},{"type":"Feature","properties":{"ne_id":1159149443,"name":"Medina","name_zh":"麦地那","longitude":39.578057,"latitude":24.501935,"wikidata_id":"Q35484","source_adm0_a3":"SAU","source_adm1_name":"Al Madinah","source_feature_class":"Admin-1 capital","source_scalerank":4,"source_pop_max":1010000,"source_id":"ne-ne_10m_populated_places"},"geometry":{"type":"Point","coordinates":[39.578057,24.501935]}},{"type":"Feature","properties":{"ne_id":1159149453,"name":"Omdurman","name_zh":"恩图曼","longitude":32.480022,"latitude":15.616681,"wikidata_id":"Q180921","source_adm0_a3":"SDN","source_adm1_name":"Khartoum","source_feature_class":"Admin-1 capital","source_scalerank":4,"source_pop_max":2395159,"source_id":"ne-ne_10m_populated_places"},"geometry":{"type":"Point","coordinates":[32.480022,15.616681]}},{"type":"Feature","properties":{"ne_id":1159149457,"name":"The Hague","name_zh":"海牙","longitude":4.269961,"latitude":52.080037,"wikidata_id":"Q36600","source_adm0_a3":"NLD","source_adm1_name":"Zuid-Holland","source_feature_class":"Admin-0 capital alt","source_scalerank":4,"source_pop_max":1406000,"source_id":"ne-ne_10m_populated_places"},"geometry":{"type":"Point","coordinates":[4.269961,52.080037]}},{"type":"Feature","properties":{"ne_id":1159149469,"name":"Doha","name_zh":"多哈","longitude":51.532968,"latitude":25.286556,"wikidata_id":"Q3861","source_adm0_a3":"QAT","source_adm1_name":"Ad Dawhah","source_feature_class":"Admin-0 capital","source_scalerank":4,"source_pop_max":1450000,"source_id":"ne-ne_10m_populated_places"},"geometry":{"type":"Point","coordinates":[51.532968,25.286556]}},{"type":"Feature","properties":{"ne_id":1159149545,"name":"Rostov","name_zh":"顿河畔罗斯托夫","longitude":39.71071,"latitude":47.236594,"wikidata_id":"Q908","source_adm0_a3":"RUS","source_adm1_name":"Rostov","source_feature_class":"Admin-1 capital","source_scalerank":4,"source_pop_max":1052000,"source_id":"ne-ne_10m_populated_places"},"geometry":{"type":"Point","coordinates":[39.71071,47.236594]}},{"type":"Feature","properties":{"ne_id":1159149561,"name":"Chelyabinsk","name_zh":"车里雅宾斯克","longitude":61.436722,"latitude":55.156937,"wikidata_id":"Q906","source_adm0_a3":"RUS","source_adm1_name":"Chelyabinsk","source_feature_class":"Admin-1 capital","source_scalerank":4,"source_pop_max":1091000,"source_id":"ne-ne_10m_populated_places"},"geometry":{"type":"Point","coordinates":[61.436722,55.156937]}},{"type":"Feature","properties":{"ne_id":1159149579,"name":"Omsk","name_zh":"鄂木斯克","longitude":73.398008,"latitude":54.991934,"wikidata_id":"Q898","source_adm0_a3":"RUS","source_adm1_name":"Omsk","source_feature_class":"Admin-1 capital","source_scalerank":4,"source_pop_max":1135000,"source_id":"ne-ne_10m_populated_places"},"geometry":{"type":"Point","coordinates":[73.398008,54.991934]}},{"type":"Feature","properties":{"ne_id":1159149595,"name":"Daejeon","name_zh":"大田广域","longitude":127.423082,"latitude":36.337491,"wikidata_id":"Q20921","source_adm0_a3":"KOR","source_adm1_name":"Daejeon","source_feature_class":"Admin-1 capital","source_scalerank":4,"source_pop_max":1468000,"source_id":"ne-ne_10m_populated_places"},"geometry":{"type":"Point","coordinates":[127.423082,36.337491]}},{"type":"Feature","properties":{"ne_id":1159149597,"name":"Gwangju","name_zh":"光州广域","longitude":126.908488,"latitude":35.172911,"wikidata_id":"Q41283","source_adm0_a3":"KOR","source_adm1_name":"Kwangju-gwangyoksi","source_feature_class":"Admin-1 capital","source_scalerank":4,"source_pop_max":1440000,"source_id":"ne-ne_10m_populated_places"},"geometry":{"type":"Point","coordinates":[126.908488,35.172911]}},{"type":"Feature","properties":{"ne_id":1159149599,"name":"Busan","name_zh":"釜山","longitude":129.008102,"latitude":35.096999,"wikidata_id":"Q16520","source_adm0_a3":"KOR","source_adm1_name":"Busan","source_feature_class":"Admin-1 capital","source_scalerank":4,"source_pop_max":3480000,"source_id":"ne-ne_10m_populated_places"},"geometry":{"type":"Point","coordinates":[129.008102,35.096999]}},{"type":"Feature","properties":{"ne_id":1159149665,"name":"Torreón","name_zh":"托雷翁","longitude":-103.421949,"latitude":25.571999,"wikidata_id":"Q386991","source_adm0_a3":"MEX","source_adm1_name":"Coahuila","source_feature_class":"Populated place","source_scalerank":4,"source_pop_max":1144000,"source_id":"ne-ne_10m_populated_places"},"geometry":{"type":"Point","coordinates":[-103.421949,25.571999]}},{"type":"Feature","properties":{"ne_id":1159149689,"name":"León","name_zh":"莱昂","longitude":-101.701976,"latitude":21.151933,"wikidata_id":"Q189128","source_adm0_a3":"MEX","source_adm1_name":"Guanajuato","source_feature_class":"Populated place","source_scalerank":4,"source_pop_max":1488000,"source_id":"ne-ne_10m_populated_places"},"geometry":{"type":"Point","coordinates":[-101.701976,21.151933]}},{"type":"Feature","properties":{"ne_id":1159149693,"name":"Port Harcourt","name_zh":"哈科特港","longitude":7.008055,"latitude":4.811948,"wikidata_id":"Q217432","source_adm0_a3":"NGA","source_adm1_name":"Rivers","source_feature_class":"Admin-1 capital","source_scalerank":4,"source_pop_max":1020000,"source_id":"ne-ne_10m_populated_places"},"geometry":{"type":"Point","coordinates":[7.008055,4.811948]}},{"type":"Feature","properties":{"ne_id":1159149697,"name":"Ibadan","name_zh":"伊巴丹","longitude":3.928036,"latitude":7.381972,"wikidata_id":"Q183298","source_adm0_a3":"NGA","source_adm1_name":"Oyo","source_feature_class":"Admin-1 capital","source_scalerank":4,"source_pop_max":2628000,"source_id":"ne-ne_10m_populated_places"},"geometry":{"type":"Point","coordinates":[3.928036,7.381972]}},{"type":"Feature","properties":{"ne_id":1159149705,"name":"Kaduna","name_zh":"卡杜纳","longitude":7.438054,"latitude":10.521961,"wikidata_id":"Q208318","source_adm0_a3":"NGA","source_adm1_name":"Kaduna","source_feature_class":"Admin-1 capital","source_scalerank":4,"source_pop_max":1442000,"source_id":"ne-ne_10m_populated_places"},"geometry":{"type":"Point","coordinates":[7.438054,10.521961]}},{"type":"Feature","properties":{"ne_id":1159149751,"name":"Florence","name_zh":"佛罗伦萨","longitude":11.25,"latitude":43.780001,"wikidata_id":"Q2044","source_adm0_a3":"ITA","source_adm1_name":"Toscana","source_feature_class":"Admin-1 region capital","source_scalerank":4,"source_pop_max":1500000,"source_id":"ne-ne_10m_populated_places"},"geometry":{"type":"Point","coordinates":[11.25,43.780001]}},{"type":"Feature","properties":{"ne_id":1159149765,"name":"George Town","name_zh":"乔治","longitude":100.329368,"latitude":5.413613,"wikidata_id":"Q61092","source_adm0_a3":"MYS","source_adm1_name":"Pulau Pinang","source_feature_class":"Admin-1 capital","source_scalerank":4,"source_pop_max":2500000,"source_id":"ne-ne_10m_populated_places"},"geometry":{"type":"Point","coordinates":[100.329368,5.413613]}},{"type":"Feature","properties":{"ne_id":1159149775,"name":"Tianshui","name_zh":"天水","longitude":105.918038,"latitude":34.601964,"wikidata_id":"Q533157","source_adm0_a3":"CHN","source_adm1_name":"Gansu","source_feature_class":"Populated place","source_scalerank":4,"source_pop_max":1225000,"source_id":"ne-ne_10m_populated_places"},"geometry":{"type":"Point","coordinates":[105.918038,34.601964]}},{"type":"Feature","properties":{"ne_id":1159149781,"name":"Yulin","name_zh":"玉林","longitude":110.148064,"latitude":22.63192,"wikidata_id":"Q571918","source_adm0_a3":"CHN","source_adm1_name":"Guangxi","source_feature_class":"Populated place","source_scalerank":4,"source_pop_max":1127000,"source_id":"ne-ne_10m_populated_places"},"geometry":{"type":"Point","coordinates":[110.148064,22.63192]}},{"type":"Feature","properties":{"ne_id":1159149787,"name":"Liupanshui","name_zh":"六盘水","longitude":104.831386,"latitude":26.596381,"wikidata_id":"Q485918","source_adm0_a3":"CHN","source_adm1_name":"Guizhou","source_feature_class":"Populated place","source_scalerank":4,"source_pop_max":1221000,"source_id":"ne-ne_10m_populated_places"},"geometry":{"type":"Point","coordinates":[104.831386,26.596381]}},{"type":"Feature","properties":{"ne_id":1159149791,"name":"Quanzhou","name_zh":"泉州","longitude":118.578041,"latitude":24.901962,"wikidata_id":"Q68695","source_adm0_a3":"CHN","source_adm1_name":"Fujian","source_feature_class":"Populated place","source_scalerank":4,"source_pop_max":1463000,"source_id":"ne-ne_10m_populated_places"},"geometry":{"type":"Point","coordinates":[118.578041,24.901962]}},{"type":"Feature","properties":{"ne_id":1159149793,"name":"Hefei","name_zh":"合肥","longitude":117.278068,"latitude":31.851977,"wikidata_id":"Q185684","source_adm0_a3":"CHN","source_adm1_name":"Anhui","source_feature_class":"Admin-1 capital","source_scalerank":4,"source_pop_max":2035000,"source_id":"ne-ne_10m_populated_places"},"geometry":{"type":"Point","coordinates":[117.278068,31.851977]}},{"type":"Feature","properties":{"ne_id":1159149795,"name":"Suzhou","name_zh":"宿州","longitude":116.976943,"latitude":33.638057,"wikidata_id":"Q360643","source_adm0_a3":"CHN","source_adm1_name":"Anhui","source_feature_class":"Populated place","source_scalerank":4,"source_pop_max":1964000,"source_id":"ne-ne_10m_populated_places"},"geometry":{"type":"Point","coordinates":[116.976943,33.638057]}},{"type":"Feature","properties":{"ne_id":1159149797,"name":"Zhanjiang","name_zh":"湛江","longitude":110.378076,"latitude":21.20193,"wikidata_id":"Q59144","source_adm0_a3":"CHN","source_adm1_name":"Guangdong","source_feature_class":"Populated place","source_scalerank":4,"source_pop_max":1590000,"source_id":"ne-ne_10m_populated_places"},"geometry":{"type":"Point","coordinates":[110.378076,21.20193]}},{"type":"Feature","properties":{"ne_id":1159149837,"name":"Santiago","name_zh":"聖地牙哥","longitude":-70.670012,"latitude":19.50001,"wikidata_id":"Q42763","source_adm0_a3":"DOM","source_adm1_name":"Santiago","source_feature_class":"Admin-1 capital","source_scalerank":4,"source_pop_max":1550753,"source_id":"ne-ne_10m_populated_places"},"geometry":{"type":"Point","coordinates":[-70.670012,19.50001]}},{"type":"Feature","properties":{"ne_id":1159149845,"name":"Barranquilla","name_zh":"巴兰基亚","longitude":-74.801913,"latitude":10.961934,"wikidata_id":"Q62823","source_adm0_a3":"COL","source_adm1_name":"Atlántico","source_feature_class":"Admin-1 capital","source_scalerank":4,"source_pop_max":1798000,"source_id":"ne-ne_10m_populated_places"},"geometry":{"type":"Point","coordinates":[-74.801913,10.961934]}},{"type":"Feature","properties":{"ne_id":1159149889,"name":"Ankang","name_zh":"安康","longitude":109.020002,"latitude":32.679981,"wikidata_id":"Q515846","source_adm0_a3":"CHN","source_adm1_name":"Shaanxi","source_feature_class":"Populated place","source_scalerank":4,"source_pop_max":1100000,"source_id":"ne-ne_10m_populated_places"},"geometry":{"type":"Point","coordinates":[109.020002,32.679981]}},{"type":"Feature","properties":{"ne_id":1159149895,"name":"Hengyang","name_zh":"衡阳","longitude":112.58807,"latitude":26.881971,"wikidata_id":"Q144663","source_adm0_a3":"CHN","source_adm1_name":"Hunan","source_feature_class":"Populated place","source_scalerank":4,"source_pop_max":1016000,"source_id":"ne-ne_10m_populated_places"},"geometry":{"type":"Point","coordinates":[112.58807,26.881971]}},{"type":"Feature","properties":{"ne_id":1159149899,"name":"Mianyang","name_zh":"绵阳","longitude":104.689993,"latitude":31.464828,"wikidata_id":"Q426130","source_adm0_a3":"CHN","source_adm1_name":"Sichuan","source_feature_class":"Populated place","source_scalerank":4,"source_pop_max":1396000,"source_id":"ne-ne_10m_populated_places"},"geometry":{"type":"Point","coordinates":[104.689993,31.464828]}},{"type":"Feature","properties":{"ne_id":1159149903,"name":"Baoshan","name_zh":"保山","longitude":99.15001,"latitude":25.119977,"wikidata_id":"Q496576","source_adm0_a3":"CHN","source_adm1_name":"Yunnan","source_feature_class":"Populated place","source_scalerank":4,"source_pop_max":1000000,"source_id":"ne-ne_10m_populated_places"},"geometry":{"type":"Point","coordinates":[99.15001,25.119977]}},{"type":"Feature","properties":{"ne_id":1159149907,"name":"Shijiazhuang","name_zh":"石家庄","longitude":114.478032,"latitude":38.05196,"wikidata_id":"Q58401","source_adm0_a3":"CHN","source_adm1_name":"Hebei","source_feature_class":"Admin-1 capital","source_scalerank":4,"source_pop_max":2417000,"source_id":"ne-ne_10m_populated_places"},"geometry":{"type":"Point","coordinates":[114.478032,38.05196]}},{"type":"Feature","properties":{"ne_id":1159149909,"name":"Handan","name_zh":"邯郸","longitude":114.478032,"latitude":36.581921,"wikidata_id":"Q58570","source_adm0_a3":"CHN","source_adm1_name":"Hebei","source_feature_class":"Populated place","source_scalerank":4,"source_pop_max":1631000,"source_id":"ne-ne_10m_populated_places"},"geometry":{"type":"Point","coordinates":[114.478032,36.581921]}},{"type":"Feature","properties":{"ne_id":1159149911,"name":"Anshan","name_zh":"鞍山","longitude":122.938085,"latitude":41.116967,"wikidata_id":"Q74957","source_adm0_a3":"CHN","source_adm1_name":"Liaoning","source_feature_class":"Populated place","source_scalerank":4,"source_pop_max":1639000,"source_id":"ne-ne_10m_populated_places"},"geometry":{"type":"Point","coordinates":[122.938085,41.116967]}},{"type":"Feature","properties":{"ne_id":1159149913,"name":"Dalian","name_zh":"大连","longitude":121.627885,"latitude":38.924784,"wikidata_id":"Q74881","source_adm0_a3":"CHN","source_adm1_name":"Liaoning","source_feature_class":"Populated place","source_scalerank":4,"source_pop_max":3167000,"source_id":"ne-ne_10m_populated_places"},"geometry":{"type":"Point","coordinates":[121.627885,38.924784]}},{"type":"Feature","properties":{"ne_id":1159149917,"name":"Qingdao","name_zh":"青岛","longitude":120.328063,"latitude":36.091925,"wikidata_id":"Q170322","source_adm0_a3":"CHN","source_adm1_name":"Shandong","source_feature_class":"Populated place","source_scalerank":4,"source_pop_max":2866000,"source_id":"ne-ne_10m_populated_places"},"geometry":{"type":"Point","coordinates":[120.328063,36.091925]}},{"type":"Feature","properties":{"ne_id":1159149919,"name":"Linyi","name_zh":"临沂","longitude":118.32803,"latitude":35.081935,"wikidata_id":"Q373346","source_adm0_a3":"CHN","source_adm1_name":"Shandong","source_feature_class":"Populated place","source_scalerank":4,"source_pop_max":2082000,"source_id":"ne-ne_10m_populated_places"},"geometry":{"type":"Point","coordinates":[118.32803,35.081935]}},{"type":"Feature","properties":{"ne_id":1159149921,"name":"Huaiyin","name_zh":"淮安","longitude":119.065967,"latitude":33.585165,"wikidata_id":"Q57818","source_adm0_a3":"CHN","source_adm1_name":"Jiangsu","source_feature_class":"Populated place","source_scalerank":4,"source_pop_max":1264000,"source_id":"ne-ne_10m_populated_places"},"geometry":{"type":"Point","coordinates":[119.065967,33.585165]}},{"type":"Feature","properties":{"ne_id":1159149923,"name":"Wenzhou","name_zh":"温州","longitude":120.648147,"latitude":28.021927,"wikidata_id":"Q42635","source_adm0_a3":"CHN","source_adm1_name":"Zhejiang","source_feature_class":"Populated place","source_scalerank":4,"source_pop_max":2350000,"source_id":"ne-ne_10m_populated_places"},"geometry":{"type":"Point","coordinates":[120.648147,28.021927]}},{"type":"Feature","properties":{"ne_id":1159149925,"name":"Ningbo","name_zh":"宁波","longitude":121.548092,"latitude":29.881917,"wikidata_id":"Q42780","source_adm0_a3":"CHN","source_adm1_name":"Zhejiang","source_feature_class":"Populated place","source_scalerank":4,"source_pop_max":1923000,"source_id":"ne-ne_10m_populated_places"},"geometry":{"type":"Point","coordinates":[121.548092,29.881917]}},{"type":"Feature","properties":{"ne_id":1159149927,"name":"Fukuoka","name_zh":"福冈","longitude":130.408068,"latitude":33.596961,"wikidata_id":"Q26600","source_adm0_a3":"JPN","source_adm1_name":"Fukuoka","source_feature_class":"Admin-1 region capital","source_scalerank":4,"source_pop_max":2792000,"source_id":"ne-ne_10m_populated_places"},"geometry":{"type":"Point","coordinates":[130.408068,33.596961]}},{"type":"Feature","properties":{"ne_id":1159149941,"name":"Hohhot","name_zh":"呼和浩特","longitude":111.65805,"latitude":40.821921,"wikidata_id":"Q535534","source_adm0_a3":"CHN","source_adm1_name":"Nei Mongol","source_feature_class":"Admin-1 capital","source_scalerank":4,"source_pop_max":1726000,"source_id":"ne-ne_10m_populated_places"},"geometry":{"type":"Point","coordinates":[111.65805,40.821921]}},{"type":"Feature","properties":{"ne_id":1159149943,"name":"Chifeng","name_zh":"赤峰","longitude":118.948044,"latitude":42.271961,"wikidata_id":"Q570829","source_adm0_a3":"CHN","source_adm1_name":"Nei Mongol","source_feature_class":"Populated place","source_scalerank":4,"source_pop_max":1277000,"source_id":"ne-ne_10m_populated_places"},"geometry":{"type":"Point","coordinates":[118.948044,42.271961]}},{"type":"Feature","properties":{"ne_id":1159149949,"name":"Jiamusi","name_zh":"佳木斯","longitude":130.348072,"latitude":46.831967,"wikidata_id":"Q29003","source_adm0_a3":"CHN","source_adm1_name":"Heilongjiang","source_feature_class":"Populated place","source_scalerank":4,"source_pop_max":1020000,"source_id":"ne-ne_10m_populated_places"},"geometry":{"type":"Point","coordinates":[130.348072,46.831967]}},{"type":"Feature","properties":{"ne_id":1159149955,"name":"Daqing","name_zh":"大庆","longitude":124.998062,"latitude":46.581905,"wikidata_id":"Q304848","source_adm0_a3":"CHN","source_adm1_name":"Heilongjiang","source_feature_class":"Populated place","source_scalerank":4,"source_pop_max":1693000,"source_id":"ne-ne_10m_populated_places"},"geometry":{"type":"Point","coordinates":[124.998062,46.581905]}},{"type":"Feature","properties":{"ne_id":1159149959,"name":"Nagoya","name_zh":"名古屋","longitude":136.913046,"latitude":35.156943,"wikidata_id":"Q11751","source_adm0_a3":"JPN","source_adm1_name":"Aichi","source_feature_class":"Admin-1 region capital","source_scalerank":4,"source_pop_max":3230000,"source_id":"ne-ne_10m_populated_places"},"geometry":{"type":"Point","coordinates":[136.913046,35.156943]}},{"type":"Feature","properties":{"ne_id":1159149967,"name":"Kyoto","name_zh":"京都","longitude":135.748052,"latitude":35.031938,"wikidata_id":"Q34600","source_adm0_a3":"JPN","source_adm1_name":"Kyoto","source_feature_class":"Admin-0 capital alt","source_scalerank":4,"source_pop_max":1805000,"source_id":"ne-ne_10m_populated_places"},"geometry":{"type":"Point","coordinates":[135.748052,35.031938]}},{"type":"Feature","properties":{"ne_id":1159149971,"name":"Sendai","name_zh":"仙台","longitude":140.869667,"latitude":38.268441,"wikidata_id":"Q46747","source_adm0_a3":"JPN","source_adm1_name":"Miyagi","source_feature_class":"Admin-1 region capital","source_scalerank":4,"source_pop_max":2250000,"source_id":"ne-ne_10m_populated_places"},"geometry":{"type":"Point","coordinates":[140.869667,38.268441]}},{"type":"Feature","properties":{"ne_id":1159149981,"name":"Mbuji-Mayi","name_zh":"姆布吉马伊","longitude":23.59805,"latitude":-6.148081,"wikidata_id":"Q319660","source_adm0_a3":"COD","source_adm1_name":"Kasaï-Oriental","source_feature_class":"Admin-1 capital","source_scalerank":4,"source_pop_max":1295000,"source_id":"ne-ne_10m_populated_places"},"geometry":{"type":"Point","coordinates":[23.59805,-6.148081]}},{"type":"Feature","properties":{"ne_id":1159149999,"name":"Faridabad","name_zh":"法里达巴德","longitude":77.314721,"latitude":28.435279,"wikidata_id":"Q200663","source_adm0_a3":"IND","source_adm1_name":"Haryana","source_feature_class":"Populated place","source_scalerank":4,"source_pop_max":1394000,"source_id":"ne-ne_10m_populated_places"},"geometry":{"type":"Point","coordinates":[77.314721,28.435279]}},{"type":"Feature","properties":{"ne_id":1159150001,"name":"Srinagar","name_zh":"斯利那加","longitude":74.828309,"latitude":34.069474,"wikidata_id":"Q170115","source_adm0_a3":"IND","source_adm1_name":"Jammu and Kashmir","source_feature_class":"Admin-1 capital","source_scalerank":4,"source_pop_max":1140000,"source_id":"ne-ne_10m_populated_places"},"geometry":{"type":"Point","coordinates":[74.828309,34.069474]}},{"type":"Feature","properties":{"ne_id":1159150003,"name":"Vijayawada","name_zh":"维杰亚瓦达","longitude":80.628057,"latitude":16.521905,"wikidata_id":"Q200017","source_adm0_a3":"IND","source_adm1_name":"Andhra Pradesh","source_feature_class":"Populated place","source_scalerank":4,"source_pop_max":1137000,"source_id":"ne-ne_10m_populated_places"},"geometry":{"type":"Point","coordinates":[80.628057,16.521905]}},{"type":"Feature","properties":{"ne_id":1159150009,"name":"Kochi","name_zh":"戈奇","longitude":76.22197,"latitude":10.016953,"wikidata_id":"Q1800","source_adm0_a3":"IND","source_adm1_name":"Kerala","source_feature_class":"Populated place","source_scalerank":4,"source_pop_max":1519000,"source_id":"ne-ne_10m_populated_places"},"geometry":{"type":"Point","coordinates":[76.22197,10.016953]}},{"type":"Feature","properties":{"ne_id":1159150037,"name":"Marseille","name_zh":"马赛","longitude":5.373064,"latitude":43.291925,"wikidata_id":"Q23482","source_adm0_a3":"FRA","source_adm1_name":"Provence-Alpes-Côte-d'Azur","source_feature_class":"Admin-1 region capital","source_scalerank":4,"source_pop_max":1400000,"source_id":"ne-ne_10m_populated_places"},"geometry":{"type":"Point","coordinates":[5.373064,43.291925]}},{"type":"Feature","properties":{"ne_id":1159150087,"name":"Mosul","name_zh":"摩苏尔","longitude":43.143059,"latitude":36.346948,"wikidata_id":"Q83317","source_adm0_a3":"IRQ","source_adm1_name":"Ninawa","source_feature_class":"Admin-1 capital","source_scalerank":4,"source_pop_max":1316000,"source_id":"ne-ne_10m_populated_places"},"geometry":{"type":"Point","coordinates":[43.143059,36.346948]}},{"type":"Feature","properties":{"ne_id":1159150135,"name":"Tabriz","name_zh":"大不里士","longitude":46.2993,"latitude":38.088237,"wikidata_id":"Q80053","source_adm0_a3":"IRN","source_adm1_name":"East Azarbaijan","source_feature_class":"Admin-1 capital","source_scalerank":4,"source_pop_max":1413000,"source_id":"ne-ne_10m_populated_places"},"geometry":{"type":"Point","coordinates":[46.2993,38.088237]}},{"type":"Feature","properties":{"ne_id":1159150137,"name":"Ludhiana","name_zh":"卢迪亚纳","longitude":75.870312,"latitude":30.929708,"wikidata_id":"Q200123","source_adm0_a3":"IND","source_adm1_name":"Punjab","source_feature_class":"Populated place","source_scalerank":4,"source_pop_max":1649000,"source_id":"ne-ne_10m_populated_places"},"geometry":{"type":"Point","coordinates":[75.870312,30.929708]}},{"type":"Feature","properties":{"ne_id":1159150147,"name":"Lucknow","name_zh":"勒克瑙","longitude":80.913053,"latitude":26.856985,"wikidata_id":"Q47916","source_adm0_a3":"IND","source_adm1_name":"Uttar Pradesh","source_feature_class":"Admin-1 capital","source_scalerank":4,"source_pop_max":2695000,"source_id":"ne-ne_10m_populated_places"},"geometry":{"type":"Point","coordinates":[80.913053,26.856985]}},{"type":"Feature","properties":{"ne_id":1159150153,"name":"Ranchi","name_zh":"兰契","longitude":85.32808,"latitude":23.371952,"wikidata_id":"Q174461","source_adm0_a3":"IND","source_adm1_name":"Jharkhand","source_feature_class":"Admin-1 capital","source_scalerank":4,"source_pop_max":1044000,"source_id":"ne-ne_10m_populated_places"},"geometry":{"type":"Point","coordinates":[85.32808,23.371952]}},{"type":"Feature","properties":{"ne_id":1159150159,"name":"Jabalpur","name_zh":"贾巴尔普尔","longitude":79.953112,"latitude":23.177003,"wikidata_id":"Q200878","source_adm0_a3":"IND","source_adm1_name":"Madhya Pradesh","source_feature_class":"Populated place","source_scalerank":4,"source_pop_max":1285000,"source_id":"ne-ne_10m_populated_places"},"geometry":{"type":"Point","coordinates":[79.953112,23.177003]}},{"type":"Feature","properties":{"ne_id":1159150161,"name":"Indore","name_zh":"因多尔","longitude":75.863077,"latitude":22.717005,"wikidata_id":"Q66616","source_adm0_a3":"IND","source_adm1_name":"Madhya Pradesh","source_feature_class":"Populated place","source_scalerank":4,"source_pop_max":2026000,"source_id":"ne-ne_10m_populated_places"},"geometry":{"type":"Point","coordinates":[75.863077,22.717005]}},{"type":"Feature","properties":{"ne_id":1159150183,"name":"São Luís","name_zh":"圣路易斯","longitude":-44.267937,"latitude":-2.514039,"wikidata_id":"Q28441","source_adm0_a3":"BRA","source_adm1_name":"Maranhão","source_feature_class":"Admin-1 capital","source_scalerank":4,"source_pop_max":1038000,"source_id":"ne-ne_10m_populated_places"},"geometry":{"type":"Point","coordinates":[-44.267937,-2.514039]}},{"type":"Feature","properties":{"ne_id":1159150193,"name":"Belo Horizonte","name_zh":"贝洛奥里藏特","longitude":-43.91695,"latitude":-19.91308,"wikidata_id":"Q42800","source_adm0_a3":"BRA","source_adm1_name":"Minas Gerais","source_feature_class":"Admin-1 capital","source_scalerank":4,"source_pop_max":5575000,"source_id":"ne-ne_10m_populated_places"},"geometry":{"type":"Point","coordinates":[-43.91695,-19.91308]}},{"type":"Feature","properties":{"ne_id":1159150215,"name":"Maceió","name_zh":"马塞约","longitude":-35.73192,"latitude":-9.61805,"wikidata_id":"Q168888","source_adm0_a3":"BRA","source_adm1_name":"Alagoas","source_feature_class":"Admin-1 capital","source_scalerank":4,"source_pop_max":1186000,"source_id":"ne-ne_10m_populated_places"},"geometry":{"type":"Point","coordinates":[-35.73192,-9.61805]}},{"type":"Feature","properties":{"ne_id":1159150223,"name":"Vila Velha","name_zh":"韦利亚镇","longitude":-40.290233,"latitude":-20.338046,"wikidata_id":"Q334197","source_adm0_a3":"BRA","source_adm1_name":"Espírito Santo","source_feature_class":"Populated place","source_scalerank":4,"source_pop_max":1209091,"source_id":"ne-ne_10m_populated_places"},"geometry":{"type":"Point","coordinates":[-40.290233,-20.338046]}},{"type":"Feature","properties":{"ne_id":1159150225,"name":"Natal","name_zh":"纳塔尔","longitude":-35.24195,"latitude":-5.778077,"wikidata_id":"Q131620","source_adm0_a3":"BRA","source_adm1_name":"Rio Grande do Norte","source_feature_class":"Admin-1 capital","source_scalerank":4,"source_pop_max":1088000,"source_id":"ne-ne_10m_populated_places"},"geometry":{"type":"Point","coordinates":[-35.24195,-5.778077]}},{"type":"Feature","properties":{"ne_id":1159150303,"name":"Rosario","name_zh":"罗萨里奥","longitude":-60.668253,"latitude":-32.949184,"wikidata_id":"Q52535","source_adm0_a3":"ARG","source_adm1_name":"Santa Fe","source_feature_class":"Populated place","source_scalerank":4,"source_pop_max":1203000,"source_id":"ne-ne_10m_populated_places"},"geometry":{"type":"Point","coordinates":[-60.668253,-32.949184]}},{"type":"Feature","properties":{"ne_id":1159150305,"name":"Campinas","name_zh":"坎皮纳斯","longitude":-47.055885,"latitude":-22.907898,"wikidata_id":"Q171617","source_adm0_a3":"BRA","source_adm1_name":"São Paulo","source_feature_class":"Populated place","source_scalerank":4,"source_pop_max":2791000,"source_id":"ne-ne_10m_populated_places"},"geometry":{"type":"Point","coordinates":[-47.055885,-22.907898]}},{"type":"Feature","properties":{"ne_id":1159150353,"name":"Khulna","name_zh":"库尔纳","longitude":89.558055,"latitude":22.841933,"wikidata_id":"Q243325","source_adm0_a3":"BGD","source_adm1_name":"Khulna","source_feature_class":"Admin-1 capital","source_scalerank":4,"source_pop_max":1553000,"source_id":"ne-ne_10m_populated_places"},"geometry":{"type":"Point","coordinates":[89.558055,22.841933]}},{"type":"Feature","properties":{"ne_id":1159150423,"name":"Mandalay","name_zh":"曼德勒","longitude":96.083083,"latitude":21.971934,"wikidata_id":"Q185518","source_adm0_a3":"MMR","source_adm1_name":"Mandalay","source_feature_class":"Admin-1 capital","source_scalerank":4,"source_pop_max":1300000,"source_id":"ne-ne_10m_populated_places"},"geometry":{"type":"Point","coordinates":[96.083083,21.971934]}},{"type":"Feature","properties":{"ne_id":1159150461,"name":"Taichung","name_zh":"台中","longitude":120.681667,"latitude":24.152078,"wikidata_id":"Q245023","source_adm0_a3":"TWN","source_adm1_name":"Taichung City","source_feature_class":"Admin-1 capital","source_scalerank":4,"source_pop_max":2629323,"source_id":"ne-ne_10m_populated_places"},"geometry":{"type":"Point","coordinates":[120.681667,24.152078]}},{"type":"Feature","properties":{"ne_id":1159150463,"name":"Kozhikode","name_zh":"科兹科德","longitude":75.768044,"latitude":11.252382,"wikidata_id":"Q28729","source_adm0_a3":"IND","source_adm1_name":"Kerala","source_feature_class":"Populated place","source_scalerank":3,"source_pop_max":953000,"source_id":"ne-ne_10m_populated_places"},"geometry":{"type":"Point","coordinates":[75.768044,11.252382]}},{"type":"Feature","properties":{"ne_id":1159150465,"name":"Bhubaneswar","name_zh":"布巴内什瓦尔","longitude":85.825414,"latitude":20.272374,"wikidata_id":"Q171771","source_adm0_a3":"IND","source_adm1_name":"Orissa","source_feature_class":"Admin-1 capital","source_scalerank":3,"source_pop_max":844000,"source_id":"ne-ne_10m_populated_places"},"geometry":{"type":"Point","coordinates":[85.825414,20.272374]}},{"type":"Feature","properties":{"ne_id":1159150467,"name":"Jamshedpur","name_zh":"贾姆谢德布尔","longitude":86.195573,"latitude":22.789481,"wikidata_id":"Q200054","source_adm0_a3":"IND","source_adm1_name":"Jharkhand","source_feature_class":"Populated place","source_scalerank":3,"source_pop_max":1300000,"source_id":"ne-ne_10m_populated_places"},"geometry":{"type":"Point","coordinates":[86.195573,22.789481]}},{"type":"Feature","properties":{"ne_id":1159150469,"name":"Montevideo","name_zh":"蒙得维的亚","longitude":-56.186823,"latitude":-34.905376,"wikidata_id":"Q1335","source_adm0_a3":"URY","source_adm1_name":"Montevideo","source_feature_class":"Admin-0 capital","source_scalerank":3,"source_pop_max":1513000,"source_id":"ne-ne_10m_populated_places"},"geometry":{"type":"Point","coordinates":[-56.186823,-34.905376]}},{"type":"Feature","properties":{"ne_id":1159150471,"name":"Helena","name_zh":"赫勒拿","longitude":-112.035291,"latitude":46.592749,"wikidata_id":"Q38733","source_adm0_a3":"USA","source_adm1_name":"Montana","source_feature_class":"Admin-1 capital","source_scalerank":3,"source_pop_max":38725,"source_id":"ne-ne_10m_populated_places"},"geometry":{"type":"Point","coordinates":[-112.035291,46.592749]}},{"type":"Feature","properties":{"ne_id":1159150475,"name":"Bismarck","name_zh":"俾斯麦","longitude":-100.783316,"latitude":46.808317,"wikidata_id":"Q37066","source_adm0_a3":"USA","source_adm1_name":"North Dakota","source_feature_class":"Admin-1 capital","source_scalerank":3,"source_pop_max":63871,"source_id":"ne-ne_10m_populated_places"},"geometry":{"type":"Point","coordinates":[-100.783316,46.808317]}},{"type":"Feature","properties":{"ne_id":1159150477,"name":"Boise","name_zh":"博伊西","longitude":-116.22749,"latitude":43.60859,"wikidata_id":"Q35775","source_adm0_a3":"USA","source_adm1_name":"Idaho","source_feature_class":"Admin-1 capital","source_scalerank":3,"source_pop_max":338071,"source_id":"ne-ne_10m_populated_places"},"geometry":{"type":"Point","coordinates":[-116.22749,43.60859]}},{"type":"Feature","properties":{"ne_id":1159150479,"name":"San Jose","name_zh":"圣何塞","longitude":-121.888179,"latitude":37.330943,"wikidata_id":"Q16553","source_adm0_a3":"USA","source_adm1_name":"California","source_feature_class":"Populated place","source_scalerank":3,"source_pop_max":1668000,"source_id":"ne-ne_10m_populated_places"},"geometry":{"type":"Point","coordinates":[-121.888179,37.330943]}},{"type":"Feature","properties":{"ne_id":1159150481,"name":"Sacramento","name_zh":"沙加缅度","longitude":-121.471984,"latitude":38.576967,"wikidata_id":"Q18013","source_adm0_a3":"USA","source_adm1_name":"California","source_feature_class":"Admin-1 capital","source_scalerank":3,"source_pop_max":1604000,"source_id":"ne-ne_10m_populated_places"},"geometry":{"type":"Point","coordinates":[-121.471984,38.576967]}},{"type":"Feature","properties":{"ne_id":1159150483,"name":"Las Vegas","name_zh":"拉斯维加斯","longitude":-115.151362,"latitude":36.164763,"wikidata_id":"Q23768","source_adm0_a3":"USA","source_adm1_name":"Nevada","source_feature_class":"Populated place","source_scalerank":3,"source_pop_max":1823000,"source_id":"ne-ne_10m_populated_places"},"geometry":{"type":"Point","coordinates":[-115.151362,36.164763]}},{"type":"Feature","properties":{"ne_id":1159150485,"name":"Santa Fe","name_zh":"圣菲","longitude":-105.937239,"latitude":35.686929,"wikidata_id":"Q38555","source_adm0_a3":"USA","source_adm1_name":"New Mexico","source_feature_class":"Admin-1 capital","source_scalerank":3,"source_pop_max":92681,"source_id":"ne-ne_10m_populated_places"},"geometry":{"type":"Point","coordinates":[-105.937239,35.686929]}},{"type":"Feature","properties":{"ne_id":1159150487,"name":"Portland","name_zh":"波特兰","longitude":-122.681936,"latitude":45.52197,"wikidata_id":"Q6106","source_adm0_a3":"USA","source_adm1_name":"Oregon","source_feature_class":"Populated place","source_scalerank":3,"source_pop_max":1875000,"source_id":"ne-ne_10m_populated_places"},"geometry":{"type":"Point","coordinates":[-122.681936,45.52197]}},{"type":"Feature","properties":{"ne_id":1159150489,"name":"Salt Lake City","name_zh":"盐湖城","longitude":-111.931998,"latitude":40.776962,"wikidata_id":"Q23337","source_adm0_a3":"USA","source_adm1_name":"Utah","source_feature_class":"Admin-1 capital","source_scalerank":3,"source_pop_max":966000,"source_id":"ne-ne_10m_populated_places"},"geometry":{"type":"Point","coordinates":[-111.931998,40.776962]}},{"type":"Feature","properties":{"ne_id":1159150493,"name":"Cheyenne","name_zh":"夏延","longitude":-104.819711,"latitude":41.140007,"wikidata_id":"Q39042","source_adm0_a3":"USA","source_adm1_name":"Wyoming","source_feature_class":"Admin-1 capital","source_scalerank":3,"source_pop_max":72927,"source_id":"ne-ne_10m_populated_places"},"geometry":{"type":"Point","coordinates":[-104.819711,41.140007]}},{"type":"Feature","properties":{"ne_id":1159150495,"name":"Des Moines","name_zh":"德梅因","longitude":-93.619981,"latitude":41.57998,"wikidata_id":"Q39709","source_adm0_a3":"USA","source_adm1_name":"Iowa","source_feature_class":"Admin-1 capital","source_scalerank":3,"source_pop_max":380655,"source_id":"ne-ne_10m_populated_places"},"geometry":{"type":"Point","coordinates":[-93.619981,41.57998]}},{"type":"Feature","properties":{"ne_id":1159150497,"name":"Omaha","name_zh":"奥马哈","longitude":-96.00999,"latitude":41.240001,"wikidata_id":"Q43199","source_adm0_a3":"USA","source_adm1_name":"Nebraska","source_feature_class":"Populated place","source_scalerank":3,"source_pop_max":877110,"source_id":"ne-ne_10m_populated_places"},"geometry":{"type":"Point","coordinates":[-96.00999,41.240001]}},{"type":"Feature","properties":{"ne_id":1159150499,"name":"Oklahoma City","name_zh":"奧克拉荷馬","longitude":-97.520629,"latitude":35.471989,"wikidata_id":"Q34863","source_adm0_a3":"USA","source_adm1_name":"Oklahoma","source_feature_class":"Admin-1 capital","source_scalerank":3,"source_pop_max":788000,"source_id":"ne-ne_10m_populated_places"},"geometry":{"type":"Point","coordinates":[-97.520629,35.471989]}},{"type":"Feature","properties":{"ne_id":1159150501,"name":"Pierre","name_zh":"皮尔","longitude":-100.350552,"latitude":44.368337,"wikidata_id":"Q40747","source_adm0_a3":"USA","source_adm1_name":"South Dakota","source_feature_class":"Admin-1 capital","source_scalerank":3,"source_pop_max":13879,"source_id":"ne-ne_10m_populated_places"},"geometry":{"type":"Point","coordinates":[-100.350552,44.368337]}},{"type":"Feature","properties":{"ne_id":1159150503,"name":"San Antonio","name_zh":"圣安东尼奥","longitude":-98.492693,"latitude":29.419848,"wikidata_id":"Q975","source_adm0_a3":"USA","source_adm1_name":"Texas","source_feature_class":"Populated place","source_scalerank":3,"source_pop_max":1473000,"source_id":"ne-ne_10m_populated_places"},"geometry":{"type":"Point","coordinates":[-98.492693,29.419848]}},{"type":"Feature","properties":{"ne_id":1159150505,"name":"San Cristóbal","name_zh":"圣克里斯托瓦尔","longitude":-72.249967,"latitude":7.770003,"wikidata_id":"Q820235","source_adm0_a3":"VEN","source_adm1_name":"Táchira","source_feature_class":"Admin-1 capital","source_scalerank":3,"source_pop_max":438798,"source_id":"ne-ne_10m_populated_places"},"geometry":{"type":"Point","coordinates":[-72.249967,7.770003]}},{"type":"Feature","properties":{"ne_id":1159150507,"name":"Valencia","name_zh":"巴伦西亚","longitude":-67.981967,"latitude":10.231927,"wikidata_id":"Q54880","source_adm0_a3":"VEN","source_adm1_name":"Carabobo","source_feature_class":"Admin-1 capital","source_scalerank":3,"source_pop_max":1770000,"source_id":"ne-ne_10m_populated_places"},"geometry":{"type":"Point","coordinates":[-67.981967,10.231927]}},{"type":"Feature","properties":{"ne_id":1159150511,"name":"Jackson","name_zh":"杰克逊","longitude":-90.184997,"latitude":32.298815,"wikidata_id":"Q28198","source_adm0_a3":"USA","source_adm1_name":"Mississippi","source_feature_class":"Admin-1 capital","source_scalerank":3,"source_pop_max":250902,"source_id":"ne-ne_10m_populated_places"},"geometry":{"type":"Point","coordinates":[-90.184997,32.298815]}},{"type":"Feature","properties":{"ne_id":1159150513,"name":"Raleigh","name_zh":"罗利","longitude":-78.647035,"latitude":35.772696,"wikidata_id":"Q41087","source_adm0_a3":"USA","source_adm1_name":"North Carolina","source_feature_class":"Admin-1 capital","source_scalerank":3,"source_pop_max":1163515,"source_id":"ne-ne_10m_populated_places"},"geometry":{"type":"Point","coordinates":[-78.647035,35.772696]}},{"type":"Feature","properties":{"ne_id":1159150515,"name":"Cleveland","name_zh":"克里夫兰","longitude":-81.696944,"latitude":41.471933,"wikidata_id":"Q37320","source_adm0_a3":"USA","source_adm1_name":"Ohio","source_feature_class":"Populated place","source_scalerank":3,"source_pop_max":1890000,"source_id":"ne-ne_10m_populated_places"},"geometry":{"type":"Point","coordinates":[-81.696944,41.471933]}},{"type":"Feature","properties":{"ne_id":1159150517,"name":"Cincinnati","name_zh":"辛辛那提","longitude":-84.458868,"latitude":39.163831,"wikidata_id":"Q43196","source_adm0_a3":"USA","source_adm1_name":"Ohio","source_feature_class":"Populated place","source_scalerank":3,"source_pop_max":1636000,"source_id":"ne-ne_10m_populated_places"},"geometry":{"type":"Point","coordinates":[-84.458868,39.163831]}},{"type":"Feature","properties":{"ne_id":1159150519,"name":"Nashville","name_zh":"纳什维尔","longitude":-86.781931,"latitude":36.17192,"wikidata_id":"Q23197","source_adm0_a3":"USA","source_adm1_name":"Tennessee","source_feature_class":"Admin-1 capital","source_scalerank":3,"source_pop_max":877000,"source_id":"ne-ne_10m_populated_places"},"geometry":{"type":"Point","coordinates":[-86.781931,36.17192]}},{"type":"Feature","properties":{"ne_id":1159150521,"name":"Memphis","name_zh":"孟菲斯","longitude":-90.028777,"latitude":35.144701,"wikidata_id":"Q16563","source_adm0_a3":"USA","source_adm1_name":"Tennessee","source_feature_class":"Populated place","source_scalerank":3,"source_pop_max":1081000,"source_id":"ne-ne_10m_populated_places"},"geometry":{"type":"Point","coordinates":[-90.028777,35.144701]}},{"type":"Feature","properties":{"ne_id":1159150523,"name":"Norfolk","name_zh":"諾福克","longitude":-76.280006,"latitude":36.849959,"wikidata_id":"Q49231","source_adm0_a3":"USA","source_adm1_name":"Virginia","source_feature_class":"Populated place","source_scalerank":3,"source_pop_max":1047869,"source_id":"ne-ne_10m_populated_places"},"geometry":{"type":"Point","coordinates":[-76.280006,36.849959]}},{"type":"Feature","properties":{"ne_id":1159150525,"name":"Milwaukee","name_zh":"密尔沃基","longitude":-87.916673,"latitude":43.029608,"wikidata_id":"Q37836","source_adm0_a3":"USA","source_adm1_name":"Wisconsin","source_feature_class":"Populated place","source_scalerank":3,"source_pop_max":1388000,"source_id":"ne-ne_10m_populated_places"},"geometry":{"type":"Point","coordinates":[-87.916673,43.029608]}},{"type":"Feature","properties":{"ne_id":1159150529,"name":"Buffalo","name_zh":"水牛城","longitude":-78.881948,"latitude":42.881924,"wikidata_id":"Q40435","source_adm0_a3":"USA","source_adm1_name":"New York","source_feature_class":"Populated place","source_scalerank":3,"source_pop_max":1016000,"source_id":"ne-ne_10m_populated_places"},"geometry":{"type":"Point","coordinates":[-78.881948,42.881924]}},{"type":"Feature","properties":{"ne_id":1159150531,"name":"Pittsburgh","name_zh":"匹兹堡","longitude":-80.001931,"latitude":40.431945,"wikidata_id":"Q1342","source_adm0_a3":"USA","source_adm1_name":"Pennsylvania","source_feature_class":"Populated place","source_scalerank":3,"source_pop_max":1838000,"source_id":"ne-ne_10m_populated_places"},"geometry":{"type":"Point","coordinates":[-80.001931,40.431945]}},{"type":"Feature","properties":{"ne_id":1159150533,"name":"Ciudad Guayana","name_zh":"圭亚那城","longitude":-62.619987,"latitude":8.370017,"wikidata_id":"Q507080","source_adm0_a3":"VEN","source_adm1_name":"Bolívar","source_feature_class":"Populated place","source_scalerank":3,"source_pop_max":746535,"source_id":"ne-ne_10m_populated_places"},"geometry":{"type":"Point","coordinates":[-62.619987,8.370017]}},{"type":"Feature","properties":{"ne_id":1159150535,"name":"Lomé","name_zh":"洛美","longitude":1.220811,"latitude":6.133883,"wikidata_id":"Q3792","source_adm0_a3":"TGO","source_adm1_name":"Maritime","source_feature_class":"Admin-0 capital","source_scalerank":3,"source_pop_max":1452000,"source_id":"ne-ne_10m_populated_places"},"geometry":{"type":"Point","coordinates":[1.220811,6.133883]}},{"type":"Feature","properties":{"ne_id":1159150537,"name":"Tunis","name_zh":"突尼斯","longitude":10.179678,"latitude":36.802778,"wikidata_id":"Q3572","source_adm0_a3":"TUN","source_adm1_name":"Tunis","source_feature_class":"Admin-0 capital","source_scalerank":3,"source_pop_max":2412500,"source_id":"ne-ne_10m_populated_places"},"geometry":{"type":"Point","coordinates":[10.179678,36.802778]}},{"type":"Feature","properties":{"ne_id":1159150539,"name":"Kodiak","name_zh":"科迪亚克","longitude":-152.406987,"latitude":57.789998,"wikidata_id":"Q79985","source_adm0_a3":"USA","source_adm1_name":"Alaska","source_feature_class":"Populated place","source_scalerank":3,"source_pop_max":9461,"source_id":"ne-ne_10m_populated_places"},"geometry":{"type":"Point","coordinates":[-152.406987,57.789998]}},{"type":"Feature","properties":{"ne_id":1159150541,"name":"Cold Bay","name_zh":"冷湾","longitude":-162.715092,"latitude":55.200001,"wikidata_id":"Q79523","source_adm0_a3":"USA","source_adm1_name":"Alaska","source_feature_class":"Populated place","source_scalerank":3,"source_pop_max":200,"source_id":"ne-ne_10m_populated_places"},"geometry":{"type":"Point","coordinates":[-162.715092,55.200001]}},{"type":"Feature","properties":{"ne_id":1159150543,"name":"Bethel","name_zh":"伯特利","longitude":-161.755796,"latitude":60.793303,"wikidata_id":"Q80022","source_adm0_a3":"USA","source_adm1_name":"Alaska","source_feature_class":"Populated place","source_scalerank":3,"source_pop_max":6228,"source_id":"ne-ne_10m_populated_places"},"geometry":{"type":"Point","coordinates":[-161.755796,60.793303]}},{"type":"Feature","properties":{"ne_id":1159150547,"name":"Point Hope","name_zh":"波因特霍普","longitude":-166.80802,"latitude":68.347726,"wikidata_id":"Q79813","source_adm0_a3":"USA","source_adm1_name":"Alaska","source_feature_class":"Populated place","source_scalerank":3,"source_pop_max":461,"source_id":"ne-ne_10m_populated_places"},"geometry":{"type":"Point","coordinates":[-166.80802,68.347726]}},{"type":"Feature","properties":{"ne_id":1159150549,"name":"Utqiaġvik","name_zh":"巴罗","longitude":-156.78858,"latitude":71.29057,"wikidata_id":"Q79809","source_adm0_a3":"USA","source_adm1_name":"Alaska","source_feature_class":"Populated place","source_scalerank":3,"source_pop_max":4336,"source_id":"ne-ne_10m_populated_places"},"geometry":{"type":"Point","coordinates":[-156.78858,71.29057]}},{"type":"Feature","properties":{"ne_id":1159150551,"name":"Nome","name_zh":"诺姆","longitude":-165.406374,"latitude":64.5061,"wikidata_id":"Q79996","source_adm0_a3":"USA","source_adm1_name":"Alaska","source_feature_class":"Populated place","source_scalerank":3,"source_pop_max":3485,"source_id":"ne-ne_10m_populated_places"},"geometry":{"type":"Point","coordinates":[-165.406374,64.5061]}},{"type":"Feature","properties":{"ne_id":1159150553,"name":"Valdez","name_zh":"瓦尔迪兹","longitude":-146.348287,"latitude":61.135996,"wikidata_id":"Q80037","source_adm0_a3":"USA","source_adm1_name":"Alaska","source_feature_class":"Populated place","source_scalerank":3,"source_pop_max":4036,"source_id":"ne-ne_10m_populated_places"},"geometry":{"type":"Point","coordinates":[-146.348287,61.135996]}},{"type":"Feature","properties":{"ne_id":1159150555,"name":"Juneau","name_zh":"朱諾","longitude":-134.400712,"latitude":58.303386,"wikidata_id":"Q29445","source_adm0_a3":"USA","source_adm1_name":"Alaska","source_feature_class":"Admin-1 capital","source_scalerank":3,"source_pop_max":30711,"source_id":"ne-ne_10m_populated_places"},"geometry":{"type":"Point","coordinates":[-134.400712,58.303386]}},{"type":"Feature","properties":{"ne_id":1159150557,"name":"Fairbanks","name_zh":"费尔班克斯","longitude":-147.710659,"latitude":64.836984,"wikidata_id":"Q79638","source_adm0_a3":"USA","source_adm1_name":"Alaska","source_feature_class":"Populated place","source_scalerank":3,"source_pop_max":56993,"source_id":"ne-ne_10m_populated_places"},"geometry":{"type":"Point","coordinates":[-147.710659,64.836984]}},{"type":"Feature","properties":{"ne_id":1159150559,"name":"Prudhoe Bay","name_zh":"普拉德霍湾","longitude":-148.66936,"latitude":70.292181,"wikidata_id":"Q1013046","source_adm0_a3":"USA","source_adm1_name":"Alaska","source_feature_class":"Populated place","source_scalerank":3,"source_pop_max":2500,"source_id":"ne-ne_10m_populated_places"},"geometry":{"type":"Point","coordinates":[-148.66936,70.292181]}},{"type":"Feature","properties":{"ne_id":1159150561,"name":"Sevastopol","name_zh":"塞瓦斯托波尔","longitude":33.524395,"latitude":44.603925,"wikidata_id":"Q7525","source_adm0_a3":"RUS","source_adm1_name":"Crimea","source_feature_class":"Admin-1 capital","source_scalerank":3,"source_pop_max":379200,"source_id":"ne-ne_10m_populated_places"},"geometry":{"type":"Point","coordinates":[33.524395,44.603925]}},{"type":"Feature","properties":{"ne_id":1159150565,"name":"Abu Dhabi","name_zh":"阿布扎比","longitude":54.366593,"latitude":24.466684,"wikidata_id":"Q1519","source_adm0_a3":"ARE","source_adm1_name":"Abu Dhabi","source_feature_class":"Admin-0 capital","source_scalerank":3,"source_pop_max":603492,"source_id":"ne-ne_10m_populated_places"},"geometry":{"type":"Point","coordinates":[54.366593,24.466684]}},{"type":"Feature","properties":{"ne_id":1159150567,"name":"Ashgabat","name_zh":"阿什哈巴德","longitude":58.383299,"latitude":37.949995,"wikidata_id":"Q23438","source_adm0_a3":"TKM","source_adm1_name":"Ahal","source_feature_class":"Admin-0 capital","source_scalerank":3,"source_pop_max":727700,"source_id":"ne-ne_10m_populated_places"},"geometry":{"type":"Point","coordinates":[58.383299,37.949995]}},{"type":"Feature","properties":{"ne_id":1159150569,"name":"Samarkand","name_zh":"撒马尔罕","longitude":66.944999,"latitude":39.670019,"wikidata_id":"Q5753","source_adm0_a3":"UZB","source_adm1_name":"Samarkand","source_feature_class":"Admin-1 capital","source_scalerank":3,"source_pop_max":708000,"source_id":"ne-ne_10m_populated_places"},"geometry":{"type":"Point","coordinates":[66.944999,39.670019]}},{"type":"Feature","properties":{"ne_id":1159150571,"name":"Lusaka","name_zh":"卢萨卡","longitude":28.281382,"latitude":-15.414698,"wikidata_id":"Q3881","source_adm0_a3":"ZMB","source_adm1_name":"Lusaka","source_feature_class":"Admin-0 capital","source_scalerank":3,"source_pop_max":1328000,"source_id":"ne-ne_10m_populated_places"},"geometry":{"type":"Point","coordinates":[28.281382,-15.414698]}},{"type":"Feature","properties":{"ne_id":1159150573,"name":"Harare","name_zh":"哈拉雷","longitude":31.042764,"latitude":-17.815844,"wikidata_id":"Q3921","source_adm0_a3":"ZWE","source_adm1_name":"Harare","source_feature_class":"Admin-0 capital","source_scalerank":3,"source_pop_max":1572000,"source_id":"ne-ne_10m_populated_places"},"geometry":{"type":"Point","coordinates":[31.042764,-17.815844]}},{"type":"Feature","properties":{"ne_id":1159150575,"name":"Bulawayo","name_zh":"布拉瓦约","longitude":28.580002,"latitude":-20.169998,"wikidata_id":"Q193250","source_adm0_a3":"ZWE","source_adm1_name":"Bulawayo","source_feature_class":"Admin-1 capital","source_scalerank":3,"source_pop_max":699385,"source_id":"ne-ne_10m_populated_places"},"geometry":{"type":"Point","coordinates":[28.580002,-20.169998]}},{"type":"Feature","properties":{"ne_id":1159150577,"name":"Dili","name_zh":"帝力","longitude":125.579456,"latitude":-8.559388,"wikidata_id":"Q9310","source_adm0_a3":"TLS","source_adm1_name":"Dili","source_feature_class":"Admin-0 capital","source_scalerank":3,"source_pop_max":234331,"source_id":"ne-ne_10m_populated_places"},"geometry":{"type":"Point","coordinates":[125.579456,-8.559388]}},{"type":"Feature","properties":{"ne_id":1159150579,"name":"Port Vila","name_zh":"维拉港","longitude":168.316641,"latitude":-17.73335,"wikidata_id":"Q37806","source_adm0_a3":"VUT","source_adm1_name":"Shefa","source_feature_class":"Admin-0 capital","source_scalerank":3,"source_pop_max":44040,"source_id":"ne-ne_10m_populated_places"},"geometry":{"type":"Point","coordinates":[168.316641,-17.73335]}},{"type":"Feature","properties":{"ne_id":1159150583,"name":"Tegucigalpa","name_zh":"特古西加尔巴","longitude":-87.219475,"latitude":14.103991,"wikidata_id":"Q3238","source_adm0_a3":"HND","source_adm1_name":"Francisco Morazán","source_feature_class":"Admin-0 capital","source_scalerank":3,"source_pop_max":946000,"source_id":"ne-ne_10m_populated_places"},"geometry":{"type":"Point","coordinates":[-87.219475,14.103991]}},{"type":"Feature","properties":{"ne_id":1159150585,"name":"Georgetown","name_zh":"乔治敦","longitude":-58.167029,"latitude":6.801974,"wikidata_id":"Q10717","source_adm0_a3":"GUY","source_adm1_name":"East Berbice-Corentyne","source_feature_class":"Admin-0 capital","source_scalerank":3,"source_pop_max":264350,"source_id":"ne-ne_10m_populated_places"},"geometry":{"type":"Point","coordinates":[-58.167029,6.801974]}},{"type":"Feature","properties":{"ne_id":1159150587,"name":"Reykjavík","name_zh":"雷克雅未克","longitude":-21.936546,"latitude":64.143459,"wikidata_id":"Q1764","source_adm0_a3":"ISL","source_adm1_name":"Suðurnes","source_feature_class":"Admin-0 capital","source_scalerank":3,"source_pop_max":166212,"source_id":"ne-ne_10m_populated_places"},"geometry":{"type":"Point","coordinates":[-21.936546,64.143459]}},{"type":"Feature","properties":{"ne_id":1159150589,"name":"Port-au-Prince","name_zh":"太子港","longitude":-72.33798,"latitude":18.54297,"wikidata_id":"Q34261","source_adm0_a3":"HTI","source_adm1_name":"Ouest","source_feature_class":"Admin-0 capital","source_scalerank":3,"source_pop_max":1998000,"source_id":"ne-ne_10m_populated_places"},"geometry":{"type":"Point","coordinates":[-72.33798,18.54297]}},{"type":"Feature","properties":{"ne_id":1159150591,"name":"Glasgow","name_zh":"格拉斯哥","longitude":-4.239101,"latitude":55.86227,"wikidata_id":"Q4093","source_adm0_a3":"GBR","source_adm1_name":"Glasgow","source_feature_class":"Populated place","source_scalerank":3,"source_pop_max":1160000,"source_id":"ne-ne_10m_populated_places"},"geometry":{"type":"Point","coordinates":[-4.239101,55.86227]}},{"type":"Feature","properties":{"ne_id":1159150593,"name":"Kampala","name_zh":"坎帕拉","longitude":32.581378,"latitude":0.318605,"wikidata_id":"Q3894","source_adm0_a3":"UGA","source_adm1_name":"Kampala","source_feature_class":"Admin-0 capital","source_scalerank":3,"source_pop_max":1420000,"source_id":"ne-ne_10m_populated_places"},"geometry":{"type":"Point","coordinates":[32.581378,0.318605]}},{"type":"Feature","properties":{"ne_id":1159150595,"name":"Aden","name_zh":"亚丁","longitude":45.00949,"latitude":12.779723,"wikidata_id":"Q131694","source_adm0_a3":"YEM","source_adm1_name":"`Adan","source_feature_class":"Admin-1 capital","source_scalerank":3,"source_pop_max":1000000,"source_id":"ne-ne_10m_populated_places"},"geometry":{"type":"Point","coordinates":[45.00949,12.779723]}},{"type":"Feature","properties":{"ne_id":1159150597,"name":"Paramaribo","name_zh":"帕拉马里博","longitude":-55.167031,"latitude":5.83503,"wikidata_id":"Q3001","source_adm0_a3":"SUR","source_adm1_name":"Paramaribo","source_feature_class":"Admin-0 capital","source_scalerank":3,"source_pop_max":254169,"source_id":"ne-ne_10m_populated_places"},"geometry":{"type":"Point","coordinates":[-55.167031,5.83503]}},{"type":"Feature","properties":{"ne_id":1159150601,"name":"Seville","name_zh":"塞维利亚","longitude":-5.980007,"latitude":37.405015,"wikidata_id":"Q8717","source_adm0_a3":"ESP","source_adm1_name":"Andalucía","source_feature_class":"Admin-1 capital","source_scalerank":3,"source_pop_max":1212045,"source_id":"ne-ne_10m_populated_places"},"geometry":{"type":"Point","coordinates":[-5.980007,37.405015]}},{"type":"Feature","properties":{"ne_id":1159150603,"name":"Zinder","name_zh":"津德尔","longitude":8.983317,"latitude":13.799996,"wikidata_id":"Q204365","source_adm0_a3":"NER","source_adm1_name":"Zinder","source_feature_class":"Admin-1 capital","source_scalerank":3,"source_pop_max":230358,"source_id":"ne-ne_10m_populated_places"},"geometry":{"type":"Point","coordinates":[8.983317,13.799996]}},{"type":"Feature","properties":{"ne_id":1159150605,"name":"Niamey","name_zh":"尼亚美","longitude":2.11471,"latitude":13.518652,"wikidata_id":"Q3674","source_adm0_a3":"NER","source_adm1_name":"Niamey","source_feature_class":"Admin-0 capital","source_scalerank":3,"source_pop_max":915000,"source_id":"ne-ne_10m_populated_places"},"geometry":{"type":"Point","coordinates":[2.11471,13.518652]}},{"type":"Feature","properties":{"ne_id":1159150607,"name":"Port Sudan","name_zh":"苏丹港","longitude":37.216426,"latitude":19.615791,"wikidata_id":"Q208718","source_adm0_a3":"SDN","source_adm1_name":"Red Sea","source_feature_class":"Admin-1 capital","source_scalerank":3,"source_pop_max":489725,"source_id":"ne-ne_10m_populated_places"},"geometry":{"type":"Point","coordinates":[37.216426,19.615791]}},{"type":"Feature","properties":{"ne_id":1159150609,"name":"Dushanbe","name_zh":"杜尚别","longitude":68.773879,"latitude":38.560035,"wikidata_id":"Q9365","source_adm0_a3":"TJK","source_adm1_name":"Tadzhikistan Territories","source_feature_class":"Admin-0 capital","source_scalerank":3,"source_pop_max":1086244,"source_id":"ne-ne_10m_populated_places"},"geometry":{"type":"Point","coordinates":[68.773879,38.560035]}},{"type":"Feature","properties":{"ne_id":1159150611,"name":"Cusco","name_zh":"库斯科","longitude":-71.972155,"latitude":-13.525028,"wikidata_id":"Q5582862","source_adm0_a3":"PER","source_adm1_name":"Cusco","source_feature_class":"Admin-1 capital","source_scalerank":3,"source_pop_max":361182,"source_id":"ne-ne_10m_populated_places"},"geometry":{"type":"Point","coordinates":[-71.972155,-13.525028]}},{"type":"Feature","properties":{"ne_id":1159150613,"name":"Tacna","name_zh":"塔克纳","longitude":-70.250012,"latitude":-18.000001,"wikidata_id":"Q272795","source_adm0_a3":"PER","source_adm1_name":"Tacna","source_feature_class":"Admin-1 capital","source_scalerank":3,"source_pop_max":280098,"source_id":"ne-ne_10m_populated_places"},"geometry":{"type":"Point","coordinates":[-70.250012,-18.000001]}},{"type":"Feature","properties":{"ne_id":1159150615,"name":"Trujillo","name_zh":"特鲁希略","longitude":-79.019968,"latitude":-8.120035,"wikidata_id":"Q214173","source_adm0_a3":"PER","source_adm1_name":"La Libertad","source_feature_class":"Admin-1 capital","source_scalerank":3,"source_pop_max":765171,"source_id":"ne-ne_10m_populated_places"},"geometry":{"type":"Point","coordinates":[-79.019968,-8.120035]}},{"type":"Feature","properties":{"ne_id":1159150619,"name":"Ica","name_zh":"伊卡","longitude":-75.725492,"latitude":-14.067993,"wikidata_id":"Q840712","source_adm0_a3":"PER","source_adm1_name":"Ica","source_feature_class":"Admin-1 capital","source_scalerank":3,"source_pop_max":279420,"source_id":"ne-ne_10m_populated_places"},"geometry":{"type":"Point","coordinates":[-75.725492,-14.067993]}},{"type":"Feature","properties":{"ne_id":1159150621,"name":"Asunción","name_zh":"亚松森","longitude":-57.625834,"latitude":-25.290671,"wikidata_id":"Q2933","source_adm0_a3":"PRY","source_adm1_name":"Asunción","source_feature_class":"Admin-0 capital","source_scalerank":3,"source_pop_max":1870000,"source_id":"ne-ne_10m_populated_places"},"geometry":{"type":"Point","coordinates":[-57.625834,-25.290671]}},{"type":"Feature","properties":{"ne_id":1159150623,"name":"Managua","name_zh":"馬拿瓜","longitude":-86.270437,"latitude":12.154962,"wikidata_id":"Q3274","source_adm0_a3":"NIC","source_adm1_name":"Managua","source_feature_class":"Admin-0 capital","source_scalerank":3,"source_pop_max":920000,"source_id":"ne-ne_10m_populated_places"},"geometry":{"type":"Point","coordinates":[-86.270437,12.154962]}},{"type":"Feature","properties":{"ne_id":1159150625,"name":"Freetown","name_zh":"弗里敦","longitude":-13.236162,"latitude":8.471957,"wikidata_id":"Q3780","source_adm0_a3":"SLE","source_adm1_name":"Western","source_feature_class":"Admin-0 capital","source_scalerank":3,"source_pop_max":827000,"source_id":"ne-ne_10m_populated_places"},"geometry":{"type":"Point","coordinates":[-13.236162,8.471957]}},{"type":"Feature","properties":{"ne_id":1159150627,"name":"Agadez","name_zh":"阿加德兹","longitude":7.98281,"latitude":16.995873,"wikidata_id":"Q320049","source_adm0_a3":"NER","source_adm1_name":"Agadez","source_feature_class":"Admin-1 capital","source_scalerank":3,"source_pop_max":117770,"source_id":"ne-ne_10m_populated_places"},"geometry":{"type":"Point","coordinates":[7.98281,16.995873]}},{"type":"Feature","properties":{"ne_id":1159150629,"name":"Nyala","name_zh":"尼亚拉","longitude":24.889995,"latitude":12.059973,"wikidata_id":"Q851576","source_adm0_a3":"SDN","source_adm1_name":"South Darfur","source_feature_class":"Admin-1 capital","source_scalerank":3,"source_pop_max":392373,"source_id":"ne-ne_10m_populated_places"},"geometry":{"type":"Point","coordinates":[24.889995,12.059973]}},{"type":"Feature","properties":{"ne_id":1159150631,"name":"Wau","name_zh":"瓦乌","longitude":27.98996,"latitude":7.699981,"wikidata_id":"Q276534","source_adm0_a3":"SSD","source_adm1_name":"West Bahr-al-Ghazal","source_feature_class":"Admin-1 region capital","source_scalerank":3,"source_pop_max":127384,"source_id":"ne-ne_10m_populated_places"},"geometry":{"type":"Point","coordinates":[27.98996,7.699981]}},{"type":"Feature","properties":{"ne_id":1159150633,"name":"Dongola","name_zh":"栋古拉","longitude":30.483297,"latitude":19.166594,"wikidata_id":"Q821321","source_adm0_a3":"SDN","source_adm1_name":"Northern","source_feature_class":"Admin-1 region capital","source_scalerank":3,"source_pop_max":26404,"source_id":"ne-ne_10m_populated_places"},"geometry":{"type":"Point","coordinates":[30.483297,19.166594]}},{"type":"Feature","properties":{"ne_id":1159150637,"name":"Kassala","name_zh":"卡薩拉","longitude":36.390016,"latitude":15.459972,"wikidata_id":"Q686813","source_adm0_a3":"SDN","source_adm1_name":"Kassala","source_feature_class":"Admin-1 capital","source_scalerank":3,"source_pop_max":401477,"source_id":"ne-ne_10m_populated_places"},"geometry":{"type":"Point","coordinates":[36.390016,15.459972]}},{"type":"Feature","properties":{"ne_id":1159150639,"name":"Tromsø","name_zh":"特罗姆瑟","longitude":18.992025,"latitude":69.635076,"wikidata_id":"Q26087","source_adm0_a3":"NOR","source_adm1_name":"Troms","source_feature_class":"Admin-1 capital","source_scalerank":3,"source_pop_max":52436,"source_id":"ne-ne_10m_populated_places"},"geometry":{"type":"Point","coordinates":[18.992025,69.635076]}},{"type":"Feature","properties":{"ne_id":1159150641,"name":"Trondheim","name_zh":"特隆赫姆","longitude":10.416666,"latitude":63.416657,"wikidata_id":"Q25804","source_adm0_a3":"NOR","source_adm1_name":"Sør-Trøndelag","source_feature_class":"Admin-1 capital","source_scalerank":3,"source_pop_max":147139,"source_id":"ne-ne_10m_populated_places"},"geometry":{"type":"Point","coordinates":[10.416666,63.416657]}},{"type":"Feature","properties":{"ne_id":1159150643,"name":"Bergen","name_zh":"卑尔根","longitude":5.324522,"latitude":60.391002,"wikidata_id":"Q26793","source_adm0_a3":"NOR","source_adm1_name":"Hordaland","source_feature_class":"Admin-1 capital","source_scalerank":3,"source_pop_max":213585,"source_id":"ne-ne_10m_populated_places"},"geometry":{"type":"Point","coordinates":[5.324522,60.391002]}},{"type":"Feature","properties":{"ne_id":1159150645,"name":"Islamabad","name_zh":"伊斯兰堡","longitude":73.08063,"latitude":33.689368,"wikidata_id":"Q1362","source_adm0_a3":"PAK","source_adm1_name":"F.C.T.","source_feature_class":"Admin-0 capital","source_scalerank":3,"source_pop_max":780000,"source_id":"ne-ne_10m_populated_places"},"geometry":{"type":"Point","coordinates":[73.08063,33.689368]}},{"type":"Feature","properties":{"ne_id":1159150647,"name":"Multan","name_zh":"木尔坦","longitude":71.453062,"latitude":30.201923,"wikidata_id":"Q185453","source_adm0_a3":"PAK","source_adm1_name":"Punjab","source_feature_class":"Populated place","source_scalerank":3,"source_pop_max":1522000,"source_id":"ne-ne_10m_populated_places"},"geometry":{"type":"Point","coordinates":[71.453062,30.201923]}},{"type":"Feature","properties":{"ne_id":1159150649,"name":"Hyderabad","name_zh":"海得拉巴","longitude":68.373043,"latitude":25.381933,"wikidata_id":"Q1640079","source_adm0_a3":"PAK","source_adm1_name":"Sind","source_feature_class":"Populated place","source_scalerank":3,"source_pop_max":1459000,"source_id":"ne-ne_10m_populated_places"},"geometry":{"type":"Point","coordinates":[68.373043,25.381933]}},{"type":"Feature","properties":{"ne_id":1159150651,"name":"Peshawar","name_zh":"白沙瓦","longitude":71.533057,"latitude":34.006962,"wikidata_id":"Q1113311","source_adm0_a3":"PAK","source_adm1_name":"N.W.F.P.","source_feature_class":"Admin-1 capital","source_scalerank":3,"source_pop_max":1303000,"source_id":"ne-ne_10m_populated_places"},"geometry":{"type":"Point","coordinates":[71.533057,34.006962]}},{"type":"Feature","properties":{"ne_id":1159150655,"name":"Kathmandu","name_zh":"加德满都","longitude":85.314696,"latitude":27.718638,"wikidata_id":"Q3037","source_adm0_a3":"NPL","source_adm1_name":"Bhaktapur","source_feature_class":"Admin-0 capital","source_scalerank":3,"source_pop_max":895000,"source_id":"ne-ne_10m_populated_places"},"geometry":{"type":"Point","coordinates":[85.314696,27.718638]}},{"type":"Feature","properties":{"ne_id":1159150657,"name":"Nacala","name_zh":"纳卡拉","longitude":40.715024,"latitude":-14.518611,"wikidata_id":"Q990080","source_adm0_a3":"MOZ","source_adm1_name":"Nampula","source_feature_class":"Populated place","source_scalerank":3,"source_pop_max":224795,"source_id":"ne-ne_10m_populated_places"},"geometry":{"type":"Point","coordinates":[40.715024,-14.518611]}},{"type":"Feature","properties":{"ne_id":1159150659,"name":"Bloemfontein","name_zh":"布隆方丹","longitude":26.229913,"latitude":-29.119994,"wikidata_id":"Q37701","source_adm0_a3":"ZAF","source_adm1_name":"Orange Free State","source_feature_class":"Admin-0 capital","source_scalerank":3,"source_pop_max":463064,"source_id":"ne-ne_10m_populated_places"},"geometry":{"type":"Point","coordinates":[26.229913,-29.119994]}},{"type":"Feature","properties":{"ne_id":1159150661,"name":"Pretoria","name_zh":"比勒陀利亚","longitude":28.227483,"latitude":-25.704975,"wikidata_id":"Q3926","source_adm0_a3":"ZAF","source_adm1_name":"Gauteng","source_feature_class":"Admin-0 capital","source_scalerank":3,"source_pop_max":1338000,"source_id":"ne-ne_10m_populated_places"},"geometry":{"type":"Point","coordinates":[28.227483,-25.704975]}},{"type":"Feature","properties":{"ne_id":1159150663,"name":"Port Moresby","name_zh":"莫尔兹比港","longitude":147.192504,"latitude":-9.464708,"wikidata_id":"Q36526","source_adm0_a3":"PNG","source_adm1_name":"Central","source_feature_class":"Admin-0 capital","source_scalerank":3,"source_pop_max":283733,"source_id":"ne-ne_10m_populated_places"},"geometry":{"type":"Point","coordinates":[147.192504,-9.464708]}},{"type":"Feature","properties":{"ne_id":1159150665,"name":"Honiara","name_zh":"霍尼亚拉","longitude":159.949766,"latitude":-9.437994,"wikidata_id":"Q40921","source_adm0_a3":"SLB","source_adm1_name":"Guadalcanal","source_feature_class":"Admin-0 capital","source_scalerank":3,"source_pop_max":76328,"source_id":"ne-ne_10m_populated_places"},"geometry":{"type":"Point","coordinates":[159.949766,-9.437994]}},{"type":"Feature","properties":{"ne_id":1159150667,"name":"Panama City","name_zh":"巴拿马城","longitude":-79.534983,"latitude":8.969963,"wikidata_id":"Q3306","source_adm0_a3":"PAN","source_adm1_name":"Panama","source_feature_class":"Admin-0 capital","source_scalerank":3,"source_pop_max":1281000,"source_id":"ne-ne_10m_populated_places"},"geometry":{"type":"Point","coordinates":[-79.534983,8.969963]}},{"type":"Feature","properties":{"ne_id":1159150669,"name":"Fez","name_zh":"非斯","longitude":-5.002323,"latitude":34.056545,"wikidata_id":"Q80985","source_adm0_a3":"MAR","source_adm1_name":"Fès - Boulemane","source_feature_class":"Admin-1 capital","source_scalerank":3,"source_pop_max":1002000,"source_id":"ne-ne_10m_populated_places"},"geometry":{"type":"Point","coordinates":[-5.002323,34.056545]}},{"type":"Feature","properties":{"ne_id":1159150673,"name":"Rabat","name_zh":"拉巴特","longitude":-6.836408,"latitude":34.025307,"wikidata_id":"Q3551","source_adm0_a3":"MAR","source_adm1_name":"Rabat - Salé - Zemmour - Zaer","source_feature_class":"Admin-0 capital","source_scalerank":3,"source_pop_max":1705000,"source_id":"ne-ne_10m_populated_places"},"geometry":{"type":"Point","coordinates":[-6.836408,34.025307]}},{"type":"Feature","properties":{"ne_id":1159150675,"name":"Marrakesh","name_zh":"马拉喀什","longitude":-8.001933,"latitude":31.631939,"wikidata_id":"Q101625","source_adm0_a3":"MAR","source_adm1_name":"Marrakech - Tensift - Al Haouz","source_feature_class":"Admin-1 capital","source_scalerank":3,"source_pop_max":872000,"source_id":"ne-ne_10m_populated_places"},"geometry":{"type":"Point","coordinates":[-8.001933,31.631939]}},{"type":"Feature","properties":{"ne_id":1159150677,"name":"Chișinău","name_zh":"基希讷乌","longitude":28.857711,"latitude":47.005024,"wikidata_id":"Q21197","source_adm0_a3":"MDA","source_adm1_name":"Chisinau","source_feature_class":"Admin-0 capital","source_scalerank":3,"source_pop_max":688134,"source_id":"ne-ne_10m_populated_places"},"geometry":{"type":"Point","coordinates":[28.857711,47.005024]}},{"type":"Feature","properties":{"ne_id":1159150679,"name":"Beira","name_zh":"贝拉","longitude":34.870006,"latitude":-19.820045,"wikidata_id":"Q211563","source_adm0_a3":"MOZ","source_adm1_name":"Sofala","source_feature_class":"Admin-1 capital","source_scalerank":3,"source_pop_max":530604,"source_id":"ne-ne_10m_populated_places"},"geometry":{"type":"Point","coordinates":[34.870006,-19.820045]}},{"type":"Feature","properties":{"ne_id":1159150681,"name":"Port Elizabeth","name_zh":"伊莉莎白港","longitude":25.598083,"latitude":-33.968088,"wikidata_id":"Q125434","source_adm0_a3":"ZAF","source_adm1_name":"Eastern Cape","source_feature_class":"Populated place","source_scalerank":3,"source_pop_max":1021000,"source_id":"ne-ne_10m_populated_places"},"geometry":{"type":"Point","coordinates":[25.598083,-33.968088]}},{"type":"Feature","properties":{"ne_id":1159150683,"name":"Maputo","name_zh":"马普托","longitude":32.587217,"latitude":-25.953332,"wikidata_id":"Q3889","source_adm0_a3":"MOZ","source_adm1_name":"Maputo","source_feature_class":"Admin-0 capital","source_scalerank":3,"source_pop_max":1446000,"source_id":"ne-ne_10m_populated_places"},"geometry":{"type":"Point","coordinates":[32.587217,-25.953332]}},{"type":"Feature","properties":{"ne_id":1159150685,"name":"Tomsk","name_zh":"托木斯克","longitude":84.975009,"latitude":56.494987,"wikidata_id":"Q976","source_adm0_a3":"RUS","source_adm1_name":"Tomsk","source_feature_class":"Admin-1 capital","source_scalerank":3,"source_pop_max":535479,"source_id":"ne-ne_10m_populated_places"},"geometry":{"type":"Point","coordinates":[84.975009,56.494987]}},{"type":"Feature","properties":{"ne_id":1159150687,"name":"Anadyr","name_zh":"阿纳德尔","longitude":177.474996,"latitude":64.73699,"wikidata_id":"Q7978","source_adm0_a3":"RUS","source_adm1_name":"Chukchi Autonomous Okrug","source_feature_class":"Admin-1 capital","source_scalerank":3,"source_pop_max":10332,"source_id":"ne-ne_10m_populated_places"},"geometry":{"type":"Point","coordinates":[177.474996,64.73699]}},{"type":"Feature","properties":{"ne_id":1159150691,"name":"Murmansk","name_zh":"摩尔曼斯克","longitude":33.100036,"latitude":68.969988,"wikidata_id":"Q1763","source_adm0_a3":"RUS","source_adm1_name":"Murmansk","source_feature_class":"Admin-1 capital","source_scalerank":3,"source_pop_max":319263,"source_id":"ne-ne_10m_populated_places"},"geometry":{"type":"Point","coordinates":[33.100036,68.969988]}},{"type":"Feature","properties":{"ne_id":1159150693,"name":"Archangel","name_zh":"阿尔汉格尔斯克","longitude":40.545008,"latitude":64.574959,"wikidata_id":"Q1851","source_adm0_a3":"RUS","source_adm1_name":"Arkhangel'sk","source_feature_class":"Admin-1 capital","source_scalerank":3,"source_pop_max":356051,"source_id":"ne-ne_10m_populated_places"},"geometry":{"type":"Point","coordinates":[40.545008,64.574959]}},{"type":"Feature","properties":{"ne_id":1159150695,"name":"Nizhny Novgorod","name_zh":"下诺夫哥罗德","longitude":43.998148,"latitude":56.334953,"wikidata_id":"Q891","source_adm0_a3":"RUS","source_adm1_name":"Nizhegorod","source_feature_class":"Admin-1 capital","source_scalerank":3,"source_pop_max":1278000,"source_id":"ne-ne_10m_populated_places"},"geometry":{"type":"Point","coordinates":[43.998148,56.334953]}},{"type":"Feature","properties":{"ne_id":1159150697,"name":"Volgograd","name_zh":"伏尔加格勒","longitude":44.498015,"latitude":48.711956,"wikidata_id":"Q914","source_adm0_a3":"RUS","source_adm1_name":"Volgograd","source_feature_class":"Admin-1 capital","source_scalerank":3,"source_pop_max":984000,"source_id":"ne-ne_10m_populated_places"},"geometry":{"type":"Point","coordinates":[44.498015,48.711956]}},{"type":"Feature","properties":{"ne_id":1159150699,"name":"Ufa","name_zh":"乌法","longitude":56.038085,"latitude":54.791921,"wikidata_id":"Q911","source_adm0_a3":"RUS","source_adm1_name":"Bashkortostan","source_feature_class":"Admin-1 capital","source_scalerank":3,"source_pop_max":1018000,"source_id":"ne-ne_10m_populated_places"},"geometry":{"type":"Point","coordinates":[56.038085,54.791921]}},{"type":"Feature","properties":{"ne_id":1159150701,"name":"Yekaterinburg","name_zh":"叶卡捷琳堡","longitude":60.598014,"latitude":56.851976,"wikidata_id":"Q887","source_adm0_a3":"RUS","source_adm1_name":"Sverdlovsk","source_feature_class":"Admin-1 capital","source_scalerank":3,"source_pop_max":1313000,"source_id":"ne-ne_10m_populated_places"},"geometry":{"type":"Point","coordinates":[60.598014,56.851976]}},{"type":"Feature","properties":{"ne_id":1159150703,"name":"Samara","name_zh":"萨马拉","longitude":50.149349,"latitude":53.196953,"wikidata_id":"Q894","source_adm0_a3":"RUS","source_adm1_name":"Samara","source_feature_class":"Admin-1 capital","source_scalerank":3,"source_pop_max":1137000,"source_id":"ne-ne_10m_populated_places"},"geometry":{"type":"Point","coordinates":[50.149349,53.196953]}},{"type":"Feature","properties":{"ne_id":1159150705,"name":"Kazan","name_zh":"喀山","longitude":49.124399,"latitude":55.751888,"wikidata_id":"Q900","source_adm0_a3":"RUS","source_adm1_name":"Tatarstan","source_feature_class":"Admin-1 capital","source_scalerank":3,"source_pop_max":1115000,"source_id":"ne-ne_10m_populated_places"},"geometry":{"type":"Point","coordinates":[49.124399,55.751888]}},{"type":"Feature","properties":{"ne_id":1159150709,"name":"Surgut","name_zh":"苏尔古特","longitude":73.425017,"latitude":61.259942,"wikidata_id":"Q183002","source_adm0_a3":"RUS","source_adm1_name":"Khanty-Mansiy","source_feature_class":"Populated place","source_scalerank":3,"source_pop_max":400000,"source_id":"ne-ne_10m_populated_places"},"geometry":{"type":"Point","coordinates":[73.425017,61.259942]}},{"type":"Feature","properties":{"ne_id":1159150711,"name":"Barnaul","name_zh":"巴尔瑙尔","longitude":83.745007,"latitude":53.354998,"wikidata_id":"Q6014","source_adm0_a3":"RUS","source_adm1_name":"Altay","source_feature_class":"Admin-1 capital","source_scalerank":3,"source_pop_max":599579,"source_id":"ne-ne_10m_populated_places"},"geometry":{"type":"Point","coordinates":[83.745007,53.354998]}},{"type":"Feature","properties":{"ne_id":1159150713,"name":"Novosibirsk","name_zh":"新西伯利亚","longitude":82.958096,"latitude":55.031906,"wikidata_id":"Q883","source_adm0_a3":"RUS","source_adm1_name":"Novosibirsk","source_feature_class":"Admin-1 capital","source_scalerank":3,"source_pop_max":1389000,"source_id":"ne-ne_10m_populated_places"},"geometry":{"type":"Point","coordinates":[82.958096,55.031906]}},{"type":"Feature","properties":{"ne_id":1159150715,"name":"Mogadishu","name_zh":"摩加迪休","longitude":45.364732,"latitude":2.068627,"wikidata_id":"Q2449","source_adm0_a3":"SOM","source_adm1_name":"Banaadir","source_feature_class":"Admin-0 capital","source_scalerank":3,"source_pop_max":1100000,"source_id":"ne-ne_10m_populated_places"},"geometry":{"type":"Point","coordinates":[45.364732,2.068627]}},{"type":"Feature","properties":{"ne_id":1159150717,"name":"Muscat","name_zh":"马斯喀特","longitude":58.378311,"latitude":23.585179,"wikidata_id":"Q3826","source_adm0_a3":"OMN","source_adm1_name":"Muscat","source_feature_class":"Admin-0 capital","source_scalerank":3,"source_pop_max":734697,"source_id":"ne-ne_10m_populated_places"},"geometry":{"type":"Point","coordinates":[58.378311,23.585179]}},{"type":"Feature","properties":{"ne_id":1159150719,"name":"Colombo","name_zh":"科伦坡","longitude":79.857751,"latitude":6.931966,"wikidata_id":"Q35381","source_adm0_a3":"LKA","source_adm1_name":"Colombo","source_feature_class":"Admin-0 capital","source_scalerank":3,"source_pop_max":217000,"source_id":"ne-ne_10m_populated_places"},"geometry":{"type":"Point","coordinates":[79.857751,6.931966]}},{"type":"Feature","properties":{"ne_id":1159150721,"name":"Cebu","name_zh":"宿雾","longitude":123.898129,"latitude":10.321922,"wikidata_id":"Q1467","source_adm0_a3":"PHL","source_adm1_name":"Cebu","source_feature_class":"Populated place","source_scalerank":3,"source_pop_max":815000,"source_id":"ne-ne_10m_populated_places"},"geometry":{"type":"Point","coordinates":[123.898129,10.321922]}},{"type":"Feature","properties":{"ne_id":1159150723,"name":"Iloilo","name_zh":"伊洛伊洛","longitude":122.545016,"latitude":10.705043,"wikidata_id":"Q459787","source_adm0_a3":"PHL","source_adm1_name":"Iloilo","source_feature_class":"Populated place","source_scalerank":3,"source_pop_max":387681,"source_id":"ne-ne_10m_populated_places"},"geometry":{"type":"Point","coordinates":[122.545016,10.705043]}},{"type":"Feature","properties":{"ne_id":1159150727,"name":"Davao","name_zh":"达沃","longitude":125.62805,"latitude":7.111963,"wikidata_id":"Q1473","source_adm0_a3":"PHL","source_adm1_name":"Davao Del Sur","source_feature_class":"Populated place","source_scalerank":3,"source_pop_max":1402000,"source_id":"ne-ne_10m_populated_places"},"geometry":{"type":"Point","coordinates":[125.62805,7.111963]}},{"type":"Feature","properties":{"ne_id":1159150729,"name":"Bratsk","name_zh":"布拉茨克","longitude":101.615027,"latitude":56.156997,"wikidata_id":"Q132732","source_adm0_a3":"RUS","source_adm1_name":"Irkutsk","source_feature_class":"Populated place","source_scalerank":3,"source_pop_max":246348,"source_id":"ne-ne_10m_populated_places"},"geometry":{"type":"Point","coordinates":[101.615027,56.156997]}},{"type":"Feature","properties":{"ne_id":1159150731,"name":"Irkutsk","name_zh":"伊尔库茨克","longitude":104.283869,"latitude":52.284604,"wikidata_id":"Q6576","source_adm0_a3":"RUS","source_adm1_name":"Irkutsk","source_feature_class":"Admin-1 capital","source_scalerank":3,"source_pop_max":586695,"source_id":"ne-ne_10m_populated_places"},"geometry":{"type":"Point","coordinates":[104.283869,52.284604]}},{"type":"Feature","properties":{"ne_id":1159150733,"name":"Krasnoyarsk","name_zh":"克拉斯诺亚尔斯克","longitude":92.864055,"latitude":56.015929,"wikidata_id":"Q919","source_adm0_a3":"RUS","source_adm1_name":"Krasnoyarsk","source_feature_class":"Admin-1 capital","source_scalerank":3,"source_pop_max":925000,"source_id":"ne-ne_10m_populated_places"},"geometry":{"type":"Point","coordinates":[92.864055,56.015929]}},{"type":"Feature","properties":{"ne_id":1159150735,"name":"Dikson","name_zh":"迪克森","longitude":80.545099,"latitude":73.506972,"wikidata_id":"Q678299","source_adm0_a3":"RUS","source_adm1_name":"Taymyr","source_feature_class":"Populated place","source_scalerank":3,"source_pop_max":1113,"source_id":"ne-ne_10m_populated_places"},"geometry":{"type":"Point","coordinates":[80.545099,73.506972]}},{"type":"Feature","properties":{"ne_id":1159150737,"name":"Chita","name_zh":"赤塔","longitude":113.465002,"latitude":52.055025,"wikidata_id":"Q53139","source_adm0_a3":"RUS","source_adm1_name":"Chita","source_feature_class":"Admin-1 capital","source_scalerank":3,"source_pop_max":308500,"source_id":"ne-ne_10m_populated_places"},"geometry":{"type":"Point","coordinates":[113.465002,52.055025]}},{"type":"Feature","properties":{"ne_id":1159150739,"name":"Vladivostok","name_zh":"海参崴","longitude":131.910026,"latitude":43.130015,"wikidata_id":"Q959","source_adm0_a3":"RUS","source_adm1_name":"Primor'ye","source_feature_class":"Admin-1 capital","source_scalerank":3,"source_pop_max":587022,"source_id":"ne-ne_10m_populated_places"},"geometry":{"type":"Point","coordinates":[131.910026,43.130015]}},{"type":"Feature","properties":{"ne_id":1159150741,"name":"Nizhneyansk","name_zh":"下揚斯克","longitude":136.066619,"latitude":71.433326,"wikidata_id":"Q1993488","source_adm0_a3":"RUS","source_adm1_name":"Sakha (Yakutia)","source_feature_class":"Populated place","source_scalerank":3,"source_pop_max":400,"source_id":"ne-ne_10m_populated_places"},"geometry":{"type":"Point","coordinates":[136.066619,71.433326]}},{"type":"Feature","properties":{"ne_id":1159150745,"name":"Yakutsk","name_zh":"雅库茨克","longitude":129.735016,"latitude":62.034959,"wikidata_id":"Q6610","source_adm0_a3":"RUS","source_adm1_name":"Sakha (Yakutia)","source_feature_class":"Admin-1 capital","source_scalerank":3,"source_pop_max":235600,"source_id":"ne-ne_10m_populated_places"},"geometry":{"type":"Point","coordinates":[129.735016,62.034959]}},{"type":"Feature","properties":{"ne_id":1159150747,"name":"Tiksi","name_zh":"季克西","longitude":128.834967,"latitude":71.626886,"wikidata_id":"Q500895","source_adm0_a3":"RUS","source_adm1_name":"Sakha (Yakutia)","source_feature_class":"Populated place","source_scalerank":3,"source_pop_max":5700,"source_id":"ne-ne_10m_populated_places"},"geometry":{"type":"Point","coordinates":[128.834967,71.626886]}},{"type":"Feature","properties":{"ne_id":1159150749,"name":"Magadan","name_zh":"马加丹","longitude":150.810009,"latitude":59.57498,"wikidata_id":"Q7968","source_adm0_a3":"RUS","source_adm1_name":"Maga Buryatdan","source_feature_class":"Admin-1 capital","source_scalerank":3,"source_pop_max":95282,"source_id":"ne-ne_10m_populated_places"},"geometry":{"type":"Point","coordinates":[150.810009,59.57498]}},{"type":"Feature","properties":{"ne_id":1159150751,"name":"Tijuana","name_zh":"蒂华纳","longitude":-117.081942,"latitude":32.501963,"wikidata_id":"Q124739","source_adm0_a3":"MEX","source_adm1_name":"Baja California","source_feature_class":"Populated place","source_scalerank":3,"source_pop_max":1553000,"source_id":"ne-ne_10m_populated_places"},"geometry":{"type":"Point","coordinates":[-117.081942,32.501963]}},{"type":"Feature","properties":{"ne_id":1159150753,"name":"Chihuahua","name_zh":"奇瓦瓦","longitude":-106.086928,"latitude":28.646927,"wikidata_id":"Q61302","source_adm0_a3":"MEX","source_adm1_name":"Chihuahua","source_feature_class":"Admin-1 capital","source_scalerank":3,"source_pop_max":793000,"source_id":"ne-ne_10m_populated_places"},"geometry":{"type":"Point","coordinates":[-106.086928,28.646927]}},{"type":"Feature","properties":{"ne_id":1159150755,"name":"Mazatlán","name_zh":"马萨特兰","longitude":-106.420001,"latitude":23.221101,"wikidata_id":"Q40194","source_adm0_a3":"MEX","source_adm1_name":"Sinaloa","source_feature_class":"Populated place","source_scalerank":3,"source_pop_max":368204,"source_id":"ne-ne_10m_populated_places"},"geometry":{"type":"Point","coordinates":[-106.420001,23.221101]}},{"type":"Feature","properties":{"ne_id":1159150757,"name":"Tampico","name_zh":"坦皮科","longitude":-97.870006,"latitude":22.30002,"wikidata_id":"Q273014","source_adm0_a3":"MEX","source_adm1_name":"Tamaulipas","source_feature_class":"Populated place","source_scalerank":3,"source_pop_max":859419,"source_id":"ne-ne_10m_populated_places"},"geometry":{"type":"Point","coordinates":[-97.870006,22.30002]}},{"type":"Feature","properties":{"ne_id":1159150759,"name":"Acapulco","name_zh":"阿卡普尔科","longitude":-99.915979,"latitude":16.849991,"wikidata_id":"Q81398","source_adm0_a3":"MEX","source_adm1_name":"Guerrero","source_feature_class":"Populated place","source_scalerank":3,"source_pop_max":715584,"source_id":"ne-ne_10m_populated_places"},"geometry":{"type":"Point","coordinates":[-99.915979,16.849991]}},{"type":"Feature","properties":{"ne_id":1159150763,"name":"Veracruz","name_zh":"韦拉克鲁斯","longitude":-96.159981,"latitude":19.177342,"wikidata_id":"Q173270","source_adm0_a3":"MEX","source_adm1_name":"Veracruz","source_feature_class":"Populated place","source_scalerank":3,"source_pop_max":578963,"source_id":"ne-ne_10m_populated_places"},"geometry":{"type":"Point","coordinates":[-96.159981,19.177342]}},{"type":"Feature","properties":{"ne_id":1159150765,"name":"Tuxtla Gutiérrez","name_zh":"图斯特拉－古铁雷斯","longitude":-93.15001,"latitude":16.749997,"wikidata_id":"Q207429","source_adm0_a3":"MEX","source_adm1_name":"Chiapas","source_feature_class":"Admin-1 capital","source_scalerank":3,"source_pop_max":481128,"source_id":"ne-ne_10m_populated_places"},"geometry":{"type":"Point","coordinates":[-93.15001,16.749997]}},{"type":"Feature","properties":{"ne_id":1159150767,"name":"Cancún","name_zh":"坎昆","longitude":-86.830008,"latitude":21.16996,"wikidata_id":"Q8969","source_adm0_a3":"MEX","source_adm1_name":"Quintana Roo","source_feature_class":"Populated place","source_scalerank":3,"source_pop_max":542043,"source_id":"ne-ne_10m_populated_places"},"geometry":{"type":"Point","coordinates":[-86.830008,21.16996]}},{"type":"Feature","properties":{"ne_id":1159150769,"name":"Mérida","name_zh":"梅里达","longitude":-89.618579,"latitude":20.968585,"wikidata_id":"Q165204","source_adm0_a3":"MEX","source_adm1_name":"Yucatán","source_feature_class":"Admin-1 capital","source_scalerank":3,"source_pop_max":965000,"source_id":"ne-ne_10m_populated_places"},"geometry":{"type":"Point","coordinates":[-89.618579,20.968585]}},{"type":"Feature","properties":{"ne_id":1159150771,"name":"Enugu","name_zh":"埃努古","longitude":7.499997,"latitude":6.450031,"wikidata_id":"Q465022","source_adm0_a3":"NGA","source_adm1_name":"Enugu","source_feature_class":"Admin-1 capital","source_scalerank":3,"source_pop_max":688862,"source_id":"ne-ne_10m_populated_places"},"geometry":{"type":"Point","coordinates":[7.499997,6.450031]}},{"type":"Feature","properties":{"ne_id":1159150773,"name":"Sokoto","name_zh":"索科托","longitude":5.240031,"latitude":13.060016,"wikidata_id":"Q336350","source_adm0_a3":"NGA","source_adm1_name":"Sokoto","source_feature_class":"Admin-1 capital","source_scalerank":3,"source_pop_max":732178,"source_id":"ne-ne_10m_populated_places"},"geometry":{"type":"Point","coordinates":[5.240031,13.060016]}},{"type":"Feature","properties":{"ne_id":1159150775,"name":"Perm","name_zh":"彼尔姆","longitude":56.248047,"latitude":58.001906,"wikidata_id":"Q915","source_adm0_a3":"RUS","source_adm1_name":"Perm'","source_feature_class":"Admin-1 capital","source_scalerank":3,"source_pop_max":997000,"source_id":"ne-ne_10m_populated_places"},"geometry":{"type":"Point","coordinates":[56.248047,58.001906]}},{"type":"Feature","properties":{"ne_id":1159150777,"name":"Erdenet","name_zh":"额尔登特","longitude":104.118337,"latitude":49.053297,"wikidata_id":"Q230628","source_adm0_a3":"MNG","source_adm1_name":"Orhon","source_feature_class":"Admin-1 capital","source_scalerank":3,"source_pop_max":79647,"source_id":"ne-ne_10m_populated_places"},"geometry":{"type":"Point","coordinates":[104.118337,49.053297]}},{"type":"Feature","properties":{"ne_id":1159150781,"name":"Ulaanbaatar","name_zh":"乌兰巴托","longitude":106.91467,"latitude":47.918619,"wikidata_id":"Q23430","source_adm0_a3":"MNG","source_adm1_name":"Ulaanbaatar","source_feature_class":"Admin-0 capital","source_scalerank":3,"source_pop_max":885000,"source_id":"ne-ne_10m_populated_places"},"geometry":{"type":"Point","coordinates":[106.91467,47.918619]}},{"type":"Feature","properties":{"ne_id":1159150783,"name":"Mbeya","name_zh":"姆贝亚","longitude":33.430042,"latitude":-8.890014,"wikidata_id":"Q335548","source_adm0_a3":"TZA","source_adm1_name":"Mbeya","source_feature_class":"Admin-1 capital","source_scalerank":3,"source_pop_max":291649,"source_id":"ne-ne_10m_populated_places"},"geometry":{"type":"Point","coordinates":[33.430042,-8.890014]}},{"type":"Feature","properties":{"ne_id":1159150785,"name":"Windhoek","name_zh":"温得和克","longitude":17.083546,"latitude":-22.570006,"wikidata_id":"Q3935","source_adm0_a3":"NAM","source_adm1_name":"Khomas","source_feature_class":"Admin-0 capital","source_scalerank":3,"source_pop_max":268132,"source_id":"ne-ne_10m_populated_places"},"geometry":{"type":"Point","coordinates":[17.083546,-22.570006]}},{"type":"Feature","properties":{"ne_id":1159150787,"name":"Grootfontein","name_zh":"赫鲁特方丹","longitude":18.116558,"latitude":-19.566623,"wikidata_id":"Q986336","source_adm0_a3":"NAM","source_adm1_name":"Otjozondjupa","source_feature_class":"Populated place","source_scalerank":3,"source_pop_max":24099,"source_id":"ne-ne_10m_populated_places"},"geometry":{"type":"Point","coordinates":[18.116558,-19.566623]}},{"type":"Feature","properties":{"ne_id":1159150789,"name":"Zanzibar","name_zh":"桑给巴尔","longitude":39.200026,"latitude":-6.16,"wikidata_id":"Q2222874","source_adm0_a3":"TZA","source_adm1_name":"Zanzibar West","source_feature_class":"Admin-1 capital","source_scalerank":3,"source_pop_max":403658,"source_id":"ne-ne_10m_populated_places"},"geometry":{"type":"Point","coordinates":[39.200026,-6.16]}},{"type":"Feature","properties":{"ne_id":1159150791,"name":"Valencia","name_zh":"巴伦西亚","longitude":-0.401958,"latitude":39.486963,"wikidata_id":"Q8818","source_adm0_a3":"ESP","source_adm1_name":"Comunidad Valenciana","source_feature_class":"Admin-1 capital","source_scalerank":3,"source_pop_max":808000,"source_id":"ne-ne_10m_populated_places"},"geometry":{"type":"Point","coordinates":[-0.401958,39.486963]}},{"type":"Feature","properties":{"ne_id":1159150793,"name":"Palana","name_zh":"帕拉纳","longitude":159.950019,"latitude":59.084002,"wikidata_id":"Q695360","source_adm0_a3":"RUS","source_adm1_name":"Kamchatka","source_feature_class":"Admin-1 capital","source_scalerank":3,"source_pop_max":3671,"source_id":"ne-ne_10m_populated_places"},"geometry":{"type":"Point","coordinates":[159.950019,59.084002]}},{"type":"Feature","properties":{"ne_id":1159150795,"name":"Petropavlovsk-Kamchatsky","name_zh":"堪察加彼得巴甫洛夫斯克","longitude":158.62302,"latitude":53.061992,"wikidata_id":"Q7951","source_adm0_a3":"RUS","source_adm1_name":"Kamchatka","source_feature_class":"Admin-1 capital","source_scalerank":3,"source_pop_max":187282,"source_id":"ne-ne_10m_populated_places"},"geometry":{"type":"Point","coordinates":[158.62302,53.061992]}},{"type":"Feature","properties":{"ne_id":1159150799,"name":"Abuja","name_zh":"阿布贾","longitude":7.489505,"latitude":9.05462,"wikidata_id":"Q3787","source_adm0_a3":"NGA","source_adm1_name":"Federal Capital Territory","source_feature_class":"Admin-0 capital","source_scalerank":3,"source_pop_max":1576000,"source_id":"ne-ne_10m_populated_places"},"geometry":{"type":"Point","coordinates":[7.489505,9.05462]}},{"type":"Feature","properties":{"ne_id":1159150801,"name":"Padang","name_zh":"巴东","longitude":100.358068,"latitude":-0.958061,"wikidata_id":"Q7253","source_adm0_a3":"IDN","source_adm1_name":"Sumatera Barat","source_feature_class":"Admin-1 capital","source_scalerank":3,"source_pop_max":855000,"source_id":"ne-ne_10m_populated_places"},"geometry":{"type":"Point","coordinates":[100.358068,-0.958061]}},{"type":"Feature","properties":{"ne_id":1159150803,"name":"Bissau","name_zh":"比绍","longitude":-15.598361,"latitude":11.865024,"wikidata_id":"Q3739","source_adm0_a3":"GNB","source_adm1_name":"Bissau","source_feature_class":"Admin-0 capital","source_scalerank":3,"source_pop_max":403339,"source_id":"ne-ne_10m_populated_places"},"geometry":{"type":"Point","coordinates":[-15.598361,11.865024]}},{"type":"Feature","properties":{"ne_id":1159150805,"name":"Palermo","name_zh":"巴勒莫","longitude":13.348081,"latitude":38.126969,"wikidata_id":"Q2656","source_adm0_a3":"ITA","source_adm1_name":"Sicily","source_feature_class":"Admin-1 region capital","source_scalerank":3,"source_pop_max":863000,"source_id":"ne-ne_10m_populated_places"},"geometry":{"type":"Point","coordinates":[13.348081,38.126969]}},{"type":"Feature","properties":{"ne_id":1159150807,"name":"Amman","name_zh":"安曼","longitude":35.931354,"latitude":31.951971,"wikidata_id":"Q3805","source_adm0_a3":"JOR","source_adm1_name":"Amman","source_feature_class":"Admin-0 capital","source_scalerank":3,"source_pop_max":1060000,"source_id":"ne-ne_10m_populated_places"},"geometry":{"type":"Point","coordinates":[35.931354,31.951971]}},{"type":"Feature","properties":{"ne_id":1159150809,"name":"Vilnius","name_zh":"维尔纽斯","longitude":25.316635,"latitude":54.683366,"wikidata_id":"Q216","source_adm0_a3":"LTU","source_adm1_name":"Vilniaus","source_feature_class":"Admin-0 capital","source_scalerank":3,"source_pop_max":542366,"source_id":"ne-ne_10m_populated_places"},"geometry":{"type":"Point","coordinates":[25.316635,54.683366]}},{"type":"Feature","properties":{"ne_id":1159150811,"name":"Riga","name_zh":"里加","longitude":24.099965,"latitude":56.950024,"wikidata_id":"Q1773","source_adm0_a3":"LVA","source_adm1_name":"Riga","source_feature_class":"Admin-0 capital","source_scalerank":3,"source_pop_max":742572,"source_id":"ne-ne_10m_populated_places"},"geometry":{"type":"Point","coordinates":[24.099965,56.950024]}},{"type":"Feature","properties":{"ne_id":1159150813,"name":"Bishkek","name_zh":"比什凯克","longitude":74.583258,"latitude":42.875025,"wikidata_id":"Q9361","source_adm0_a3":"KGZ","source_adm1_name":"Bishkek","source_feature_class":"Admin-0 capital","source_scalerank":3,"source_pop_max":837000,"source_id":"ne-ne_10m_populated_places"},"geometry":{"type":"Point","coordinates":[74.583258,42.875025]}},{"type":"Feature","properties":{"ne_id":1159150817,"name":"Jiayuguan","name_zh":"嘉峪关","longitude":98.299984,"latitude":39.82001,"wikidata_id":"Q532560","source_adm0_a3":"CHN","source_adm1_name":"Gansu","source_feature_class":"Populated place","source_scalerank":3,"source_pop_max":148279,"source_id":"ne-ne_10m_populated_places"},"geometry":{"type":"Point","coordinates":[98.299984,39.82001]}},{"type":"Feature","properties":{"ne_id":1159150819,"name":"Xining","name_zh":"西宁","longitude":101.768059,"latitude":36.621944,"wikidata_id":"Q69060","source_adm0_a3":"CHN","source_adm1_name":"Gansu","source_feature_class":"Admin-1 capital","source_scalerank":3,"source_pop_max":1048000,"source_id":"ne-ne_10m_populated_places"},"geometry":{"type":"Point","coordinates":[101.768059,36.621944]}},{"type":"Feature","properties":{"ne_id":1159150821,"name":"Guilin","name_zh":"桂林","longitude":110.278082,"latitude":25.281939,"wikidata_id":"Q189633","source_adm0_a3":"CHN","source_adm1_name":"Guangxi","source_feature_class":"Populated place","source_scalerank":3,"source_pop_max":987000,"source_id":"ne-ne_10m_populated_places"},"geometry":{"type":"Point","coordinates":[110.278082,25.281939]}},{"type":"Feature","properties":{"ne_id":1159150823,"name":"Huainan","name_zh":"淮南","longitude":116.978035,"latitude":32.63193,"wikidata_id":"Q360178","source_adm0_a3":"CHN","source_adm1_name":"Anhui","source_feature_class":"Populated place","source_scalerank":3,"source_pop_max":1451000,"source_id":"ne-ne_10m_populated_places"},"geometry":{"type":"Point","coordinates":[116.978035,32.63193]}},{"type":"Feature","properties":{"ne_id":1159150825,"name":"Shantou","name_zh":"汕头","longitude":116.66808,"latitude":23.371952,"wikidata_id":"Q59100","source_adm0_a3":"CHN","source_adm1_name":"Guangdong","source_feature_class":"Populated place","source_scalerank":3,"source_pop_max":1601000,"source_id":"ne-ne_10m_populated_places"},"geometry":{"type":"Point","coordinates":[116.66808,23.371952]}},{"type":"Feature","properties":{"ne_id":1159150827,"name":"Tarakan","name_zh":"打拉根","longitude":117.633016,"latitude":3.300017,"wikidata_id":"Q14501","source_adm0_a3":"IDN","source_adm1_name":"Kalimantan Timur","source_feature_class":"Populated place","source_scalerank":3,"source_pop_max":193069,"source_id":"ne-ne_10m_populated_places"},"geometry":{"type":"Point","coordinates":[117.633016,3.300017]}},{"type":"Feature","properties":{"ne_id":1159150829,"name":"Mombasa","name_zh":"蒙巴萨","longitude":39.687972,"latitude":-4.03808,"wikidata_id":"Q225641","source_adm0_a3":"KEN","source_adm1_name":"Coast","source_feature_class":"Admin-1 capital","source_scalerank":3,"source_pop_max":882000,"source_id":"ne-ne_10m_populated_places"},"geometry":{"type":"Point","coordinates":[39.687972,-4.03808]}},{"type":"Feature","properties":{"ne_id":1159150831,"name":"Maseru","name_zh":"马塞卢","longitude":27.483273,"latitude":-29.316674,"wikidata_id":"Q3909","source_adm0_a3":"LSO","source_adm1_name":"Maseru","source_feature_class":"Admin-0 capital","source_scalerank":3,"source_pop_max":361324,"source_id":"ne-ne_10m_populated_places"},"geometry":{"type":"Point","coordinates":[27.483273,-29.316674]}},{"type":"Feature","properties":{"ne_id":1159150835,"name":"Antananarivo","name_zh":"塔那那利佛","longitude":47.514678,"latitude":-18.914691,"wikidata_id":"Q3915","source_adm0_a3":"MDG","source_adm1_name":"Antananarivo","source_feature_class":"Admin-0 capital","source_scalerank":3,"source_pop_max":1697000,"source_id":"ne-ne_10m_populated_places"},"geometry":{"type":"Point","coordinates":[47.514678,-18.914691]}},{"type":"Feature","properties":{"ne_id":1159150837,"name":"Semarang","name_zh":"三宝垄","longitude":110.418074,"latitude":-6.964672,"wikidata_id":"Q11025","source_adm0_a3":"IDN","source_adm1_name":"Jawa Tengah","source_feature_class":"Admin-1 capital","source_scalerank":3,"source_pop_max":1396000,"source_id":"ne-ne_10m_populated_places"},"geometry":{"type":"Point","coordinates":[110.418074,-6.964672]}},{"type":"Feature","properties":{"ne_id":1159150839,"name":"Palembang","name_zh":"巨港","longitude":104.748084,"latitude":-2.978093,"wikidata_id":"Q8131","source_adm0_a3":"IDN","source_adm1_name":"Sumatera Selatan","source_feature_class":"Admin-1 capital","source_scalerank":3,"source_pop_max":1749000,"source_id":"ne-ne_10m_populated_places"},"geometry":{"type":"Point","coordinates":[104.748084,-2.978093]}},{"type":"Feature","properties":{"ne_id":1159150841,"name":"Bandjarmasin","name_zh":"马辰","longitude":114.580076,"latitude":-3.329992,"wikidata_id":"Q14182","source_adm0_a3":"IDN","source_adm1_name":"Kalimantan Selatan","source_feature_class":"Admin-1 capital","source_scalerank":3,"source_pop_max":603576,"source_id":"ne-ne_10m_populated_places"},"geometry":{"type":"Point","coordinates":[114.580076,-3.329992]}},{"type":"Feature","properties":{"ne_id":1159150843,"name":"Makassar","name_zh":"望加锡","longitude":119.430082,"latitude":-5.138013,"wikidata_id":"Q14634","source_adm0_a3":"IDN","source_adm1_name":"Sulawesi Selatan","source_feature_class":"Admin-1 capital","source_scalerank":3,"source_pop_max":1262000,"source_id":"ne-ne_10m_populated_places"},"geometry":{"type":"Point","coordinates":[119.430082,-5.138013]}},{"type":"Feature","properties":{"ne_id":1159150845,"name":"Lyon","name_zh":"里昂","longitude":4.828085,"latitude":45.771954,"wikidata_id":"Q456","source_adm0_a3":"FRA","source_adm1_name":"Rhône-Alpes","source_feature_class":"Admin-1 region capital","source_scalerank":3,"source_pop_max":1423000,"source_id":"ne-ne_10m_populated_places"},"geometry":{"type":"Point","coordinates":[4.828085,45.771954]}},{"type":"Feature","properties":{"ne_id":1159150847,"name":"Quito","name_zh":"基多","longitude":-78.501997,"latitude":-0.213042,"wikidata_id":"Q2900","source_adm0_a3":"ECU","source_adm1_name":"Pichincha","source_feature_class":"Admin-0 capital","source_scalerank":3,"source_pop_max":1701000,"source_id":"ne-ne_10m_populated_places"},"geometry":{"type":"Point","coordinates":[-78.501997,-0.213042]}},{"type":"Feature","properties":{"ne_id":1159150849,"name":"San José","name_zh":"圣荷西","longitude":-84.078814,"latitude":9.930371,"wikidata_id":"Q3070","source_adm0_a3":"CRI","source_adm1_name":"San José","source_feature_class":"Admin-0 capital","source_scalerank":3,"source_pop_max":1284000,"source_id":"ne-ne_10m_populated_places"},"geometry":{"type":"Point","coordinates":[-84.078814,9.930371]}},{"type":"Feature","properties":{"ne_id":1159150853,"name":"San Salvador","name_zh":"圣萨尔瓦多","longitude":-89.215576,"latitude":13.70328,"wikidata_id":"Q3110","source_adm0_a3":"SLV","source_adm1_name":"San Salvador","source_feature_class":"Admin-0 capital","source_scalerank":3,"source_pop_max":1433000,"source_id":"ne-ne_10m_populated_places"},"geometry":{"type":"Point","coordinates":[-89.215576,13.70328]}},{"type":"Feature","properties":{"ne_id":1159150855,"name":"Kingston","name_zh":"京斯敦","longitude":-76.767434,"latitude":17.977077,"wikidata_id":"Q34692","source_adm0_a3":"JAM","source_adm1_name":"Kingston","source_feature_class":"Admin-0 capital","source_scalerank":3,"source_pop_max":937700,"source_id":"ne-ne_10m_populated_places"},"geometry":{"type":"Point","coordinates":[-76.767434,17.977077]}},{"type":"Feature","properties":{"ne_id":1159150857,"name":"Cartagena","name_zh":"卡塔赫纳","longitude":-75.516339,"latitude":10.401684,"wikidata_id":"Q657461","source_adm0_a3":"COL","source_adm1_name":"Bolívar","source_feature_class":"Admin-1 capital","source_scalerank":3,"source_pop_max":887000,"source_id":"ne-ne_10m_populated_places"},"geometry":{"type":"Point","coordinates":[-75.516339,10.401684]}},{"type":"Feature","properties":{"ne_id":1159150859,"name":"Mitú","name_zh":"米图","longitude":-70.173608,"latitude":1.198311,"wikidata_id":"Q130242","source_adm0_a3":"COL","source_adm1_name":"Vaupés","source_feature_class":"Admin-1 capital","source_scalerank":3,"source_pop_max":5917,"source_id":"ne-ne_10m_populated_places"},"geometry":{"type":"Point","coordinates":[-70.173608,1.198311]}},{"type":"Feature","properties":{"ne_id":1159150861,"name":"Bumba","name_zh":"奔巴","longitude":22.459962,"latitude":2.189981,"wikidata_id":"Q1004822","source_adm0_a3":"COD","source_adm1_name":"Équateur","source_feature_class":"Populated place","source_scalerank":3,"source_pop_max":160539,"source_id":"ne-ne_10m_populated_places"},"geometry":{"type":"Point","coordinates":[22.459962,2.189981]}},{"type":"Feature","properties":{"ne_id":1159150863,"name":"N'Djamena","name_zh":"恩贾梅纳","longitude":15.047202,"latitude":12.115042,"wikidata_id":"Q3659","source_adm0_a3":"TCD","source_adm1_name":"Hadjer-Lamis","source_feature_class":"Admin-0 capital","source_scalerank":3,"source_pop_max":989000,"source_id":"ne-ne_10m_populated_places"},"geometry":{"type":"Point","coordinates":[15.047202,12.115042]}},{"type":"Feature","properties":{"ne_id":1159150865,"name":"Abéché","name_zh":"阿贝歇","longitude":20.829984,"latitude":13.839994,"wikidata_id":"Q242587","source_adm0_a3":"TCD","source_adm1_name":"Ouaddaï","source_feature_class":"Admin-1 capital","source_scalerank":3,"source_pop_max":158317,"source_id":"ne-ne_10m_populated_places"},"geometry":{"type":"Point","coordinates":[20.829984,13.839994]}},{"type":"Feature","properties":{"ne_id":1159150867,"name":"Malabo","name_zh":"马拉博","longitude":8.783278,"latitude":3.750015,"wikidata_id":"Q3818","source_adm0_a3":"GNQ","source_adm1_name":"Bioko Norte","source_feature_class":"Admin-0 capital","source_scalerank":3,"source_pop_max":155963,"source_id":"ne-ne_10m_populated_places"},"geometry":{"type":"Point","coordinates":[8.783278,3.750015]}},{"type":"Feature","properties":{"ne_id":1159150871,"name":"Luxor","name_zh":"卢克索","longitude":32.650038,"latitude":25.700019,"wikidata_id":"Q130514","source_adm0_a3":"EGY","source_adm1_name":"Qina","source_feature_class":"Populated place","source_scalerank":3,"source_pop_max":609248,"source_id":"ne-ne_10m_populated_places"},"geometry":{"type":"Point","coordinates":[32.650038,25.700019]}},{"type":"Feature","properties":{"ne_id":1159150873,"name":"Asmara","name_zh":"阿斯马拉","longitude":38.933324,"latitude":15.333339,"wikidata_id":"Q3642","source_adm0_a3":"ERI","source_adm1_name":"Anseba","source_feature_class":"Admin-0 capital","source_scalerank":3,"source_pop_max":620802,"source_id":"ne-ne_10m_populated_places"},"geometry":{"type":"Point","coordinates":[38.933324,15.333339]}},{"type":"Feature","properties":{"ne_id":1159150875,"name":"Zagreb","name_zh":"萨格勒布","longitude":15.999995,"latitude":45.800007,"wikidata_id":"Q1435","source_adm0_a3":"HRV","source_adm1_name":"Grad Zagreb","source_feature_class":"Admin-0 capital","source_scalerank":3,"source_pop_max":722526,"source_id":"ne-ne_10m_populated_places"},"geometry":{"type":"Point","coordinates":[15.999995,45.800007]}},{"type":"Feature","properties":{"ne_id":1159150877,"name":"Tallinn","name_zh":"塔林","longitude":24.728041,"latitude":59.433877,"wikidata_id":"Q1770","source_adm0_a3":"EST","source_adm1_name":"Harju","source_feature_class":"Admin-0 capital","source_scalerank":3,"source_pop_max":394024,"source_id":"ne-ne_10m_populated_places"},"geometry":{"type":"Point","coordinates":[24.728041,59.433877]}},{"type":"Feature","properties":{"ne_id":1159150879,"name":"Lhasa","name_zh":"拉萨","longitude":91.10001,"latitude":29.645024,"wikidata_id":"Q5869","source_adm0_a3":"CHN","source_adm1_name":"Xizang","source_feature_class":"Admin-1 capital","source_scalerank":3,"source_pop_max":219599,"source_id":"ne-ne_10m_populated_places"},"geometry":{"type":"Point","coordinates":[91.10001,29.645024]}},{"type":"Feature","properties":{"ne_id":1159150881,"name":"Hami","name_zh":"伊州区","longitude":93.515005,"latitude":42.826984,"wikidata_id":"Q650585","source_adm0_a3":"CHN","source_adm1_name":"Xinjiang Uygur","source_feature_class":"Populated place","source_scalerank":3,"source_pop_max":580000,"source_id":"ne-ne_10m_populated_places"},"geometry":{"type":"Point","coordinates":[93.515005,42.826984]}},{"type":"Feature","properties":{"ne_id":1159150883,"name":"Hotan","name_zh":"和田","longitude":79.926945,"latitude":37.099711,"wikidata_id":"Q235389","source_adm0_a3":"CHN","source_adm1_name":"Xinjiang Uygur","source_feature_class":"Populated place","source_scalerank":3,"source_pop_max":408894,"source_id":"ne-ne_10m_populated_places"},"geometry":{"type":"Point","coordinates":[79.926945,37.099711]}},{"type":"Feature","properties":{"ne_id":1159150885,"name":"Kashgar","name_zh":"喀什","longitude":75.969926,"latitude":39.476336,"wikidata_id":"Q170521","source_adm0_a3":"CHN","source_adm1_name":"Xinjiang Uygur","source_feature_class":"Populated place","source_scalerank":3,"source_pop_max":506640,"source_id":"ne-ne_10m_populated_places"},"geometry":{"type":"Point","coordinates":[75.969926,39.476336]}},{"type":"Feature","properties":{"ne_id":1159150889,"name":"Yinchuan","name_zh":"银川","longitude":106.271092,"latitude":38.46992,"wikidata_id":"Q211243","source_adm0_a3":"CHN","source_adm1_name":"Ningxia Hui","source_feature_class":"Admin-1 capital","source_scalerank":3,"source_pop_max":991000,"source_id":"ne-ne_10m_populated_places"},"geometry":{"type":"Point","coordinates":[106.271092,38.46992]}},{"type":"Feature","properties":{"ne_id":1159150891,"name":"Pingxiang","name_zh":"萍乡","longitude":113.848097,"latitude":27.621951,"wikidata_id":"Q362865","source_adm0_a3":"CHN","source_adm1_name":"Jiangxi","source_feature_class":"Populated place","source_scalerank":3,"source_pop_max":961000,"source_id":"ne-ne_10m_populated_places"},"geometry":{"type":"Point","coordinates":[113.848097,27.621951]}},{"type":"Feature","properties":{"ne_id":1159150893,"name":"Nagasaki","name_zh":"长崎","longitude":129.885033,"latitude":32.764988,"wikidata_id":"Q38234","source_adm0_a3":"JPN","source_adm1_name":"Nagasaki","source_feature_class":"Admin-1 capital","source_scalerank":3,"source_pop_max":435455,"source_id":"ne-ne_10m_populated_places"},"geometry":{"type":"Point","coordinates":[129.885033,32.764988]}},{"type":"Feature","properties":{"ne_id":1159150895,"name":"Qiqihar","name_zh":"齐齐哈尔","longitude":123.988046,"latitude":47.346923,"wikidata_id":"Q205922","source_adm0_a3":"CHN","source_adm1_name":"Heilongjiang","source_feature_class":"Populated place","source_scalerank":3,"source_pop_max":1641000,"source_id":"ne-ne_10m_populated_places"},"geometry":{"type":"Point","coordinates":[123.988046,47.346923]}},{"type":"Feature","properties":{"ne_id":1159150897,"name":"Kikwit","name_zh":"基奎特","longitude":18.850002,"latitude":-5.030043,"wikidata_id":"Q261887","source_adm0_a3":"COD","source_adm1_name":"Bandundu","source_feature_class":"Populated place","source_scalerank":3,"source_pop_max":637736,"source_id":"ne-ne_10m_populated_places"},"geometry":{"type":"Point","coordinates":[18.850002,-5.030043]}},{"type":"Feature","properties":{"ne_id":1159150899,"name":"Matadi","name_zh":"马塔迪","longitude":13.450021,"latitude":-5.81661,"wikidata_id":"Q211073","source_adm0_a3":"COD","source_adm1_name":"Bas-Congo","source_feature_class":"Admin-1 capital","source_scalerank":3,"source_pop_max":245862,"source_id":"ne-ne_10m_populated_places"},"geometry":{"type":"Point","coordinates":[13.450021,-5.81661]}},{"type":"Feature","properties":{"ne_id":1159150901,"name":"Kolwezi","name_zh":"科卢韦齐","longitude":25.47244,"latitude":-10.716724,"wikidata_id":"Q271404","source_adm0_a3":"COD","source_adm1_name":"Katanga","source_feature_class":"Admin-1 capital","source_scalerank":3,"source_pop_max":418000,"source_id":"ne-ne_10m_populated_places"},"geometry":{"type":"Point","coordinates":[25.47244,-10.716724]}},{"type":"Feature","properties":{"ne_id":1159150903,"name":"Lubumbashi","name_zh":"卢本巴希","longitude":27.478072,"latitude":-11.678079,"wikidata_id":"Q187593","source_adm0_a3":"COD","source_adm1_name":"Katanga","source_feature_class":"Admin-1 capital","source_scalerank":3,"source_pop_max":1352000,"source_id":"ne-ne_10m_populated_places"},"geometry":{"type":"Point","coordinates":[27.478072,-11.678079]}},{"type":"Feature","properties":{"ne_id":1159150907,"name":"Lilongwe","name_zh":"利隆圭","longitude":33.783302,"latitude":-13.983295,"wikidata_id":"Q3876","source_adm0_a3":"MWI","source_adm1_name":"Lilongwe","source_feature_class":"Admin-0 capital","source_scalerank":3,"source_pop_max":646750,"source_id":"ne-ne_10m_populated_places"},"geometry":{"type":"Point","coordinates":[33.783302,-13.983295]}},{"type":"Feature","properties":{"ne_id":1159150909,"name":"Guatemala City","name_zh":"瓜地馬拉","longitude":-90.528911,"latitude":14.623081,"wikidata_id":"Q1555","source_adm0_a3":"GTM","source_adm1_name":"Guatemala","source_feature_class":"Admin-0 capital","source_scalerank":3,"source_pop_max":1024000,"source_id":"ne-ne_10m_populated_places"},"geometry":{"type":"Point","coordinates":[-90.528911,14.623081]}},{"type":"Feature","properties":{"ne_id":1159150911,"name":"Cayenne","name_zh":"卡宴","longitude":-52.330021,"latitude":4.932992,"wikidata_id":"Q44401","source_adm0_a3":"FRA","source_adm1_name":"Guinaa","source_feature_class":"Admin-1 capital","source_scalerank":3,"source_pop_max":61550,"source_id":"ne-ne_10m_populated_places"},"geometry":{"type":"Point","coordinates":[-52.330021,4.932992]}},{"type":"Feature","properties":{"ne_id":1159150913,"name":"Libreville","name_zh":"利伯维尔","longitude":9.457965,"latitude":0.385389,"wikidata_id":"Q3825","source_adm0_a3":"GAB","source_adm1_name":"Estuaire","source_feature_class":"Admin-0 capital","source_scalerank":3,"source_pop_max":578156,"source_id":"ne-ne_10m_populated_places"},"geometry":{"type":"Point","coordinates":[9.457965,0.385389]}},{"type":"Feature","properties":{"ne_id":1159150915,"name":"Vishakhapatnam","name_zh":"维沙卡帕特南","longitude":83.219848,"latitude":17.682903,"wikidata_id":"Q200016","source_adm0_a3":"IND","source_adm1_name":"Andhra Pradesh","source_feature_class":"Populated place","source_scalerank":3,"source_pop_max":1529000,"source_id":"ne-ne_10m_populated_places"},"geometry":{"type":"Point","coordinates":[83.219848,17.682903]}},{"type":"Feature","properties":{"ne_id":1159150917,"name":"Suva","name_zh":"苏瓦","longitude":178.441707,"latitude":-18.133016,"wikidata_id":"Q38807","source_adm0_a3":"FJI","source_adm1_name":"Central","source_feature_class":"Admin-0 capital","source_scalerank":3,"source_pop_max":175399,"source_id":"ne-ne_10m_populated_places"},"geometry":{"type":"Point","coordinates":[178.441707,-18.133016]}},{"type":"Feature","properties":{"ne_id":1159150919,"name":"Port-Gentil","name_zh":"让蒂尔港","longitude":8.780022,"latitude":-0.720022,"wikidata_id":"Q501715","source_adm0_a3":"GAB","source_adm1_name":"Ogooué-Maritime","source_feature_class":"Admin-1 capital","source_scalerank":3,"source_pop_max":116836,"source_id":"ne-ne_10m_populated_places"},"geometry":{"type":"Point","coordinates":[8.780022,-0.720022]}},{"type":"Feature","properties":{"ne_id":1159150921,"name":"Timbuktu","name_zh":"通布图","longitude":-3.016596,"latitude":16.766585,"wikidata_id":"Q9427","source_adm0_a3":"MLI","source_adm1_name":"Timbuktu","source_feature_class":"Admin-1 capital","source_scalerank":3,"source_pop_max":68872,"source_id":"ne-ne_10m_populated_places"},"geometry":{"type":"Point","coordinates":[-3.016596,16.766585]}},{"type":"Feature","properties":{"ne_id":1159150925,"name":"Punta Arenas","name_zh":"蓬塔阿雷纳斯","longitude":-70.939996,"latitude":-53.164986,"wikidata_id":"Q51599","source_adm0_a3":"CHL","source_adm1_name":"Magallanes y Antártica Chilena","source_feature_class":"Admin-1 capital","source_scalerank":3,"source_pop_max":117430,"source_id":"ne-ne_10m_populated_places"},"geometry":{"type":"Point","coordinates":[-70.939996,-53.164986]}},{"type":"Feature","properties":{"ne_id":1159150927,"name":"Iquique","name_zh":"伊基克","longitude":-70.129968,"latitude":-20.249993,"wikidata_id":"Q14440","source_adm0_a3":"CHL","source_adm1_name":"Tarapacá","source_feature_class":"Admin-1 capital","source_scalerank":3,"source_pop_max":227499,"source_id":"ne-ne_10m_populated_places"},"geometry":{"type":"Point","coordinates":[-70.129968,-20.249993]}},{"type":"Feature","properties":{"ne_id":1159150929,"name":"Antofagasta","name_zh":"安托法加斯塔","longitude":-70.400003,"latitude":-23.649992,"wikidata_id":"Q3612","source_adm0_a3":"CHL","source_adm1_name":"Antofagasta","source_feature_class":"Admin-1 capital","source_scalerank":3,"source_pop_max":309832,"source_id":"ne-ne_10m_populated_places"},"geometry":{"type":"Point","coordinates":[-70.400003,-23.649992]}},{"type":"Feature","properties":{"ne_id":1159150931,"name":"Valparaíso","name_zh":"瓦尔帕莱索","longitude":-71.617026,"latitude":-33.047739,"wikidata_id":"Q33986","source_adm0_a3":"CHL","source_adm1_name":"Valparaíso","source_feature_class":"Admin-0 capital alt","source_scalerank":3,"source_pop_max":854000,"source_id":"ne-ne_10m_populated_places"},"geometry":{"type":"Point","coordinates":[-71.617026,-33.047739]}},{"type":"Feature","properties":{"ne_id":1159150933,"name":"Valdivia","name_zh":"瓦尔迪维亚","longitude":-73.233111,"latitude":-39.821651,"wikidata_id":"Q160687","source_adm0_a3":"CHL","source_adm1_name":"Los Ríos","source_feature_class":"Admin-1 capital","source_scalerank":3,"source_pop_max":159599,"source_id":"ne-ne_10m_populated_places"},"geometry":{"type":"Point","coordinates":[-73.233111,-39.821651]}},{"type":"Feature","properties":{"ne_id":1159150935,"name":"Concepción","name_zh":"康塞普西翁","longitude":-73.050022,"latitude":-36.830014,"wikidata_id":"Q1880","source_adm0_a3":"CHL","source_adm1_name":"Bío-Bío","source_feature_class":"Admin-1 capital","source_scalerank":3,"source_pop_max":889725,"source_id":"ne-ne_10m_populated_places"},"geometry":{"type":"Point","coordinates":[-73.050022,-36.830014]}},{"type":"Feature","properties":{"ne_id":1159150937,"name":"Puerto Montt","name_zh":"蒙特港","longitude":-72.929978,"latitude":-41.469989,"wikidata_id":"Q36214","source_adm0_a3":"CHL","source_adm1_name":"Los Lagos","source_feature_class":"Admin-1 capital","source_scalerank":3,"source_pop_max":174629,"source_id":"ne-ne_10m_populated_places"},"geometry":{"type":"Point","coordinates":[-72.929978,-41.469989]}},{"type":"Feature","properties":{"ne_id":1159150939,"name":"Nuuk","name_zh":"努克","longitude":-51.732659,"latitude":64.198281,"wikidata_id":"Q226","source_adm0_a3":"GRL","source_adm1_name":"Kommuneqarfik Sermersooq","source_feature_class":"Admin-0 region capital","source_scalerank":3,"source_pop_max":14798,"source_id":"ne-ne_10m_populated_places"},"geometry":{"type":"Point","coordinates":[-51.732659,64.198281]}},{"type":"Feature","properties":{"ne_id":1159150943,"name":"Nouakchott","name_zh":"努瓦克肖特","longitude":-15.97534,"latitude":18.086427,"wikidata_id":"Q3688","source_adm0_a3":"MRT","source_adm1_name":"Nouakchott","source_feature_class":"Admin-0 capital","source_scalerank":3,"source_pop_max":742144,"source_id":"ne-ne_10m_populated_places"},"geometry":{"type":"Point","coordinates":[-15.97534,18.086427]}},{"type":"Feature","properties":{"ne_id":1159150945,"name":"Bamako","name_zh":"巴马科","longitude":-8.001985,"latitude":12.65196,"wikidata_id":"Q3703","source_adm0_a3":"MLI","source_adm1_name":"Bamako","source_feature_class":"Admin-0 capital","source_scalerank":3,"source_pop_max":1494000,"source_id":"ne-ne_10m_populated_places"},"geometry":{"type":"Point","coordinates":[-8.001985,12.65196]}},{"type":"Feature","properties":{"ne_id":1159150947,"name":"Atar","name_zh":"阿塔尔","longitude":-13.049989,"latitude":20.51664,"wikidata_id":"Q735645","source_adm0_a3":"MRT","source_adm1_name":"Adrar","source_feature_class":"Admin-1 capital","source_scalerank":3,"source_pop_max":44265,"source_id":"ne-ne_10m_populated_places"},"geometry":{"type":"Point","coordinates":[-13.049989,20.51664]}},{"type":"Feature","properties":{"ne_id":1159150949,"name":"Djenné","name_zh":"杰内","longitude":-4.549991,"latitude":13.89999,"wikidata_id":"Q213507","source_adm0_a3":"MLI","source_adm1_name":"Mopti","source_feature_class":"Populated place","source_scalerank":3,"source_pop_max":32944,"source_id":"ne-ne_10m_populated_places"},"geometry":{"type":"Point","coordinates":[-4.549991,13.89999]}},{"type":"Feature","properties":{"ne_id":1159150951,"name":"Sabha","name_zh":"塞卜哈","longitude":14.43332,"latitude":27.033271,"wikidata_id":"Q208389","source_adm0_a3":"LBY","source_adm1_name":"Sabha","source_feature_class":"Admin-1 capital","source_scalerank":3,"source_pop_max":100249,"source_id":"ne-ne_10m_populated_places"},"geometry":{"type":"Point","coordinates":[14.43332,27.033271]}},{"type":"Feature","properties":{"ne_id":1159150953,"name":"Banghazi","name_zh":"班加西","longitude":20.064777,"latitude":32.118679,"wikidata_id":"Q40816","source_adm0_a3":"LBY","source_adm1_name":"Benghazi","source_feature_class":"Admin-1 capital","source_scalerank":3,"source_pop_max":1180000,"source_id":"ne-ne_10m_populated_places"},"geometry":{"type":"Point","coordinates":[20.064777,32.118679]}},{"type":"Feature","properties":{"ne_id":1159150955,"name":"Thessaloniki","name_zh":"塞萨洛尼基","longitude":22.883055,"latitude":40.698052,"wikidata_id":"Q17151","source_adm0_a3":"GRC","source_adm1_name":"Kentriki Makedonia","source_feature_class":"Admin-1 capital","source_scalerank":3,"source_pop_max":828000,"source_id":"ne-ne_10m_populated_places"},"geometry":{"type":"Point","coordinates":[22.883055,40.698052]}},{"type":"Feature","properties":{"ne_id":1159150957,"name":"Beirut","name_zh":"贝鲁特","longitude":35.507762,"latitude":33.873921,"wikidata_id":"Q3820","source_adm0_a3":"LBN","source_adm1_name":"Beirut","source_feature_class":"Admin-0 capital","source_scalerank":3,"source_pop_max":1846000,"source_id":"ne-ne_10m_populated_places"},"geometry":{"type":"Point","coordinates":[35.507762,33.873921]}},{"type":"Feature","properties":{"ne_id":1159150961,"name":"Tbilisi","name_zh":"第比利斯","longitude":44.78885,"latitude":41.726956,"wikidata_id":"Q994","source_adm0_a3":"GEO","source_adm1_name":"Tbilisi","source_feature_class":"Admin-0 capital","source_scalerank":3,"source_pop_max":1100000,"source_id":"ne-ne_10m_populated_places"},"geometry":{"type":"Point","coordinates":[44.78885,41.726956]}},{"type":"Feature","properties":{"ne_id":1159150963,"name":"Gondar","name_zh":"贡德尔","longitude":37.460028,"latitude":12.610043,"wikidata_id":"Q218861","source_adm0_a3":"ETH","source_adm1_name":"Amhara","source_feature_class":"Admin-1 capital","source_scalerank":3,"source_pop_max":156230,"source_id":"ne-ne_10m_populated_places"},"geometry":{"type":"Point","coordinates":[37.460028,12.610043]}},{"type":"Feature","properties":{"ne_id":1159150965,"name":"Nur-Sultan","name_zh":"努尔苏丹","longitude":71.427774,"latitude":51.181125,"wikidata_id":"Q1520","source_adm0_a3":"KAZ","source_adm1_name":"Aqmola","source_feature_class":"Admin-0 capital","source_scalerank":3,"source_pop_max":345604,"source_id":"ne-ne_10m_populated_places"},"geometry":{"type":"Point","coordinates":[71.427774,51.181125]}},{"type":"Feature","properties":{"ne_id":1159150967,"name":"Qaraghandy","name_zh":"卡拉干达","longitude":73.11501,"latitude":49.884977,"wikidata_id":"Q484706","source_adm0_a3":"KAZ","source_adm1_name":"Qaraghandy","source_feature_class":"Admin-1 capital","source_scalerank":3,"source_pop_max":451800,"source_id":"ne-ne_10m_populated_places"},"geometry":{"type":"Point","coordinates":[73.11501,49.884977]}},{"type":"Feature","properties":{"ne_id":1159150969,"name":"Almaty","name_zh":"阿拉木图","longitude":76.91309,"latitude":43.326936,"wikidata_id":"Q35493","source_adm0_a3":"KAZ","source_adm1_name":"Almaty","source_feature_class":"Admin-1 capital","source_scalerank":3,"source_pop_max":1209000,"source_id":"ne-ne_10m_populated_places"},"geometry":{"type":"Point","coordinates":[76.91309,43.326936]}},{"type":"Feature","properties":{"ne_id":1159150971,"name":"Isfahan","name_zh":"伊斯法罕","longitude":51.698092,"latitude":32.701951,"wikidata_id":"Q42053","source_adm0_a3":"IRN","source_adm1_name":"Esfahan","source_feature_class":"Admin-1 capital","source_scalerank":3,"source_pop_max":1628000,"source_id":"ne-ne_10m_populated_places"},"geometry":{"type":"Point","coordinates":[51.698092,32.701951]}},{"type":"Feature","properties":{"ne_id":1159150973,"name":"Shiraz","name_zh":"西菈子","longitude":52.568065,"latitude":29.631906,"wikidata_id":"Q6397066","source_adm0_a3":"IRN","source_adm1_name":"Fars","source_feature_class":"Admin-1 capital","source_scalerank":3,"source_pop_max":1240000,"source_id":"ne-ne_10m_populated_places"},"geometry":{"type":"Point","coordinates":[52.568065,29.631906]}},{"type":"Feature","properties":{"ne_id":1159150975,"name":"Amritsar","name_zh":"阿姆利则","longitude":74.868047,"latitude":31.641938,"wikidata_id":"Q48403","source_adm0_a3":"IND","source_adm1_name":"Punjab","source_feature_class":"Populated place","source_scalerank":3,"source_pop_max":1212000,"source_id":"ne-ne_10m_populated_places"},"geometry":{"type":"Point","coordinates":[74.868047,31.641938]}},{"type":"Feature","properties":{"ne_id":1159150979,"name":"Varanasi","name_zh":"瓦兰希","longitude":82.998094,"latitude":25.331936,"wikidata_id":"Q79980","source_adm0_a3":"IND","source_adm1_name":"Uttar Pradesh","source_feature_class":"Populated place","source_scalerank":3,"source_pop_max":1352000,"source_id":"ne-ne_10m_populated_places"},"geometry":{"type":"Point","coordinates":[82.998094,25.331936]}},{"type":"Feature","properties":{"ne_id":1159150981,"name":"Asansol","name_zh":"阿桑索尔","longitude":86.981387,"latitude":23.685279,"wikidata_id":"Q202139","source_adm0_a3":"IND","source_adm1_name":"West Bengal","source_feature_class":"Populated place","source_scalerank":3,"source_pop_max":1328000,"source_id":"ne-ne_10m_populated_places"},"geometry":{"type":"Point","coordinates":[86.981387,23.685279]}},{"type":"Feature","properties":{"ne_id":1159150983,"name":"Bhilai","name_zh":"比莱","longitude":81.372213,"latitude":21.211262,"wikidata_id":"Q242144","source_adm0_a3":"IND","source_adm1_name":"Chhattisgarh","source_feature_class":"Populated place","source_scalerank":3,"source_pop_max":1097000,"source_id":"ne-ne_10m_populated_places"},"geometry":{"type":"Point","coordinates":[81.372213,21.211262]}},{"type":"Feature","properties":{"ne_id":1159150985,"name":"Bhopal","name_zh":"博帕尔","longitude":77.408047,"latitude":23.251934,"wikidata_id":"Q80989","source_adm0_a3":"IND","source_adm1_name":"Madhya Pradesh","source_feature_class":"Admin-1 capital","source_scalerank":3,"source_pop_max":1727000,"source_id":"ne-ne_10m_populated_places"},"geometry":{"type":"Point","coordinates":[77.408047,23.251934]}},{"type":"Feature","properties":{"ne_id":1159150987,"name":"Madurai","name_zh":"马杜赖","longitude":78.118081,"latitude":9.921972,"wikidata_id":"Q228405","source_adm0_a3":"IND","source_adm1_name":"Tamil Nadu","source_feature_class":"Populated place","source_scalerank":3,"source_pop_max":1294000,"source_id":"ne-ne_10m_populated_places"},"geometry":{"type":"Point","coordinates":[78.118081,9.921972]}},{"type":"Feature","properties":{"ne_id":1159150989,"name":"Coimbatore","name_zh":"科伊巴拓雷","longitude":76.948075,"latitude":11.001906,"wikidata_id":"Q9885","source_adm0_a3":"IND","source_adm1_name":"Tamil Nadu","source_feature_class":"Populated place","source_scalerank":3,"source_pop_max":1696000,"source_id":"ne-ne_10m_populated_places"},"geometry":{"type":"Point","coordinates":[76.948075,11.001906]}},{"type":"Feature","properties":{"ne_id":1159150991,"name":"Vientiane","name_zh":"万象","longitude":102.59998,"latitude":17.966693,"wikidata_id":"Q9326","source_adm0_a3":"LAO","source_adm1_name":"Vientiane [prefecture]","source_feature_class":"Admin-0 capital","source_scalerank":3,"source_pop_max":754000,"source_id":"ne-ne_10m_populated_places"},"geometry":{"type":"Point","coordinates":[102.59998,17.966693]}},{"type":"Feature","properties":{"ne_id":1159150993,"name":"Brazzaville","name_zh":"布拉柴维尔","longitude":15.282744,"latitude":-4.25724,"wikidata_id":"Q3844","source_adm0_a3":"COG","source_adm1_name":"Pool","source_feature_class":"Admin-0 capital","source_scalerank":3,"source_pop_max":1355000,"source_id":"ne-ne_10m_populated_places"},"geometry":{"type":"Point","coordinates":[15.282744,-4.25724]}},{"type":"Feature","properties":{"ne_id":1159150997,"name":"Conakry","name_zh":"科纳克里","longitude":-13.682181,"latitude":9.533469,"wikidata_id":"Q3733","source_adm0_a3":"GIN","source_adm1_name":"Conakry","source_feature_class":"Admin-0 capital","source_scalerank":3,"source_pop_max":1494000,"source_id":"ne-ne_10m_populated_places"},"geometry":{"type":"Point","coordinates":[-13.682181,9.533469]}},{"type":"Feature","properties":{"ne_id":1159150999,"name":"Yamoussoukro","name_zh":"亚穆苏克罗","longitude":-5.275503,"latitude":6.818381,"wikidata_id":"Q3768","source_adm0_a3":"CIV","source_adm1_name":"Lacs","source_feature_class":"Admin-0 capital","source_scalerank":3,"source_pop_max":206499,"source_id":"ne-ne_10m_populated_places"},"geometry":{"type":"Point","coordinates":[-5.275503,6.818381]}},{"type":"Feature","properties":{"ne_id":1159151001,"name":"Cruzeiro do Sul","name_zh":"南克魯賽羅","longitude":-72.669968,"latitude":-7.629988,"wikidata_id":"Q941136","source_adm0_a3":"BRA","source_adm1_name":"Acre","source_feature_class":"Populated place","source_scalerank":3,"source_pop_max":56862,"source_id":"ne-ne_10m_populated_places"},"geometry":{"type":"Point","coordinates":[-72.669968,-7.629988]}},{"type":"Feature","properties":{"ne_id":1159151003,"name":"Leticia","name_zh":"莱蒂西亚","longitude":-69.955261,"latitude":-4.201207,"wikidata_id":"Q214913","source_adm0_a3":"COL","source_adm1_name":"Amazonas","source_feature_class":"Admin-1 capital","source_scalerank":3,"source_pop_max":59575,"source_id":"ne-ne_10m_populated_places"},"geometry":{"type":"Point","coordinates":[-69.955261,-4.201207]}},{"type":"Feature","properties":{"ne_id":1159151005,"name":"Manaus","name_zh":"马瑙斯","longitude":-60.001963,"latitude":-3.098086,"wikidata_id":"Q40236","source_adm0_a3":"BRA","source_adm1_name":"Amazonas","source_feature_class":"Admin-1 capital","source_scalerank":3,"source_pop_max":1753000,"source_id":"ne-ne_10m_populated_places"},"geometry":{"type":"Point","coordinates":[-60.001963,-3.098086]}},{"type":"Feature","properties":{"ne_id":1159151007,"name":"Caxias","name_zh":"卡希亚斯","longitude":-43.350026,"latitude":-4.833001,"wikidata_id":"Q997107","source_adm0_a3":"BRA","source_adm1_name":"Maranh","source_feature_class":"Populated place","source_scalerank":3,"source_pop_max":134640,"source_id":"ne-ne_10m_populated_places"},"geometry":{"type":"Point","coordinates":[-43.350026,-4.833001]}},{"type":"Feature","properties":{"ne_id":1159151009,"name":"Santarém","name_zh":"圣塔伦","longitude":-54.699979,"latitude":-2.433251,"wikidata_id":"Q659450","source_adm0_a3":"BRA","source_adm1_name":"Pará","source_feature_class":"Populated place","source_scalerank":3,"source_pop_max":230428,"source_id":"ne-ne_10m_populated_places"},"geometry":{"type":"Point","coordinates":[-54.699979,-2.433251]}},{"type":"Feature","properties":{"ne_id":1159151011,"name":"Marabá","name_zh":"马拉巴","longitude":-49.115979,"latitude":-5.349972,"wikidata_id":"Q509818","source_adm0_a3":"BRA","source_adm1_name":"Pará","source_feature_class":"Populated place","source_scalerank":3,"source_pop_max":166182,"source_id":"ne-ne_10m_populated_places"},"geometry":{"type":"Point","coordinates":[-49.115979,-5.349972]}},{"type":"Feature","properties":{"ne_id":1159151015,"name":"Vilhena","name_zh":"维列纳","longitude":-60.1166,"latitude":-12.716602,"wikidata_id":"Q1749958","source_adm0_a3":"BRA","source_adm1_name":"Rondônia","source_feature_class":"Populated place","source_scalerank":3,"source_pop_max":63231,"source_id":"ne-ne_10m_populated_places"},"geometry":{"type":"Point","coordinates":[-60.1166,-12.716602]}},{"type":"Feature","properties":{"ne_id":1159151017,"name":"Ji-Paraná","name_zh":"日帕拉纳","longitude":-61.967003,"latitude":-10.833307,"wikidata_id":"Q983815","source_adm0_a3":"BRA","source_adm1_name":"Rondinia","source_feature_class":"Populated place","source_scalerank":3,"source_pop_max":65016,"source_id":"ne-ne_10m_populated_places"},"geometry":{"type":"Point","coordinates":[-61.967003,-10.833307]}},{"type":"Feature","properties":{"ne_id":1159151019,"name":"Campo Grande","name_zh":"大坎普","longitude":-54.618571,"latitude":-20.448086,"wikidata_id":"Q168929","source_adm0_a3":"BRA","source_adm1_name":"Mato Grosso do Sul","source_feature_class":"Admin-1 capital","source_scalerank":3,"source_pop_max":778000,"source_id":"ne-ne_10m_populated_places"},"geometry":{"type":"Point","coordinates":[-54.618571,-20.448086]}},{"type":"Feature","properties":{"ne_id":1159151021,"name":"Florianópolis","name_zh":"弗洛里亚诺波利斯","longitude":-48.521966,"latitude":-27.578039,"wikidata_id":"Q132997","source_adm0_a3":"BRA","source_adm1_name":"Santa Catarina","source_feature_class":"Admin-1 capital","source_scalerank":3,"source_pop_max":1023000,"source_id":"ne-ne_10m_populated_places"},"geometry":{"type":"Point","coordinates":[-48.521966,-27.578039]}},{"type":"Feature","properties":{"ne_id":1159151023,"name":"Feira de Santana","name_zh":"费拉迪圣安娜","longitude":-38.970009,"latitude":-12.250016,"wikidata_id":"Q194343","source_adm0_a3":"BRA","source_adm1_name":"Bahia","source_feature_class":"Populated place","source_scalerank":3,"source_pop_max":481911,"source_id":"ne-ne_10m_populated_places"},"geometry":{"type":"Point","coordinates":[-38.970009,-12.250016]}},{"type":"Feature","properties":{"ne_id":1159151025,"name":"Winnipeg","name_zh":"温尼伯","longitude":-97.165992,"latitude":49.882987,"wikidata_id":"Q2135","source_adm0_a3":"CAN","source_adm1_name":"Manitoba","source_feature_class":"Admin-1 capital","source_scalerank":3,"source_pop_max":632063,"source_id":"ne-ne_10m_populated_places"},"geometry":{"type":"Point","coordinates":[-97.165992,49.882987]}},{"type":"Feature","properties":{"ne_id":1159151027,"name":"Churchill","name_zh":"邱吉尔","longitude":-94.165994,"latitude":58.765985,"wikidata_id":"Q744553","source_adm0_a3":"CAN","source_adm1_name":"Manitoba","source_feature_class":"Populated place","source_scalerank":3,"source_pop_max":1000,"source_id":"ne-ne_10m_populated_places"},"geometry":{"type":"Point","coordinates":[-94.165994,58.765985]}},{"type":"Feature","properties":{"ne_id":1159151029,"name":"Regina","name_zh":"里贾纳","longitude":-104.61701,"latitude":50.450033,"wikidata_id":"Q2123","source_adm0_a3":"CAN","source_adm1_name":"Saskatchewan","source_feature_class":"Admin-1 capital","source_scalerank":3,"source_pop_max":176183,"source_id":"ne-ne_10m_populated_places"},"geometry":{"type":"Point","coordinates":[-104.61701,50.450033]}},{"type":"Feature","properties":{"ne_id":1159151033,"name":"Saskatoon","name_zh":"萨斯卡通","longitude":-106.669985,"latitude":52.170031,"wikidata_id":"Q10566","source_adm0_a3":"CAN","source_adm1_name":"Saskatchewan","source_feature_class":"Populated place","source_scalerank":3,"source_pop_max":198958,"source_id":"ne-ne_10m_populated_places"},"geometry":{"type":"Point","coordinates":[-106.669985,52.170031]}},{"type":"Feature","properties":{"ne_id":1159151035,"name":"Calgary","name_zh":"卡尔加里","longitude":-114.081944,"latitude":51.084938,"wikidata_id":"Q36312","source_adm0_a3":"CAN","source_adm1_name":"Alberta","source_feature_class":"Populated place","source_scalerank":3,"source_pop_max":1110000,"source_id":"ne-ne_10m_populated_places"},"geometry":{"type":"Point","coordinates":[-114.081944,51.084938]}},{"type":"Feature","properties":{"ne_id":1159151037,"name":"Prince Rupert","name_zh":"鲁珀特王子港","longitude":-130.329988,"latitude":54.31667,"wikidata_id":"Q1015639","source_adm0_a3":"CAN","source_adm1_name":"British Columbia","source_feature_class":"Populated place","source_scalerank":3,"source_pop_max":14708,"source_id":"ne-ne_10m_populated_places"},"geometry":{"type":"Point","coordinates":[-130.329988,54.31667]}},{"type":"Feature","properties":{"ne_id":1159151039,"name":"Victoria","name_zh":"维多利亚","longitude":-123.350001,"latitude":48.433283,"wikidata_id":"Q2132","source_adm0_a3":"CAN","source_adm1_name":"British Columbia","source_feature_class":"Admin-1 capital","source_scalerank":3,"source_pop_max":289625,"source_id":"ne-ne_10m_populated_places"},"geometry":{"type":"Point","coordinates":[-123.350001,48.433283]}},{"type":"Feature","properties":{"ne_id":1159151041,"name":"Arctic Bay","name_zh":"北極灣","longitude":-85.166621,"latitude":73.033306,"wikidata_id":"Q638017","source_adm0_a3":"CAN","source_adm1_name":"Nunavut","source_feature_class":"Populated place","source_scalerank":3,"source_pop_max":604,"source_id":"ne-ne_10m_populated_places"},"geometry":{"type":"Point","coordinates":[-85.166621,73.033306]}},{"type":"Feature","properties":{"ne_id":1159151043,"name":"Resolute","name_zh":"雷索卢特","longitude":-94.900006,"latitude":74.683334,"wikidata_id":"Q606622","source_adm0_a3":"CAN","source_adm1_name":"Nunavut","source_feature_class":"Populated place","source_scalerank":3,"source_pop_max":250,"source_id":"ne-ne_10m_populated_places"},"geometry":{"type":"Point","coordinates":[-94.900006,74.683334]}},{"type":"Feature","properties":{"ne_id":1159151045,"name":"Naujaat","name_zh":"努雅特","longitude":-86.282935,"latitude":66.529467,"wikidata_id":"Q1723761","source_adm0_a3":"CAN","source_adm1_name":"Nunavut","source_feature_class":"Populated place","source_scalerank":3,"source_pop_max":1000,"source_id":"ne-ne_10m_populated_places"},"geometry":{"type":"Point","coordinates":[-86.282935,66.529467]}},{"type":"Feature","properties":{"ne_id":1159151047,"name":"Yellowknife","name_zh":"黄刀镇","longitude":-114.396981,"latitude":62.442014,"wikidata_id":"Q2061","source_adm0_a3":"CAN","source_adm1_name":"Northwest Territories","source_feature_class":"Admin-1 capital","source_scalerank":3,"source_pop_max":19234,"source_id":"ne-ne_10m_populated_places"},"geometry":{"type":"Point","coordinates":[-114.396981,62.442014]}},{"type":"Feature","properties":{"ne_id":1159151051,"name":"Fort Good Hope","name_zh":"德望堡","longitude":-128.633322,"latitude":66.266613,"wikidata_id":"Q201313","source_adm0_a3":"CAN","source_adm1_name":"Northwest Territories","source_feature_class":"Populated place","source_scalerank":3,"source_pop_max":597,"source_id":"ne-ne_10m_populated_places"},"geometry":{"type":"Point","coordinates":[-128.633322,66.266613]}},{"type":"Feature","properties":{"ne_id":1159151053,"name":"Whitehorse","name_zh":"白马","longitude":-135.049984,"latitude":60.716719,"wikidata_id":"Q2058","source_adm0_a3":"CAN","source_adm1_name":"Yukon","source_feature_class":"Admin-1 capital","source_scalerank":3,"source_pop_max":23276,"source_id":"ne-ne_10m_populated_places"},"geometry":{"type":"Point","coordinates":[-135.049984,60.716719]}},{"type":"Feature","properties":{"ne_id":1159151055,"name":"Boa Vista","name_zh":"博阿维斯塔","longitude":-60.665998,"latitude":2.816093,"wikidata_id":"Q181056","source_adm0_a3":"BRA","source_adm1_name":"Roraima","source_feature_class":"Admin-1 capital","source_scalerank":3,"source_pop_max":235150,"source_id":"ne-ne_10m_populated_places"},"geometry":{"type":"Point","coordinates":[-60.665998,2.816093]}},{"type":"Feature","properties":{"ne_id":1159151057,"name":"Macapá","name_zh":"马卡帕","longitude":-51.050021,"latitude":0.033007,"wikidata_id":"Q180215","source_adm0_a3":"BRA","source_adm1_name":"Amapá","source_feature_class":"Admin-1 capital","source_scalerank":3,"source_pop_max":499166,"source_id":"ne-ne_10m_populated_places"},"geometry":{"type":"Point","coordinates":[-51.050021,0.033007]}},{"type":"Feature","properties":{"ne_id":1159151059,"name":"Ottawa","name_zh":"渥太华","longitude":-75.701961,"latitude":45.418643,"wikidata_id":"Q1930","source_adm0_a3":"CAN","source_adm1_name":"Ontario","source_feature_class":"Admin-0 capital","source_scalerank":3,"source_pop_max":1145000,"source_id":"ne-ne_10m_populated_places"},"geometry":{"type":"Point","coordinates":[-75.701961,45.418643]}},{"type":"Feature","properties":{"ne_id":1159151061,"name":"Fort Severn","name_zh":"塞文堡","longitude":-87.649984,"latitude":55.983339,"wikidata_id":"Q3078079","source_adm0_a3":"CAN","source_adm1_name":"Ontario","source_feature_class":"Populated place","source_scalerank":3,"source_pop_max":125,"source_id":"ne-ne_10m_populated_places"},"geometry":{"type":"Point","coordinates":[-87.649984,55.983339]}},{"type":"Feature","properties":{"ne_id":1159151063,"name":"Thunder Bay","name_zh":"桑德贝","longitude":-89.274975,"latitude":48.44615,"wikidata_id":"Q34116","source_adm0_a3":"CAN","source_adm1_name":"Ontario","source_feature_class":"Populated place","source_scalerank":3,"source_pop_max":99334,"source_id":"ne-ne_10m_populated_places"},"geometry":{"type":"Point","coordinates":[-89.274975,48.44615]}},{"type":"Feature","properties":{"ne_id":1159151065,"name":"Québec","name_zh":"魁北克","longitude":-71.24561,"latitude":46.839969,"wikidata_id":"Q2145","source_adm0_a3":"CAN","source_adm1_name":"Québec","source_feature_class":"Admin-1 capital","source_scalerank":3,"source_pop_max":624177,"source_id":"ne-ne_10m_populated_places"},"geometry":{"type":"Point","coordinates":[-71.24561,46.839969]}},{"type":"Feature","properties":{"ne_id":1159151069,"name":"Halifax","name_zh":"哈利法克斯","longitude":-63.600004,"latitude":44.650025,"wikidata_id":"Q2141","source_adm0_a3":"CAN","source_adm1_name":"Nova Scotia","source_feature_class":"Admin-1 capital","source_scalerank":3,"source_pop_max":359111,"source_id":"ne-ne_10m_populated_places"},"geometry":{"type":"Point","coordinates":[-63.600004,44.650025]}},{"type":"Feature","properties":{"ne_id":1159151071,"name":"St. John's","name_zh":"圣约翰斯","longitude":-52.681007,"latitude":47.584988,"wikidata_id":"Q2082","source_adm0_a3":"CAN","source_adm1_name":"Newfoundland and Labrador","source_feature_class":"Admin-1 capital","source_scalerank":3,"source_pop_max":131469,"source_id":"ne-ne_10m_populated_places"},"geometry":{"type":"Point","coordinates":[-52.681007,47.584988]}},{"type":"Feature","properties":{"ne_id":1159151073,"name":"Nain","name_zh":"奈恩","longitude":-61.686045,"latitude":56.547351,"wikidata_id":"Q3335210","source_adm0_a3":"CAN","source_adm1_name":"Newfoundland and Labrador","source_feature_class":"Populated place","source_scalerank":3,"source_pop_max":1151,"source_id":"ne-ne_10m_populated_places"},"geometry":{"type":"Point","coordinates":[-61.686045,56.547351]}},{"type":"Feature","properties":{"ne_id":1159151075,"name":"Charlottetown","name_zh":"夏洛特顿","longitude":-63.131325,"latitude":46.249282,"wikidata_id":"Q2127","source_adm0_a3":"CAN","source_adm1_name":"Prince Edward Island","source_feature_class":"Admin-1 capital","source_scalerank":3,"source_pop_max":42402,"source_id":"ne-ne_10m_populated_places"},"geometry":{"type":"Point","coordinates":[-63.131325,46.249282]}},{"type":"Feature","properties":{"ne_id":1159151077,"name":"N'Délé","name_zh":"恩代萊","longitude":20.653044,"latitude":8.409137,"wikidata_id":"Q612713","source_adm0_a3":"CAF","source_adm1_name":"Bamingui-Bangoran","source_feature_class":"Admin-1 capital","source_scalerank":3,"source_pop_max":11764,"source_id":"ne-ne_10m_populated_places"},"geometry":{"type":"Point","coordinates":[20.653044,8.409137]}},{"type":"Feature","properties":{"ne_id":1159151079,"name":"Belgrade","name_zh":"贝尔格莱德","longitude":20.466045,"latitude":44.820591,"wikidata_id":"Q3711","source_adm0_a3":"SRB","source_adm1_name":"Grad Beograd","source_feature_class":"Admin-0 capital","source_scalerank":3,"source_pop_max":1099000,"source_id":"ne-ne_10m_populated_places"},"geometry":{"type":"Point","coordinates":[20.466045,44.820591]}},{"type":"Feature","properties":{"ne_id":1159151081,"name":"Obo","name_zh":"奥博","longitude":26.500026,"latitude":5.399992,"wikidata_id":"Q1025617","source_adm0_a3":"CAF","source_adm1_name":"Haut-Mbomou","source_feature_class":"Admin-1 capital","source_scalerank":3,"source_pop_max":12887,"source_id":"ne-ne_10m_populated_places"},"geometry":{"type":"Point","coordinates":[26.500026,5.399992]}},{"type":"Feature","properties":{"ne_id":1159151083,"name":"Bandar Seri Begawan","name_zh":"斯里巴加湾","longitude":114.933284,"latitude":4.883331,"wikidata_id":"Q9279","source_adm0_a3":"BRN","source_adm1_name":"Brunei and Muara","source_feature_class":"Admin-0 capital","source_scalerank":3,"source_pop_max":296500,"source_id":"ne-ne_10m_populated_places"},"geometry":{"type":"Point","coordinates":[114.933284,4.883331]}},{"type":"Feature","properties":{"ne_id":1159151087,"name":"Puerto Deseado","name_zh":"德塞阿多港","longitude":-65.899968,"latitude":-47.75002,"wikidata_id":"Q923541","source_adm0_a3":"ARG","source_adm1_name":"Santa Cruz","source_feature_class":"Populated place","source_scalerank":3,"source_pop_max":3305,"source_id":"ne-ne_10m_populated_places"},"geometry":{"type":"Point","coordinates":[-65.899968,-47.75002]}},{"type":"Feature","properties":{"ne_id":1159151089,"name":"Río Gallegos","name_zh":"里奥加耶戈斯","longitude":-69.216587,"latitude":-51.633297,"wikidata_id":"Q44242","source_adm0_a3":"ARG","source_adm1_name":"Santa Cruz","source_feature_class":"Admin-1 capital","source_scalerank":3,"source_pop_max":85700,"source_id":"ne-ne_10m_populated_places"},"geometry":{"type":"Point","coordinates":[-69.216587,-51.633297]}},{"type":"Feature","properties":{"ne_id":1159151091,"name":"Comodoro Rivadavia","name_zh":"里瓦达维亚海军准将城","longitude":-67.499999,"latitude":-45.870031,"wikidata_id":"Q221921","source_adm0_a3":"ARG","source_adm1_name":"Chubut","source_feature_class":"Populated place","source_scalerank":3,"source_pop_max":140850,"source_id":"ne-ne_10m_populated_places"},"geometry":{"type":"Point","coordinates":[-67.499999,-45.870031]}},{"type":"Feature","properties":{"ne_id":1159151093,"name":"Mendoza","name_zh":"门多萨","longitude":-68.818557,"latitude":-32.881384,"wikidata_id":"Q44237","source_adm0_a3":"ARG","source_adm1_name":"Mendoza","source_feature_class":"Admin-1 capital","source_scalerank":3,"source_pop_max":893000,"source_id":"ne-ne_10m_populated_places"},"geometry":{"type":"Point","coordinates":[-68.818557,-32.881384]}},{"type":"Feature","properties":{"ne_id":1159151095,"name":"Sucre","name_zh":"苏克雷","longitude":-65.259516,"latitude":-19.040971,"wikidata_id":"Q2907","source_adm0_a3":"BOL","source_adm1_name":"Chuquisaca","source_feature_class":"Admin-0 capital","source_scalerank":3,"source_pop_max":224838,"source_id":"ne-ne_10m_populated_places"},"geometry":{"type":"Point","coordinates":[-65.259516,-19.040971]}},{"type":"Feature","properties":{"ne_id":1159151097,"name":"Riberalta","name_zh":"里韦拉尔塔","longitude":-66.100007,"latitude":-10.983013,"wikidata_id":"Q941357","source_adm0_a3":"BOL","source_adm1_name":"El Beni","source_feature_class":"Populated place","source_scalerank":3,"source_pop_max":74014,"source_id":"ne-ne_10m_populated_places"},"geometry":{"type":"Point","coordinates":[-66.100007,-10.983013]}},{"type":"Feature","properties":{"ne_id":1159151099,"name":"Bahía Blanca","name_zh":"布兰卡港","longitude":-62.265021,"latitude":-38.740027,"wikidata_id":"Q54108","source_adm0_a3":"ARG","source_adm1_name":"Ciudad de Buenos Aires","source_feature_class":"Populated place","source_scalerank":3,"source_pop_max":281536,"source_id":"ne-ne_10m_populated_places"},"geometry":{"type":"Point","coordinates":[-62.265021,-38.740027]}},{"type":"Feature","properties":{"ne_id":1159151101,"name":"Mar del Plata","name_zh":"马德普拉塔","longitude":-57.579984,"latitude":-38.00002,"wikidata_id":"Q52607","source_adm0_a3":"ARG","source_adm1_name":"Ciudad de Buenos Aires","source_feature_class":"Populated place","source_scalerank":3,"source_pop_max":555897,"source_id":"ne-ne_10m_populated_places"},"geometry":{"type":"Point","coordinates":[-57.579984,-38.00002]}},{"type":"Feature","properties":{"ne_id":1159151105,"name":"Córdoba","name_zh":"科尔多瓦","longitude":-64.18424,"latitude":-31.398012,"wikidata_id":"Q44210","source_adm0_a3":"ARG","source_adm1_name":"Córdoba","source_feature_class":"Admin-1 capital","source_scalerank":3,"source_pop_max":1452000,"source_id":"ne-ne_10m_populated_places"},"geometry":{"type":"Point","coordinates":[-64.18424,-31.398012]}},{"type":"Feature","properties":{"ne_id":1159151107,"name":"Posadas","name_zh":"波萨达斯","longitude":-55.885107,"latitude":-27.357832,"wikidata_id":"Q44238","source_adm0_a3":"ARG","source_adm1_name":"Misiones","source_feature_class":"Admin-1 capital","source_scalerank":3,"source_pop_max":357119,"source_id":"ne-ne_10m_populated_places"},"geometry":{"type":"Point","coordinates":[-55.885107,-27.357832]}},{"type":"Feature","properties":{"ne_id":1159151109,"name":"Belmopan","name_zh":"贝尔墨邦","longitude":-88.767073,"latitude":17.252033,"wikidata_id":"Q3043","source_adm0_a3":"BLZ","source_adm1_name":"Cayo","source_feature_class":"Admin-0 capital","source_scalerank":3,"source_pop_max":15220,"source_id":"ne-ne_10m_populated_places"},"geometry":{"type":"Point","coordinates":[-88.767073,17.252033]}},{"type":"Feature","properties":{"ne_id":1159151111,"name":"Bangui","name_zh":"班吉","longitude":18.558288,"latitude":4.366644,"wikidata_id":"Q3832","source_adm0_a3":"CAF","source_adm1_name":"Bangui","source_feature_class":"Admin-0 capital","source_scalerank":3,"source_pop_max":831925,"source_id":"ne-ne_10m_populated_places"},"geometry":{"type":"Point","coordinates":[18.558288,4.366644]}},{"type":"Feature","properties":{"ne_id":1159151113,"name":"Maroua","name_zh":"马鲁阿","longitude":14.324696,"latitude":10.595566,"wikidata_id":"Q818824","source_adm0_a3":"CMR","source_adm1_name":"Extrême-Nord","source_feature_class":"Admin-1 capital","source_scalerank":3,"source_pop_max":319941,"source_id":"ne-ne_10m_populated_places"},"geometry":{"type":"Point","coordinates":[14.324696,10.595566]}},{"type":"Feature","properties":{"ne_id":1159151115,"name":"Yaoundé","name_zh":"雅温得","longitude":11.514705,"latitude":3.868647,"wikidata_id":"Q3808","source_adm0_a3":"CMR","source_adm1_name":"Centre","source_feature_class":"Admin-0 capital","source_scalerank":3,"source_pop_max":1611000,"source_id":"ne-ne_10m_populated_places"},"geometry":{"type":"Point","coordinates":[11.514705,3.868647]}},{"type":"Feature","properties":{"ne_id":1159151117,"name":"Tirana","name_zh":"地拉那","longitude":19.818883,"latitude":41.327541,"wikidata_id":"Q19689","source_adm0_a3":"ALB","source_adm1_name":"Durrës","source_feature_class":"Admin-0 capital","source_scalerank":3,"source_pop_max":895350,"source_id":"ne-ne_10m_populated_places"},"geometry":{"type":"Point","coordinates":[19.818883,41.327541]}},{"type":"Feature","properties":{"ne_id":1159151119,"name":"Yerevan","name_zh":"埃里温","longitude":44.511606,"latitude":40.183097,"wikidata_id":"Q1953","source_adm0_a3":"ARM","source_adm1_name":"Erevan","source_feature_class":"Admin-0 capital","source_scalerank":3,"source_pop_max":1102000,"source_id":"ne-ne_10m_populated_places"},"geometry":{"type":"Point","coordinates":[44.511606,40.183097]}},{"type":"Feature","properties":{"ne_id":1159151123,"name":"Baku","name_zh":"巴库","longitude":49.860271,"latitude":40.397218,"wikidata_id":"Q9248","source_adm0_a3":"AZE","source_adm1_name":"Baki","source_feature_class":"Admin-0 capital","source_scalerank":3,"source_pop_max":2122300,"source_id":"ne-ne_10m_populated_places"},"geometry":{"type":"Point","coordinates":[49.860271,40.397218]}},{"type":"Feature","properties":{"ne_id":1159151125,"name":"Kandahar","name_zh":"坎大哈","longitude":65.694946,"latitude":31.61002,"wikidata_id":"Q45604","source_adm0_a3":"AFG","source_adm1_name":"Kandahar","source_feature_class":"Admin-1 capital","source_scalerank":3,"source_pop_max":715542,"source_id":"ne-ne_10m_populated_places"},"geometry":{"type":"Point","coordinates":[65.694946,31.61002]}},{"type":"Feature","properties":{"ne_id":1159151127,"name":"Phnom Penh","name_zh":"金边","longitude":104.914689,"latitude":11.551976,"wikidata_id":"Q1850","source_adm0_a3":"KHM","source_adm1_name":"Phnom Penh","source_feature_class":"Admin-0 capital","source_scalerank":3,"source_pop_max":1466000,"source_id":"ne-ne_10m_populated_places"},"geometry":{"type":"Point","coordinates":[104.914689,11.551976]}},{"type":"Feature","properties":{"ne_id":1159151129,"name":"Menongue","name_zh":"梅农盖","longitude":17.699994,"latitude":-14.666612,"wikidata_id":"Q818731","source_adm0_a3":"AGO","source_adm1_name":"Cuando Cubango","source_feature_class":"Admin-1 capital","source_scalerank":3,"source_pop_max":13030,"source_id":"ne-ne_10m_populated_places"},"geometry":{"type":"Point","coordinates":[17.699994,-14.666612]}},{"type":"Feature","properties":{"ne_id":1159151131,"name":"Huambo","name_zh":"万博","longitude":15.758064,"latitude":-12.74804,"wikidata_id":"Q207322","source_adm0_a3":"AGO","source_adm1_name":"Huambo","source_feature_class":"Admin-1 capital","source_scalerank":3,"source_pop_max":1100000,"source_id":"ne-ne_10m_populated_places"},"geometry":{"type":"Point","coordinates":[15.758064,-12.74804]}},{"type":"Feature","properties":{"ne_id":1159151133,"name":"La Paz","name_zh":"拉巴斯","longitude":-68.151931,"latitude":-16.496028,"wikidata_id":"Q1491","source_adm0_a3":"BOL","source_adm1_name":"La Paz","source_feature_class":"Admin-0 capital","source_scalerank":3,"source_pop_max":1590000,"source_id":"ne-ne_10m_populated_places"},"geometry":{"type":"Point","coordinates":[-68.151931,-16.496028]}},{"type":"Feature","properties":{"ne_id":1159151135,"name":"Santa Cruz","name_zh":"圣克鲁斯","longitude":-63.227942,"latitude":-17.751972,"wikidata_id":"Q170688","source_adm0_a3":"BOL","source_adm1_name":"Santa Cruz","source_feature_class":"Admin-1 capital","source_scalerank":3,"source_pop_max":2102998,"source_id":"ne-ne_10m_populated_places"},"geometry":{"type":"Point","coordinates":[-63.227942,-17.751972]}},{"type":"Feature","properties":{"ne_id":1159151137,"name":"Oran","name_zh":"瓦赫兰","longitude":-0.621919,"latitude":35.711948,"wikidata_id":"Q131818","source_adm0_a3":"DZA","source_adm1_name":"Oran","source_feature_class":"Populated place","source_scalerank":3,"source_pop_max":798000,"source_id":"ne-ne_10m_populated_places"},"geometry":{"type":"Point","coordinates":[-0.621919,35.711948]}},{"type":"Feature","properties":{"ne_id":1159151141,"name":"Cotonou","name_zh":"科托努","longitude":2.404355,"latitude":6.36298,"wikidata_id":"Q43595","source_adm0_a3":"BEN","source_adm1_name":"Ouémé","source_feature_class":"Admin-0 capital","source_scalerank":3,"source_pop_max":762000,"source_id":"ne-ne_10m_populated_places"},"geometry":{"type":"Point","coordinates":[2.404355,6.36298]}},{"type":"Feature","properties":{"ne_id":1159151143,"name":"Tamanrasset","name_zh":"塔曼拉塞特","longitude":5.522805,"latitude":22.785003,"wikidata_id":"Q205792","source_adm0_a3":"DZA","source_adm1_name":"Tamanghasset","source_feature_class":"Admin-1 capital","source_scalerank":3,"source_pop_max":76000,"source_id":"ne-ne_10m_populated_places"},"geometry":{"type":"Point","coordinates":[5.522805,22.785003]}},{"type":"Feature","properties":{"ne_id":1159151145,"name":"Ghardaia","name_zh":"盖尔达耶","longitude":3.669998,"latitude":32.489992,"wikidata_id":"Q622841","source_adm0_a3":"DZA","source_adm1_name":"Ghardaaa","source_feature_class":"Populated place","source_scalerank":3,"source_pop_max":125480,"source_id":"ne-ne_10m_populated_places"},"geometry":{"type":"Point","coordinates":[3.669998,32.489992]}},{"type":"Feature","properties":{"ne_id":1159151147,"name":"Sofia","name_zh":"索非亚","longitude":23.314708,"latitude":42.685295,"wikidata_id":"Q472","source_adm0_a3":"BGR","source_adm1_name":"Grad Sofiya","source_feature_class":"Admin-0 capital","source_scalerank":3,"source_pop_max":1185000,"source_id":"ne-ne_10m_populated_places"},"geometry":{"type":"Point","coordinates":[23.314708,42.685295]}},{"type":"Feature","properties":{"ne_id":1159151149,"name":"Minsk","name_zh":"明斯克","longitude":27.564681,"latitude":53.901923,"wikidata_id":"Q2280","source_adm0_a3":"BLR","source_adm1_name":"Minsk","source_feature_class":"Admin-0 capital","source_scalerank":3,"source_pop_max":1805000,"source_id":"ne-ne_10m_populated_places"},"geometry":{"type":"Point","coordinates":[27.564681,53.901923]}},{"type":"Feature","properties":{"ne_id":1159151151,"name":"Thimphu","name_zh":"廷布","longitude":89.639014,"latitude":27.472986,"wikidata_id":"Q9270","source_adm0_a3":"BTN","source_adm1_name":"Thimphu","source_feature_class":"Admin-0 capital","source_scalerank":3,"source_pop_max":98676,"source_id":"ne-ne_10m_populated_places"},"geometry":{"type":"Point","coordinates":[89.639014,27.472986]}},{"type":"Feature","properties":{"ne_id":1159151153,"name":"Gaborone","name_zh":"嘉柏隆里","longitude":25.911948,"latitude":-24.646314,"wikidata_id":"Q3919","source_adm0_a3":"BWA","source_adm1_name":"South-East","source_feature_class":"Admin-0 capital","source_scalerank":3,"source_pop_max":208411,"source_id":"ne-ne_10m_populated_places"},"geometry":{"type":"Point","coordinates":[25.911948,-24.646314]}},{"type":"Feature","properties":{"ne_id":1159151155,"name":"Darwin","name_zh":"达尔文","longitude":130.850039,"latitude":-12.425354,"wikidata_id":"Q11568","source_adm0_a3":"AUS","source_adm1_name":"Northern Territory","source_feature_class":"Admin-1 capital","source_scalerank":3,"source_pop_max":93080,"source_id":"ne-ne_10m_populated_places"},"geometry":{"type":"Point","coordinates":[130.850039,-12.425354]}},{"type":"Feature","properties":{"ne_id":1159151159,"name":"Alice Springs","name_zh":"爱丽斯泉","longitude":133.880034,"latitude":-23.700996,"wikidata_id":"Q17872","source_adm0_a3":"AUS","source_adm1_name":"Northern Territory","source_feature_class":"Populated place","source_scalerank":3,"source_pop_max":27710,"source_id":"ne-ne_10m_populated_places"},"geometry":{"type":"Point","coordinates":[133.880034,-23.700996]}},{"type":"Feature","properties":{"ne_id":1159151161,"name":"Canberra","name_zh":"堪培拉","longitude":149.129026,"latitude":-35.283029,"wikidata_id":"Q3114","source_adm0_a3":"AUS","source_adm1_name":"Australian Capital Territory","source_feature_class":"Admin-0 capital","source_scalerank":3,"source_pop_max":327700,"source_id":"ne-ne_10m_populated_places"},"geometry":{"type":"Point","coordinates":[149.129026,-35.283029]}},{"type":"Feature","properties":{"ne_id":1159151163,"name":"Newcastle","name_zh":"纽卡斯尔","longitude":151.770249,"latitude":-32.929508,"wikidata_id":"Q57278","source_adm0_a3":"AUS","source_adm1_name":"New South Wales","source_feature_class":"Populated place","source_scalerank":3,"source_pop_max":540796,"source_id":"ne-ne_10m_populated_places"},"geometry":{"type":"Point","coordinates":[151.770249,-32.929508]}},{"type":"Feature","properties":{"ne_id":1159151165,"name":"Adelaide","name_zh":"阿德莱德","longitude":138.598059,"latitude":-34.933042,"wikidata_id":"Q5112","source_adm0_a3":"AUS","source_adm1_name":"South Australia","source_feature_class":"Admin-1 capital","source_scalerank":3,"source_pop_max":1145000,"source_id":"ne-ne_10m_populated_places"},"geometry":{"type":"Point","coordinates":[138.598059,-34.933042]}},{"type":"Feature","properties":{"ne_id":1159151167,"name":"Townsville","name_zh":"汤斯维尔","longitude":146.769997,"latitude":-19.24995,"wikidata_id":"Q190021","source_adm0_a3":"AUS","source_adm1_name":"Queensland","source_feature_class":"Populated place","source_scalerank":3,"source_pop_max":138954,"source_id":"ne-ne_10m_populated_places"},"geometry":{"type":"Point","coordinates":[146.769997,-19.24995]}},{"type":"Feature","properties":{"ne_id":1159151169,"name":"Brisbane","name_zh":"布里斯班","longitude":153.033147,"latitude":-27.453085,"wikidata_id":"Q34932","source_adm0_a3":"AUS","source_adm1_name":"Queensland","source_feature_class":"Admin-1 capital","source_scalerank":3,"source_pop_max":1860000,"source_id":"ne-ne_10m_populated_places"},"geometry":{"type":"Point","coordinates":[153.033147,-27.453085]}},{"type":"Feature","properties":{"ne_id":1159151171,"name":"Hobart","name_zh":"霍巴特","longitude":147.29503,"latitude":-42.850009,"wikidata_id":"Q40191","source_adm0_a3":"AUS","source_adm1_name":"Tasmania","source_feature_class":"Admin-1 capital","source_scalerank":3,"source_pop_max":80870,"source_id":"ne-ne_10m_populated_places"},"geometry":{"type":"Point","coordinates":[147.29503,-42.850009]}},{"type":"Feature","properties":{"ne_id":1159151173,"name":"Ouagadougou","name_zh":"瓦加杜古","longitude":-1.52667,"latitude":12.372262,"wikidata_id":"Q3777","source_adm0_a3":"BFA","source_adm1_name":"Kadiogo","source_feature_class":"Admin-0 capital","source_scalerank":3,"source_pop_max":1149000,"source_id":"ne-ne_10m_populated_places"},"geometry":{"type":"Point","coordinates":[-1.52667,12.372262]}},{"type":"Feature","properties":{"ne_id":1159151177,"name":"Sarajevo","name_zh":"萨拉热窝","longitude":18.383002,"latitude":43.850022,"wikidata_id":"Q11194","source_adm0_a3":"BIH","source_adm1_name":"Sarajevo","source_feature_class":"Admin-0 capital","source_scalerank":3,"source_pop_max":696731,"source_id":"ne-ne_10m_populated_places"},"geometry":{"type":"Point","coordinates":[18.383002,43.850022]}},{"type":"Feature","properties":{"ne_id":1159151179,"name":"Naypyidaw","name_zh":"奈比多","longitude":96.116673,"latitude":19.768503,"wikidata_id":"Q37400","source_adm0_a3":"MMR","source_adm1_name":"Mandalay","source_feature_class":"Admin-0 capital","source_scalerank":3,"source_pop_max":930000,"source_id":"ne-ne_10m_populated_places"},"geometry":{"type":"Point","coordinates":[96.116673,19.768503]}},{"type":"Feature","properties":{"ne_id":1159151181,"name":"San Juan","name_zh":"圣胡安","longitude":-66.129979,"latitude":18.440023,"wikidata_id":"Q41211","source_adm0_a3":"PRI","source_adm1_name":null,"source_feature_class":"Admin-1 capital","source_scalerank":3,"source_pop_max":2478905,"source_id":"ne-ne_10m_populated_places"},"geometry":{"type":"Point","coordinates":[-66.129979,18.440023]}},{"type":"Feature","properties":{"ne_id":1159151183,"name":"Stanley","name_zh":"斯坦利","longitude":-57.849968,"latitude":-51.700011,"wikidata_id":"Q12245","source_adm0_a3":"FLK","source_adm1_name":null,"source_feature_class":"Admin-0 region capital","source_scalerank":3,"source_pop_max":2213,"source_id":"ne-ne_10m_populated_places"},"geometry":{"type":"Point","coordinates":[-57.849968,-51.700011]}},{"type":"Feature","properties":{"ne_id":1159151185,"name":"Hamilton","name_zh":"哈密尔顿","longitude":-64.783937,"latitude":32.29419,"wikidata_id":"Q30985","source_adm0_a3":"BMU","source_adm1_name":null,"source_feature_class":"Admin-0 region capital","source_scalerank":3,"source_pop_max":52320,"source_id":"ne-ne_10m_populated_places"},"geometry":{"type":"Point","coordinates":[-64.783937,32.29419]}},{"type":"Feature","properties":{"ne_id":1159151187,"name":"Nuku'alofa","name_zh":"努库阿洛法","longitude":-175.220564,"latitude":-21.138512,"wikidata_id":"Q38834","source_adm0_a3":"TON","source_adm1_name":null,"source_feature_class":"Admin-0 capital","source_scalerank":3,"source_pop_max":42620,"source_id":"ne-ne_10m_populated_places"},"geometry":{"type":"Point","coordinates":[-175.220564,-21.138512]}},{"type":"Feature","properties":{"ne_id":1159151189,"name":"Hargeisa","name_zh":"哈尔格萨","longitude":44.06531,"latitude":9.560022,"wikidata_id":"Q168652","source_adm0_a3":"SOL","source_adm1_name":null,"source_feature_class":"Admin-0 capital","source_scalerank":3,"source_pop_max":477876,"source_id":"ne-ne_10m_populated_places"},"geometry":{"type":"Point","coordinates":[44.06531,9.560022]}},{"type":"Feature","properties":{"ne_id":1159151191,"name":"Victoria","name_zh":"維多利亞","longitude":55.44999,"latitude":-4.616632,"wikidata_id":"Q3940","source_adm0_a3":"SYC","source_adm1_name":null,"source_feature_class":"Admin-0 capital","source_scalerank":3,"source_pop_max":33576,"source_id":"ne-ne_10m_populated_places"},"geometry":{"type":"Point","coordinates":[55.44999,-4.616632]}},{"type":"Feature","properties":{"ne_id":1159151195,"name":"São Tomé","name_zh":"圣多美","longitude":6.72965,"latitude":0.337466,"wikidata_id":"Q3932","source_adm0_a3":"STP","source_adm1_name":null,"source_feature_class":"Admin-0 capital","source_scalerank":3,"source_pop_max":88219,"source_id":"ne-ne_10m_populated_places"},"geometry":{"type":"Point","coordinates":[6.72965,0.337466]}},{"type":"Feature","properties":{"ne_id":1159151197,"name":"Apia","name_zh":"阿皮亚","longitude":-171.768599,"latitude":-13.835715,"wikidata_id":"Q36260","source_adm0_a3":"WSM","source_adm1_name":null,"source_feature_class":"Admin-0 capital","source_scalerank":3,"source_pop_max":61916,"source_id":"ne-ne_10m_populated_places"},"geometry":{"type":"Point","coordinates":[-171.768599,-13.835715]}},{"type":"Feature","properties":{"ne_id":1159151199,"name":"Valletta","name_zh":"瓦莱塔","longitude":14.514711,"latitude":35.899732,"wikidata_id":"Q23800","source_adm0_a3":"MLT","source_adm1_name":null,"source_feature_class":"Admin-0 capital","source_scalerank":3,"source_pop_max":368250,"source_id":"ne-ne_10m_populated_places"},"geometry":{"type":"Point","coordinates":[14.514711,35.899732]}},{"type":"Feature","properties":{"ne_id":1159151201,"name":"Malé","name_zh":"马累","longitude":73.508901,"latitude":4.172037,"wikidata_id":"Q9347","source_adm0_a3":"MDV","source_adm1_name":null,"source_feature_class":"Admin-0 capital","source_scalerank":3,"source_pop_max":112927,"source_id":"ne-ne_10m_populated_places"},"geometry":{"type":"Point","coordinates":[73.508901,4.172037]}},{"type":"Feature","properties":{"ne_id":1159151203,"name":"Jerusalem","name_zh":"耶路撒冷","longitude":35.206626,"latitude":31.778408,"wikidata_id":"Q1218","source_adm0_a3":"ISR","source_adm1_name":"Jerusalem","source_feature_class":"Admin-0 capital","source_scalerank":3,"source_pop_max":1029300,"source_id":"ne-ne_10m_populated_places"},"geometry":{"type":"Point","coordinates":[35.206626,31.778408]}},{"type":"Feature","properties":{"ne_id":1159151205,"name":"Praia","name_zh":"培亞","longitude":-23.516689,"latitude":14.916698,"wikidata_id":"Q3751","source_adm0_a3":"CPV","source_adm1_name":null,"source_feature_class":"Admin-0 capital","source_scalerank":3,"source_pop_max":113364,"source_id":"ne-ne_10m_populated_places"},"geometry":{"type":"Point","coordinates":[-23.516689,14.916698]}},{"type":"Feature","properties":{"ne_id":1159151207,"name":"Nassau","name_zh":"拿骚","longitude":-77.350044,"latitude":25.08339,"wikidata_id":"Q2467","source_adm0_a3":"BHS","source_adm1_name":null,"source_feature_class":"Admin-0 capital","source_scalerank":3,"source_pop_max":227940,"source_id":"ne-ne_10m_populated_places"},"geometry":{"type":"Point","coordinates":[-77.350044,25.08339]}},{"type":"Feature","properties":{"ne_id":1159151209,"name":"Nicosia","name_zh":"尼科西亚","longitude":33.366635,"latitude":35.166677,"wikidata_id":"Q3856","source_adm0_a3":"CYP","source_adm1_name":null,"source_feature_class":"Admin-0 capital","source_scalerank":3,"source_pop_max":224300,"source_id":"ne-ne_10m_populated_places"},"geometry":{"type":"Point","coordinates":[33.366635,35.166677]}},{"type":"Feature","properties":{"ne_id":1159151213,"name":"Kaohsiung","name_zh":"高雄","longitude":120.266602,"latitude":22.633307,"wikidata_id":"Q181557","source_adm0_a3":"TWN","source_adm1_name":"Kaohsiung City","source_feature_class":"Admin-1 capital","source_scalerank":3,"source_pop_max":2769072,"source_id":"ne-ne_10m_populated_places"},"geometry":{"type":"Point","coordinates":[120.266602,22.633307]}},{"type":"Feature","properties":{"ne_id":1159151215,"name":"Shenzhen","name_zh":"深圳","longitude":114.061154,"latitude":22.548097,"wikidata_id":"Q15174","source_adm0_a3":"CHN","source_adm1_name":"Guangdong","source_feature_class":"Populated place","source_scalerank":2,"source_pop_max":7581000,"source_id":"ne-ne_10m_populated_places"},"geometry":{"type":"Point","coordinates":[114.061154,22.548097]}},{"type":"Feature","properties":{"ne_id":1159151217,"name":"Zibo","name_zh":"淄博","longitude":117.99646,"latitude":36.821365,"wikidata_id":"Q198370","source_adm0_a3":"CHN","source_adm1_name":"Shandong","source_feature_class":"Populated place","source_scalerank":2,"source_pop_max":3061000,"source_id":"ne-ne_10m_populated_places"},"geometry":{"type":"Point","coordinates":[117.99646,36.821365]}},{"type":"Feature","properties":{"ne_id":1159151219,"name":"Minneapolis","name_zh":"明尼阿波利斯","longitude":-93.253732,"latitude":44.981925,"wikidata_id":"Q36091","source_adm0_a3":"USA","source_adm1_name":"Minnesota","source_feature_class":"Populated place","source_scalerank":2,"source_pop_max":2616000,"source_id":"ne-ne_10m_populated_places"},"geometry":{"type":"Point","coordinates":[-93.253732,44.981925]}},{"type":"Feature","properties":{"ne_id":1159151221,"name":"Honolulu","name_zh":"檀香山","longitude":-157.858301,"latitude":21.303429,"wikidata_id":"Q18094","source_adm0_a3":"USA","source_adm1_name":"Hawaii","source_feature_class":"Admin-1 capital","source_scalerank":2,"source_pop_max":786000,"source_id":"ne-ne_10m_populated_places"},"geometry":{"type":"Point","coordinates":[-157.858301,21.303429]}},{"type":"Feature","properties":{"ne_id":1159151223,"name":"Seattle","name_zh":"西雅图","longitude":-122.315322,"latitude":47.600423,"wikidata_id":"Q5083","source_adm0_a3":"USA","source_adm1_name":"Washington","source_feature_class":"Populated place","source_scalerank":2,"source_pop_max":3074000,"source_id":"ne-ne_10m_populated_places"},"geometry":{"type":"Point","coordinates":[-122.315322,47.600423]}},{"type":"Feature","properties":{"ne_id":1159151225,"name":"Phoenix","name_zh":"菲尼克斯","longitude":-112.067365,"latitude":33.448322,"wikidata_id":"Q16556","source_adm0_a3":"USA","source_adm1_name":"Arizona","source_feature_class":"Admin-1 capital","source_scalerank":2,"source_pop_max":3551000,"source_id":"ne-ne_10m_populated_places"},"geometry":{"type":"Point","coordinates":[-112.067365,33.448322]}},{"type":"Feature","properties":{"ne_id":1159151227,"name":"San Diego","name_zh":"圣迭戈","longitude":-117.150881,"latitude":32.718914,"wikidata_id":"Q16552","source_adm0_a3":"USA","source_adm1_name":"California","source_feature_class":"Populated place","source_scalerank":2,"source_pop_max":2916000,"source_id":"ne-ne_10m_populated_places"},"geometry":{"type":"Point","coordinates":[-117.150881,32.718914]}},{"type":"Feature","properties":{"ne_id":1159151231,"name":"St. Louis","name_zh":"圣路易斯","longitude":-90.241926,"latitude":38.636964,"wikidata_id":"Q38022","source_adm0_a3":"USA","source_adm1_name":"Missouri","source_feature_class":"Populated place","source_scalerank":2,"source_pop_max":2199000,"source_id":"ne-ne_10m_populated_places"},"geometry":{"type":"Point","coordinates":[-90.241926,38.636964]}},{"type":"Feature","properties":{"ne_id":1159151233,"name":"New Orleans","name_zh":"新奥尔良","longitude":-90.088368,"latitude":29.968908,"wikidata_id":"Q34404","source_adm0_a3":"USA","source_adm1_name":"Louisiana","source_feature_class":"Populated place","source_scalerank":2,"source_pop_max":785000,"source_id":"ne-ne_10m_populated_places"},"geometry":{"type":"Point","coordinates":[-90.088368,29.968908]}},{"type":"Feature","properties":{"ne_id":1159151235,"name":"Dallas","name_zh":"达拉斯","longitude":-96.794687,"latitude":32.771958,"wikidata_id":"Q16557","source_adm0_a3":"USA","source_adm1_name":"Texas","source_feature_class":"Populated place","source_scalerank":2,"source_pop_max":4798000,"source_id":"ne-ne_10m_populated_places"},"geometry":{"type":"Point","coordinates":[-96.794687,32.771958]}},{"type":"Feature","properties":{"ne_id":1159151237,"name":"Maracaibo","name_zh":"马拉开波","longitude":-71.661924,"latitude":10.731923,"wikidata_id":"Q171632","source_adm0_a3":"VEN","source_adm1_name":"Zulia","source_feature_class":"Admin-1 capital","source_scalerank":2,"source_pop_max":2072000,"source_id":"ne-ne_10m_populated_places"},"geometry":{"type":"Point","coordinates":[-71.661924,10.731923]}},{"type":"Feature","properties":{"ne_id":1159151239,"name":"Boston","name_zh":"波士顿","longitude":-71.07196,"latitude":42.331906,"wikidata_id":"Q100","source_adm0_a3":"USA","source_adm1_name":"Massachusetts","source_feature_class":"Admin-1 capital","source_scalerank":2,"source_pop_max":4467000,"source_id":"ne-ne_10m_populated_places"},"geometry":{"type":"Point","coordinates":[-71.07196,42.331906]}},{"type":"Feature","properties":{"ne_id":1159151241,"name":"Tampa","name_zh":"坦帕","longitude":-82.460567,"latitude":27.948934,"wikidata_id":"Q49255","source_adm0_a3":"USA","source_adm1_name":"Florida","source_feature_class":"Populated place","source_scalerank":2,"source_pop_max":2314000,"source_id":"ne-ne_10m_populated_places"},"geometry":{"type":"Point","coordinates":[-82.460567,27.948934]}},{"type":"Feature","properties":{"ne_id":1159151243,"name":"Philadelphia","name_zh":"费城","longitude":-75.179841,"latitude":39.945942,"wikidata_id":"Q1345","source_adm0_a3":"USA","source_adm1_name":"Pennsylvania","source_feature_class":"Populated place","source_scalerank":2,"source_pop_max":5492000,"source_id":"ne-ne_10m_populated_places"},"geometry":{"type":"Point","coordinates":[-75.179841,39.945942]}},{"type":"Feature","properties":{"ne_id":1159151245,"name":"Detroit","name_zh":"底特律","longitude":-83.051334,"latitude":42.333558,"wikidata_id":"Q12439","source_adm0_a3":"USA","source_adm1_name":"Michigan","source_feature_class":"Populated place","source_scalerank":2,"source_pop_max":4101000,"source_id":"ne-ne_10m_populated_places"},"geometry":{"type":"Point","coordinates":[-83.051334,42.333558]}},{"type":"Feature","properties":{"ne_id":1159151249,"name":"Anchorage","name_zh":"安克雷奇","longitude":-149.887446,"latitude":61.214004,"wikidata_id":"Q39450","source_adm0_a3":"USA","source_adm1_name":"Alaska","source_feature_class":"Populated place","source_scalerank":2,"source_pop_max":260283,"source_id":"ne-ne_10m_populated_places"},"geometry":{"type":"Point","coordinates":[-149.887446,61.214004]}},{"type":"Feature","properties":{"ne_id":1159151251,"name":"Hanoi","name_zh":"河内","longitude":105.848068,"latitude":21.035273,"wikidata_id":"Q1858","source_adm0_a3":"VNM","source_adm1_name":"Thái Nguyên","source_feature_class":"Admin-0 capital","source_scalerank":2,"source_pop_max":4378000,"source_id":"ne-ne_10m_populated_places"},"geometry":{"type":"Point","coordinates":[105.848068,21.035273]}},{"type":"Feature","properties":{"ne_id":1159151253,"name":"Ho Chi Minh City","name_zh":"胡志明","longitude":106.702985,"latitude":10.762125,"wikidata_id":"Q1854","source_adm0_a3":"VNM","source_adm1_name":"H? Chí Minh city","source_feature_class":"Admin-1 capital","source_scalerank":2,"source_pop_max":5314000,"source_id":"ne-ne_10m_populated_places"},"geometry":{"type":"Point","coordinates":[106.702985,10.762125]}},{"type":"Feature","properties":{"ne_id":1159151255,"name":"Ankara","name_zh":"安卡拉","longitude":32.862446,"latitude":39.929184,"wikidata_id":"Q3640","source_adm0_a3":"TUR","source_adm1_name":"Ankara","source_feature_class":"Admin-0 capital","source_scalerank":2,"source_pop_max":3716000,"source_id":"ne-ne_10m_populated_places"},"geometry":{"type":"Point","coordinates":[32.862446,39.929184]}},{"type":"Feature","properties":{"ne_id":1159151257,"name":"Budapest","name_zh":"布达佩斯","longitude":19.081375,"latitude":47.501952,"wikidata_id":"Q1781","source_adm0_a3":"HUN","source_adm1_name":"Budapest","source_feature_class":"Admin-0 capital","source_scalerank":2,"source_pop_max":1679000,"source_id":"ne-ne_10m_populated_places"},"geometry":{"type":"Point","coordinates":[19.081375,47.501952]}},{"type":"Feature","properties":{"ne_id":1159151259,"name":"Sanaa","name_zh":"萨那","longitude":44.204648,"latitude":15.356679,"wikidata_id":"Q2471","source_adm0_a3":"YEM","source_adm1_name":"Amanat Al Asimah","source_feature_class":"Admin-0 capital","source_scalerank":2,"source_pop_max":2008000,"source_id":"ne-ne_10m_populated_places"},"geometry":{"type":"Point","coordinates":[44.204648,15.356679]}},{"type":"Feature","properties":{"ne_id":1159151261,"name":"Barcelona","name_zh":"巴塞罗那","longitude":2.181424,"latitude":41.385245,"wikidata_id":"Q1492","source_adm0_a3":"ESP","source_adm1_name":"Cataluña","source_feature_class":"Admin-1 capital","source_scalerank":2,"source_pop_max":4920000,"source_id":"ne-ne_10m_populated_places"},"geometry":{"type":"Point","coordinates":[2.181424,41.385245]}},{"type":"Feature","properties":{"ne_id":1159151263,"name":"Bucharest","name_zh":"布加勒斯特","longitude":26.098001,"latitude":44.435318,"wikidata_id":"Q19660","source_adm0_a3":"ROU","source_adm1_name":"Bucharest","source_feature_class":"Admin-0 capital","source_scalerank":2,"source_pop_max":1942000,"source_id":"ne-ne_10m_populated_places"},"geometry":{"type":"Point","coordinates":[26.098001,44.435318]}},{"type":"Feature","properties":{"ne_id":1159151267,"name":"Aleppo","name_zh":"阿勒颇","longitude":37.168074,"latitude":36.231917,"wikidata_id":"Q41183","source_adm0_a3":"SYR","source_adm1_name":"Aleppo (Halab)","source_feature_class":"Populated place","source_scalerank":2,"source_pop_max":2738000,"source_id":"ne-ne_10m_populated_places"},"geometry":{"type":"Point","coordinates":[37.168074,36.231917]}},{"type":"Feature","properties":{"ne_id":1159151269,"name":"Damascus","name_zh":"大马士革","longitude":36.29805,"latitude":33.50198,"wikidata_id":"Q3766","source_adm0_a3":"SYR","source_adm1_name":"Damascus","source_feature_class":"Admin-0 capital","source_scalerank":2,"source_pop_max":2466000,"source_id":"ne-ne_10m_populated_places"},"geometry":{"type":"Point","coordinates":[36.29805,33.50198]}},{"type":"Feature","properties":{"ne_id":1159151271,"name":"Zürich","name_zh":"苏黎世","longitude":8.548064,"latitude":47.381934,"wikidata_id":"Q72","source_adm0_a3":"CHE","source_adm1_name":"Zürich","source_feature_class":"Admin-1 capital","source_scalerank":2,"source_pop_max":1108000,"source_id":"ne-ne_10m_populated_places"},"geometry":{"type":"Point","coordinates":[8.548064,47.381934]}},{"type":"Feature","properties":{"ne_id":1159151273,"name":"Lisbon","name_zh":"里斯本","longitude":-9.146812,"latitude":38.724669,"wikidata_id":"Q597","source_adm0_a3":"PRT","source_adm1_name":"Lisboa","source_feature_class":"Admin-0 capital","source_scalerank":2,"source_pop_max":2812000,"source_id":"ne-ne_10m_populated_places"},"geometry":{"type":"Point","coordinates":[-9.146812,38.724669]}},{"type":"Feature","properties":{"ne_id":1159151275,"name":"Khartoum","name_zh":"喀土穆","longitude":32.532233,"latitude":15.590024,"wikidata_id":"Q1963","source_adm0_a3":"SDN","source_adm1_name":"Khartoum","source_feature_class":"Admin-0 capital","source_scalerank":2,"source_pop_max":4754000,"source_id":"ne-ne_10m_populated_places"},"geometry":{"type":"Point","coordinates":[32.532233,15.590024]}},{"type":"Feature","properties":{"ne_id":1159151277,"name":"Jeddah","name_zh":"吉达","longitude":39.217252,"latitude":21.518835,"wikidata_id":"Q374365","source_adm0_a3":"SAU","source_adm1_name":"Makkah","source_feature_class":"Populated place","source_scalerank":2,"source_pop_max":3012000,"source_id":"ne-ne_10m_populated_places"},"geometry":{"type":"Point","coordinates":[39.217252,21.518835]}},{"type":"Feature","properties":{"ne_id":1159151279,"name":"Makkah","name_zh":"麦加","longitude":39.818094,"latitude":21.431967,"wikidata_id":"Q5806","source_adm0_a3":"SAU","source_adm1_name":"Makkah","source_feature_class":"Populated place","source_scalerank":2,"source_pop_max":1385000,"source_id":"ne-ne_10m_populated_places"},"geometry":{"type":"Point","coordinates":[39.818094,21.431967]}},{"type":"Feature","properties":{"ne_id":1159151281,"name":"Oslo","name_zh":"奥斯陆","longitude":10.748033,"latitude":59.918636,"wikidata_id":"Q585","source_adm0_a3":"NOR","source_adm1_name":"Oslo","source_feature_class":"Admin-0 capital","source_scalerank":2,"source_pop_max":835000,"source_id":"ne-ne_10m_populated_places"},"geometry":{"type":"Point","coordinates":[10.748033,59.918636]}},{"type":"Feature","properties":{"ne_id":1159151285,"name":"Lahore","name_zh":"拉合尔","longitude":74.348079,"latitude":31.561917,"wikidata_id":"Q11739","source_adm0_a3":"PAK","source_adm1_name":"Punjab","source_feature_class":"Admin-1 capital","source_scalerank":2,"source_pop_max":6577000,"source_id":"ne-ne_10m_populated_places"},"geometry":{"type":"Point","coordinates":[74.348079,31.561917]}},{"type":"Feature","properties":{"ne_id":1159151287,"name":"Karachi","name_zh":"卡拉奇","longitude":66.988063,"latitude":24.871938,"wikidata_id":"Q8660","source_adm0_a3":"PAK","source_adm1_name":"Sind","source_feature_class":"Admin-1 capital","source_scalerank":2,"source_pop_max":12130000,"source_id":"ne-ne_10m_populated_places"},"geometry":{"type":"Point","coordinates":[66.988063,24.871938]}},{"type":"Feature","properties":{"ne_id":1159151289,"name":"Durban","name_zh":"德班","longitude":31.010944,"latitude":-29.860662,"wikidata_id":"Q5468","source_adm0_a3":"ZAF","source_adm1_name":"KwaZulu-Natal","source_feature_class":"Populated place","source_scalerank":2,"source_pop_max":2729000,"source_id":"ne-ne_10m_populated_places"},"geometry":{"type":"Point","coordinates":[31.010944,-29.860662]}},{"type":"Feature","properties":{"ne_id":1159151291,"name":"St.  Petersburg","name_zh":"圣彼得堡","longitude":30.314074,"latitude":59.94096,"wikidata_id":"Q656","source_adm0_a3":"RUS","source_adm1_name":"City of St. Petersburg","source_feature_class":"Admin-1 capital","source_scalerank":2,"source_pop_max":4553000,"source_id":"ne-ne_10m_populated_places"},"geometry":{"type":"Point","coordinates":[30.314074,59.94096]}},{"type":"Feature","properties":{"ne_id":1159151293,"name":"Guadalajara","name_zh":"瓜达拉哈拉","longitude":-103.33198,"latitude":20.671962,"wikidata_id":"Q9022","source_adm0_a3":"MEX","source_adm1_name":"Jalisco","source_feature_class":"Admin-1 capital","source_scalerank":2,"source_pop_max":4198000,"source_id":"ne-ne_10m_populated_places"},"geometry":{"type":"Point","coordinates":[-103.33198,20.671962]}},{"type":"Feature","properties":{"ne_id":1159151295,"name":"Puebla","name_zh":"普埃布拉","longitude":-98.203737,"latitude":19.032594,"wikidata_id":"Q125293","source_adm0_a3":"MEX","source_adm1_name":"Puebla","source_feature_class":"Admin-1 capital","source_scalerank":2,"source_pop_max":2195000,"source_id":"ne-ne_10m_populated_places"},"geometry":{"type":"Point","coordinates":[-98.203737,19.032594]}},{"type":"Feature","properties":{"ne_id":1159151297,"name":"Kano","name_zh":"卡诺","longitude":8.518092,"latitude":12.001923,"wikidata_id":"Q182984","source_adm0_a3":"NGA","source_adm1_name":"Kano","source_feature_class":"Admin-1 capital","source_scalerank":2,"source_pop_max":3140000,"source_id":"ne-ne_10m_populated_places"},"geometry":{"type":"Point","coordinates":[8.518092,12.001923]}},{"type":"Feature","properties":{"ne_id":1159151299,"name":"Warsaw","name_zh":"华沙","longitude":21.005347,"latitude":52.230872,"wikidata_id":"Q270","source_adm0_a3":"POL","source_adm1_name":"Masovian","source_feature_class":"Admin-0 capital","source_scalerank":2,"source_pop_max":1707000,"source_id":"ne-ne_10m_populated_places"},"geometry":{"type":"Point","coordinates":[21.005347,52.230872]}},{"type":"Feature","properties":{"ne_id":1159151303,"name":"Pyongyang","name_zh":"平壤","longitude":125.752745,"latitude":39.021385,"wikidata_id":"Q18808","source_adm0_a3":"PRK","source_adm1_name":"P'yongyang","source_feature_class":"Admin-0 capital","source_scalerank":2,"source_pop_max":3300000,"source_id":"ne-ne_10m_populated_places"},"geometry":{"type":"Point","coordinates":[125.752745,39.021385]}},{"type":"Feature","properties":{"ne_id":1159151305,"name":"Dar es Salaam","name_zh":"三蘭港","longitude":39.266396,"latitude":-6.798067,"wikidata_id":"Q1960","source_adm0_a3":"TZA","source_adm1_name":"Dar-Es-Salaam","source_feature_class":"Admin-0 capital","source_scalerank":2,"source_pop_max":2930000,"source_id":"ne-ne_10m_populated_places"},"geometry":{"type":"Point","coordinates":[39.266396,-6.798067]}},{"type":"Feature","properties":{"ne_id":1159151307,"name":"Medan","name_zh":"棉兰","longitude":98.648094,"latitude":3.58192,"wikidata_id":"Q5972","source_adm0_a3":"IDN","source_adm1_name":"Sumatera Utara","source_feature_class":"Admin-1 capital","source_scalerank":2,"source_pop_max":2115000,"source_id":"ne-ne_10m_populated_places"},"geometry":{"type":"Point","coordinates":[98.648094,3.58192]}},{"type":"Feature","properties":{"ne_id":1159151309,"name":"Dublin","name_zh":"都柏林","longitude":-6.25698,"latitude":53.346731,"wikidata_id":"Q1761","source_adm0_a3":"IRL","source_adm1_name":"Dublin","source_feature_class":"Admin-0 capital","source_scalerank":2,"source_pop_max":1059000,"source_id":"ne-ne_10m_populated_places"},"geometry":{"type":"Point","coordinates":[-6.25698,53.346731]}},{"type":"Feature","properties":{"ne_id":1159151311,"name":"Monrovia","name_zh":"蒙罗维亚","longitude":-10.79966,"latitude":6.314582,"wikidata_id":"Q3748","source_adm0_a3":"LBR","source_adm1_name":"Montserrado","source_feature_class":"Admin-0 capital","source_scalerank":2,"source_pop_max":1041000,"source_id":"ne-ne_10m_populated_places"},"geometry":{"type":"Point","coordinates":[-10.79966,6.314582]}},{"type":"Feature","properties":{"ne_id":1159151313,"name":"Naples","name_zh":"那不勒斯","longitude":14.243066,"latitude":40.841971,"wikidata_id":"Q2634","source_adm0_a3":"ITA","source_adm1_name":"Campania","source_feature_class":"Admin-1 region capital","source_scalerank":2,"source_pop_max":2250000,"source_id":"ne-ne_10m_populated_places"},"geometry":{"type":"Point","coordinates":[14.243066,40.841971]}},{"type":"Feature","properties":{"ne_id":1159151315,"name":"Milan","name_zh":"米兰","longitude":9.203063,"latitude":45.471921,"wikidata_id":"Q490","source_adm0_a3":"ITA","source_adm1_name":"Lombardia","source_feature_class":"Admin-1 region capital","source_scalerank":2,"source_pop_max":2945000,"source_id":"ne-ne_10m_populated_places"},"geometry":{"type":"Point","coordinates":[9.203063,45.471921]}},{"type":"Feature","properties":{"ne_id":1159151317,"name":"Kuala Lumpur","name_zh":"吉隆坡","longitude":101.688699,"latitude":3.139797,"wikidata_id":"Q1865","source_adm0_a3":"MYS","source_adm1_name":"Selangor","source_feature_class":"Admin-0 capital","source_scalerank":2,"source_pop_max":1448000,"source_id":"ne-ne_10m_populated_places"},"geometry":{"type":"Point","coordinates":[101.688699,3.139797]}},{"type":"Feature","properties":{"ne_id":1159151321,"name":"Lanzhou","name_zh":"兰州","longitude":103.790054,"latitude":36.057974,"wikidata_id":"Q183584","source_adm0_a3":"CHN","source_adm1_name":"Gansu","source_feature_class":"Admin-1 capital","source_scalerank":2,"source_pop_max":2561000,"source_id":"ne-ne_10m_populated_places"},"geometry":{"type":"Point","coordinates":[103.790054,36.057974]}},{"type":"Feature","properties":{"ne_id":1159151323,"name":"Nanning","name_zh":"南宁","longitude":108.318099,"latitude":22.821934,"wikidata_id":"Q179608","source_adm0_a3":"CHN","source_adm1_name":"Guangxi","source_feature_class":"Admin-1 capital","source_scalerank":2,"source_pop_max":2167000,"source_id":"ne-ne_10m_populated_places"},"geometry":{"type":"Point","coordinates":[108.318099,22.821934]}},{"type":"Feature","properties":{"ne_id":1159151325,"name":"Guiyang","name_zh":"贵阳","longitude":106.718093,"latitude":26.581989,"wikidata_id":"Q192271","source_adm0_a3":"CHN","source_adm1_name":"Guizhou","source_feature_class":"Admin-1 capital","source_scalerank":2,"source_pop_max":3662000,"source_id":"ne-ne_10m_populated_places"},"geometry":{"type":"Point","coordinates":[106.718093,26.581989]}},{"type":"Feature","properties":{"ne_id":1159151327,"name":"Chongqing","name_zh":"重庆","longitude":106.593036,"latitude":29.566923,"wikidata_id":"Q11725","source_adm0_a3":"CHN","source_adm1_name":"Chongqing","source_feature_class":"Admin-1 capital","source_scalerank":2,"source_pop_max":6461000,"source_id":"ne-ne_10m_populated_places"},"geometry":{"type":"Point","coordinates":[106.593036,29.566923]}},{"type":"Feature","properties":{"ne_id":1159151329,"name":"Fuzhou","name_zh":"福州","longitude":119.2981,"latitude":26.081942,"wikidata_id":"Q68481","source_adm0_a3":"CHN","source_adm1_name":"Fujian","source_feature_class":"Admin-1 capital","source_scalerank":2,"source_pop_max":2606000,"source_id":"ne-ne_10m_populated_places"},"geometry":{"type":"Point","coordinates":[119.2981,26.081942]}},{"type":"Feature","properties":{"ne_id":1159151331,"name":"Guangzhou","name_zh":"广州","longitude":113.261785,"latitude":23.124723,"wikidata_id":"Q16572","source_adm0_a3":"CHN","source_adm1_name":"Guangdong","source_feature_class":"Admin-1 capital","source_scalerank":2,"source_pop_max":8829000,"source_id":"ne-ne_10m_populated_places"},"geometry":{"type":"Point","coordinates":[113.261785,23.124723]}},{"type":"Feature","properties":{"ne_id":1159151333,"name":"Dongguan","name_zh":"东莞","longitude":113.750474,"latitude":23.021537,"wikidata_id":"Q59218","source_adm0_a3":"CHN","source_adm1_name":"Guangdong","source_feature_class":"Populated place","source_scalerank":2,"source_pop_max":4528000,"source_id":"ne-ne_10m_populated_places"},"geometry":{"type":"Point","coordinates":[113.750474,23.021537]}},{"type":"Feature","properties":{"ne_id":1159151335,"name":"Bandung","name_zh":"万隆","longitude":107.568067,"latitude":-6.948083,"wikidata_id":"Q10389","source_adm0_a3":"IDN","source_adm1_name":"Jawa Barat","source_feature_class":"Admin-1 capital","source_scalerank":2,"source_pop_max":2394000,"source_id":"ne-ne_10m_populated_places"},"geometry":{"type":"Point","coordinates":[107.568067,-6.948083]}},{"type":"Feature","properties":{"ne_id":1159151339,"name":"Surabaya","name_zh":"泗水","longitude":112.748887,"latitude":-7.24729,"wikidata_id":"Q11462","source_adm0_a3":"IDN","source_adm1_name":"Jawa Timur","source_feature_class":"Admin-1 capital","source_scalerank":2,"source_pop_max":2845000,"source_id":"ne-ne_10m_populated_places"},"geometry":{"type":"Point","coordinates":[112.748887,-7.24729]}},{"type":"Feature","properties":{"ne_id":1159151341,"name":"Guayaquil","name_zh":"瓜亚基尔","longitude":-79.921988,"latitude":-2.218088,"wikidata_id":"Q43509","source_adm0_a3":"ECU","source_adm1_name":"Guayas","source_feature_class":"Admin-1 capital","source_scalerank":2,"source_pop_max":2514000,"source_id":"ne-ne_10m_populated_places"},"geometry":{"type":"Point","coordinates":[-79.921988,-2.218088]}},{"type":"Feature","properties":{"ne_id":1159151343,"name":"Medellín","name_zh":"麦德林","longitude":-75.576956,"latitude":6.276949,"wikidata_id":"Q48278","source_adm0_a3":"COL","source_adm1_name":"Antioquia","source_feature_class":"Admin-1 capital","source_scalerank":2,"source_pop_max":3297000,"source_id":"ne-ne_10m_populated_places"},"geometry":{"type":"Point","coordinates":[-75.576956,6.276949]}},{"type":"Feature","properties":{"ne_id":1159151345,"name":"Cali","name_zh":"卡利","longitude":-76.501912,"latitude":3.401905,"wikidata_id":"Q51103","source_adm0_a3":"COL","source_adm1_name":"Valle del Cauca","source_feature_class":"Admin-1 capital","source_scalerank":2,"source_pop_max":2254000,"source_id":"ne-ne_10m_populated_places"},"geometry":{"type":"Point","coordinates":[-76.501912,3.401905]}},{"type":"Feature","properties":{"ne_id":1159151347,"name":"Havana","name_zh":"哈瓦那","longitude":-82.366128,"latitude":23.133905,"wikidata_id":"Q1563","source_adm0_a3":"CUB","source_adm1_name":"Ciudad de la Habana","source_feature_class":"Admin-0 capital","source_scalerank":2,"source_pop_max":2174000,"source_id":"ne-ne_10m_populated_places"},"geometry":{"type":"Point","coordinates":[-82.366128,23.133905]}},{"type":"Feature","properties":{"ne_id":1159151349,"name":"Alexandria","name_zh":"亚历山大港","longitude":29.94805,"latitude":31.201965,"wikidata_id":"Q87","source_adm0_a3":"EGY","source_adm1_name":"Al Iskandariyah","source_feature_class":"Populated place","source_scalerank":2,"source_pop_max":4165000,"source_id":"ne-ne_10m_populated_places"},"geometry":{"type":"Point","coordinates":[29.94805,31.201965]}},{"type":"Feature","properties":{"ne_id":1159151351,"name":"Frankfurt","name_zh":"美因河畔法兰克福","longitude":8.675015,"latitude":50.099977,"wikidata_id":"Q1794","source_adm0_a3":"DEU","source_adm1_name":"Hessen","source_feature_class":"Populated place","source_scalerank":2,"source_pop_max":2895000,"source_id":"ne-ne_10m_populated_places"},"geometry":{"type":"Point","coordinates":[8.675015,50.099977]}},{"type":"Feature","properties":{"ne_id":1159151353,"name":"Hamburg","name_zh":"汉堡","longitude":9.998053,"latitude":53.551971,"wikidata_id":"Q1055","source_adm0_a3":"DEU","source_adm1_name":"Hamburg","source_feature_class":"Admin-1 capital","source_scalerank":2,"source_pop_max":1757000,"source_id":"ne-ne_10m_populated_places"},"geometry":{"type":"Point","coordinates":[9.998053,53.551971]}},{"type":"Feature","properties":{"ne_id":1159151357,"name":"Munich","name_zh":"慕尼黑","longitude":11.573048,"latitude":48.131888,"wikidata_id":"Q1726","source_adm0_a3":"DEU","source_adm1_name":"Bayern","source_feature_class":"Admin-1 capital","source_scalerank":2,"source_pop_max":1275000,"source_id":"ne-ne_10m_populated_places"},"geometry":{"type":"Point","coordinates":[11.573048,48.131888]}},{"type":"Feature","properties":{"ne_id":1159151359,"name":"Prague","name_zh":"布拉格","longitude":14.422939,"latitude":50.086967,"wikidata_id":"Q1085","source_adm0_a3":"CZE","source_adm1_name":"Prague","source_feature_class":"Admin-0 capital","source_scalerank":2,"source_pop_max":1162000,"source_id":"ne-ne_10m_populated_places"},"geometry":{"type":"Point","coordinates":[14.422939,50.086967]}},{"type":"Feature","properties":{"ne_id":1159151361,"name":"Kuwait City","name_zh":"科威特城","longitude":47.976355,"latitude":29.371664,"wikidata_id":"Q35178","source_adm0_a3":"KWT","source_adm1_name":"Al Kuwayt","source_feature_class":"Admin-0 capital","source_scalerank":2,"source_pop_max":2063000,"source_id":"ne-ne_10m_populated_places"},"geometry":{"type":"Point","coordinates":[47.976355,29.371664]}},{"type":"Feature","properties":{"ne_id":1159151363,"name":"Xian","name_zh":"西安","longitude":108.89305,"latitude":34.276971,"wikidata_id":"Q5826","source_adm0_a3":"CHN","source_adm1_name":"Shaanxi","source_feature_class":"Admin-1 capital","source_scalerank":2,"source_pop_max":4009000,"source_id":"ne-ne_10m_populated_places"},"geometry":{"type":"Point","coordinates":[108.89305,34.276971]}},{"type":"Feature","properties":{"ne_id":1159151365,"name":"Taiyuan","name_zh":"太原","longitude":112.543112,"latitude":37.876958,"wikidata_id":"Q72778","source_adm0_a3":"CHN","source_adm1_name":"Shanxi","source_feature_class":"Admin-1 capital","source_scalerank":2,"source_pop_max":2913000,"source_id":"ne-ne_10m_populated_places"},"geometry":{"type":"Point","coordinates":[112.543112,37.876958]}},{"type":"Feature","properties":{"ne_id":1159151367,"name":"Wuhan","name_zh":"武汉","longitude":114.268071,"latitude":30.581977,"wikidata_id":"Q11746","source_adm0_a3":"CHN","source_adm1_name":"Hubei","source_feature_class":"Admin-1 capital","source_scalerank":2,"source_pop_max":7243000,"source_id":"ne-ne_10m_populated_places"},"geometry":{"type":"Point","coordinates":[114.268071,30.581977]}},{"type":"Feature","properties":{"ne_id":1159151369,"name":"Changsha","name_zh":"长沙","longitude":112.968047,"latitude":28.201916,"wikidata_id":"Q174091","source_adm0_a3":"CHN","source_adm1_name":"Hunan","source_feature_class":"Admin-1 capital","source_scalerank":2,"source_pop_max":2604000,"source_id":"ne-ne_10m_populated_places"},"geometry":{"type":"Point","coordinates":[112.968047,28.201916]}},{"type":"Feature","properties":{"ne_id":1159151371,"name":"Kunming","name_zh":"昆明","longitude":102.69744,"latitude":25.042859,"wikidata_id":"Q182852","source_adm0_a3":"CHN","source_adm1_name":"Yunnan","source_feature_class":"Admin-1 capital","source_scalerank":2,"source_pop_max":2931000,"source_id":"ne-ne_10m_populated_places"},"geometry":{"type":"Point","coordinates":[102.69744,25.042859]}},{"type":"Feature","properties":{"ne_id":1159151375,"name":"Zhengzhou","name_zh":"郑州","longitude":113.663147,"latitude":34.756942,"wikidata_id":"Q30340","source_adm0_a3":"CHN","source_adm1_name":"Henan","source_feature_class":"Admin-1 capital","source_scalerank":2,"source_pop_max":2636000,"source_id":"ne-ne_10m_populated_places"},"geometry":{"type":"Point","coordinates":[113.663147,34.756942]}},{"type":"Feature","properties":{"ne_id":1159151377,"name":"Shenyeng","name_zh":"沈阳","longitude":123.448028,"latitude":41.806925,"wikidata_id":"Q11720","source_adm0_a3":"CHN","source_adm1_name":"Liaoning","source_feature_class":"Admin-1 capital","source_scalerank":2,"source_pop_max":4787000,"source_id":"ne-ne_10m_populated_places"},"geometry":{"type":"Point","coordinates":[123.448028,41.806925]}},{"type":"Feature","properties":{"ne_id":1159151379,"name":"Jinan","name_zh":"济南","longitude":116.993073,"latitude":36.676928,"wikidata_id":"Q170247","source_adm0_a3":"CHN","source_adm1_name":"Shandong","source_feature_class":"Admin-1 capital","source_scalerank":2,"source_pop_max":2798000,"source_id":"ne-ne_10m_populated_places"},"geometry":{"type":"Point","coordinates":[116.993073,36.676928]}},{"type":"Feature","properties":{"ne_id":1159151381,"name":"Tianjin","name_zh":"天津","longitude":117.196607,"latitude":39.082772,"wikidata_id":"Q11736","source_adm0_a3":"CHN","source_adm1_name":"Tianjin","source_feature_class":"Admin-1 capital","source_scalerank":2,"source_pop_max":7180000,"source_id":"ne-ne_10m_populated_places"},"geometry":{"type":"Point","coordinates":[117.196607,39.082772]}},{"type":"Feature","properties":{"ne_id":1159151383,"name":"Nanchang","name_zh":"南昌","longitude":115.87805,"latitude":28.681938,"wikidata_id":"Q171943","source_adm0_a3":"CHN","source_adm1_name":"Jiangxi","source_feature_class":"Admin-1 capital","source_scalerank":2,"source_pop_max":2350000,"source_id":"ne-ne_10m_populated_places"},"geometry":{"type":"Point","coordinates":[115.87805,28.681938]}},{"type":"Feature","properties":{"ne_id":1159151385,"name":"Nanjing","name_zh":"南京","longitude":118.778029,"latitude":32.051965,"wikidata_id":"Q16666","source_adm0_a3":"CHN","source_adm1_name":"Jiangsu","source_feature_class":"Admin-1 capital","source_scalerank":2,"source_pop_max":3679000,"source_id":"ne-ne_10m_populated_places"},"geometry":{"type":"Point","coordinates":[118.778029,32.051965]}},{"type":"Feature","properties":{"ne_id":1159151387,"name":"Hangzhou","name_zh":"杭州","longitude":120.168073,"latitude":30.25192,"wikidata_id":"Q4970","source_adm0_a3":"CHN","source_adm1_name":"Zhejiang","source_feature_class":"Admin-1 capital","source_scalerank":2,"source_pop_max":3007000,"source_id":"ne-ne_10m_populated_places"},"geometry":{"type":"Point","coordinates":[120.168073,30.25192]}},{"type":"Feature","properties":{"ne_id":1159151389,"name":"Hiroshima","name_zh":"广岛","longitude":132.440967,"latitude":34.389781,"wikidata_id":"Q34664","source_adm0_a3":"JPN","source_adm1_name":"Hiroshima","source_feature_class":"Admin-1 region capital","source_scalerank":2,"source_pop_max":2045000,"source_id":"ne-ne_10m_populated_places"},"geometry":{"type":"Point","coordinates":[132.440967,34.389781]}},{"type":"Feature","properties":{"ne_id":1159151393,"name":"Changchun","name_zh":"长春","longitude":125.338042,"latitude":43.866954,"wikidata_id":"Q92161","source_adm0_a3":"CHN","source_adm1_name":"Jilin","source_feature_class":"Admin-1 capital","source_scalerank":2,"source_pop_max":3183000,"source_id":"ne-ne_10m_populated_places"},"geometry":{"type":"Point","coordinates":[125.338042,43.866954]}},{"type":"Feature","properties":{"ne_id":1159151395,"name":"Baotou","name_zh":"包头","longitude":109.820074,"latitude":40.654153,"wikidata_id":"Q569907","source_adm0_a3":"CHN","source_adm1_name":"Nei Mongol","source_feature_class":"Populated place","source_scalerank":2,"source_pop_max":2036000,"source_id":"ne-ne_10m_populated_places"},"geometry":{"type":"Point","coordinates":[109.820074,40.654153]}},{"type":"Feature","properties":{"ne_id":1159151397,"name":"Harbin","name_zh":"哈尔滨","longitude":126.648039,"latitude":45.75193,"wikidata_id":"Q42956","source_adm0_a3":"CHN","source_adm1_name":"Heilongjiang","source_feature_class":"Admin-1 capital","source_scalerank":2,"source_pop_max":3621000,"source_id":"ne-ne_10m_populated_places"},"geometry":{"type":"Point","coordinates":[126.648039,45.75193]}},{"type":"Feature","properties":{"ne_id":1159151399,"name":"Sapporo","name_zh":"札幌","longitude":141.338099,"latitude":43.076925,"wikidata_id":"Q37951","source_adm0_a3":"JPN","source_adm1_name":"Hokkaido","source_feature_class":"Admin-1 region capital","source_scalerank":2,"source_pop_max":2544000,"source_id":"ne-ne_10m_populated_places"},"geometry":{"type":"Point","coordinates":[141.338099,43.076925]}},{"type":"Feature","properties":{"ne_id":1159151401,"name":"Santo Domingo","name_zh":"圣多明哥","longitude":-69.929742,"latitude":18.470745,"wikidata_id":"Q34820","source_adm0_a3":"DOM","source_adm1_name":"Distrito Nacional","source_feature_class":"Admin-0 capital","source_scalerank":2,"source_pop_max":2154000,"source_id":"ne-ne_10m_populated_places"},"geometry":{"type":"Point","coordinates":[-69.929742,18.470745]}},{"type":"Feature","properties":{"ne_id":1159151403,"name":"Accra","name_zh":"阿克拉","longitude":-0.218662,"latitude":5.55198,"wikidata_id":"Q3761","source_adm0_a3":"GHA","source_adm1_name":"Greater Accra","source_feature_class":"Admin-0 capital","source_scalerank":2,"source_pop_max":2121000,"source_id":"ne-ne_10m_populated_places"},"geometry":{"type":"Point","coordinates":[-0.218662,5.55198]}},{"type":"Feature","properties":{"ne_id":1159151405,"name":"Delhi","name_zh":"德里","longitude":77.228058,"latitude":28.671939,"wikidata_id":"Q1353","source_adm0_a3":"IND","source_adm1_name":"Delhi","source_feature_class":"Populated place","source_scalerank":2,"source_pop_max":15926000,"source_id":"ne-ne_10m_populated_places"},"geometry":{"type":"Point","coordinates":[77.228058,28.671939]}},{"type":"Feature","properties":{"ne_id":1159151407,"name":"Hyderabad","name_zh":"海德拉巴","longitude":78.478008,"latitude":17.401929,"wikidata_id":"Q1361","source_adm0_a3":"IND","source_adm1_name":"Telangana","source_feature_class":"Admin-1 capital","source_scalerank":2,"source_pop_max":6376000,"source_id":"ne-ne_10m_populated_places"},"geometry":{"type":"Point","coordinates":[78.478008,17.401929]}},{"type":"Feature","properties":{"ne_id":1159151411,"name":"Pune","name_zh":"浦那","longitude":73.851892,"latitude":18.516394,"wikidata_id":"Q1538","source_adm0_a3":"IND","source_adm1_name":"Maharashtra","source_feature_class":"Populated place","source_scalerank":2,"source_pop_max":4672000,"source_id":"ne-ne_10m_populated_places"},"geometry":{"type":"Point","coordinates":[73.851892,18.516394]}},{"type":"Feature","properties":{"ne_id":1159151413,"name":"Nagpur","name_zh":"纳格普尔","longitude":79.088048,"latitude":21.171906,"wikidata_id":"Q1513","source_adm0_a3":"IND","source_adm1_name":"Maharashtra","source_feature_class":"Populated place","source_scalerank":2,"source_pop_max":2454000,"source_id":"ne-ne_10m_populated_places"},"geometry":{"type":"Point","coordinates":[79.088048,21.171906]}},{"type":"Feature","properties":{"ne_id":1159151415,"name":"Tripoli","name_zh":"的黎波里","longitude":13.180012,"latitude":32.8925,"wikidata_id":"Q3579","source_adm0_a3":"LBY","source_adm1_name":"Tajura' wa an Nawahi al Arba","source_feature_class":"Admin-0 capital","source_scalerank":2,"source_pop_max":2189000,"source_id":"ne-ne_10m_populated_places"},"geometry":{"type":"Point","coordinates":[13.180012,32.8925]}},{"type":"Feature","properties":{"ne_id":1159151417,"name":"Tel Aviv","name_zh":"特拉维夫","longitude":34.768066,"latitude":32.081937,"wikidata_id":"Q33935","source_adm0_a3":"ISR","source_adm1_name":"Tel Aviv","source_feature_class":"Admin-0 capital alt","source_scalerank":2,"source_pop_max":3112000,"source_id":"ne-ne_10m_populated_places"},"geometry":{"type":"Point","coordinates":[34.768066,32.081937]}},{"type":"Feature","properties":{"ne_id":1159151419,"name":"Helsinki","name_zh":"赫尔辛基","longitude":24.932457,"latitude":60.163804,"wikidata_id":"Q1757","source_adm0_a3":"FIN","source_adm1_name":"Southern Finland","source_feature_class":"Admin-0 capital","source_scalerank":2,"source_pop_max":1115000,"source_id":"ne-ne_10m_populated_places"},"geometry":{"type":"Point","coordinates":[24.932457,60.163804]}},{"type":"Feature","properties":{"ne_id":1159151421,"name":"Mashhad","name_zh":"马什哈德","longitude":59.568051,"latitude":36.271966,"wikidata_id":"Q121157","source_adm0_a3":"IRN","source_adm1_name":"Razavi Khorasan","source_feature_class":"Admin-1 capital","source_scalerank":2,"source_pop_max":2469000,"source_id":"ne-ne_10m_populated_places"},"geometry":{"type":"Point","coordinates":[59.568051,36.271966]}},{"type":"Feature","properties":{"ne_id":1159151423,"name":"Jaipur","name_zh":"斋浦尔","longitude":75.808042,"latitude":26.923079,"wikidata_id":"Q66485","source_adm0_a3":"IND","source_adm1_name":"Rajasthan","source_feature_class":"Admin-1 capital","source_scalerank":2,"source_pop_max":2917000,"source_id":"ne-ne_10m_populated_places"},"geometry":{"type":"Point","coordinates":[75.808042,26.923079]}},{"type":"Feature","properties":{"ne_id":1159151425,"name":"Kanpur","name_zh":"坎普尔","longitude":80.31805,"latitude":26.461945,"wikidata_id":"Q66568","source_adm0_a3":"IND","source_adm1_name":"Uttar Pradesh","source_feature_class":"Populated place","source_scalerank":2,"source_pop_max":3162000,"source_id":"ne-ne_10m_populated_places"},"geometry":{"type":"Point","coordinates":[80.31805,26.461945]}},{"type":"Feature","properties":{"ne_id":1159151429,"name":"Patna","name_zh":"巴特那","longitude":85.128093,"latitude":25.626905,"wikidata_id":"Q80484","source_adm0_a3":"IND","source_adm1_name":"Bihar","source_feature_class":"Admin-1 capital","source_scalerank":2,"source_pop_max":2158000,"source_id":"ne-ne_10m_populated_places"},"geometry":{"type":"Point","coordinates":[85.128093,25.626905]}},{"type":"Feature","properties":{"ne_id":1159151431,"name":"Chennai","name_zh":"金奈","longitude":80.278053,"latitude":13.091934,"wikidata_id":"Q1352","source_adm0_a3":"IND","source_adm1_name":"Tamil Nadu","source_feature_class":"Admin-1 capital","source_scalerank":2,"source_pop_max":7163000,"source_id":"ne-ne_10m_populated_places"},"geometry":{"type":"Point","coordinates":[80.278053,13.091934]}},{"type":"Feature","properties":{"ne_id":1159151433,"name":"Ahmedabad","name_zh":"阿麼达巴德","longitude":72.578058,"latitude":23.031999,"wikidata_id":"Q1070","source_adm0_a3":"IND","source_adm1_name":"Dadra and Nagar Haveli","source_feature_class":"Populated place","source_scalerank":2,"source_pop_max":5375000,"source_id":"ne-ne_10m_populated_places"},"geometry":{"type":"Point","coordinates":[72.578058,23.031999]}},{"type":"Feature","properties":{"ne_id":1159151435,"name":"Surat","name_zh":"苏拉特","longitude":72.838094,"latitude":21.20193,"wikidata_id":"Q4629","source_adm0_a3":"IND","source_adm1_name":"Dadra and Nagar Haveli","source_feature_class":"Populated place","source_scalerank":2,"source_pop_max":3842000,"source_id":"ne-ne_10m_populated_places"},"geometry":{"type":"Point","coordinates":[72.838094,21.20193]}},{"type":"Feature","properties":{"ne_id":1159151437,"name":"København","name_zh":"哥本哈根","longitude":12.56154,"latitude":55.68051,"wikidata_id":"Q1748","source_adm0_a3":"DNK","source_adm1_name":"Hovedstaden","source_feature_class":"Admin-0 capital","source_scalerank":2,"source_pop_max":1085000,"source_id":"ne-ne_10m_populated_places"},"geometry":{"type":"Point","coordinates":[12.56154,55.68051]}},{"type":"Feature","properties":{"ne_id":1159151439,"name":"Abidjan","name_zh":"阿比让","longitude":-4.020207,"latitude":5.323126,"wikidata_id":"Q1515","source_adm0_a3":"CIV","source_adm1_name":"Lagunes","source_feature_class":"Admin-0 capital","source_scalerank":2,"source_pop_max":3802000,"source_id":"ne-ne_10m_populated_places"},"geometry":{"type":"Point","coordinates":[-4.020207,5.323126]}},{"type":"Feature","properties":{"ne_id":1159151441,"name":"Belém","name_zh":"贝伦","longitude":-48.481969,"latitude":-1.448057,"wikidata_id":"Q12829733","source_adm0_a3":"BRA","source_adm1_name":"Pará","source_feature_class":"Admin-1 capital","source_scalerank":2,"source_pop_max":2167000,"source_id":"ne-ne_10m_populated_places"},"geometry":{"type":"Point","coordinates":[-48.481969,-1.448057]}},{"type":"Feature","properties":{"ne_id":1159151443,"name":"Brasília","name_zh":"巴西利亚","longitude":-47.917998,"latitude":-15.781394,"wikidata_id":"Q2844","source_adm0_a3":"BRA","source_adm1_name":"Distrito Federal","source_feature_class":"Admin-0 capital","source_scalerank":2,"source_pop_max":3716996,"source_id":"ne-ne_10m_populated_places"},"geometry":{"type":"Point","coordinates":[-47.917998,-15.781394]}},{"type":"Feature","properties":{"ne_id":1159151447,"name":"Porto Alegre","name_zh":"阿雷格里港","longitude":-51.201958,"latitude":-30.048069,"wikidata_id":"Q40269","source_adm0_a3":"BRA","source_adm1_name":"Rio Grande do Sul","source_feature_class":"Admin-1 capital","source_scalerank":2,"source_pop_max":3917000,"source_id":"ne-ne_10m_populated_places"},"geometry":{"type":"Point","coordinates":[-51.201958,-30.048069]}},{"type":"Feature","properties":{"ne_id":1159151449,"name":"Curitiba","name_zh":"库里奇巴","longitude":-49.321944,"latitude":-25.418067,"wikidata_id":"Q4361","source_adm0_a3":"BRA","source_adm1_name":"Paraná","source_feature_class":"Admin-1 capital","source_scalerank":2,"source_pop_max":3084000,"source_id":"ne-ne_10m_populated_places"},"geometry":{"type":"Point","coordinates":[-49.321944,-25.418067]}},{"type":"Feature","properties":{"ne_id":1159151451,"name":"Fortaleza","name_zh":"福塔雷萨","longitude":-38.581927,"latitude":-3.748072,"wikidata_id":"Q43463","source_adm0_a3":"BRA","source_adm1_name":"Ceará","source_feature_class":"Admin-1 capital","source_scalerank":2,"source_pop_max":3602319,"source_id":"ne-ne_10m_populated_places"},"geometry":{"type":"Point","coordinates":[-38.581927,-3.748072]}},{"type":"Feature","properties":{"ne_id":1159151453,"name":"Salvador","name_zh":"萨尔瓦多","longitude":-38.481933,"latitude":-12.968026,"wikidata_id":"Q36947","source_adm0_a3":"BRA","source_adm1_name":"Bahia","source_feature_class":"Admin-1 capital","source_scalerank":2,"source_pop_max":3484000,"source_id":"ne-ne_10m_populated_places"},"geometry":{"type":"Point","coordinates":[-38.481933,-12.968026]}},{"type":"Feature","properties":{"ne_id":1159151455,"name":"Edmonton","name_zh":"埃德蒙顿","longitude":-113.501928,"latitude":53.551971,"wikidata_id":"Q2096","source_adm0_a3":"CAN","source_adm1_name":"Alberta","source_feature_class":"Admin-1 capital","source_scalerank":2,"source_pop_max":1058000,"source_id":"ne-ne_10m_populated_places"},"geometry":{"type":"Point","coordinates":[-113.501928,53.551971]}},{"type":"Feature","properties":{"ne_id":1159151457,"name":"Montréal","name_zh":"蒙特利尔","longitude":-73.585243,"latitude":45.501945,"wikidata_id":"Q340","source_adm0_a3":"CAN","source_adm1_name":"Québec","source_feature_class":"Populated place","source_scalerank":2,"source_pop_max":3678000,"source_id":"ne-ne_10m_populated_places"},"geometry":{"type":"Point","coordinates":[-73.585243,45.501945]}},{"type":"Feature","properties":{"ne_id":1159151459,"name":"Goiânia","name_zh":"戈亚尼亚","longitude":-49.301971,"latitude":-16.718081,"wikidata_id":"Q83189","source_adm0_a3":"BRA","source_adm1_name":"Goiás","source_feature_class":"Admin-1 capital","source_scalerank":2,"source_pop_max":2022000,"source_id":"ne-ne_10m_populated_places"},"geometry":{"type":"Point","coordinates":[-49.301971,-16.718081]}},{"type":"Feature","properties":{"ne_id":1159151461,"name":"Recife","name_zh":"累西腓","longitude":-34.908766,"latitude":-8.060532,"wikidata_id":"Q48344","source_adm0_a3":"BRA","source_adm1_name":"Pernambuco","source_feature_class":"Admin-1 capital","source_scalerank":2,"source_pop_max":3651000,"source_id":"ne-ne_10m_populated_places"},"geometry":{"type":"Point","coordinates":[-34.908766,-8.060532]}},{"type":"Feature","properties":{"ne_id":1159151465,"name":"Brussels","name_zh":"布鲁塞尔","longitude":4.331371,"latitude":50.835263,"wikidata_id":"Q239","source_adm0_a3":"BEL","source_adm1_name":"Brussels","source_feature_class":"Admin-0 capital","source_scalerank":2,"source_pop_max":1743000,"source_id":"ne-ne_10m_populated_places"},"geometry":{"type":"Point","coordinates":[4.331371,50.835263]}},{"type":"Feature","properties":{"ne_id":1159151467,"name":"Dhaka","name_zh":"达卡","longitude":90.406634,"latitude":23.725006,"wikidata_id":"Q1354","source_adm0_a3":"BGD","source_adm1_name":"Dhaka","source_feature_class":"Admin-0 capital","source_scalerank":2,"source_pop_max":12797394,"source_id":"ne-ne_10m_populated_places"},"geometry":{"type":"Point","coordinates":[90.406634,23.725006]}},{"type":"Feature","properties":{"ne_id":1159151469,"name":"Luanda","name_zh":"罗安达","longitude":13.232481,"latitude":-8.83634,"wikidata_id":"Q3897","source_adm0_a3":"AGO","source_adm1_name":"Luanda","source_feature_class":"Admin-0 capital","source_scalerank":2,"source_pop_max":5172900,"source_id":"ne-ne_10m_populated_places"},"geometry":{"type":"Point","coordinates":[13.232481,-8.83634]}},{"type":"Feature","properties":{"ne_id":1159151471,"name":"Algiers","name_zh":"阿尔及尔","longitude":3.048607,"latitude":36.765011,"wikidata_id":"Q3561","source_adm0_a3":"DZA","source_adm1_name":"Alger","source_feature_class":"Admin-0 capital","source_scalerank":2,"source_pop_max":3354000,"source_id":"ne-ne_10m_populated_places"},"geometry":{"type":"Point","coordinates":[3.048607,36.765011]}},{"type":"Feature","properties":{"ne_id":1159151473,"name":"Chattogram","name_zh":"吉大港","longitude":91.798022,"latitude":22.331938,"wikidata_id":"Q376749","source_adm0_a3":"BGD","source_adm1_name":"Chittagong","source_feature_class":"Admin-1 capital","source_scalerank":2,"source_pop_max":4529000,"source_id":"ne-ne_10m_populated_places"},"geometry":{"type":"Point","coordinates":[91.798022,22.331938]}},{"type":"Feature","properties":{"ne_id":1159151475,"name":"Perth","name_zh":"珀斯","longitude":115.838053,"latitude":-31.953069,"wikidata_id":"Q3183","source_adm0_a3":"AUS","source_adm1_name":"Western Australia","source_feature_class":"Admin-1 capital","source_scalerank":2,"source_pop_max":1532000,"source_id":"ne-ne_10m_populated_places"},"geometry":{"type":"Point","coordinates":[115.838053,-31.953069]}},{"type":"Feature","properties":{"ne_id":1159151477,"name":"Yangon","name_zh":"仰光","longitude":96.164732,"latitude":16.7853,"wikidata_id":"Q37995","source_adm0_a3":"MMR","source_adm1_name":"Yangon","source_feature_class":"Admin-0 capital","source_scalerank":2,"source_pop_max":4088000,"source_id":"ne-ne_10m_populated_places"},"geometry":{"type":"Point","coordinates":[96.164732,16.7853]}},{"type":"Feature","properties":{"ne_id":1159151479,"name":"San Francisco","name_zh":"旧金山","longitude":-122.3996,"latitude":37.784263,"wikidata_id":"Q62","source_adm0_a3":"USA","source_adm1_name":"California","source_feature_class":"Populated place","source_scalerank":1,"source_pop_max":3450000,"source_id":"ne-ne_10m_populated_places"},"geometry":{"type":"Point","coordinates":[-122.3996,37.784263]}},{"type":"Feature","properties":{"ne_id":1159151483,"name":"Denver","name_zh":"丹佛","longitude":-104.985962,"latitude":39.741134,"wikidata_id":"Q16554","source_adm0_a3":"USA","source_adm1_name":"Colorado","source_feature_class":"Admin-1 capital","source_scalerank":1,"source_pop_max":2313000,"source_id":"ne-ne_10m_populated_places"},"geometry":{"type":"Point","coordinates":[-104.985962,39.741134]}},{"type":"Feature","properties":{"ne_id":1159151485,"name":"Houston","name_zh":"休斯敦","longitude":-95.348436,"latitude":29.741273,"wikidata_id":"Q16555","source_adm0_a3":"USA","source_adm1_name":"Texas","source_feature_class":"Populated place","source_scalerank":1,"source_pop_max":4459000,"source_id":"ne-ne_10m_populated_places"},"geometry":{"type":"Point","coordinates":[-95.348436,29.741273]}},{"type":"Feature","properties":{"ne_id":1159151487,"name":"Miami","name_zh":"迈阿密","longitude":-80.226052,"latitude":25.789557,"wikidata_id":"Q8652","source_adm0_a3":"USA","source_adm1_name":"Florida","source_feature_class":"Populated place","source_scalerank":1,"source_pop_max":5585000,"source_id":"ne-ne_10m_populated_places"},"geometry":{"type":"Point","coordinates":[-80.226052,25.789557]}},{"type":"Feature","properties":{"ne_id":1159151489,"name":"Atlanta","name_zh":"亚特兰大","longitude":-84.367642,"latitude":33.739457,"wikidata_id":"Q23556","source_adm0_a3":"USA","source_adm1_name":"Georgia","source_feature_class":"Admin-1 capital","source_scalerank":1,"source_pop_max":4506000,"source_id":"ne-ne_10m_populated_places"},"geometry":{"type":"Point","coordinates":[-84.367642,33.739457]}},{"type":"Feature","properties":{"ne_id":1159151491,"name":"Chicago","name_zh":"芝加哥","longitude":-87.635237,"latitude":41.847961,"wikidata_id":"Q1297","source_adm0_a3":"USA","source_adm1_name":"Illinois","source_feature_class":"Populated place","source_scalerank":1,"source_pop_max":8990000,"source_id":"ne-ne_10m_populated_places"},"geometry":{"type":"Point","coordinates":[-87.635237,41.847961]}},{"type":"Feature","properties":{"ne_id":1159151493,"name":"Caracas","name_zh":"加拉加斯","longitude":-66.918983,"latitude":10.502944,"wikidata_id":"Q1533","source_adm0_a3":"VEN","source_adm1_name":"Distrito Capital","source_feature_class":"Admin-0 capital","source_scalerank":1,"source_pop_max":2985000,"source_id":"ne-ne_10m_populated_places"},"geometry":{"type":"Point","coordinates":[-66.918983,10.502944]}},{"type":"Feature","properties":{"ne_id":1159151495,"name":"Kyiv","name_zh":"基辅","longitude":30.514682,"latitude":50.435313,"wikidata_id":"Q1899","source_adm0_a3":"UKR","source_adm1_name":"Kiev","source_feature_class":"Admin-0 capital","source_scalerank":1,"source_pop_max":2709000,"source_id":"ne-ne_10m_populated_places"},"geometry":{"type":"Point","coordinates":[30.514682,50.435313]}},{"type":"Feature","properties":{"ne_id":1159151497,"name":"Dubai","name_zh":"迪拜","longitude":55.286946,"latitude":25.214912,"wikidata_id":"Q612","source_adm0_a3":"ARE","source_adm1_name":"Dubay","source_feature_class":"Admin-1 capital","source_scalerank":1,"source_pop_max":1379000,"source_id":"ne-ne_10m_populated_places"},"geometry":{"type":"Point","coordinates":[55.286946,25.214912]}},{"type":"Feature","properties":{"ne_id":1159151501,"name":"Tashkent","name_zh":"塔什干","longitude":69.268823,"latitude":41.303828,"wikidata_id":"Q269","source_adm0_a3":"UZB","source_adm1_name":"Tashkent","source_feature_class":"Admin-0 capital","source_scalerank":1,"source_pop_max":2184000,"source_id":"ne-ne_10m_populated_places"},"geometry":{"type":"Point","coordinates":[69.268823,41.303828]}},{"type":"Feature","properties":{"ne_id":1159151503,"name":"Madrid","name_zh":"马德里","longitude":-3.685297,"latitude":40.401972,"wikidata_id":"Q2807","source_adm0_a3":"ESP","source_adm1_name":"Comunidad de Madrid","source_feature_class":"Admin-0 capital","source_scalerank":1,"source_pop_max":5567000,"source_id":"ne-ne_10m_populated_places"},"geometry":{"type":"Point","coordinates":[-3.685297,40.401972]}},{"type":"Feature","properties":{"ne_id":1159151505,"name":"Geneva","name_zh":"日内瓦","longitude":6.140028,"latitude":46.210008,"wikidata_id":"Q71","source_adm0_a3":"CHE","source_adm1_name":"Genève","source_feature_class":"Admin-1 capital","source_scalerank":1,"source_pop_max":1240000,"source_id":"ne-ne_10m_populated_places"},"geometry":{"type":"Point","coordinates":[6.140028,46.210008]}},{"type":"Feature","properties":{"ne_id":1159151507,"name":"Stockholm","name_zh":"斯德哥尔摩","longitude":18.0663,"latitude":59.324127,"wikidata_id":"Q1754","source_adm0_a3":"SWE","source_adm1_name":"Stockholm","source_feature_class":"Admin-0 capital","source_scalerank":1,"source_pop_max":1264000,"source_id":"ne-ne_10m_populated_places"},"geometry":{"type":"Point","coordinates":[18.0663,59.324127]}},{"type":"Feature","properties":{"ne_id":1159151509,"name":"Bangkok","name_zh":"曼谷","longitude":100.514699,"latitude":13.751945,"wikidata_id":"Q1861","source_adm0_a3":"THA","source_adm1_name":"Bangkok Metropolis","source_feature_class":"Admin-0 capital","source_scalerank":1,"source_pop_max":6704000,"source_id":"ne-ne_10m_populated_places"},"geometry":{"type":"Point","coordinates":[100.514699,13.751945]}},{"type":"Feature","properties":{"ne_id":1159151511,"name":"Lima","name_zh":"利马","longitude":-77.052008,"latitude":-12.046067,"wikidata_id":"Q2868","source_adm0_a3":"PER","source_adm1_name":"Lima","source_feature_class":"Admin-0 capital","source_scalerank":1,"source_pop_max":8012000,"source_id":"ne-ne_10m_populated_places"},"geometry":{"type":"Point","coordinates":[-77.052008,-12.046067]}},{"type":"Feature","properties":{"ne_id":1159151513,"name":"Dakar","name_zh":"达喀尔","longitude":-17.475076,"latitude":14.717778,"wikidata_id":"Q3718","source_adm0_a3":"SEN","source_adm1_name":"Dakar","source_feature_class":"Admin-0 capital","source_scalerank":1,"source_pop_max":2604000,"source_id":"ne-ne_10m_populated_places"},"geometry":{"type":"Point","coordinates":[-17.475076,14.717778]}},{"type":"Feature","properties":{"ne_id":1159151515,"name":"Johannesburg","name_zh":"约翰内斯堡","longitude":28.028064,"latitude":-26.168099,"wikidata_id":"Q34647","source_adm0_a3":"ZAF","source_adm1_name":"Gauteng","source_feature_class":"Admin-0 capital","source_scalerank":1,"source_pop_max":3435000,"source_id":"ne-ne_10m_populated_places"},"geometry":{"type":"Point","coordinates":[28.028064,-26.168099]}},{"type":"Feature","properties":{"ne_id":1159151519,"name":"Amsterdam","name_zh":"阿姆斯特丹","longitude":4.914694,"latitude":52.351914,"wikidata_id":"Q727","source_adm0_a3":"NLD","source_adm1_name":"Noord-Holland","source_feature_class":"Admin-0 capital","source_scalerank":1,"source_pop_max":1031000,"source_id":"ne-ne_10m_populated_places"},"geometry":{"type":"Point","coordinates":[4.914694,52.351914]}},{"type":"Feature","properties":{"ne_id":1159151521,"name":"Casablanca","name_zh":"卡萨布兰卡","longitude":-7.618313,"latitude":33.601922,"wikidata_id":"Q7903","source_adm0_a3":"MAR","source_adm1_name":"Grand Casablanca","source_feature_class":"Admin-1 capital","source_scalerank":1,"source_pop_max":3181000,"source_id":"ne-ne_10m_populated_places"},"geometry":{"type":"Point","coordinates":[-7.618313,33.601922]}},{"type":"Feature","properties":{"ne_id":1159151523,"name":"Seoul","name_zh":"首尔","longitude":126.997785,"latitude":37.568295,"wikidata_id":"Q8684","source_adm0_a3":"KOR","source_adm1_name":"Seoul","source_feature_class":"Admin-0 capital","source_scalerank":1,"source_pop_max":9796000,"source_id":"ne-ne_10m_populated_places"},"geometry":{"type":"Point","coordinates":[126.997785,37.568295]}},{"type":"Feature","properties":{"ne_id":1159151525,"name":"Manila","name_zh":"马尼拉","longitude":120.980271,"latitude":14.606105,"wikidata_id":"Q1461","source_adm0_a3":"PHL","source_adm1_name":"Metropolitan Manila","source_feature_class":"Admin-0 capital","source_scalerank":1,"source_pop_max":11100000,"source_id":"ne-ne_10m_populated_places"},"geometry":{"type":"Point","coordinates":[120.980271,14.606105]}},{"type":"Feature","properties":{"ne_id":1159151527,"name":"Monterrey","name_zh":"蒙特雷","longitude":-100.331931,"latitude":25.671941,"wikidata_id":"Q81033","source_adm0_a3":"MEX","source_adm1_name":"Nuevo León","source_feature_class":"Admin-1 capital","source_scalerank":1,"source_pop_max":3712000,"source_id":"ne-ne_10m_populated_places"},"geometry":{"type":"Point","coordinates":[-100.331931,25.671941]}},{"type":"Feature","properties":{"ne_id":1159151529,"name":"Berlin","name_zh":"柏林","longitude":13.399603,"latitude":52.523764,"wikidata_id":"Q64","source_adm0_a3":"DEU","source_adm1_name":"Berlin","source_feature_class":"Admin-0 capital","source_scalerank":1,"source_pop_max":3406000,"source_id":"ne-ne_10m_populated_places"},"geometry":{"type":"Point","coordinates":[13.399603,52.523764]}},{"type":"Feature","properties":{"ne_id":1159151531,"name":"Ürümqi","name_zh":"乌鲁木齐","longitude":87.57306,"latitude":43.806958,"wikidata_id":"Q16959","source_adm0_a3":"CHN","source_adm1_name":"Xinjiang Uygur","source_feature_class":"Admin-1 capital","source_scalerank":1,"source_pop_max":3575000,"source_id":"ne-ne_10m_populated_places"},"geometry":{"type":"Point","coordinates":[87.57306,43.806958]}},{"type":"Feature","properties":{"ne_id":1159151533,"name":"Chengdu","name_zh":"成都","longitude":104.068074,"latitude":30.671946,"wikidata_id":"Q30002","source_adm0_a3":"CHN","source_adm1_name":"Sichuan","source_feature_class":"Admin-1 capital","source_scalerank":1,"source_pop_max":4123000,"source_id":"ne-ne_10m_populated_places"},"geometry":{"type":"Point","coordinates":[104.068074,30.671946]}},{"type":"Feature","properties":{"ne_id":1159151537,"name":"Ōsaka","name_zh":"大阪","longitude":135.503754,"latitude":34.691095,"wikidata_id":"Q35765","source_adm0_a3":"JPN","source_adm1_name":"Osaka","source_feature_class":"Admin-1 region capital","source_scalerank":1,"source_pop_max":11294000,"source_id":"ne-ne_10m_populated_places"},"geometry":{"type":"Point","coordinates":[135.503754,34.691095]}},{"type":"Feature","properties":{"ne_id":1159151539,"name":"Kinshasa","name_zh":"金沙萨","longitude":15.313026,"latitude":-4.327778,"wikidata_id":"Q3838","source_adm0_a3":"COD","source_adm1_name":"Kinshasa City","source_feature_class":"Admin-0 capital","source_scalerank":1,"source_pop_max":7843000,"source_id":"ne-ne_10m_populated_places"},"geometry":{"type":"Point","coordinates":[15.313026,-4.327778]}},{"type":"Feature","properties":{"ne_id":1159151541,"name":"New Delhi","name_zh":"新德里","longitude":77.19998,"latitude":28.600023,"wikidata_id":"Q987","source_adm0_a3":"IND","source_adm1_name":"Delhi","source_feature_class":"Admin-0 capital","source_scalerank":1,"source_pop_max":317797,"source_id":"ne-ne_10m_populated_places"},"geometry":{"type":"Point","coordinates":[77.19998,28.600023]}},{"type":"Feature","properties":{"ne_id":1159151543,"name":"Bengaluru","name_zh":"班加罗尔","longitude":77.558064,"latitude":12.971941,"wikidata_id":"Q1355","source_adm0_a3":"IND","source_adm1_name":"Karnataka","source_feature_class":"Admin-1 capital","source_scalerank":1,"source_pop_max":6787000,"source_id":"ne-ne_10m_populated_places"},"geometry":{"type":"Point","coordinates":[77.558064,12.971941]}},{"type":"Feature","properties":{"ne_id":1159151545,"name":"Athens","name_zh":"雅典","longitude":23.731375,"latitude":37.985272,"wikidata_id":"Q1524","source_adm0_a3":"GRC","source_adm1_name":"Attiki","source_feature_class":"Admin-0 capital","source_scalerank":1,"source_pop_max":3242000,"source_id":"ne-ne_10m_populated_places"},"geometry":{"type":"Point","coordinates":[23.731375,37.985272]}},{"type":"Feature","properties":{"ne_id":1159151547,"name":"Baghdad","name_zh":"巴格达","longitude":44.391923,"latitude":33.340594,"wikidata_id":"Q1530","source_adm0_a3":"IRQ","source_adm1_name":"Baghdad","source_feature_class":"Admin-0 capital","source_scalerank":1,"source_pop_max":5054000,"source_id":"ne-ne_10m_populated_places"},"geometry":{"type":"Point","coordinates":[44.391923,33.340594]}},{"type":"Feature","properties":{"ne_id":1159151549,"name":"Addis Ababa","name_zh":"亚的斯亚贝巴","longitude":38.698059,"latitude":9.035256,"wikidata_id":"Q3624","source_adm0_a3":"ETH","source_adm1_name":"Addis Ababa","source_feature_class":"Admin-0 capital","source_scalerank":1,"source_pop_max":3100000,"source_id":"ne-ne_10m_populated_places"},"geometry":{"type":"Point","coordinates":[38.698059,9.035256]}},{"type":"Feature","properties":{"ne_id":1159151551,"name":"Tehran","name_zh":"德黑兰","longitude":51.422398,"latitude":35.673889,"wikidata_id":"Q3616","source_adm0_a3":"IRN","source_adm1_name":"Tehran","source_feature_class":"Admin-0 capital","source_scalerank":1,"source_pop_max":7873000,"source_id":"ne-ne_10m_populated_places"},"geometry":{"type":"Point","coordinates":[51.422398,35.673889]}},{"type":"Feature","properties":{"ne_id":1159151555,"name":"Vancouver","name_zh":"温哥华","longitude":-123.12359,"latitude":49.275362,"wikidata_id":"Q24639","source_adm0_a3":"CAN","source_adm1_name":"British Columbia","source_feature_class":"Populated place","source_scalerank":1,"source_pop_max":2313328,"source_id":"ne-ne_10m_populated_places"},"geometry":{"type":"Point","coordinates":[-123.12359,49.275362]}},{"type":"Feature","properties":{"ne_id":1159151557,"name":"Toronto","name_zh":"多伦多","longitude":-79.389459,"latitude":43.664645,"wikidata_id":"Q172","source_adm0_a3":"CAN","source_adm1_name":"Ontario","source_feature_class":"Admin-1 capital","source_scalerank":1,"source_pop_max":5213000,"source_id":"ne-ne_10m_populated_places"},"geometry":{"type":"Point","coordinates":[-79.389459,43.664645]}},{"type":"Feature","properties":{"ne_id":1159151559,"name":"Buenos Aires","name_zh":"布宜诺斯艾利斯","longitude":-58.432513,"latitude":-34.610715,"wikidata_id":"Q1486","source_adm0_a3":"ARG","source_adm1_name":"Ciudad de Buenos Aires","source_feature_class":"Admin-0 capital","source_scalerank":1,"source_pop_max":12795000,"source_id":"ne-ne_10m_populated_places"},"geometry":{"type":"Point","coordinates":[-58.432513,-34.610715]}},{"type":"Feature","properties":{"ne_id":1159151561,"name":"Kabul","name_zh":"喀布尔","longitude":69.181314,"latitude":34.518636,"wikidata_id":"Q5838","source_adm0_a3":"AFG","source_adm1_name":"Kabul","source_feature_class":"Admin-0 capital","source_scalerank":1,"source_pop_max":3277000,"source_id":"ne-ne_10m_populated_places"},"geometry":{"type":"Point","coordinates":[69.181314,34.518636]}},{"type":"Feature","properties":{"ne_id":1159151563,"name":"Vienna","name_zh":"维也纳","longitude":16.364693,"latitude":48.201961,"wikidata_id":"Q1741","source_adm0_a3":"AUT","source_adm1_name":"Wien","source_feature_class":"Admin-0 capital","source_scalerank":1,"source_pop_max":2400000,"source_id":"ne-ne_10m_populated_places"},"geometry":{"type":"Point","coordinates":[16.364693,48.201961]}},{"type":"Feature","properties":{"ne_id":1159151565,"name":"Melbourne","name_zh":"墨尔本","longitude":144.97307,"latitude":-37.818086,"wikidata_id":"Q3141","source_adm0_a3":"AUS","source_adm1_name":"Victoria","source_feature_class":"Admin-1 capital","source_scalerank":1,"source_pop_max":4170000,"source_id":"ne-ne_10m_populated_places"},"geometry":{"type":"Point","coordinates":[144.97307,-37.818086]}},{"type":"Feature","properties":{"ne_id":1159151567,"name":"Taipei","name_zh":"台北","longitude":121.568333,"latitude":25.035833,"wikidata_id":"Q1867","source_adm0_a3":"TWN","source_adm1_name":"Taipei City","source_feature_class":"Admin-0 capital","source_scalerank":1,"source_pop_max":6900273,"source_id":"ne-ne_10m_populated_places"},"geometry":{"type":"Point","coordinates":[121.568333,25.035833]}},{"type":"Feature","properties":{"ne_id":1159151569,"name":"Los Angeles","name_zh":"洛杉矶","longitude":-118.231986,"latitude":34.049219,"wikidata_id":"Q65","source_adm0_a3":"USA","source_adm1_name":"California","source_feature_class":"Populated place","source_scalerank":0,"source_pop_max":12500000,"source_id":"ne-ne_10m_populated_places"},"geometry":{"type":"Point","coordinates":[-118.231986,34.049219]}},{"type":"Feature","properties":{"ne_id":1159151573,"name":"Washington,  D.C.","name_zh":"华盛顿哥伦比亚特区","longitude":-77.011364,"latitude":38.901495,"wikidata_id":"Q61","source_adm0_a3":"USA","source_adm1_name":"District of Columbia","source_feature_class":"Admin-0 capital","source_scalerank":0,"source_pop_max":4338000,"source_id":"ne-ne_10m_populated_places"},"geometry":{"type":"Point","coordinates":[-77.011364,38.901495]}},{"type":"Feature","properties":{"ne_id":1159151575,"name":"New York","name_zh":"纽约","longitude":-73.995718,"latitude":40.721562,"wikidata_id":"Q60","source_adm0_a3":"USA","source_adm1_name":"New York","source_feature_class":"Populated place","source_scalerank":0,"source_pop_max":19040000,"source_id":"ne-ne_10m_populated_places"},"geometry":{"type":"Point","coordinates":[-73.995718,40.721562]}},{"type":"Feature","properties":{"ne_id":1159151577,"name":"London","name_zh":"伦敦","longitude":-0.118668,"latitude":51.501941,"wikidata_id":"Q84","source_adm0_a3":"GBR","source_adm1_name":"Westminster","source_feature_class":"Admin-0 capital","source_scalerank":0,"source_pop_max":8567000,"source_id":"ne-ne_10m_populated_places"},"geometry":{"type":"Point","coordinates":[-0.118668,51.501941]}},{"type":"Feature","properties":{"ne_id":1159151579,"name":"Istanbul","name_zh":"伊斯坦布尔","longitude":28.974277,"latitude":41.017602,"wikidata_id":"Q406","source_adm0_a3":"TUR","source_adm1_name":"Istanbul","source_feature_class":"Admin-1 capital","source_scalerank":0,"source_pop_max":10061000,"source_id":"ne-ne_10m_populated_places"},"geometry":{"type":"Point","coordinates":[28.974277,41.017602]}},{"type":"Feature","properties":{"ne_id":1159151581,"name":"Riyadh","name_zh":"利雅德","longitude":46.720487,"latitude":24.634497,"wikidata_id":"Q3692","source_adm0_a3":"SAU","source_adm1_name":"Ar Riyad","source_feature_class":"Admin-0 capital","source_scalerank":0,"source_pop_max":4465000,"source_id":"ne-ne_10m_populated_places"},"geometry":{"type":"Point","coordinates":[46.720487,24.634497]}},{"type":"Feature","properties":{"ne_id":1159151583,"name":"Cape Town","name_zh":"开普敦","longitude":18.433042,"latitude":-33.918065,"wikidata_id":"Q5465","source_adm0_a3":"ZAF","source_adm1_name":"Western Cape","source_feature_class":"Admin-0 capital","source_scalerank":0,"source_pop_max":3215000,"source_id":"ne-ne_10m_populated_places"},"geometry":{"type":"Point","coordinates":[18.433042,-33.918065]}},{"type":"Feature","properties":{"ne_id":1159151585,"name":"Moscow","name_zh":"莫斯科","longitude":37.613577,"latitude":55.75411,"wikidata_id":"Q649","source_adm0_a3":"RUS","source_adm1_name":"Moskva","source_feature_class":"Admin-0 capital","source_scalerank":0,"source_pop_max":10452000,"source_id":"ne-ne_10m_populated_places"},"geometry":{"type":"Point","coordinates":[37.613577,55.75411]}},{"type":"Feature","properties":{"ne_id":1159151587,"name":"Mexico City","name_zh":"墨西哥城","longitude":-99.132934,"latitude":19.444388,"wikidata_id":"Q1489","source_adm0_a3":"MEX","source_adm1_name":"Distrito Federal","source_feature_class":"Admin-0 capital","source_scalerank":0,"source_pop_max":19028000,"source_id":"ne-ne_10m_populated_places"},"geometry":{"type":"Point","coordinates":[-99.132934,19.444388]}},{"type":"Feature","properties":{"ne_id":1159151591,"name":"Lagos","name_zh":"拉各斯","longitude":3.389585,"latitude":6.445208,"wikidata_id":"Q8673","source_adm0_a3":"NGA","source_adm1_name":"Lagos","source_feature_class":"Admin-0 capital alt","source_scalerank":0,"source_pop_max":9466000,"source_id":"ne-ne_10m_populated_places"},"geometry":{"type":"Point","coordinates":[3.389585,6.445208]}},{"type":"Feature","properties":{"ne_id":1159151593,"name":"Rome","name_zh":"罗马","longitude":12.481313,"latitude":41.897902,"wikidata_id":"Q220","source_adm0_a3":"ITA","source_adm1_name":"Lazio","source_feature_class":"Admin-0 capital","source_scalerank":0,"source_pop_max":3339000,"source_id":"ne-ne_10m_populated_places"},"geometry":{"type":"Point","coordinates":[12.481313,41.897902]}},{"type":"Feature","properties":{"ne_id":1159151595,"name":"Beijing","name_zh":"北京","longitude":116.394201,"latitude":39.90172,"wikidata_id":"Q956","source_adm0_a3":"CHN","source_adm1_name":"Beijing","source_feature_class":"Admin-0 capital","source_scalerank":0,"source_pop_max":11106000,"source_id":"ne-ne_10m_populated_places"},"geometry":{"type":"Point","coordinates":[116.394201,39.90172]}},{"type":"Feature","properties":{"ne_id":1159151597,"name":"Nairobi","name_zh":"内罗毕","longitude":36.814711,"latitude":-1.281401,"wikidata_id":"Q3870","source_adm0_a3":"KEN","source_adm1_name":"Nairobi","source_feature_class":"Admin-0 capital","source_scalerank":0,"source_pop_max":3010000,"source_id":"ne-ne_10m_populated_places"},"geometry":{"type":"Point","coordinates":[36.814711,-1.281401]}},{"type":"Feature","properties":{"ne_id":1159151599,"name":"Jakarta","name_zh":"雅加达","longitude":106.827492,"latitude":-6.172472,"wikidata_id":"Q3630","source_adm0_a3":"IDN","source_adm1_name":"Jakarta Raya","source_feature_class":"Admin-0 capital","source_scalerank":0,"source_pop_max":9125000,"source_id":"ne-ne_10m_populated_places"},"geometry":{"type":"Point","coordinates":[106.827492,-6.172472]}},{"type":"Feature","properties":{"ne_id":1159151601,"name":"Bogota","name_zh":"波哥大","longitude":-74.08529,"latitude":4.598369,"wikidata_id":"Q2841","source_adm0_a3":"COL","source_adm1_name":"Bogota","source_feature_class":"Admin-0 capital","source_scalerank":0,"source_pop_max":7772000,"source_id":"ne-ne_10m_populated_places"},"geometry":{"type":"Point","coordinates":[-74.08529,4.598369]}},{"type":"Feature","properties":{"ne_id":1159151603,"name":"Cairo","name_zh":"开罗","longitude":31.248022,"latitude":30.051906,"wikidata_id":"Q85","source_adm0_a3":"EGY","source_adm1_name":"Al Qahirah","source_feature_class":"Admin-0 capital","source_scalerank":0,"source_pop_max":11893000,"source_id":"ne-ne_10m_populated_places"},"geometry":{"type":"Point","coordinates":[31.248022,30.051906]}},{"type":"Feature","properties":{"ne_id":1159151605,"name":"Shanghai","name_zh":"上海","longitude":121.434559,"latitude":31.218398,"wikidata_id":"Q8686","source_adm0_a3":"CHN","source_adm1_name":"Shanghai","source_feature_class":"Admin-1 capital","source_scalerank":0,"source_pop_max":14987000,"source_id":"ne-ne_10m_populated_places"},"geometry":{"type":"Point","coordinates":[121.434559,31.218398]}},{"type":"Feature","properties":{"ne_id":1159151609,"name":"Tokyo","name_zh":"东京","longitude":139.749462,"latitude":35.686963,"wikidata_id":"Q1490","source_adm0_a3":"JPN","source_adm1_name":"Tokyo","source_feature_class":"Admin-0 capital","source_scalerank":0,"source_pop_max":35676000,"source_id":"ne-ne_10m_populated_places"},"geometry":{"type":"Point","coordinates":[139.749462,35.686963]}},{"type":"Feature","properties":{"ne_id":1159151611,"name":"Mumbai","name_zh":"孟买","longitude":72.875839,"latitude":19.068408,"wikidata_id":"Q1156","source_adm0_a3":"IND","source_adm1_name":"Maharashtra","source_feature_class":"Admin-1 capital","source_scalerank":0,"source_pop_max":18978000,"source_id":"ne-ne_10m_populated_places"},"geometry":{"type":"Point","coordinates":[72.875839,19.068408]}},{"type":"Feature","properties":{"ne_id":1159151613,"name":"Paris","name_zh":"巴黎","longitude":2.352992,"latitude":48.858092,"wikidata_id":"Q90","source_adm0_a3":"FRA","source_adm1_name":"Île-de-France","source_feature_class":"Admin-0 capital","source_scalerank":0,"source_pop_max":9904000,"source_id":"ne-ne_10m_populated_places"},"geometry":{"type":"Point","coordinates":[2.352992,48.858092]}},{"type":"Feature","properties":{"ne_id":1159151615,"name":"Santiago","name_zh":"圣地亚哥","longitude":-70.650504,"latitude":-33.440205,"wikidata_id":"Q2887","source_adm0_a3":"CHL","source_adm1_name":"Región Metropolitana de Santiago","source_feature_class":"Admin-0 capital","source_scalerank":0,"source_pop_max":5720000,"source_id":"ne-ne_10m_populated_places"},"geometry":{"type":"Point","coordinates":[-70.650504,-33.440205]}},{"type":"Feature","properties":{"ne_id":1159151617,"name":"Kolkata","name_zh":"加尔各答","longitude":88.369126,"latitude":22.569579,"wikidata_id":"Q1348","source_adm0_a3":"IND","source_adm1_name":"West Bengal","source_feature_class":"Admin-1 capital","source_scalerank":0,"source_pop_max":14787000,"source_id":"ne-ne_10m_populated_places"},"geometry":{"type":"Point","coordinates":[88.369126,22.569579]}},{"type":"Feature","properties":{"ne_id":1159151619,"name":"Rio de Janeiro","name_zh":"里约热内卢","longitude":-43.212117,"latitude":-22.907308,"wikidata_id":"Q8678","source_adm0_a3":"BRA","source_adm1_name":"Rio de Janeiro","source_feature_class":"Admin-1 capital","source_scalerank":0,"source_pop_max":11748000,"source_id":"ne-ne_10m_populated_places"},"geometry":{"type":"Point","coordinates":[-43.212117,-22.907308]}},{"type":"Feature","properties":{"ne_id":1159151621,"name":"São Paulo","name_zh":"圣保罗","longitude":-46.626966,"latitude":-23.556734,"wikidata_id":"Q174","source_adm0_a3":"BRA","source_adm1_name":"São Paulo","source_feature_class":"Admin-1 capital","source_scalerank":0,"source_pop_max":18845000,"source_id":"ne-ne_10m_populated_places"},"geometry":{"type":"Point","coordinates":[-46.626966,-23.556734]}},{"type":"Feature","properties":{"ne_id":1159151623,"name":"Sydney","name_zh":"悉尼","longitude":151.212548,"latitude":-33.871373,"wikidata_id":"Q3130","source_adm0_a3":"AUS","source_adm1_name":"New South Wales","source_feature_class":"Admin-1 capital","source_scalerank":0,"source_pop_max":4630000,"source_id":"ne-ne_10m_populated_places"},"geometry":{"type":"Point","coordinates":[151.212548,-33.871373]}},{"type":"Feature","properties":{"ne_id":1159151627,"name":"Singapore","name_zh":"新加坡","longitude":103.853875,"latitude":1.294979,"wikidata_id":"Q334","source_adm0_a3":"SGP","source_adm1_name":null,"source_feature_class":"Admin-0 capital","source_scalerank":0,"source_pop_max":5183700,"source_id":"ne-ne_10m_populated_places"},"geometry":{"type":"Point","coordinates":[103.853875,1.294979]}},{"type":"Feature","properties":{"ne_id":1159151629,"name":"Hong Kong","name_zh":"香港","longitude":114.183064,"latitude":22.306927,"wikidata_id":"Q8646","source_adm0_a3":"HKG","source_adm1_name":null,"source_feature_class":"Admin-0 region capital","source_scalerank":0,"source_pop_max":7206000,"source_id":"ne-ne_10m_populated_places"},"geometry":{"type":"Point","coordinates":[114.183064,22.306927]}},{"type":"Feature","properties":{"ne_id":1159151699,"name":"Wellington","name_zh":"惠灵顿","longitude":174.777201,"latitude":-41.292068,"wikidata_id":"Q23661","source_adm0_a3":"NZL","source_adm1_name":"Manawatu-Wanganui","source_feature_class":"Admin-0 capital","source_scalerank":3,"source_pop_max":393400,"source_id":"ne-ne_10m_populated_places"},"geometry":{"type":"Point","coordinates":[174.777201,-41.292068]}},{"type":"Feature","properties":{"ne_id":1159151701,"name":"Christchurch","name_zh":"克赖斯特彻奇","longitude":172.630023,"latitude":-43.535022,"wikidata_id":"Q79990","source_adm0_a3":"NZL","source_adm1_name":"Canterbury","source_feature_class":"Admin-1 capital","source_scalerank":3,"source_pop_max":363200,"source_id":"ne-ne_10m_populated_places"},"geometry":{"type":"Point","coordinates":[172.630023,-43.535022]}},{"type":"Feature","properties":{"ne_id":1159151703,"name":"Auckland","name_zh":"奥克兰都会区","longitude":174.763027,"latitude":-36.848055,"wikidata_id":"Q37100","source_adm0_a3":"NZL","source_adm1_name":"Auckland","source_feature_class":"Admin-1 capital","source_scalerank":1,"source_pop_max":1377200,"source_id":"ne-ne_10m_populated_places"},"geometry":{"type":"Point","coordinates":[174.763027,-36.848055]}},{"type":"Feature","properties":{"ne_id":1730025037,"name":"Amaravati","name_zh":"阿马拉瓦蒂","longitude":80.52432,"latitude":16.533658,"wikidata_id":"Q19881964","source_adm0_a3":"IND","source_adm1_name":"Andhra Pradesh","source_feature_class":"Admin-1 capital","source_scalerank":4,"source_pop_max":5800000,"source_id":"ne-ne_10m_populated_places"},"geometry":{"type":"Point","coordinates":[80.52432,16.533658]}}]}
