{"type":"FeatureCollection","features":[{"type":"Feature","properties":{"ne_id":1159122761,"name":"Bade","name_zh":"八德区","longitude":121.298889,"latitude":24.9575,"wikidata_id":"Q74052","source_adm0_a3":"TWN","source_adm1_name":"Taoyuan","source_feature_class":"Populated place","source_scalerank":9,"source_pop_max":172065,"source_id":"ne-ne_10m_populated_places"},"geometry":{"type":"Point","coordinates":[121.298889,24.9575]}},{"type":"Feature","properties":{"ne_id":1159122779,"name":"Pingzhen","name_zh":"平镇区","longitude":121.216111,"latitude":24.943889,"wikidata_id":"Q713336","source_adm0_a3":"TWN","source_adm1_name":"Taoyuan","source_feature_class":"Populated place","source_scalerank":9,"source_pop_max":201632,"source_id":"ne-ne_10m_populated_places"},"geometry":{"type":"Point","coordinates":[121.216111,24.943889]}},{"type":"Feature","properties":{"ne_id":1159122791,"name":"Taibao","name_zh":"太保","longitude":120.333333,"latitude":23.45,"wikidata_id":"Q701634","source_adm0_a3":"TWN","source_adm1_name":"Chiayi","source_feature_class":"Admin-1 capital","source_scalerank":9,"source_pop_max":35000,"source_id":"ne-ne_10m_populated_places"},"geometry":{"type":"Point","coordinates":[120.333333,23.45]}},{"type":"Feature","properties":{"ne_id":1159122805,"name":"Taoyuan","name_zh":"桃园区","longitude":121.311111,"latitude":24.988889,"wikidata_id":"Q715975","source_adm0_a3":"TWN","source_adm1_name":"Taoyuan","source_feature_class":"Admin-1 capital","source_scalerank":8,"source_pop_max":500000,"source_id":"ne-ne_10m_populated_places"},"geometry":{"type":"Point","coordinates":[121.311111,24.988889]}},{"type":"Feature","properties":{"ne_id":1159122823,"name":"Yangmei","name_zh":"杨梅区","longitude":121.15,"latitude":24.916667,"wikidata_id":"Q211505","source_adm0_a3":"TWN","source_adm1_name":"Taoyuan","source_feature_class":"Populated place","source_scalerank":9,"source_pop_max":175000,"source_id":"ne-ne_10m_populated_places"},"geometry":{"type":"Point","coordinates":[121.15,24.916667]}},{"type":"Feature","properties":{"ne_id":1159122837,"name":"Yilan","name_zh":"宜兰","longitude":121.75,"latitude":24.75,"wikidata_id":"Q680842","source_adm0_a3":"TWN","source_adm1_name":"Yilan","source_feature_class":"Admin-1 capital","source_scalerank":8,"source_pop_max":150000,"source_id":"ne-ne_10m_populated_places"},"geometry":{"type":"Point","coordinates":[121.75,24.75]}},{"type":"Feature","properties":{"ne_id":1159122859,"name":"Zhubei","name_zh":"竹北","longitude":121.011944,"latitude":24.833333,"wikidata_id":"Q29624","source_adm0_a3":"TWN","source_adm1_name":"Hsinchu","source_feature_class":"Admin-1 capital","source_scalerank":9,"source_pop_max":200000,"source_id":"ne-ne_10m_populated_places"},"geometry":{"type":"Point","coordinates":[121.011944,24.833333]}},{"type":"Feature","properties":{"ne_id":1159129777,"name":"Yumen","name_zh":"玉门","longitude":97.729993,"latitude":39.830035,"wikidata_id":"Q729562","source_adm0_a3":"CHN","source_adm1_name":"Gansu","source_feature_class":"Populated place","source_scalerank":8,"source_pop_max":350000,"source_id":"ne-ne_10m_populated_places"},"geometry":{"type":"Point","coordinates":[97.729993,39.830035]}},{"type":"Feature","properties":{"ne_id":1159129781,"name":"Linxia","name_zh":"临夏","longitude":103.200047,"latitude":35.600009,"wikidata_id":"Q653608","source_adm0_a3":"CHN","source_adm1_name":"Gansu","source_feature_class":"Populated place","source_scalerank":8,"source_pop_max":534555,"source_id":"ne-ne_10m_populated_places"},"geometry":{"type":"Point","coordinates":[103.200047,35.600009]}},{"type":"Feature","properties":{"ne_id":1159129785,"name":"Zhuozhou","name_zh":"涿州","longitude":115.789976,"latitude":39.540053,"wikidata_id":"Q198244","source_adm0_a3":"CHN","source_adm1_name":"Beijing","source_feature_class":"Populated place","source_scalerank":8,"source_pop_max":628000,"source_id":"ne-ne_10m_populated_places"},"geometry":{"type":"Point","coordinates":[115.789976,39.540053]}},{"type":"Feature","properties":{"ne_id":1159129789,"name":"Sanming","name_zh":"三明","longitude":117.580048,"latitude":26.229987,"wikidata_id":"Q68614","source_adm0_a3":"CHN","source_adm1_name":"Fujian","source_feature_class":"Populated place","source_scalerank":8,"source_pop_max":209444,"source_id":"ne-ne_10m_populated_places"},"geometry":{"type":"Point","coordinates":[117.580048,26.229987]}},{"type":"Feature","properties":{"ne_id":1159129795,"name":"Huizhou","name_zh":"惠州","longitude":114.399983,"latitude":23.079972,"wikidata_id":"Q59173","source_adm0_a3":"CHN","source_adm1_name":"Guangdong","source_feature_class":"Populated place","source_scalerank":8,"source_pop_max":289201,"source_id":"ne-ne_10m_populated_places"},"geometry":{"type":"Point","coordinates":[114.399983,23.079972]}},{"type":"Feature","properties":{"ne_id":1159129799,"name":"Chaozhou","name_zh":"潮州","longitude":116.630028,"latitude":23.680039,"wikidata_id":"Q59227","source_adm0_a3":"CHN","source_adm1_name":"Guangdong","source_feature_class":"Populated place","source_scalerank":8,"source_pop_max":424787,"source_id":"ne-ne_10m_populated_places"},"geometry":{"type":"Point","coordinates":[116.630028,23.680039]}},{"type":"Feature","properties":{"ne_id":1159130125,"name":"Gyangze","name_zh":"江孜镇","longitude":89.63333,"latitude":28.950002,"wikidata_id":"Q1999606","source_adm0_a3":"CHN","source_adm1_name":"Xizang","source_feature_class":"Populated place","source_scalerank":8,"source_pop_max":10000,"source_id":"ne-ne_10m_populated_places"},"geometry":{"type":"Point","coordinates":[89.63333,28.950002]}},{"type":"Feature","properties":{"ne_id":1159130129,"name":"Dali","name_zh":"大理","longitude":109.937775,"latitude":34.795252,"wikidata_id":null,"source_adm0_a3":"CHN","source_adm1_name":"Shaanxi","source_feature_class":"Populated place","source_scalerank":8,"source_pop_max":109696,"source_id":"ne-ne_10m_populated_places"},"geometry":{"type":"Point","coordinates":[109.937775,34.795252]}},{"type":"Feature","properties":{"ne_id":1159130135,"name":"Yangquan","name_zh":"阳泉","longitude":113.570008,"latitude":37.869974,"wikidata_id":"Q72907","source_adm0_a3":"CHN","source_adm1_name":"Shanxi","source_feature_class":"Populated place","source_scalerank":8,"source_pop_max":981448,"source_id":"ne-ne_10m_populated_places"},"geometry":{"type":"Point","coordinates":[113.570008,37.869974]}},{"type":"Feature","properties":{"ne_id":1159130139,"name":"Shiyan","name_zh":"十堰","longitude":110.779997,"latitude":32.570039,"wikidata_id":"Q71227","source_adm0_a3":"CHN","source_adm1_name":"Hubei","source_feature_class":"Populated place","source_scalerank":8,"source_pop_max":770000,"source_id":"ne-ne_10m_populated_places"},"geometry":{"type":"Point","coordinates":[110.779997,32.570039]}},{"type":"Feature","properties":{"ne_id":1159130143,"name":"Danjiangkou","name_zh":"丹江口","longitude":111.500005,"latitude":32.520016,"wikidata_id":"Q1164197","source_adm0_a3":"CHN","source_adm1_name":"Hubei","source_feature_class":"Populated place","source_scalerank":8,"source_pop_max":92008,"source_id":"ne-ne_10m_populated_places"},"geometry":{"type":"Point","coordinates":[111.500005,32.520016]}},{"type":"Feature","properties":{"ne_id":1159130147,"name":"Jingzhou","name_zh":"荆州","longitude":112.229986,"latitude":30.320021,"wikidata_id":"Q71247","source_adm0_a3":"CHN","source_adm1_name":"Hubei","source_feature_class":"Populated place","source_scalerank":8,"source_pop_max":520000,"source_id":"ne-ne_10m_populated_places"},"geometry":{"type":"Point","coordinates":[112.229986,30.320021]}},{"type":"Feature","properties":{"ne_id":1159130153,"name":"Anlu","name_zh":"安陆","longitude":113.670002,"latitude":31.269989,"wikidata_id":"Q557934","source_adm0_a3":"CHN","source_adm1_name":"Hubei","source_feature_class":"Populated place","source_scalerank":8,"source_pop_max":71198,"source_id":"ne-ne_10m_populated_places"},"geometry":{"type":"Point","coordinates":[113.670002,31.269989]}},{"type":"Feature","properties":{"ne_id":1159130157,"name":"Zixing","name_zh":"资兴","longitude":113.400044,"latitude":25.969977,"wikidata_id":"Q206996","source_adm0_a3":"CHN","source_adm1_name":"Hunan","source_feature_class":"Populated place","source_scalerank":8,"source_pop_max":6618,"source_id":"ne-ne_10m_populated_places"},"geometry":{"type":"Point","coordinates":[113.400044,25.969977]}},{"type":"Feature","properties":{"ne_id":1159130161,"name":"Deyang","name_zh":"德阳","longitude":104.399974,"latitude":31.133331,"wikidata_id":"Q425996","source_adm0_a3":"CHN","source_adm1_name":"Sichuan","source_feature_class":"Populated place","source_scalerank":8,"source_pop_max":152194,"source_id":"ne-ne_10m_populated_places"},"geometry":{"type":"Point","coordinates":[104.399974,31.133331]}},{"type":"Feature","properties":{"ne_id":1159130165,"name":"Tengchong","name_zh":"腾越镇","longitude":98.466589,"latitude":25.033316,"wikidata_id":"Q7699838","source_adm0_a3":"CHN","source_adm1_name":"Yunnan","source_feature_class":"Populated place","source_scalerank":8,"source_pop_max":126058,"source_id":"ne-ne_10m_populated_places"},"geometry":{"type":"Point","coordinates":[98.466589,25.033316]}},{"type":"Feature","properties":{"ne_id":1159130171,"name":"Mengzi","name_zh":"蒙自","longitude":103.406132,"latitude":23.361945,"wikidata_id":"Q1201056","source_adm0_a3":"CHN","source_adm1_name":"Yunnan","source_feature_class":"Populated place","source_scalerank":8,"source_pop_max":303341,"source_id":"ne-ne_10m_populated_places"},"geometry":{"type":"Point","coordinates":[103.406132,23.361945]}},{"type":"Feature","properties":{"ne_id":1159130175,"name":"Chuxiong","name_zh":"楚雄","longitude":101.545574,"latitude":25.036416,"wikidata_id":"Q1090087","source_adm0_a3":"CHN","source_adm1_name":"Yunnan","source_feature_class":"Populated place","source_scalerank":8,"source_pop_max":254370,"source_id":"ne-ne_10m_populated_places"},"geometry":{"type":"Point","coordinates":[101.545574,25.036416]}},{"type":"Feature","properties":{"ne_id":1159130179,"name":"Hengshui","name_zh":"衡水","longitude":115.700007,"latitude":37.719983,"wikidata_id":"Q58724","source_adm0_a3":"CHN","source_adm1_name":"Hebei","source_feature_class":"Populated place","source_scalerank":8,"source_pop_max":456356,"source_id":"ne-ne_10m_populated_places"},"geometry":{"type":"Point","coordinates":[115.700007,37.719983]}},{"type":"Feature","properties":{"ne_id":1159130183,"name":"Xuanhua","name_zh":"宣化","longitude":115.024338,"latitude":40.594407,"wikidata_id":null,"source_adm0_a3":"CHN","source_adm1_name":"Hebei","source_feature_class":"Populated place","source_scalerank":8,"source_pop_max":409745,"source_id":"ne-ne_10m_populated_places"},"geometry":{"type":"Point","coordinates":[115.024338,40.594407]}},{"type":"Feature","properties":{"ne_id":1159130189,"name":"Luohe","name_zh":"漯河","longitude":114.02998,"latitude":33.570004,"wikidata_id":"Q404599","source_adm0_a3":"CHN","source_adm1_name":"Henan","source_feature_class":"Populated place","source_scalerank":8,"source_pop_max":417356,"source_id":"ne-ne_10m_populated_places"},"geometry":{"type":"Point","coordinates":[114.02998,33.570004]}},{"type":"Feature","properties":{"ne_id":1159130193,"name":"Beipiao","name_zh":"北票","longitude":120.760008,"latitude":41.810018,"wikidata_id":"Q814826","source_adm0_a3":"CHN","source_adm1_name":"Liaoning","source_feature_class":"Populated place","source_scalerank":8,"source_pop_max":228515,"source_id":"ne-ne_10m_populated_places"},"geometry":{"type":"Point","coordinates":[120.760008,41.810018]}},{"type":"Feature","properties":{"ne_id":1159130199,"name":"Wafangdian","name_zh":"瓦房店","longitude":121.995954,"latitude":39.625913,"wikidata_id":"Q616048","source_adm0_a3":"CHN","source_adm1_name":"Liaoning","source_feature_class":"Populated place","source_scalerank":8,"source_pop_max":355844,"source_id":"ne-ne_10m_populated_places"},"geometry":{"type":"Point","coordinates":[121.995954,39.625913]}},{"type":"Feature","properties":{"ne_id":1159130203,"name":"Zhucheng","name_zh":"诸城","longitude":119.380093,"latitude":35.989959,"wikidata_id":"Q198184","source_adm0_a3":"CHN","source_adm1_name":"Shandong","source_feature_class":"Populated place","source_scalerank":8,"source_pop_max":1060000,"source_id":"ne-ne_10m_populated_places"},"geometry":{"type":"Point","coordinates":[119.380093,35.989959]}},{"type":"Feature","properties":{"ne_id":1159130209,"name":"Hangu","name_zh":"路南区","longitude":117.776986,"latitude":39.231958,"wikidata_id":"Q1196666","source_adm0_a3":"CHN","source_adm1_name":"Tianjin","source_feature_class":"Populated place","source_scalerank":8,"source_pop_max":332793,"source_id":"ne-ne_10m_populated_places"},"geometry":{"type":"Point","coordinates":[117.776986,39.231958]}},{"type":"Feature","properties":{"ne_id":1159130213,"name":"Xinyi","name_zh":"新沂","longitude":118.350026,"latitude":34.380006,"wikidata_id":"Q1344902","source_adm0_a3":"CHN","source_adm1_name":"Jiangsu","source_feature_class":"Populated place","source_scalerank":8,"source_pop_max":962656,"source_id":"ne-ne_10m_populated_places"},"geometry":{"type":"Point","coordinates":[118.350026,34.380006]}},{"type":"Feature","properties":{"ne_id":1159130217,"name":"Yangzhou","name_zh":"扬州","longitude":119.430012,"latitude":32.399998,"wikidata_id":"Q57906","source_adm0_a3":"CHN","source_adm1_name":"Jiangsu","source_feature_class":"Populated place","source_scalerank":8,"source_pop_max":539715,"source_id":"ne-ne_10m_populated_places"},"geometry":{"type":"Point","coordinates":[119.430012,32.399998]}},{"type":"Feature","properties":{"ne_id":1159130221,"name":"Linhai","name_zh":"临海","longitude":121.119986,"latitude":28.850008,"wikidata_id":"Q713317","source_adm0_a3":"CHN","source_adm1_name":"Zhejiang","source_feature_class":"Populated place","source_scalerank":8,"source_pop_max":251759,"source_id":"ne-ne_10m_populated_places"},"geometry":{"type":"Point","coordinates":[121.119986,28.850008]}},{"type":"Feature","properties":{"ne_id":1159130227,"name":"Huangyan","name_zh":"黄岩区","longitude":121.250004,"latitude":28.65002,"wikidata_id":"Q1027910","source_adm0_a3":"CHN","source_adm1_name":"Zhejiang","source_feature_class":"Populated place","source_scalerank":8,"source_pop_max":198713,"source_id":"ne-ne_10m_populated_places"},"geometry":{"type":"Point","coordinates":[121.250004,28.65002]}},{"type":"Feature","properties":{"ne_id":1159130237,"name":"Daan","name_zh":"大安","longitude":124.299999,"latitude":45.499999,"wikidata_id":"Q1021732","source_adm0_a3":"CHN","source_adm1_name":"Jilin","source_feature_class":"Populated place","source_scalerank":8,"source_pop_max":93297,"source_id":"ne-ne_10m_populated_places"},"geometry":{"type":"Point","coordinates":[124.299999,45.499999]}},{"type":"Feature","properties":{"ne_id":1159130243,"name":"Changling","name_zh":"长岭县","longitude":123.989992,"latitude":44.269997,"wikidata_id":"Q1062078","source_adm0_a3":"CHN","source_adm1_name":"Jilin","source_feature_class":"Populated place","source_scalerank":8,"source_pop_max":55841,"source_id":"ne-ne_10m_populated_places"},"geometry":{"type":"Point","coordinates":[123.989992,44.269997]}},{"type":"Feature","properties":{"ne_id":1159130247,"name":"Tonghua","name_zh":"通化","longitude":125.749988,"latitude":41.679974,"wikidata_id":"Q92324","source_adm0_a3":"CHN","source_adm1_name":"Jilin","source_feature_class":"Populated place","source_scalerank":8,"source_pop_max":27227,"source_id":"ne-ne_10m_populated_places"},"geometry":{"type":"Point","coordinates":[125.749988,41.679974]}},{"type":"Feature","properties":{"ne_id":1159130253,"name":"Baishan","name_zh":"白山","longitude":126.429998,"latitude":41.900012,"wikidata_id":"Q92348","source_adm0_a3":"CHN","source_adm1_name":"Jilin","source_feature_class":"Populated place","source_scalerank":8,"source_pop_max":330000,"source_id":"ne-ne_10m_populated_places"},"geometry":{"type":"Point","coordinates":[126.429998,41.900012]}},{"type":"Feature","properties":{"ne_id":1159130257,"name":"Yanji","name_zh":"延吉","longitude":129.512756,"latitude":42.882304,"wikidata_id":"Q713362","source_adm0_a3":"CHN","source_adm1_name":"Jilin","source_feature_class":"Populated place","source_scalerank":8,"source_pop_max":488740,"source_id":"ne-ne_10m_populated_places"},"geometry":{"type":"Point","coordinates":[129.512756,42.882304]}},{"type":"Feature","properties":{"ne_id":1159130275,"name":"Genhe","name_zh":"根河","longitude":121.516655,"latitude":50.78332,"wikidata_id":"Q1354108","source_adm0_a3":"CHN","source_adm1_name":"Nei Mongol","source_feature_class":"Populated place","source_scalerank":8,"source_pop_max":42849,"source_id":"ne-ne_10m_populated_places"},"geometry":{"type":"Point","coordinates":[121.516655,50.78332]}},{"type":"Feature","properties":{"ne_id":1159130281,"name":"Shangdu","name_zh":"商都县","longitude":113.533886,"latitude":41.549439,"wikidata_id":"Q1305772","source_adm0_a3":"CHN","source_adm1_name":"Nei Mongol","source_feature_class":"Populated place","source_scalerank":8,"source_pop_max":18831,"source_id":"ne-ne_10m_populated_places"},"geometry":{"type":"Point","coordinates":[113.533886,41.549439]}},{"type":"Feature","properties":{"ne_id":1159130285,"name":"Orongen Zizhiqi","name_zh":"阿里河镇","longitude":123.716676,"latitude":50.566667,"wikidata_id":"Q14230874","source_adm0_a3":"CHN","source_adm1_name":"Nei Mongol","source_feature_class":"Populated place","source_scalerank":8,"source_pop_max":40128,"source_id":"ne-ne_10m_populated_places"},"geometry":{"type":"Point","coordinates":[123.716676,50.566667]}},{"type":"Feature","properties":{"ne_id":1159130289,"name":"Zalantun","name_zh":"扎兰屯","longitude":122.719992,"latitude":48.000002,"wikidata_id":"Q145015","source_adm0_a3":"CHN","source_adm1_name":"Nei Mongol","source_feature_class":"Populated place","source_scalerank":8,"source_pop_max":138032,"source_id":"ne-ne_10m_populated_places"},"geometry":{"type":"Point","coordinates":[122.719992,48.000002]}},{"type":"Feature","properties":{"ne_id":1159130293,"name":"Wuchuan","name_zh":"吴川","longitude":111.440836,"latitude":41.095514,"wikidata_id":null,"source_adm0_a3":"CHN","source_adm1_name":"Nei Mongol","source_feature_class":"Populated place","source_scalerank":8,"source_pop_max":23776,"source_id":"ne-ne_10m_populated_places"},"geometry":{"type":"Point","coordinates":[111.440836,41.095514]}},{"type":"Feature","properties":{"ne_id":1159130301,"name":"Hanggin Houqi","name_zh":"杭锦后旗","longitude":107.140013,"latitude":40.8847,"wikidata_id":"Q1202314","source_adm0_a3":"CHN","source_adm1_name":"Nei Mongol","source_feature_class":"Populated place","source_scalerank":8,"source_pop_max":39954,"source_id":"ne-ne_10m_populated_places"},"geometry":{"type":"Point","coordinates":[107.140013,40.8847]}},{"type":"Feature","properties":{"ne_id":1159130303,"name":"Anda","name_zh":"安达","longitude":125.32004,"latitude":46.399996,"wikidata_id":"Q489631","source_adm0_a3":"CHN","source_adm1_name":"Heilongjiang","source_feature_class":"Populated place","source_scalerank":8,"source_pop_max":181533,"source_id":"ne-ne_10m_populated_places"},"geometry":{"type":"Point","coordinates":[125.32004,46.399996]}},{"type":"Feature","properties":{"ne_id":1159130307,"name":"Qinggang","name_zh":"青冈镇","longitude":126.100044,"latitude":46.69003,"wikidata_id":"Q8836938","source_adm0_a3":"CHN","source_adm1_name":"Heilongjiang","source_feature_class":"Populated place","source_scalerank":8,"source_pop_max":64182,"source_id":"ne-ne_10m_populated_places"},"geometry":{"type":"Point","coordinates":[126.100044,46.69003]}},{"type":"Feature","properties":{"ne_id":1159130315,"name":"Angangxi","name_zh":"昂昂溪区","longitude":123.80003,"latitude":47.160053,"wikidata_id":null,"source_adm0_a3":"CHN","source_adm1_name":"Heilongjiang","source_feature_class":"Populated place","source_scalerank":8,"source_pop_max":24317,"source_id":"ne-ne_10m_populated_places"},"geometry":{"type":"Point","coordinates":[123.80003,47.160053]}},{"type":"Feature","properties":{"ne_id":1159130319,"name":"Hulan Ergi","name_zh":"富拉尔基区","longitude":123.610015,"latitude":47.209972,"wikidata_id":"Q34761","source_adm0_a3":"CHN","source_adm1_name":"Heilongjiang","source_feature_class":"Populated place","source_scalerank":8,"source_pop_max":289999,"source_id":"ne-ne_10m_populated_places"},"geometry":{"type":"Point","coordinates":[123.610015,47.209972]}},{"type":"Feature","properties":{"ne_id":1159130323,"name":"Qingan","name_zh":"庆安县","longitude":127.511844,"latitude":46.871854,"wikidata_id":null,"source_adm0_a3":"CHN","source_adm1_name":"Heilongjiang","source_feature_class":"Populated place","source_scalerank":8,"source_pop_max":53206,"source_id":"ne-ne_10m_populated_places"},"geometry":{"type":"Point","coordinates":[127.511844,46.871854]}},{"type":"Feature","properties":{"ne_id":1159130327,"name":"Baiquan","name_zh":"拜泉县","longitude":126.081854,"latitude":47.601835,"wikidata_id":"Q649215","source_adm0_a3":"CHN","source_adm1_name":"Heilongjiang","source_feature_class":"Populated place","source_scalerank":8,"source_pop_max":70472,"source_id":"ne-ne_10m_populated_places"},"geometry":{"type":"Point","coordinates":[126.081854,47.601835]}},{"type":"Feature","properties":{"ne_id":1159130333,"name":"Suileng","name_zh":"绥棱镇","longitude":127.105978,"latitude":47.245991,"wikidata_id":"Q13992688","source_adm0_a3":"CHN","source_adm1_name":"Heilongjiang","source_feature_class":"Populated place","source_scalerank":8,"source_pop_max":57789,"source_id":"ne-ne_10m_populated_places"},"geometry":{"type":"Point","coordinates":[127.105978,47.245991]}},{"type":"Feature","properties":{"ne_id":1159130337,"name":"Linkou","name_zh":"林口","longitude":130.251884,"latitude":45.281899,"wikidata_id":null,"source_adm0_a3":"CHN","source_adm1_name":"Heilongjiang","source_feature_class":"Populated place","source_scalerank":8,"source_pop_max":77754,"source_id":"ne-ne_10m_populated_places"},"geometry":{"type":"Point","coordinates":[130.251884,45.281899]}},{"type":"Feature","properties":{"ne_id":1159132385,"name":"Douliou","name_zh":"斗六","longitude":120.543889,"latitude":23.7075,"wikidata_id":"Q669566","source_adm0_a3":"TWN","source_adm1_name":"Yunlin","source_feature_class":"Admin-1 capital","source_scalerank":8,"source_pop_max":106653,"source_id":"ne-ne_10m_populated_places"},"geometry":{"type":"Point","coordinates":[120.543889,23.7075]}},{"type":"Feature","properties":{"ne_id":1159132389,"name":"Zhongli","name_zh":"中坜区","longitude":121.216776,"latitude":24.965025,"wikidata_id":"Q172146","source_adm0_a3":"TWN","source_adm1_name":"Taoyuan","source_feature_class":"Populated place","source_scalerank":7,"source_pop_max":1632616,"source_id":"ne-ne_10m_populated_places"},"geometry":{"type":"Point","coordinates":[121.216776,24.965025]}},{"type":"Feature","properties":{"ne_id":1159132393,"name":"Keelung","name_zh":"基隆","longitude":121.733282,"latitude":25.133258,"wikidata_id":"Q249996","source_adm0_a3":"TWN","source_adm1_name":"Keelung City","source_feature_class":"Admin-1 capital","source_scalerank":7,"source_pop_max":500000,"source_id":"ne-ne_10m_populated_places"},"geometry":{"type":"Point","coordinates":[121.733282,25.133258]}},{"type":"Feature","properties":{"ne_id":1159132397,"name":"Nantou","name_zh":"南投","longitude":120.683333,"latitude":23.916667,"wikidata_id":"Q715171","source_adm0_a3":"TWN","source_adm1_name":"Nantou","source_feature_class":"Admin-1 capital","source_scalerank":8,"source_pop_max":165000,"source_id":"ne-ne_10m_populated_places"},"geometry":{"type":"Point","coordinates":[120.683333,23.916667]}},{"type":"Feature","properties":{"ne_id":1159132403,"name":"Puzi","name_zh":"朴子","longitude":120.241944,"latitude":23.461111,"wikidata_id":"Q706520","source_adm0_a3":"TWN","source_adm1_name":"Chiayi","source_feature_class":"Populated place","source_scalerank":8,"source_pop_max":50000,"source_id":"ne-ne_10m_populated_places"},"geometry":{"type":"Point","coordinates":[120.241944,23.461111]}},{"type":"Feature","properties":{"ne_id":1159139611,"name":"Longxi","name_zh":"陇西","longitude":104.671479,"latitude":35.002721,"wikidata_id":null,"source_adm0_a3":"CHN","source_adm1_name":"Gansu","source_feature_class":"Populated place","source_scalerank":7,"source_pop_max":355037,"source_id":"ne-ne_10m_populated_places"},"geometry":{"type":"Point","coordinates":[104.671479,35.002721]}},{"type":"Feature","properties":{"ne_id":1159139615,"name":"Pingliang","name_zh":"平凉","longitude":106.680093,"latitude":35.530375,"wikidata_id":"Q533985","source_adm0_a3":"CHN","source_adm1_name":"Gansu","source_feature_class":"Populated place","source_scalerank":7,"source_pop_max":207256,"source_id":"ne-ne_10m_populated_places"},"geometry":{"type":"Point","coordinates":[106.680093,35.530375]}},{"type":"Feature","properties":{"ne_id":1159139621,"name":"Anxi","name_zh":"安溪","longitude":95.799982,"latitude":40.500434,"wikidata_id":"Q4778099","source_adm0_a3":"CHN","source_adm1_name":"Gansu","source_feature_class":"Populated place","source_scalerank":7,"source_pop_max":17886,"source_id":"ne-ne_10m_populated_places"},"geometry":{"type":"Point","coordinates":[95.799982,40.500434]}},{"type":"Feature","properties":{"ne_id":1159139625,"name":"Minxian","name_zh":"岷县","longitude":104.03059,"latitude":34.436178,"wikidata_id":null,"source_adm0_a3":"CHN","source_adm1_name":"Gansu","source_feature_class":"Populated place","source_scalerank":7,"source_pop_max":67826,"source_id":"ne-ne_10m_populated_places"},"geometry":{"type":"Point","coordinates":[104.03059,34.436178]}},{"type":"Feature","properties":{"ne_id":1159139629,"name":"Jinchang","name_zh":"金昌","longitude":102.173908,"latitude":38.495698,"wikidata_id":"Q532776","source_adm0_a3":"CHN","source_adm1_name":"Gansu","source_feature_class":"Populated place","source_scalerank":7,"source_pop_max":144363,"source_id":"ne-ne_10m_populated_places"},"geometry":{"type":"Point","coordinates":[102.173908,38.495698]}},{"type":"Feature","properties":{"ne_id":1159139633,"name":"Guide","name_zh":"贵德","longitude":101.424186,"latitude":36.045098,"wikidata_id":null,"source_adm0_a3":"CHN","source_adm1_name":"Gansu","source_feature_class":"Populated place","source_scalerank":7,"source_pop_max":7642,"source_id":"ne-ne_10m_populated_places"},"geometry":{"type":"Point","coordinates":[101.424186,36.045098]}},{"type":"Feature","properties":{"ne_id":1159139639,"name":"Qinzhou","name_zh":"钦州","longitude":108.619974,"latitude":21.950429,"wikidata_id":"Q571766","source_adm0_a3":"CHN","source_adm1_name":"Guangxi","source_feature_class":"Populated place","source_scalerank":7,"source_pop_max":245376,"source_id":"ne-ne_10m_populated_places"},"geometry":{"type":"Point","coordinates":[108.619974,21.950429]}},{"type":"Feature","properties":{"ne_id":1159139643,"name":"Pingxiang","name_zh":"凭祥","longitude":106.756677,"latitude":22.097371,"wikidata_id":"Q1027734","source_adm0_a3":"CHN","source_adm1_name":"Guangxi","source_feature_class":"Populated place","source_scalerank":7,"source_pop_max":31109,"source_id":"ne-ne_10m_populated_places"},"geometry":{"type":"Point","coordinates":[106.756677,22.097371]}},{"type":"Feature","properties":{"ne_id":1159139647,"name":"Yishan","name_zh":"峄山镇","longitude":108.66669,"latitude":24.500377,"wikidata_id":null,"source_adm0_a3":"CHN","source_adm1_name":"Guangxi","source_feature_class":"Populated place","source_scalerank":7,"source_pop_max":47062,"source_id":"ne-ne_10m_populated_places"},"geometry":{"type":"Point","coordinates":[108.66669,24.500377]}},{"type":"Feature","properties":{"ne_id":1159139651,"name":"Beihai","name_zh":"北海","longitude":109.100048,"latitude":21.480406,"wikidata_id":"Q210365","source_adm0_a3":"CHN","source_adm1_name":"Guangxi","source_feature_class":"Populated place","source_scalerank":7,"source_pop_max":728978,"source_id":"ne-ne_10m_populated_places"},"geometry":{"type":"Point","coordinates":[109.100048,21.480406]}},{"type":"Feature","properties":{"ne_id":1159139657,"name":"Hechi","name_zh":"河池","longitude":108.083,"latitude":24.695252,"wikidata_id":"Q572089","source_adm0_a3":"CHN","source_adm1_name":"Guangxi","source_feature_class":"Populated place","source_scalerank":7,"source_pop_max":3830000,"source_id":"ne-ne_10m_populated_places"},"geometry":{"type":"Point","coordinates":[108.083,24.695252]}},{"type":"Feature","properties":{"ne_id":1159139661,"name":"Tongren","name_zh":"铜仁","longitude":109.130021,"latitude":27.680415,"wikidata_id":"Q486235","source_adm0_a3":"CHN","source_adm1_name":"Guizhou","source_feature_class":"Populated place","source_scalerank":7,"source_pop_max":118290,"source_id":"ne-ne_10m_populated_places"},"geometry":{"type":"Point","coordinates":[109.130021,27.680415]}},{"type":"Feature","properties":{"ne_id":1159139667,"name":"Fengjie","name_zh":"奉节","longitude":109.516664,"latitude":31.050442,"wikidata_id":null,"source_adm0_a3":"CHN","source_adm1_name":"Chongqing","source_feature_class":"Populated place","source_scalerank":7,"source_pop_max":49168,"source_id":"ne-ne_10m_populated_places"},"geometry":{"type":"Point","coordinates":[109.516664,31.050442]}},{"type":"Feature","properties":{"ne_id":1159139669,"name":"Changping","name_zh":"常平镇","longitude":116.194396,"latitude":40.224766,"wikidata_id":null,"source_adm0_a3":"CHN","source_adm1_name":"Beijing","source_feature_class":"Populated place","source_scalerank":7,"source_pop_max":614821,"source_id":"ne-ne_10m_populated_places"},"geometry":{"type":"Point","coordinates":[116.194396,40.224766]}},{"type":"Feature","properties":{"ne_id":1159139675,"name":"Shaowu","name_zh":"邵武","longitude":117.500001,"latitude":27.300387,"wikidata_id":"Q1025451","source_adm0_a3":"CHN","source_adm1_name":"Fujian","source_feature_class":"Populated place","source_scalerank":7,"source_pop_max":112585,"source_id":"ne-ne_10m_populated_places"},"geometry":{"type":"Point","coordinates":[117.500001,27.300387]}},{"type":"Feature","properties":{"ne_id":1159139679,"name":"Longyan","name_zh":"龙岩","longitude":116.995048,"latitude":25.073515,"wikidata_id":"Q68862","source_adm0_a3":"CHN","source_adm1_name":"Fujian","source_feature_class":"Populated place","source_scalerank":7,"source_pop_max":367896,"source_id":"ne-ne_10m_populated_places"},"geometry":{"type":"Point","coordinates":[116.995048,25.073515]}},{"type":"Feature","properties":{"ne_id":1159139683,"name":"Zhangzhou","name_zh":"漳州","longitude":117.670016,"latitude":24.520375,"wikidata_id":"Q68814","source_adm0_a3":"CHN","source_adm1_name":"Fujian","source_feature_class":"Populated place","source_scalerank":7,"source_pop_max":3531147,"source_id":"ne-ne_10m_populated_places"},"geometry":{"type":"Point","coordinates":[117.670016,24.520375]}},{"type":"Feature","properties":{"ne_id":1159139687,"name":"Putian","name_zh":"莆田","longitude":119.020011,"latitude":25.430346,"wikidata_id":"Q68579","source_adm0_a3":"CHN","source_adm1_name":"Fujian","source_feature_class":"Populated place","source_scalerank":7,"source_pop_max":376558,"source_id":"ne-ne_10m_populated_places"},"geometry":{"type":"Point","coordinates":[119.020011,25.430346]}},{"type":"Feature","properties":{"ne_id":1159139693,"name":"Fuan","name_zh":"福安","longitude":119.620026,"latitude":27.070426,"wikidata_id":"Q1374581","source_adm0_a3":"CHN","source_adm1_name":"Fujian","source_feature_class":"Populated place","source_scalerank":7,"source_pop_max":92470,"source_id":"ne-ne_10m_populated_places"},"geometry":{"type":"Point","coordinates":[119.620026,27.070426]}},{"type":"Feature","properties":{"ne_id":1159139697,"name":"Changting","name_zh":"长汀县","longitude":116.316662,"latitude":25.866986,"wikidata_id":null,"source_adm0_a3":"CHN","source_adm1_name":"Fujian","source_feature_class":"Populated place","source_scalerank":7,"source_pop_max":87458,"source_id":"ne-ne_10m_populated_places"},"geometry":{"type":"Point","coordinates":[116.316662,25.866986]}},{"type":"Feature","properties":{"ne_id":1159139701,"name":"Nanping","name_zh":"南平","longitude":118.169986,"latitude":26.630376,"wikidata_id":"Q68534","source_adm0_a3":"CHN","source_adm1_name":"Fujian","source_feature_class":"Populated place","source_scalerank":7,"source_pop_max":213054,"source_id":"ne-ne_10m_populated_places"},"geometry":{"type":"Point","coordinates":[118.169986,26.630376]}},{"type":"Feature","properties":{"ne_id":1159139707,"name":"Ninde","name_zh":"蕉城区","longitude":119.530058,"latitude":26.680373,"wikidata_id":"Q1337912","source_adm0_a3":"CHN","source_adm1_name":"Fujian","source_feature_class":"Populated place","source_scalerank":7,"source_pop_max":314077,"source_id":"ne-ne_10m_populated_places"},"geometry":{"type":"Point","coordinates":[119.530058,26.680373]}},{"type":"Feature","properties":{"ne_id":1159139713,"name":"Jieshou","name_zh":"界首","longitude":115.350003,"latitude":33.250437,"wikidata_id":"Q1018527","source_adm0_a3":"CHN","source_adm1_name":"Anhui","source_feature_class":"Populated place","source_scalerank":7,"source_pop_max":141993,"source_id":"ne-ne_10m_populated_places"},"geometry":{"type":"Point","coordinates":[115.350003,33.250437]}},{"type":"Feature","properties":{"ne_id":1159139717,"name":"Tongling","name_zh":"铜陵","longitude":117.780035,"latitude":30.950448,"wikidata_id":"Q360326","source_adm0_a3":"CHN","source_adm1_name":"Anhui","source_feature_class":"Populated place","source_scalerank":7,"source_pop_max":562832,"source_id":"ne-ne_10m_populated_places"},"geometry":{"type":"Point","coordinates":[117.780035,30.950448]}},{"type":"Feature","properties":{"ne_id":1159139721,"name":"Maanshan","name_zh":"马鞍山","longitude":118.485148,"latitude":31.672564,"wikidata_id":"Q360235","source_adm0_a3":"CHN","source_adm1_name":"Anhui","source_feature_class":"Populated place","source_scalerank":7,"source_pop_max":1366302,"source_id":"ne-ne_10m_populated_places"},"geometry":{"type":"Point","coordinates":[118.485148,31.672564]}},{"type":"Feature","properties":{"ne_id":1159139725,"name":"Fuyang","name_zh":"阜阳","longitude":115.82,"latitude":32.900407,"wikidata_id":"Q360584","source_adm0_a3":"CHN","source_adm1_name":"Anhui","source_feature_class":"Populated place","source_scalerank":7,"source_pop_max":170023,"source_id":"ne-ne_10m_populated_places"},"geometry":{"type":"Point","coordinates":[115.82,32.900407]}},{"type":"Feature","properties":{"ne_id":1159139731,"name":"Yangjiang","name_zh":"阳江","longitude":111.970002,"latitude":21.850409,"wikidata_id":"Q59209","source_adm0_a3":"CHN","source_adm1_name":"Guangdong","source_feature_class":"Populated place","source_scalerank":7,"source_pop_max":872363,"source_id":"ne-ne_10m_populated_places"},"geometry":{"type":"Point","coordinates":[111.970002,21.850409]}},{"type":"Feature","properties":{"ne_id":1159139735,"name":"Meizhou","name_zh":"梅州","longitude":116.119982,"latitude":24.300492,"wikidata_id":"Q59184","source_adm0_a3":"CHN","source_adm1_name":"Guangdong","source_feature_class":"Populated place","source_scalerank":7,"source_pop_max":414930,"source_id":"ne-ne_10m_populated_places"},"geometry":{"type":"Point","coordinates":[116.119982,24.300492]}},{"type":"Feature","properties":{"ne_id":1159139739,"name":"Heyuan","name_zh":"河源","longitude":114.680018,"latitude":23.730424,"wikidata_id":"Q59205","source_adm0_a3":"CHN","source_adm1_name":"Guangdong","source_feature_class":"Populated place","source_scalerank":7,"source_pop_max":330961,"source_id":"ne-ne_10m_populated_places"},"geometry":{"type":"Point","coordinates":[114.680018,23.730424]}},{"type":"Feature","properties":{"ne_id":1159139743,"name":"Qingyuan","name_zh":"清远","longitude":113.030093,"latitude":23.7004,"wikidata_id":"Q59213","source_adm0_a3":"CHN","source_adm1_name":"Guangdong","source_feature_class":"Populated place","source_scalerank":7,"source_pop_max":706717,"source_id":"ne-ne_10m_populated_places"},"geometry":{"type":"Point","coordinates":[113.030093,23.7004]}},{"type":"Feature","properties":{"ne_id":1159139749,"name":"Zhaoqing","name_zh":"肇庆","longitude":112.450025,"latitude":23.050413,"wikidata_id":"Q59164","source_adm0_a3":"CHN","source_adm1_name":"Guangdong","source_feature_class":"Populated place","source_scalerank":7,"source_pop_max":480000,"source_id":"ne-ne_10m_populated_places"},"geometry":{"type":"Point","coordinates":[112.450025,23.050413]}},{"type":"Feature","properties":{"ne_id":1159139753,"name":"Lianxian","name_zh":"连州","longitude":112.382535,"latitude":24.781522,"wikidata_id":"Q1023910","source_adm0_a3":"CHN","source_adm1_name":"Guangdong","source_feature_class":"Populated place","source_scalerank":7,"source_pop_max":203639,"source_id":"ne-ne_10m_populated_places"},"geometry":{"type":"Point","coordinates":[112.382535,24.781522]}},{"type":"Feature","properties":{"ne_id":1159139757,"name":"Jiangmen","name_zh":"江门","longitude":113.080012,"latitude":22.58039,"wikidata_id":"Q59132","source_adm0_a3":"CHN","source_adm1_name":"Guangdong","source_feature_class":"Populated place","source_scalerank":7,"source_pop_max":532419,"source_id":"ne-ne_10m_populated_places"},"geometry":{"type":"Point","coordinates":[113.080012,22.58039]}},{"type":"Feature","properties":{"ne_id":1159139761,"name":"Maoming","name_zh":"茂名","longitude":110.870018,"latitude":21.920405,"wikidata_id":"Q38927","source_adm0_a3":"CHN","source_adm1_name":"Guangdong","source_feature_class":"Populated place","source_scalerank":7,"source_pop_max":1217715,"source_id":"ne-ne_10m_populated_places"},"geometry":{"type":"Point","coordinates":[110.870018,21.920405]}},{"type":"Feature","properties":{"ne_id":1159140703,"name":"Gar","name_zh":"噶尔县","longitude":79.983324,"latitude":32.200398,"wikidata_id":null,"source_adm0_a3":"CHN","source_adm1_name":"Xizang","source_feature_class":"Populated place","source_scalerank":7,"source_pop_max":10000,"source_id":"ne-ne_10m_populated_places"},"geometry":{"type":"Point","coordinates":[79.983324,32.200398]}},{"type":"Feature","properties":{"ne_id":1159140707,"name":"Turpan","name_zh":"吐鲁番","longitude":89.165038,"latitude":42.935375,"wikidata_id":"Q868527","source_adm0_a3":"CHN","source_adm1_name":"Xinjiang Uygur","source_feature_class":"Populated place","source_scalerank":7,"source_pop_max":651853,"source_id":"ne-ne_10m_populated_places"},"geometry":{"type":"Point","coordinates":[89.165038,42.935375]}},{"type":"Feature","properties":{"ne_id":1159140711,"name":"Quiemo","name_zh":"且末镇","longitude":85.533321,"latitude":38.133756,"wikidata_id":"Q3360588","source_adm0_a3":"CHN","source_adm1_name":"Xinjiang Uygur","source_feature_class":"Populated place","source_scalerank":7,"source_pop_max":65572,"source_id":"ne-ne_10m_populated_places"},"geometry":{"type":"Point","coordinates":[85.533321,38.133756]}},{"type":"Feature","properties":{"ne_id":1159140715,"name":"Koktokay","name_zh":"可可托海镇","longitude":89.530218,"latitude":46.991123,"wikidata_id":"Q1525001","source_adm0_a3":"CHN","source_adm1_name":"Xinjiang Uygur","source_feature_class":"Populated place","source_scalerank":7,"source_pop_max":80000,"source_id":"ne-ne_10m_populated_places"},"geometry":{"type":"Point","coordinates":[89.530218,46.991123]}},{"type":"Feature","properties":{"ne_id":1159140729,"name":"Hancheng","name_zh":"韩城","longitude":110.429993,"latitude":35.47043,"wikidata_id":"Q577415","source_adm0_a3":"CHN","source_adm1_name":"Shaanxi","source_feature_class":"Populated place","source_scalerank":7,"source_pop_max":222135,"source_id":"ne-ne_10m_populated_places"},"geometry":{"type":"Point","coordinates":[110.429993,35.47043]}},{"type":"Feature","properties":{"ne_id":1159140733,"name":"Weinan","name_zh":"渭南","longitude":109.500076,"latitude":34.500438,"wikidata_id":"Q126995","source_adm0_a3":"CHN","source_adm1_name":"Shaanxi","source_feature_class":"Populated place","source_scalerank":7,"source_pop_max":172321,"source_id":"ne-ne_10m_populated_places"},"geometry":{"type":"Point","coordinates":[109.500076,34.500438]}},{"type":"Feature","properties":{"ne_id":1159140741,"name":"Shuozhou","name_zh":"朔州","longitude":112.420001,"latitude":39.300378,"wikidata_id":"Q73020","source_adm0_a3":"CHN","source_adm1_name":"Shanxi","source_feature_class":"Populated place","source_scalerank":7,"source_pop_max":570000,"source_id":"ne-ne_10m_populated_places"},"geometry":{"type":"Point","coordinates":[112.420001,39.300378]}},{"type":"Feature","properties":{"ne_id":1159140743,"name":"Xinzhou","name_zh":"忻州","longitude":112.719983,"latitude":38.410432,"wikidata_id":"Q73119","source_adm0_a3":"CHN","source_adm1_name":"Shanxi","source_feature_class":"Populated place","source_scalerank":7,"source_pop_max":279607,"source_id":"ne-ne_10m_populated_places"},"geometry":{"type":"Point","coordinates":[112.719983,38.410432]}},{"type":"Feature","properties":{"ne_id":1159140747,"name":"Jincheng","name_zh":"晋城","longitude":112.830002,"latitude":35.500377,"wikidata_id":"Q72990","source_adm0_a3":"CHN","source_adm1_name":"Shanxi","source_feature_class":"Populated place","source_scalerank":7,"source_pop_max":760000,"source_id":"ne-ne_10m_populated_places"},"geometry":{"type":"Point","coordinates":[112.830002,35.500377]}},{"type":"Feature","properties":{"ne_id":1159140751,"name":"Jiexiu","name_zh":"介休","longitude":111.899981,"latitude":37.040025,"wikidata_id":"Q1362530","source_adm0_a3":"CHN","source_adm1_name":"Shanxi","source_feature_class":"Populated place","source_scalerank":7,"source_pop_max":77178,"source_id":"ne-ne_10m_populated_places"},"geometry":{"type":"Point","coordinates":[111.899981,37.040025]}},{"type":"Feature","properties":{"ne_id":1159140757,"name":"Changzhi","name_zh":"长治","longitude":113.105282,"latitude":36.183875,"wikidata_id":"Q72945","source_adm0_a3":"CHN","source_adm1_name":"Shanxi","source_feature_class":"Populated place","source_scalerank":7,"source_pop_max":706000,"source_id":"ne-ne_10m_populated_places"},"geometry":{"type":"Point","coordinates":[113.105282,36.183875]}},{"type":"Feature","properties":{"ne_id":1159140761,"name":"Guangshui","name_zh":"广水","longitude":114.000008,"latitude":31.620381,"wikidata_id":"Q930230","source_adm0_a3":"CHN","source_adm1_name":"Hubei","source_feature_class":"Populated place","source_scalerank":7,"source_pop_max":154771,"source_id":"ne-ne_10m_populated_places"},"geometry":{"type":"Point","coordinates":[114.000008,31.620381]}},{"type":"Feature","properties":{"ne_id":1159140765,"name":"Jingmen","name_zh":"荆门","longitude":112.201034,"latitude":31.03141,"wikidata_id":"Q71323","source_adm0_a3":"CHN","source_adm1_name":"Hubei","source_feature_class":"Populated place","source_scalerank":7,"source_pop_max":400000,"source_id":"ne-ne_10m_populated_places"},"geometry":{"type":"Point","coordinates":[112.201034,31.03141]}},{"type":"Feature","properties":{"ne_id":1159140769,"name":"Zicheng","name_zh":"枝城镇","longitude":111.500005,"latitude":30.300436,"wikidata_id":"Q2009842","source_adm0_a3":"CHN","source_adm1_name":"Hubei","source_feature_class":"Populated place","source_scalerank":7,"source_pop_max":237042,"source_id":"ne-ne_10m_populated_places"},"geometry":{"type":"Point","coordinates":[111.500005,30.300436]}},{"type":"Feature","properties":{"ne_id":1159140775,"name":"Shishou","name_zh":"石首","longitude":112.400002,"latitude":29.700395,"wikidata_id":"Q1359319","source_adm0_a3":"CHN","source_adm1_name":"Hubei","source_feature_class":"Populated place","source_scalerank":7,"source_pop_max":231787,"source_id":"ne-ne_10m_populated_places"},"geometry":{"type":"Point","coordinates":[112.400002,29.700395]}},{"type":"Feature","properties":{"ne_id":1159140779,"name":"Xiaogan","name_zh":"孝感","longitude":113.900014,"latitude":30.920398,"wikidata_id":"Q71339","source_adm0_a3":"CHN","source_adm1_name":"Hubei","source_feature_class":"Populated place","source_scalerank":7,"source_pop_max":160437,"source_id":"ne-ne_10m_populated_places"},"geometry":{"type":"Point","coordinates":[113.900014,30.920398]}},{"type":"Feature","properties":{"ne_id":1159140783,"name":"Puqi","name_zh":"赤壁市","longitude":113.880015,"latitude":29.72042,"wikidata_id":null,"source_adm0_a3":"CHN","source_adm1_name":"Hubei","source_feature_class":"Populated place","source_scalerank":7,"source_pop_max":205164,"source_id":"ne-ne_10m_populated_places"},"geometry":{"type":"Point","coordinates":[113.880015,29.72042]}},{"type":"Feature","properties":{"ne_id":1159140787,"name":"Yunxian","name_zh":"郧县","longitude":110.813639,"latitude":32.808164,"wikidata_id":null,"source_adm0_a3":"CHN","source_adm1_name":"Hubei","source_feature_class":"Populated place","source_scalerank":7,"source_pop_max":133558,"source_id":"ne-ne_10m_populated_places"},"geometry":{"type":"Point","coordinates":[110.813639,32.808164]}},{"type":"Feature","properties":{"ne_id":1159140793,"name":"Jinshi","name_zh":"津市","longitude":111.851715,"latitude":29.632105,"wikidata_id":"Q1374715","source_adm0_a3":"CHN","source_adm1_name":"Hunan","source_feature_class":"Populated place","source_scalerank":7,"source_pop_max":274000,"source_id":"ne-ne_10m_populated_places"},"geometry":{"type":"Point","coordinates":[111.851715,29.632105]}},{"type":"Feature","properties":{"ne_id":1159140797,"name":"Chenzhou","name_zh":"郴州","longitude":113.030093,"latitude":25.800427,"wikidata_id":"Q416748","source_adm0_a3":"CHN","source_adm1_name":"Hunan","source_feature_class":"Populated place","source_scalerank":7,"source_pop_max":322997,"source_id":"ne-ne_10m_populated_places"},"geometry":{"type":"Point","coordinates":[113.030093,25.800427]}},{"type":"Feature","properties":{"ne_id":1159140801,"name":"Zhijiang","name_zh":"芷江镇","longitude":109.678049,"latitude":27.440946,"wikidata_id":"Q14297991","source_adm0_a3":"CHN","source_adm1_name":"Hunan","source_feature_class":"Populated place","source_scalerank":7,"source_pop_max":113907,"source_id":"ne-ne_10m_populated_places"},"geometry":{"type":"Point","coordinates":[109.678049,27.440946]}},{"type":"Feature","properties":{"ne_id":1159140809,"name":"Xiangtan","name_zh":"湘潭","longitude":112.900023,"latitude":27.850431,"wikidata_id":"Q215755","source_adm0_a3":"CHN","source_adm1_name":"Hunan","source_feature_class":"Populated place","source_scalerank":7,"source_pop_max":2586948,"source_id":"ne-ne_10m_populated_places"},"geometry":{"type":"Point","coordinates":[112.900023,27.850431]}},{"type":"Feature","properties":{"ne_id":1159140813,"name":"Zigong","name_zh":"自贡","longitude":104.778056,"latitude":29.401946,"wikidata_id":"Q29015","source_adm0_a3":"CHN","source_adm1_name":"Sichuan","source_feature_class":"Populated place","source_scalerank":7,"source_pop_max":1105000,"source_id":"ne-ne_10m_populated_places"},"geometry":{"type":"Point","coordinates":[104.778056,29.401946]}},{"type":"Feature","properties":{"ne_id":1159140817,"name":"Yaan","name_zh":"雅安","longitude":103.080002,"latitude":29.98043,"wikidata_id":"Q427557","source_adm0_a3":"CHN","source_adm1_name":"Sichuan","source_feature_class":"Populated place","source_scalerank":7,"source_pop_max":340000,"source_id":"ne-ne_10m_populated_places"},"geometry":{"type":"Point","coordinates":[103.080002,29.98043]}},{"type":"Feature","properties":{"ne_id":1159140821,"name":"Langzhong","name_zh":"阆中","longitude":105.965563,"latitude":31.57594,"wikidata_id":"Q1200170","source_adm0_a3":"CHN","source_adm1_name":"Sichuan","source_feature_class":"Populated place","source_scalerank":7,"source_pop_max":60542,"source_id":"ne-ne_10m_populated_places"},"geometry":{"type":"Point","coordinates":[105.965563,31.57594]}},{"type":"Feature","properties":{"ne_id":1159140827,"name":"Rongzhag","name_zh":"丹巴县","longitude":101.916663,"latitude":30.950448,"wikidata_id":null,"source_adm0_a3":"CHN","source_adm1_name":"Sichuan","source_feature_class":"Populated place","source_scalerank":7,"source_pop_max":70000,"source_id":"ne-ne_10m_populated_places"},"geometry":{"type":"Point","coordinates":[101.916663,30.950448]}},{"type":"Feature","properties":{"ne_id":1159140831,"name":"Simao","name_zh":"思茅","longitude":100.978167,"latitude":22.780688,"wikidata_id":null,"source_adm0_a3":"CHN","source_adm1_name":"Yunnan","source_feature_class":"Populated place","source_scalerank":7,"source_pop_max":162725,"source_id":"ne-ne_10m_populated_places"},"geometry":{"type":"Point","coordinates":[100.978167,22.780688]}},{"type":"Feature","properties":{"ne_id":1159140833,"name":"Wenshan","name_zh":"文山","longitude":104.249698,"latitude":23.372358,"wikidata_id":"Q1201048","source_adm0_a3":"CHN","source_adm1_name":"Yunnan","source_feature_class":"Populated place","source_scalerank":7,"source_pop_max":152388,"source_id":"ne-ne_10m_populated_places"},"geometry":{"type":"Point","coordinates":[104.249698,23.372358]}},{"type":"Feature","properties":{"ne_id":1159140837,"name":"Zhanyi","name_zh":"沾益","longitude":103.81665,"latitude":25.600465,"wikidata_id":null,"source_adm0_a3":"CHN","source_adm1_name":"Yunnan","source_feature_class":"Populated place","source_scalerank":7,"source_pop_max":652604,"source_id":"ne-ne_10m_populated_places"},"geometry":{"type":"Point","coordinates":[103.81665,25.600465]}},{"type":"Feature","properties":{"ne_id":1159140841,"name":"Huize","name_zh":"会泽","longitude":103.416674,"latitude":26.350419,"wikidata_id":null,"source_adm0_a3":"CHN","source_adm1_name":"Yunnan","source_feature_class":"Populated place","source_scalerank":7,"source_pop_max":5170,"source_id":"ne-ne_10m_populated_places"},"geometry":{"type":"Point","coordinates":[103.416674,26.350419]}},{"type":"Feature","properties":{"ne_id":1159140847,"name":"Chengde","name_zh":"承德","longitude":117.93,"latitude":40.96038,"wikidata_id":"Q58675","source_adm0_a3":"CHN","source_adm1_name":"Hebei","source_feature_class":"Populated place","source_scalerank":7,"source_pop_max":449325,"source_id":"ne-ne_10m_populated_places"},"geometry":{"type":"Point","coordinates":[117.93,40.96038]}},{"type":"Feature","properties":{"ne_id":1159140851,"name":"Cangzhou","name_zh":"沧州","longitude":116.870013,"latitude":38.320386,"wikidata_id":"Q58695","source_adm0_a3":"CHN","source_adm1_name":"Hebei","source_feature_class":"Populated place","source_scalerank":7,"source_pop_max":527681,"source_id":"ne-ne_10m_populated_places"},"geometry":{"type":"Point","coordinates":[116.870013,38.320386]}},{"type":"Feature","properties":{"ne_id":1159140855,"name":"Baoding","name_zh":"保定","longitude":115.468897,"latitude":38.85834,"wikidata_id":"Q58584","source_adm0_a3":"CHN","source_adm1_name":"Hebei","source_feature_class":"Populated place","source_scalerank":7,"source_pop_max":1107000,"source_id":"ne-ne_10m_populated_places"},"geometry":{"type":"Point","coordinates":[115.468897,38.85834]}},{"type":"Feature","properties":{"ne_id":1159140859,"name":"Huanghua","name_zh":"黄骅","longitude":117.330037,"latitude":38.370434,"wikidata_id":"Q1207090","source_adm0_a3":"CHN","source_adm1_name":"Hebei","source_feature_class":"Populated place","source_scalerank":7,"source_pop_max":120000,"source_id":"ne-ne_10m_populated_places"},"geometry":{"type":"Point","coordinates":[117.330037,38.370434]}},{"type":"Feature","properties":{"ne_id":1159140865,"name":"Dingzhou","name_zh":"定州","longitude":114.999998,"latitude":38.500427,"wikidata_id":"Q645183","source_adm0_a3":"CHN","source_adm1_name":"Hebei","source_feature_class":"Populated place","source_scalerank":7,"source_pop_max":152934,"source_id":"ne-ne_10m_populated_places"},"geometry":{"type":"Point","coordinates":[114.999998,38.500427]}},{"type":"Feature","properties":{"ne_id":1159140871,"name":"Nangong","name_zh":"南宫","longitude":115.370002,"latitude":37.370392,"wikidata_id":"Q1014384","source_adm0_a3":"CHN","source_adm1_name":"Hebei","source_feature_class":"Populated place","source_scalerank":7,"source_pop_max":82386,"source_id":"ne-ne_10m_populated_places"},"geometry":{"type":"Point","coordinates":[115.370002,37.370392]}},{"type":"Feature","properties":{"ne_id":1159140875,"name":"Linqing","name_zh":"临清","longitude":115.680008,"latitude":36.850398,"wikidata_id":"Q1207099","source_adm0_a3":"CHN","source_adm1_name":"Hebei","source_feature_class":"Populated place","source_scalerank":7,"source_pop_max":110046,"source_id":"ne-ne_10m_populated_places"},"geometry":{"type":"Point","coordinates":[115.680008,36.850398]}},{"type":"Feature","properties":{"ne_id":1159140881,"name":"Xiangtai","name_zh":"邢台","longitude":114.500029,"latitude":37.049972,"wikidata_id":"Q58576","source_adm0_a3":"CHN","source_adm1_name":"Hebei","source_feature_class":"Populated place","source_scalerank":7,"source_pop_max":611739,"source_id":"ne-ne_10m_populated_places"},"geometry":{"type":"Point","coordinates":[114.500029,37.049972]}},{"type":"Feature","properties":{"ne_id":1159140885,"name":"Puyang","name_zh":"濮阳","longitude":114.98,"latitude":35.700391,"wikidata_id":"Q404484","source_adm0_a3":"CHN","source_adm1_name":"Henan","source_feature_class":"Populated place","source_scalerank":7,"source_pop_max":666322,"source_id":"ne-ne_10m_populated_places"},"geometry":{"type":"Point","coordinates":[114.98,35.700391]}},{"type":"Feature","properties":{"ne_id":1159140889,"name":"Hebi","name_zh":"鹤壁","longitude":114.220046,"latitude":35.950375,"wikidata_id":"Q404301","source_adm0_a3":"CHN","source_adm1_name":"Henan","source_feature_class":"Populated place","source_scalerank":7,"source_pop_max":244662,"source_id":"ne-ne_10m_populated_places"},"geometry":{"type":"Point","coordinates":[114.220046,35.950375]}},{"type":"Feature","properties":{"ne_id":1159140893,"name":"Xuchang","name_zh":"许昌","longitude":113.820019,"latitude":34.02039,"wikidata_id":"Q404529","source_adm0_a3":"CHN","source_adm1_name":"Henan","source_feature_class":"Populated place","source_scalerank":7,"source_pop_max":449258,"source_id":"ne-ne_10m_populated_places"},"geometry":{"type":"Point","coordinates":[113.820019,34.02039]}},{"type":"Feature","properties":{"ne_id":1159140899,"name":"Zhoukou","name_zh":"周口","longitude":114.630047,"latitude":33.630414,"wikidata_id":"Q198061","source_adm0_a3":"CHN","source_adm1_name":"Henan","source_feature_class":"Populated place","source_scalerank":7,"source_pop_max":377061,"source_id":"ne-ne_10m_populated_places"},"geometry":{"type":"Point","coordinates":[114.630047,33.630414]}},{"type":"Feature","properties":{"ne_id":1159140903,"name":"Dengzhou","name_zh":"邓州","longitude":112.080022,"latitude":32.680368,"wikidata_id":"Q1187144","source_adm0_a3":"CHN","source_adm1_name":"Henan","source_feature_class":"Populated place","source_scalerank":7,"source_pop_max":59338,"source_id":"ne-ne_10m_populated_places"},"geometry":{"type":"Point","coordinates":[112.080022,32.680368]}},{"type":"Feature","properties":{"ne_id":1159140907,"name":"Tieling","name_zh":"铁岭","longitude":123.819977,"latitude":42.300375,"wikidata_id":"Q75268","source_adm0_a3":"CHN","source_adm1_name":"Liaoning","source_feature_class":"Populated place","source_scalerank":7,"source_pop_max":340000,"source_id":"ne-ne_10m_populated_places"},"geometry":{"type":"Point","coordinates":[123.819977,42.300375]}},{"type":"Feature","properties":{"ne_id":1159140911,"name":"Chaoyang","name_zh":"朝阳","longitude":120.419978,"latitude":41.550421,"wikidata_id":"Q75336","source_adm0_a3":"CHN","source_adm1_name":"Liaoning","source_feature_class":"Populated place","source_scalerank":7,"source_pop_max":470296,"source_id":"ne-ne_10m_populated_places"},"geometry":{"type":"Point","coordinates":[120.419978,41.550421]}},{"type":"Feature","properties":{"ne_id":1159140917,"name":"Huanren","name_zh":"桓仁镇","longitude":125.345982,"latitude":41.256331,"wikidata_id":"Q5926085","source_adm0_a3":"CHN","source_adm1_name":"Liaoning","source_feature_class":"Populated place","source_scalerank":7,"source_pop_max":116621,"source_id":"ne-ne_10m_populated_places"},"geometry":{"type":"Point","coordinates":[125.345982,41.256331]}},{"type":"Feature","properties":{"ne_id":1159140921,"name":"Zhuanghe","name_zh":"庄河","longitude":122.96189,"latitude":39.682292,"wikidata_id":"Q198159","source_adm0_a3":"CHN","source_adm1_name":"Liaoning","source_feature_class":"Populated place","source_scalerank":7,"source_pop_max":261510,"source_id":"ne-ne_10m_populated_places"},"geometry":{"type":"Point","coordinates":[122.96189,39.682292]}},{"type":"Feature","properties":{"ne_id":1159140925,"name":"Yishui","name_zh":"沂水县","longitude":118.619984,"latitude":35.790437,"wikidata_id":"Q1198349","source_adm0_a3":"CHN","source_adm1_name":"Shandong","source_feature_class":"Populated place","source_scalerank":7,"source_pop_max":94115,"source_id":"ne-ne_10m_populated_places"},"geometry":{"type":"Point","coordinates":[118.619984,35.790437]}},{"type":"Feature","properties":{"ne_id":1159140929,"name":"Shanxian","name_zh":"单县","longitude":116.079984,"latitude":34.79042,"wikidata_id":null,"source_adm0_a3":"CHN","source_adm1_name":"Shandong","source_feature_class":"Populated place","source_scalerank":7,"source_pop_max":74459,"source_id":"ne-ne_10m_populated_places"},"geometry":{"type":"Point","coordinates":[116.079984,34.79042]}},{"type":"Feature","properties":{"ne_id":1159140935,"name":"Pingyi","name_zh":"平邑","longitude":117.620045,"latitude":35.510428,"wikidata_id":null,"source_adm0_a3":"CHN","source_adm1_name":"Shandong","source_feature_class":"Populated place","source_scalerank":7,"source_pop_max":78254,"source_id":"ne-ne_10m_populated_places"},"geometry":{"type":"Point","coordinates":[117.620045,35.510428]}},{"type":"Feature","properties":{"ne_id":1159140939,"name":"Pingdu","name_zh":"平度","longitude":119.940007,"latitude":36.790376,"wikidata_id":"Q2060398","source_adm0_a3":"CHN","source_adm1_name":"Shandong","source_feature_class":"Populated place","source_scalerank":7,"source_pop_max":91077,"source_id":"ne-ne_10m_populated_places"},"geometry":{"type":"Point","coordinates":[119.940007,36.790376]}},{"type":"Feature","properties":{"ne_id":1159140943,"name":"Laiwu","name_zh":"莱芜","longitude":117.660043,"latitude":36.200412,"wikidata_id":"Q373234","source_adm0_a3":"CHN","source_adm1_name":"Shandong","source_feature_class":"Populated place","source_scalerank":7,"source_pop_max":124108,"source_id":"ne-ne_10m_populated_places"},"geometry":{"type":"Point","coordinates":[117.660043,36.200412]}},{"type":"Feature","properties":{"ne_id":1159140947,"name":"Buizhou","name_zh":"滨州","longitude":117.984443,"latitude":37.38045,"wikidata_id":"Q373687","source_adm0_a3":"CHN","source_adm1_name":"Shandong","source_feature_class":"Populated place","source_scalerank":7,"source_pop_max":115893,"source_id":"ne-ne_10m_populated_places"},"geometry":{"type":"Point","coordinates":[117.984443,37.38045]}},{"type":"Feature","properties":{"ne_id":1159140953,"name":"Liaocheng","name_zh":"聊城","longitude":115.970017,"latitude":36.430424,"wikidata_id":"Q373564","source_adm0_a3":"CHN","source_adm1_name":"Shandong","source_feature_class":"Populated place","source_scalerank":7,"source_pop_max":226930,"source_id":"ne-ne_10m_populated_places"},"geometry":{"type":"Point","coordinates":[115.970017,36.430424]}},{"type":"Feature","properties":{"ne_id":1159140957,"name":"Rizhao","name_zh":"日照","longitude":119.450011,"latitude":35.430381,"wikidata_id":"Q373101","source_adm0_a3":"CHN","source_adm1_name":"Shandong","source_feature_class":"Populated place","source_scalerank":7,"source_pop_max":865000,"source_id":"ne-ne_10m_populated_places"},"geometry":{"type":"Point","coordinates":[119.450011,35.430381]}},{"type":"Feature","properties":{"ne_id":1159140961,"name":"Dezhou","name_zh":"德州","longitude":116.300022,"latitude":37.450413,"wikidata_id":"Q162880","source_adm0_a3":"CHN","source_adm1_name":"Shandong","source_feature_class":"Populated place","source_scalerank":7,"source_pop_max":379555,"source_id":"ne-ne_10m_populated_places"},"geometry":{"type":"Point","coordinates":[116.300022,37.450413]}},{"type":"Feature","properties":{"ne_id":1159140965,"name":"Linchuan","name_zh":"临川","longitude":116.360019,"latitude":27.970346,"wikidata_id":null,"source_adm0_a3":"CHN","source_adm1_name":"Jiangxi","source_feature_class":"Populated place","source_scalerank":7,"source_pop_max":241104,"source_id":"ne-ne_10m_populated_places"},"geometry":{"type":"Point","coordinates":[116.360019,27.970346]}},{"type":"Feature","properties":{"ne_id":1159140973,"name":"Fengcheng","name_zh":"丰城","longitude":115.770029,"latitude":28.200409,"wikidata_id":"Q1375351","source_adm0_a3":"CHN","source_adm1_name":"Jiangxi","source_feature_class":"Populated place","source_scalerank":7,"source_pop_max":61469,"source_id":"ne-ne_10m_populated_places"},"geometry":{"type":"Point","coordinates":[115.770029,28.200409]}},{"type":"Feature","properties":{"ne_id":1159140977,"name":"Jian","name_zh":"吉安","longitude":114.999998,"latitude":27.130423,"wikidata_id":"Q363262","source_adm0_a3":"CHN","source_adm1_name":"Jiangxi","source_feature_class":"Populated place","source_scalerank":7,"source_pop_max":520248,"source_id":"ne-ne_10m_populated_places"},"geometry":{"type":"Point","coordinates":[114.999998,27.130423]}},{"type":"Feature","properties":{"ne_id":1159140981,"name":"Shangrao","name_zh":"上饶","longitude":117.969998,"latitude":28.470393,"wikidata_id":"Q363479","source_adm0_a3":"CHN","source_adm1_name":"Jiangxi","source_feature_class":"Populated place","source_scalerank":7,"source_pop_max":1144577,"source_id":"ne-ne_10m_populated_places"},"geometry":{"type":"Point","coordinates":[117.969998,28.470393]}},{"type":"Feature","properties":{"ne_id":1159140985,"name":"Jingdezhen","name_zh":"景德镇","longitude":117.18002,"latitude":29.270421,"wikidata_id":"Q34405","source_adm0_a3":"CHN","source_adm1_name":"Jiangxi","source_feature_class":"Populated place","source_scalerank":7,"source_pop_max":457298,"source_id":"ne-ne_10m_populated_places"},"geometry":{"type":"Point","coordinates":[117.18002,29.270421]}},{"type":"Feature","properties":{"ne_id":1159140991,"name":"Taizhou","name_zh":"泰州","longitude":119.900009,"latitude":32.490406,"wikidata_id":"Q57931","source_adm0_a3":"CHN","source_adm1_name":"Jiangsu","source_feature_class":"Populated place","source_scalerank":7,"source_pop_max":612356,"source_id":"ne-ne_10m_populated_places"},"geometry":{"type":"Point","coordinates":[119.900009,32.490406]}},{"type":"Feature","properties":{"ne_id":1159140995,"name":"Shuyang","name_zh":"沭阳县","longitude":118.77336,"latitude":34.129866,"wikidata_id":null,"source_adm0_a3":"CHN","source_adm1_name":"Jiangsu","source_feature_class":"Populated place","source_scalerank":7,"source_pop_max":1770000,"source_id":"ne-ne_10m_populated_places"},"geometry":{"type":"Point","coordinates":[118.77336,34.129866]}},{"type":"Feature","properties":{"ne_id":1159140999,"name":"Lianyungang","name_zh":"连云港","longitude":119.226193,"latitude":34.587014,"wikidata_id":"Q57756","source_adm0_a3":"CHN","source_adm1_name":"Jiangsu","source_feature_class":"Populated place","source_scalerank":7,"source_pop_max":715600,"source_id":"ne-ne_10m_populated_places"},"geometry":{"type":"Point","coordinates":[119.226193,34.587014]}},{"type":"Feature","properties":{"ne_id":1159141003,"name":"Lishui","name_zh":"丽水","longitude":119.900009,"latitude":28.45042,"wikidata_id":"Q58294","source_adm0_a3":"CHN","source_adm1_name":"Zhejiang","source_feature_class":"Populated place","source_scalerank":7,"source_pop_max":172777,"source_id":"ne-ne_10m_populated_places"},"geometry":{"type":"Point","coordinates":[119.900009,28.45042]}},{"type":"Feature","properties":{"ne_id":1159141009,"name":"Jiaojing","name_zh":"椒江区","longitude":121.449992,"latitude":28.680406,"wikidata_id":"Q513077","source_adm0_a3":"CHN","source_adm1_name":"Zhejiang","source_feature_class":"Populated place","source_scalerank":7,"source_pop_max":471500,"source_id":"ne-ne_10m_populated_places"},"geometry":{"type":"Point","coordinates":[121.449992,28.680406]}},{"type":"Feature","properties":{"ne_id":1159141013,"name":"Quzhou","name_zh":"衢州","longitude":118.869995,"latitude":28.97044,"wikidata_id":"Q58235","source_adm0_a3":"CHN","source_adm1_name":"Zhejiang","source_feature_class":"Populated place","source_scalerank":7,"source_pop_max":370000,"source_id":"ne-ne_10m_populated_places"},"geometry":{"type":"Point","coordinates":[118.869995,28.97044]}},{"type":"Feature","properties":{"ne_id":1159141037,"name":"Songyuan","name_zh":"松原","longitude":124.820019,"latitude":45.18038,"wikidata_id":"Q92364","source_adm0_a3":"CHN","source_adm1_name":"Jilin","source_feature_class":"Populated place","source_scalerank":7,"source_pop_max":495900,"source_id":"ne-ne_10m_populated_places"},"geometry":{"type":"Point","coordinates":[124.820019,45.18038]}},{"type":"Feature","properties":{"ne_id":1159141043,"name":"Dunhua","name_zh":"敦化","longitude":128.220018,"latitude":43.350492,"wikidata_id":"Q713307","source_adm0_a3":"CHN","source_adm1_name":"Jilin","source_feature_class":"Populated place","source_scalerank":7,"source_pop_max":191870,"source_id":"ne-ne_10m_populated_places"},"geometry":{"type":"Point","coordinates":[128.220018,43.350492]}},{"type":"Feature","properties":{"ne_id":1159141047,"name":"Nongan","name_zh":"农安镇","longitude":125.170075,"latitude":44.4304,"wikidata_id":"Q1996202","source_adm0_a3":"CHN","source_adm1_name":"Jilin","source_feature_class":"Populated place","source_scalerank":7,"source_pop_max":141482,"source_id":"ne-ne_10m_populated_places"},"geometry":{"type":"Point","coordinates":[125.170075,44.4304]}},{"type":"Feature","properties":{"ne_id":1159141051,"name":"Taonan","name_zh":"洮南","longitude":122.78004,"latitude":45.330423,"wikidata_id":"Q1004248","source_adm0_a3":"CHN","source_adm1_name":"Jilin","source_feature_class":"Populated place","source_scalerank":7,"source_pop_max":116611,"source_id":"ne-ne_10m_populated_places"},"geometry":{"type":"Point","coordinates":[122.78004,45.330423]}},{"type":"Feature","properties":{"ne_id":1159141055,"name":"Liuhe","name_zh":"柳河镇","longitude":125.717329,"latitude":42.278852,"wikidata_id":"Q11109923","source_adm0_a3":"CHN","source_adm1_name":"Jilin","source_feature_class":"Populated place","source_scalerank":7,"source_pop_max":68938,"source_id":"ne-ne_10m_populated_places"},"geometry":{"type":"Point","coordinates":[125.717329,42.278852]}},{"type":"Feature","properties":{"ne_id":1159141061,"name":"Huinan","name_zh":"辉南县","longitude":126.26143,"latitude":42.62294,"wikidata_id":"Q926818","source_adm0_a3":"CHN","source_adm1_name":"Jilin","source_feature_class":"Populated place","source_scalerank":7,"source_pop_max":66315,"source_id":"ne-ne_10m_populated_places"},"geometry":{"type":"Point","coordinates":[126.26143,42.62294]}},{"type":"Feature","properties":{"ne_id":1159141065,"name":"Panshi","name_zh":"磐石","longitude":126.056119,"latitude":42.942636,"wikidata_id":"Q1361953","source_adm0_a3":"CHN","source_adm1_name":"Jilin","source_feature_class":"Populated place","source_scalerank":7,"source_pop_max":86216,"source_id":"ne-ne_10m_populated_places"},"geometry":{"type":"Point","coordinates":[126.056119,42.942636]}},{"type":"Feature","properties":{"ne_id":1159141069,"name":"Jiaohe","name_zh":"蛟河","longitude":127.345963,"latitude":43.716284,"wikidata_id":"Q1014635","source_adm0_a3":"CHN","source_adm1_name":"Jilin","source_feature_class":"Populated place","source_scalerank":7,"source_pop_max":123018,"source_id":"ne-ne_10m_populated_places"},"geometry":{"type":"Point","coordinates":[127.345963,43.716284]}},{"type":"Feature","properties":{"ne_id":1159141073,"name":"Linjiang","name_zh":"临江","longitude":126.935962,"latitude":41.836347,"wikidata_id":"Q594843","source_adm0_a3":"CHN","source_adm1_name":"Jilin","source_feature_class":"Populated place","source_scalerank":7,"source_pop_max":84315,"source_id":"ne-ne_10m_populated_places"},"geometry":{"type":"Point","coordinates":[126.935962,41.836347]}},{"type":"Feature","properties":{"ne_id":1159141079,"name":"Wangqing","name_zh":"汪清镇","longitude":129.734344,"latitude":43.324783,"wikidata_id":"Q13897219","source_adm0_a3":"CHN","source_adm1_name":"Jilin","source_feature_class":"Populated place","source_scalerank":7,"source_pop_max":88732,"source_id":"ne-ne_10m_populated_places"},"geometry":{"type":"Point","coordinates":[129.734344,43.324783]}},{"type":"Feature","properties":{"ne_id":1159141083,"name":"Helong","name_zh":"和龙","longitude":129.004363,"latitude":42.534754,"wikidata_id":"Q699125","source_adm0_a3":"CHN","source_adm1_name":"Jilin","source_feature_class":"Populated place","source_scalerank":7,"source_pop_max":85756,"source_id":"ne-ne_10m_populated_places"},"geometry":{"type":"Point","coordinates":[129.004363,42.534754]}},{"type":"Feature","properties":{"ne_id":1159141087,"name":"Shulan","name_zh":"舒兰","longitude":126.948726,"latitude":44.40911,"wikidata_id":"Q1205127","source_adm0_a3":"CHN","source_adm1_name":"Jilin","source_feature_class":"Populated place","source_scalerank":7,"source_pop_max":78764,"source_id":"ne-ne_10m_populated_places"},"geometry":{"type":"Point","coordinates":[126.948726,44.40911]}},{"type":"Feature","properties":{"ne_id":1159141091,"name":"Jiutai","name_zh":"九台区","longitude":125.844349,"latitude":44.144733,"wikidata_id":"Q1015907","source_adm0_a3":"CHN","source_adm1_name":"Jilin","source_feature_class":"Populated place","source_scalerank":7,"source_pop_max":205399,"source_id":"ne-ne_10m_populated_places"},"geometry":{"type":"Point","coordinates":[125.844349,44.144733]}},{"type":"Feature","properties":{"ne_id":1159141109,"name":"Alxa Zuoqi","name_zh":"阿拉善左旗","longitude":105.66863,"latitude":38.83901,"wikidata_id":"Q1367222","source_adm0_a3":"CHN","source_adm1_name":"Nei Mongol","source_feature_class":"Populated place","source_scalerank":7,"source_pop_max":56387,"source_id":"ne-ne_10m_populated_places"},"geometry":{"type":"Point","coordinates":[105.66863,38.83901]}},{"type":"Feature","properties":{"ne_id":1159141115,"name":"Linxi","name_zh":"林西镇","longitude":118.033302,"latitude":43.517071,"wikidata_id":"Q11106980","source_adm0_a3":"CHN","source_adm1_name":"Nei Mongol","source_feature_class":"Populated place","source_scalerank":7,"source_pop_max":679,"source_id":"ne-ne_10m_populated_places"},"geometry":{"type":"Point","coordinates":[118.033302,43.517071]}},{"type":"Feature","properties":{"ne_id":1159141117,"name":"Kailu","name_zh":"开鲁县","longitude":121.199982,"latitude":43.583734,"wikidata_id":null,"source_adm0_a3":"CHN","source_adm1_name":"Nei Mongol","source_feature_class":"Populated place","source_scalerank":7,"source_pop_max":2809,"source_id":"ne-ne_10m_populated_places"},"geometry":{"type":"Point","coordinates":[121.199982,43.583734]}},{"type":"Feature","properties":{"ne_id":1159141123,"name":"Bairin Zuoqi","name_zh":"巴林左旗","longitude":119.183361,"latitude":43.983709,"wikidata_id":"Q1329235","source_adm0_a3":"CHN","source_adm1_name":"Nei Mongol","source_feature_class":"Populated place","source_scalerank":7,"source_pop_max":50000,"source_id":"ne-ne_10m_populated_places"},"geometry":{"type":"Point","coordinates":[119.183361,43.983709]}},{"type":"Feature","properties":{"ne_id":1159141127,"name":"Yitulihe","name_zh":"伊图里河镇","longitude":121.516655,"latitude":50.651623,"wikidata_id":"Q10884943","source_adm0_a3":"CHN","source_adm1_name":"Nei Mongol","source_feature_class":"Populated place","source_scalerank":7,"source_pop_max":19645,"source_id":"ne-ne_10m_populated_places"},"geometry":{"type":"Point","coordinates":[121.516655,50.651623]}},{"type":"Feature","properties":{"ne_id":1159141133,"name":"Yakeshi","name_zh":"牙克石","longitude":120.730036,"latitude":49.280414,"wikidata_id":"Q1010264","source_adm0_a3":"CHN","source_adm1_name":"Nei Mongol","source_feature_class":"Populated place","source_scalerank":7,"source_pop_max":116284,"source_id":"ne-ne_10m_populated_places"},"geometry":{"type":"Point","coordinates":[120.730036,49.280414]}},{"type":"Feature","properties":{"ne_id":1159141137,"name":"Bugt","name_zh":"布格特","longitude":121.933374,"latitude":48.783804,"wikidata_id":null,"source_adm0_a3":"CHN","source_adm1_name":"Nei Mongol","source_feature_class":"Populated place","source_scalerank":7,"source_pop_max":17457,"source_id":"ne-ne_10m_populated_places"},"geometry":{"type":"Point","coordinates":[121.933374,48.783804]}},{"type":"Feature","properties":{"ne_id":1159141141,"name":"Wuyuan","name_zh":"婺源","longitude":108.272192,"latitude":41.089622,"wikidata_id":null,"source_adm0_a3":"CHN","source_adm1_name":"Nei Mongol","source_feature_class":"Populated place","source_scalerank":7,"source_pop_max":30057,"source_id":"ne-ne_10m_populated_places"},"geometry":{"type":"Point","coordinates":[108.272192,41.089622]}},{"type":"Feature","properties":{"ne_id":1159141151,"name":"Bayan Obo","name_zh":"白云鄂博矿区","longitude":109.971106,"latitude":41.767643,"wikidata_id":null,"source_adm0_a3":"CHN","source_adm1_name":"Nei Mongol","source_feature_class":"Populated place","source_scalerank":7,"source_pop_max":27476,"source_id":"ne-ne_10m_populated_places"},"geometry":{"type":"Point","coordinates":[109.971106,41.767643]}},{"type":"Feature","properties":{"ne_id":1159141157,"name":"Fengzhen","name_zh":"丰镇","longitude":113.144349,"latitude":40.4547,"wikidata_id":"Q1341574","source_adm0_a3":"CHN","source_adm1_name":"Nei Mongol","source_feature_class":"Populated place","source_scalerank":7,"source_pop_max":99174,"source_id":"ne-ne_10m_populated_places"},"geometry":{"type":"Point","coordinates":[113.144349,40.4547]}},{"type":"Feature","properties":{"ne_id":1159141161,"name":"Suihua","name_zh":"绥化","longitude":126.979991,"latitude":46.630421,"wikidata_id":"Q349985","source_adm0_a3":"CHN","source_adm1_name":"Heilongjiang","source_feature_class":"Populated place","source_scalerank":7,"source_pop_max":252245,"source_id":"ne-ne_10m_populated_places"},"geometry":{"type":"Point","coordinates":[126.979991,46.630421]}},{"type":"Feature","properties":{"ne_id":1159141165,"name":"Shuangyashan","name_zh":"双鸭山","longitude":131.350008,"latitude":46.670419,"wikidata_id":"Q349973","source_adm0_a3":"CHN","source_adm1_name":"Heilongjiang","source_feature_class":"Populated place","source_scalerank":7,"source_pop_max":500000,"source_id":"ne-ne_10m_populated_places"},"geometry":{"type":"Point","coordinates":[131.350008,46.670419]}},{"type":"Feature","properties":{"ne_id":1159141171,"name":"Shangzhi","name_zh":"尚志","longitude":127.970008,"latitude":45.22043,"wikidata_id":"Q1015925","source_adm0_a3":"CHN","source_adm1_name":"Heilongjiang","source_feature_class":"Populated place","source_scalerank":7,"source_pop_max":96980,"source_id":"ne-ne_10m_populated_places"},"geometry":{"type":"Point","coordinates":[127.970008,45.22043]}},{"type":"Feature","properties":{"ne_id":1159141175,"name":"Fujin","name_zh":"富锦","longitude":132.019993,"latitude":47.270382,"wikidata_id":"Q614877","source_adm0_a3":"CHN","source_adm1_name":"Heilongjiang","source_feature_class":"Populated place","source_scalerank":7,"source_pop_max":89442,"source_id":"ne-ne_10m_populated_places"},"geometry":{"type":"Point","coordinates":[132.019993,47.270382]}},{"type":"Feature","properties":{"ne_id":1159141179,"name":"Yian","name_zh":"依安镇","longitude":125.29999,"latitude":47.880397,"wikidata_id":"Q2600269","source_adm0_a3":"CHN","source_adm1_name":"Heilongjiang","source_feature_class":"Populated place","source_scalerank":7,"source_pop_max":39924,"source_id":"ne-ne_10m_populated_places"},"geometry":{"type":"Point","coordinates":[125.29999,47.880397]}},{"type":"Feature","properties":{"ne_id":1159141183,"name":"Tailai","name_zh":"泰来镇","longitude":123.409976,"latitude":46.390358,"wikidata_id":"Q11145142","source_adm0_a3":"CHN","source_adm1_name":"Heilongjiang","source_feature_class":"Populated place","source_scalerank":7,"source_pop_max":75992,"source_id":"ne-ne_10m_populated_places"},"geometry":{"type":"Point","coordinates":[123.409976,46.390358]}},{"type":"Feature","properties":{"ne_id":1159141189,"name":"Longjiang","name_zh":"龙江镇","longitude":123.180016,"latitude":47.340404,"wikidata_id":"Q1869551","source_adm0_a3":"CHN","source_adm1_name":"Heilongjiang","source_feature_class":"Populated place","source_scalerank":7,"source_pop_max":106384,"source_id":"ne-ne_10m_populated_places"},"geometry":{"type":"Point","coordinates":[123.180016,47.340404]}},{"type":"Feature","properties":{"ne_id":1159141193,"name":"Gannan","name_zh":"甘南镇","longitude":123.510021,"latitude":47.920368,"wikidata_id":"Q1493582","source_adm0_a3":"CHN","source_adm1_name":"Heilongjiang","source_feature_class":"Populated place","source_scalerank":7,"source_pop_max":59239,"source_id":"ne-ne_10m_populated_places"},"geometry":{"type":"Point","coordinates":[123.510021,47.920368]}},{"type":"Feature","properties":{"ne_id":1159141197,"name":"Hailun","name_zh":"海伦","longitude":126.93002,"latitude":47.450423,"wikidata_id":"Q1278514","source_adm0_a3":"CHN","source_adm1_name":"Heilongjiang","source_feature_class":"Populated place","source_scalerank":7,"source_pop_max":109881,"source_id":"ne-ne_10m_populated_places"},"geometry":{"type":"Point","coordinates":[126.93002,47.450423]}},{"type":"Feature","properties":{"ne_id":1159141201,"name":"Mishan","name_zh":"密山","longitude":131.880002,"latitude":45.550384,"wikidata_id":"Q203738","source_adm0_a3":"CHN","source_adm1_name":"Heilongjiang","source_feature_class":"Populated place","source_scalerank":7,"source_pop_max":87257,"source_id":"ne-ne_10m_populated_places"},"geometry":{"type":"Point","coordinates":[131.880002,45.550384]}},{"type":"Feature","properties":{"ne_id":1159141209,"name":"Tieli","name_zh":"铁力","longitude":128.050003,"latitude":46.950376,"wikidata_id":"Q1344820","source_adm0_a3":"CHN","source_adm1_name":"Heilongjiang","source_feature_class":"Populated place","source_scalerank":7,"source_pop_max":109636,"source_id":"ne-ne_10m_populated_places"},"geometry":{"type":"Point","coordinates":[128.050003,46.950376]}},{"type":"Feature","properties":{"ne_id":1159141213,"name":"Shuangcheng","name_zh":"双城区","longitude":126.279982,"latitude":45.350344,"wikidata_id":"Q1000142","source_adm0_a3":"CHN","source_adm1_name":"Heilongjiang","source_feature_class":"Populated place","source_scalerank":7,"source_pop_max":130710,"source_id":"ne-ne_10m_populated_places"},"geometry":{"type":"Point","coordinates":[126.279982,45.350344]}},{"type":"Feature","properties":{"ne_id":1159141217,"name":"Zhaodong","name_zh":"肇东","longitude":125.98,"latitude":46.080429,"wikidata_id":"Q197495","source_adm0_a3":"CHN","source_adm1_name":"Heilongjiang","source_feature_class":"Populated place","source_scalerank":7,"source_pop_max":179980,"source_id":"ne-ne_10m_populated_places"},"geometry":{"type":"Point","coordinates":[125.98,46.080429]}},{"type":"Feature","properties":{"ne_id":1159141223,"name":"Lanxi","name_zh":"兰西镇","longitude":126.275951,"latitude":46.266361,"wikidata_id":"Q10893722","source_adm0_a3":"CHN","source_adm1_name":"Heilongjiang","source_feature_class":"Populated place","source_scalerank":7,"source_pop_max":72528,"source_id":"ne-ne_10m_populated_places"},"geometry":{"type":"Point","coordinates":[126.275951,46.266361]}},{"type":"Feature","properties":{"ne_id":1159141227,"name":"Keshan","name_zh":"克山镇","longitude":125.86595,"latitude":48.026331,"wikidata_id":"Q1522472","source_adm0_a3":"CHN","source_adm1_name":"Heilongjiang","source_feature_class":"Populated place","source_scalerank":7,"source_pop_max":72403,"source_id":"ne-ne_10m_populated_places"},"geometry":{"type":"Point","coordinates":[125.86595,48.026331]}},{"type":"Feature","properties":{"ne_id":1159141231,"name":"Nancha","name_zh":"联合街道","longitude":129.285948,"latitude":47.136359,"wikidata_id":"Q2043360","source_adm0_a3":"CHN","source_adm1_name":"Heilongjiang","source_feature_class":"Populated place","source_scalerank":7,"source_pop_max":121367,"source_id":"ne-ne_10m_populated_places"},"geometry":{"type":"Point","coordinates":[129.285948,47.136359]}},{"type":"Feature","properties":{"ne_id":1159141235,"name":"Xinqing","name_zh":"新青区","longitude":129.505935,"latitude":48.236344,"wikidata_id":"Q787402","source_adm0_a3":"CHN","source_adm1_name":"Heilongjiang","source_feature_class":"Populated place","source_scalerank":7,"source_pop_max":55415,"source_id":"ne-ne_10m_populated_places"},"geometry":{"type":"Point","coordinates":[129.505935,48.236344]}},{"type":"Feature","properties":{"ne_id":1159141241,"name":"Hulin","name_zh":"虎林","longitude":132.992233,"latitude":45.769027,"wikidata_id":"Q1361161","source_adm0_a3":"CHN","source_adm1_name":"Heilongjiang","source_feature_class":"Populated place","source_scalerank":7,"source_pop_max":42559,"source_id":"ne-ne_10m_populated_places"},"geometry":{"type":"Point","coordinates":[132.992233,45.769027]}},{"type":"Feature","properties":{"ne_id":1159141245,"name":"Boli","name_zh":"勃利县","longitude":130.575947,"latitude":45.756366,"wikidata_id":null,"source_adm0_a3":"CHN","source_adm1_name":"Heilongjiang","source_feature_class":"Populated place","source_scalerank":7,"source_pop_max":95260,"source_id":"ne-ne_10m_populated_places"},"geometry":{"type":"Point","coordinates":[130.575947,45.756366]}},{"type":"Feature","properties":{"ne_id":1159141251,"name":"Ningan","name_zh":"宁安","longitude":129.465937,"latitude":44.331337,"wikidata_id":"Q1321612","source_adm0_a3":"CHN","source_adm1_name":"Heilongjiang","source_feature_class":"Populated place","source_scalerank":7,"source_pop_max":54636,"source_id":"ne-ne_10m_populated_places"},"geometry":{"type":"Point","coordinates":[129.465937,44.331337]}},{"type":"Feature","properties":{"ne_id":1159146169,"name":"Changhua","name_zh":"彰化","longitude":120.513409,"latitude":24.0734,"wikidata_id":"Q195215","source_adm0_a3":"TWN","source_adm1_name":"Changhua","source_feature_class":"Admin-1 capital","source_scalerank":7,"source_pop_max":750000,"source_id":"ne-ne_10m_populated_places"},"geometry":{"type":"Point","coordinates":[120.513409,24.0734]}},{"type":"Feature","properties":{"ne_id":1159146173,"name":"Chiayi","name_zh":"嘉义","longitude":120.435067,"latitude":23.475452,"wikidata_id":"Q249995","source_adm0_a3":"TWN","source_adm1_name":"Chiayi City","source_feature_class":"Admin-1 capital","source_scalerank":7,"source_pop_max":500000,"source_id":"ne-ne_10m_populated_places"},"geometry":{"type":"Point","coordinates":[120.435067,23.475452]}},{"type":"Feature","properties":{"ne_id":1159146175,"name":"Hsinchu","name_zh":"新竹","longitude":120.976739,"latitude":24.816791,"wikidata_id":"Q249994","source_adm0_a3":"TWN","source_adm1_name":"Hsinchu City","source_feature_class":"Admin-1 capital","source_scalerank":6,"source_pop_max":750000,"source_id":"ne-ne_10m_populated_places"},"geometry":{"type":"Point","coordinates":[120.976739,24.816791]}},{"type":"Feature","properties":{"ne_id":1159146177,"name":"Miaoli","name_zh":"苗栗","longitude":120.82,"latitude":24.57,"wikidata_id":"Q701651","source_adm0_a3":"TWN","source_adm1_name":"Miaoli","source_feature_class":"Admin-1 capital","source_scalerank":7,"source_pop_max":150000,"source_id":"ne-ne_10m_populated_places"},"geometry":{"type":"Point","coordinates":[120.82,24.57]}},{"type":"Feature","properties":{"ne_id":1159146179,"name":"Pingtung","name_zh":"屏东","longitude":120.481679,"latitude":22.681702,"wikidata_id":"Q713377","source_adm0_a3":"TWN","source_adm1_name":"Pingtung","source_feature_class":"Admin-1 capital","source_scalerank":7,"source_pop_max":503530,"source_id":"ne-ne_10m_populated_places"},"geometry":{"type":"Point","coordinates":[120.481679,22.681702]}},{"type":"Feature","properties":{"ne_id":1159146877,"name":"Jyekundo","name_zh":"结古街道","longitude":97.00674,"latitude":32.997718,"wikidata_id":"Q1558594","source_adm0_a3":"CHN","source_adm1_name":"Gansu","source_feature_class":"Populated place","source_scalerank":6,"source_pop_max":23000,"source_id":"ne-ne_10m_populated_places"},"geometry":{"type":"Point","coordinates":[97.00674,32.997718]}},{"type":"Feature","properties":{"ne_id":1159146879,"name":"Liuzhou","name_zh":"柳州","longitude":109.413529,"latitude":24.320777,"wikidata_id":"Q38968","source_adm0_a3":"CHN","source_adm1_name":"Guangxi","source_feature_class":"Populated place","source_scalerank":6,"source_pop_max":1497000,"source_id":"ne-ne_10m_populated_places"},"geometry":{"type":"Point","coordinates":[109.413529,24.320777]}},{"type":"Feature","properties":{"ne_id":1159146881,"name":"Xingyi","name_zh":"兴义","longitude":104.888075,"latitude":25.092364,"wikidata_id":"Q1359367","source_adm0_a3":"CHN","source_adm1_name":"Guizhou","source_feature_class":"Populated place","source_scalerank":6,"source_pop_max":816000,"source_id":"ne-ne_10m_populated_places"},"geometry":{"type":"Point","coordinates":[104.888075,25.092364]}},{"type":"Feature","properties":{"ne_id":1159146883,"name":"Anshun","name_zh":"安顺","longitude":105.928063,"latitude":26.252345,"wikidata_id":"Q486149","source_adm0_a3":"CHN","source_adm1_name":"Guizhou","source_feature_class":"Populated place","source_scalerank":6,"source_pop_max":849000,"source_id":"ne-ne_10m_populated_places"},"geometry":{"type":"Point","coordinates":[105.928063,26.252345]}},{"type":"Feature","properties":{"ne_id":1159146885,"name":"Zunyi","name_zh":"遵义","longitude":106.918081,"latitude":27.701972,"wikidata_id":"Q28994","source_adm0_a3":"CHN","source_adm1_name":"Guizhou","source_feature_class":"Populated place","source_scalerank":6,"source_pop_max":849000,"source_id":"ne-ne_10m_populated_places"},"geometry":{"type":"Point","coordinates":[106.918081,27.701972]}},{"type":"Feature","properties":{"ne_id":1159146887,"name":"Wanzhou","name_zh":"万州","longitude":108.400039,"latitude":30.819991,"wikidata_id":null,"source_adm0_a3":"CHN","source_adm1_name":"Chongqing","source_feature_class":"Populated place","source_scalerank":6,"source_pop_max":1680000,"source_id":"ne-ne_10m_populated_places"},"geometry":{"type":"Point","coordinates":[108.400039,30.819991]}},{"type":"Feature","properties":{"ne_id":1159146889,"name":"Huaibei","name_zh":"淮北","longitude":116.748075,"latitude":33.952314,"wikidata_id":"Q360268","source_adm0_a3":"CHN","source_adm1_name":"Anhui","source_feature_class":"Populated place","source_scalerank":6,"source_pop_max":913000,"source_id":"ne-ne_10m_populated_places"},"geometry":{"type":"Point","coordinates":[116.748075,33.952314]}},{"type":"Feature","properties":{"ne_id":1159146893,"name":"Wuhu","name_zh":"芜湖","longitude":118.368028,"latitude":31.352369,"wikidata_id":"Q359990","source_adm0_a3":"CHN","source_adm1_name":"Anhui","source_feature_class":"Populated place","source_scalerank":6,"source_pop_max":810000,"source_id":"ne-ne_10m_populated_places"},"geometry":{"type":"Point","coordinates":[118.368028,31.352369]}},{"type":"Feature","properties":{"ne_id":1159146895,"name":"Luan","name_zh":"六安","longitude":116.478065,"latitude":31.752293,"wikidata_id":"Q360702","source_adm0_a3":"CHN","source_adm1_name":"Anhui","source_feature_class":"Populated place","source_scalerank":6,"source_pop_max":1690000,"source_id":"ne-ne_10m_populated_places"},"geometry":{"type":"Point","coordinates":[116.478065,31.752293]}},{"type":"Feature","properties":{"ne_id":1159146897,"name":"Bengbu","name_zh":"蚌埠","longitude":117.328091,"latitude":32.951936,"wikidata_id":"Q360069","source_adm0_a3":"CHN","source_adm1_name":"Anhui","source_feature_class":"Populated place","source_scalerank":6,"source_pop_max":894000,"source_id":"ne-ne_10m_populated_places"},"geometry":{"type":"Point","coordinates":[117.328091,32.951936]}},{"type":"Feature","properties":{"ne_id":1159146899,"name":"Anqing","name_zh":"安庆","longitude":117.050002,"latitude":30.499959,"wikidata_id":"Q360374","source_adm0_a3":"CHN","source_adm1_name":"Anhui","source_feature_class":"Populated place","source_scalerank":6,"source_pop_max":580497,"source_id":"ne-ne_10m_populated_places"},"geometry":{"type":"Point","coordinates":[117.050002,30.499959]}},{"type":"Feature","properties":{"ne_id":1159146901,"name":"Foshan","name_zh":"佛山","longitude":113.113576,"latitude":23.010477,"wikidata_id":"Q34412","source_adm0_a3":"CHN","source_adm1_name":"Guangdong","source_feature_class":"Populated place","source_scalerank":6,"source_pop_max":943000,"source_id":"ne-ne_10m_populated_places"},"geometry":{"type":"Point","coordinates":[113.113576,23.010477]}},{"type":"Feature","properties":{"ne_id":1159146955,"name":"Nagchu","name_zh":"那曲镇","longitude":92.05003,"latitude":31.480002,"wikidata_id":"Q1868994","source_adm0_a3":"CHN","source_adm1_name":"Xizang","source_feature_class":"Populated place","source_scalerank":6,"source_pop_max":2500,"source_id":"ne-ne_10m_populated_places"},"geometry":{"type":"Point","coordinates":[92.05003,31.480002]}},{"type":"Feature","properties":{"ne_id":1159146957,"name":"Nyingchi","name_zh":"林芝","longitude":94.36651,"latitude":29.650744,"wikidata_id":"Q1012465","source_adm0_a3":"CHN","source_adm1_name":"Xizang","source_feature_class":"Populated place","source_scalerank":6,"source_pop_max":100,"source_id":"ne-ne_10m_populated_places"},"geometry":{"type":"Point","coordinates":[94.36651,29.650744]}},{"type":"Feature","properties":{"ne_id":1159146959,"name":"Chamdo","name_zh":"昌都","longitude":97.180939,"latitude":31.140938,"wikidata_id":"Q1012419","source_adm0_a3":"CHN","source_adm1_name":"Xizang","source_feature_class":"Populated place","source_scalerank":6,"source_pop_max":100000,"source_id":"ne-ne_10m_populated_places"},"geometry":{"type":"Point","coordinates":[97.180939,31.140938]}},{"type":"Feature","properties":{"ne_id":1159146961,"name":"Korla","name_zh":"库尔勒","longitude":86.150028,"latitude":41.729997,"wikidata_id":"Q837425","source_adm0_a3":"CHN","source_adm1_name":"Xinjiang Uygur","source_feature_class":"Populated place","source_scalerank":6,"source_pop_max":613000,"source_id":"ne-ne_10m_populated_places"},"geometry":{"type":"Point","coordinates":[86.150028,41.729997]}},{"type":"Feature","properties":{"ne_id":1159146965,"name":"Kuqa","name_zh":"库车县","longitude":82.936374,"latitude":41.727749,"wikidata_id":"Q1023116","source_adm0_a3":"CHN","source_adm1_name":"Xinjiang Uygur","source_feature_class":"Populated place","source_scalerank":6,"source_pop_max":470600,"source_id":"ne-ne_10m_populated_places"},"geometry":{"type":"Point","coordinates":[82.936374,41.727749]}},{"type":"Feature","properties":{"ne_id":1159146967,"name":"Tacheng","name_zh":"塔城","longitude":82.950017,"latitude":46.750026,"wikidata_id":"Q648696","source_adm0_a3":"CHN","source_adm1_name":"Xinjiang Uygur","source_feature_class":"Populated place","source_scalerank":6,"source_pop_max":49796,"source_id":"ne-ne_10m_populated_places"},"geometry":{"type":"Point","coordinates":[82.950017,46.750026]}},{"type":"Feature","properties":{"ne_id":1159146969,"name":"Shihezi","name_zh":"石河子","longitude":86.029932,"latitude":44.299969,"wikidata_id":"Q848680","source_adm0_a3":"CHN","source_adm1_name":"Xinjiang Uygur","source_feature_class":"Populated place","source_scalerank":6,"source_pop_max":640000,"source_id":"ne-ne_10m_populated_places"},"geometry":{"type":"Point","coordinates":[86.029932,44.299969]}},{"type":"Feature","properties":{"ne_id":1159146971,"name":"Karamay","name_zh":"克拉玛依","longitude":84.859926,"latitude":45.589942,"wikidata_id":"Q658240","source_adm0_a3":"CHN","source_adm1_name":"Xinjiang Uygur","source_feature_class":"Populated place","source_scalerank":6,"source_pop_max":261445,"source_id":"ne-ne_10m_populated_places"},"geometry":{"type":"Point","coordinates":[84.859926,45.589942]}},{"type":"Feature","properties":{"ne_id":1159146973,"name":"Aksu","name_zh":"阿克苏","longitude":80.250026,"latitude":41.150006,"wikidata_id":"Q421648","source_adm0_a3":"CHN","source_adm1_name":"Xinjiang Uygur","source_feature_class":"Populated place","source_scalerank":6,"source_pop_max":695000,"source_id":"ne-ne_10m_populated_places"},"geometry":{"type":"Point","coordinates":[80.250026,41.150006]}},{"type":"Feature","properties":{"ne_id":1159146975,"name":"Sanya","name_zh":"三亚","longitude":109.504032,"latitude":18.259104,"wikidata_id":"Q319804","source_adm0_a3":"CHN","source_adm1_name":"Hainan","source_feature_class":"Populated place","source_scalerank":6,"source_pop_max":362689,"source_id":"ne-ne_10m_populated_places"},"geometry":{"type":"Point","coordinates":[109.504032,18.259104]}},{"type":"Feature","properties":{"ne_id":1159146977,"name":"Haikou","name_zh":"海口","longitude":110.320026,"latitude":20.050002,"wikidata_id":"Q189823","source_adm0_a3":"CHN","source_adm1_name":"Hainan","source_feature_class":"Admin-1 capital","source_scalerank":6,"source_pop_max":2046189,"source_id":"ne-ne_10m_populated_places"},"geometry":{"type":"Point","coordinates":[110.320026,20.050002]}},{"type":"Feature","properties":{"ne_id":1159146979,"name":"Hanzhong","name_zh":"汉中","longitude":107.029994,"latitude":33.129979,"wikidata_id":"Q515573","source_adm0_a3":"CHN","source_adm1_name":"Shaanxi","source_feature_class":"Populated place","source_scalerank":6,"source_pop_max":145986,"source_id":"ne-ne_10m_populated_places"},"geometry":{"type":"Point","coordinates":[107.029994,33.129979]}},{"type":"Feature","properties":{"ne_id":1159146983,"name":"Baoji","name_zh":"宝鸡","longitude":107.149986,"latitude":34.380006,"wikidata_id":"Q514796","source_adm0_a3":"CHN","source_adm1_name":"Shaanxi","source_feature_class":"Populated place","source_scalerank":6,"source_pop_max":800000,"source_id":"ne-ne_10m_populated_places"},"geometry":{"type":"Point","coordinates":[107.149986,34.380006]}},{"type":"Feature","properties":{"ne_id":1159146985,"name":"Tongchuan","name_zh":"铜川","longitude":109.029975,"latitude":35.079989,"wikidata_id":"Q514608","source_adm0_a3":"CHN","source_adm1_name":"Shaanxi","source_feature_class":"Populated place","source_scalerank":6,"source_pop_max":282258,"source_id":"ne-ne_10m_populated_places"},"geometry":{"type":"Point","coordinates":[109.029975,35.079989]}},{"type":"Feature","properties":{"ne_id":1159146987,"name":"Linfen","name_zh":"临汾","longitude":111.518058,"latitude":36.082287,"wikidata_id":"Q73156","source_adm0_a3":"CHN","source_adm1_name":"Shanxi","source_feature_class":"Populated place","source_scalerank":6,"source_pop_max":834000,"source_id":"ne-ne_10m_populated_places"},"geometry":{"type":"Point","coordinates":[111.518058,36.082287]}},{"type":"Feature","properties":{"ne_id":1159146989,"name":"Yuci","name_zh":"榆次","longitude":112.728062,"latitude":37.682345,"wikidata_id":null,"source_adm0_a3":"CHN","source_adm1_name":"Shanxi","source_feature_class":"Populated place","source_scalerank":6,"source_pop_max":840000,"source_id":"ne-ne_10m_populated_places"},"geometry":{"type":"Point","coordinates":[112.728062,37.682345]}},{"type":"Feature","properties":{"ne_id":1159146991,"name":"Datong","name_zh":"大同","longitude":113.298053,"latitude":40.081966,"wikidata_id":"Q72877","source_adm0_a3":"CHN","source_adm1_name":"Shanxi","source_feature_class":"Populated place","source_scalerank":6,"source_pop_max":1873000,"source_id":"ne-ne_10m_populated_places"},"geometry":{"type":"Point","coordinates":[113.298053,40.081966]}},{"type":"Feature","properties":{"ne_id":1159146993,"name":"Jianmen","name_zh":"荆门","longitude":113.158061,"latitude":30.651999,"wikidata_id":"Q71323","source_adm0_a3":"CHN","source_adm1_name":"Hubei","source_feature_class":"Populated place","source_scalerank":6,"source_pop_max":1708000,"source_id":"ne-ne_10m_populated_places"},"geometry":{"type":"Point","coordinates":[113.158061,30.651999]}},{"type":"Feature","properties":{"ne_id":1159146995,"name":"Yichang","name_zh":"宜昌","longitude":111.278073,"latitude":30.701918,"wikidata_id":"Q71266","source_adm0_a3":"CHN","source_adm1_name":"Hubei","source_feature_class":"Populated place","source_scalerank":6,"source_pop_max":875000,"source_id":"ne-ne_10m_populated_places"},"geometry":{"type":"Point","coordinates":[111.278073,30.701918]}},{"type":"Feature","properties":{"ne_id":1159146997,"name":"Xiantao","name_zh":"仙桃","longitude":113.438096,"latitude":30.372352,"wikidata_id":"Q71455","source_adm0_a3":"CHN","source_adm1_name":"Hubei","source_feature_class":"Populated place","source_scalerank":6,"source_pop_max":1556000,"source_id":"ne-ne_10m_populated_places"},"geometry":{"type":"Point","coordinates":[113.438096,30.372352]}},{"type":"Feature","properties":{"ne_id":1159147001,"name":"Macheng","name_zh":"麻城","longitude":115.030022,"latitude":31.179995,"wikidata_id":"Q1016939","source_adm0_a3":"CHN","source_adm1_name":"Hubei","source_feature_class":"Populated place","source_scalerank":6,"source_pop_max":126366,"source_id":"ne-ne_10m_populated_places"},"geometry":{"type":"Point","coordinates":[115.030022,31.179995]}},{"type":"Feature","properties":{"ne_id":1159147003,"name":"Huangshi","name_zh":"黄石","longitude":115.099992,"latitude":30.220002,"wikidata_id":"Q71204","source_adm0_a3":"CHN","source_adm1_name":"Hubei","source_feature_class":"Populated place","source_scalerank":6,"source_pop_max":688090,"source_id":"ne-ne_10m_populated_places"},"geometry":{"type":"Point","coordinates":[115.099992,30.220002]}},{"type":"Feature","properties":{"ne_id":1159147005,"name":"Zhuzhou","name_zh":"株洲","longitude":113.148088,"latitude":27.831938,"wikidata_id":"Q198266","source_adm0_a3":"CHN","source_adm1_name":"Hunan","source_feature_class":"Populated place","source_scalerank":6,"source_pop_max":1080000,"source_id":"ne-ne_10m_populated_places"},"geometry":{"type":"Point","coordinates":[113.148088,27.831938]}},{"type":"Feature","properties":{"ne_id":1159147007,"name":"Yongzhou","name_zh":"永州","longitude":111.609135,"latitude":26.41792,"wikidata_id":"Q266014","source_adm0_a3":"CHN","source_adm1_name":"Hunan","source_feature_class":"Populated place","source_scalerank":6,"source_pop_max":1000000,"source_id":"ne-ne_10m_populated_places"},"geometry":{"type":"Point","coordinates":[111.609135,26.41792]}},{"type":"Feature","properties":{"ne_id":1159147009,"name":"Yiyang","name_zh":"益阳","longitude":112.328086,"latitude":28.602356,"wikidata_id":"Q416669","source_adm0_a3":"CHN","source_adm1_name":"Hunan","source_feature_class":"Populated place","source_scalerank":6,"source_pop_max":1352000,"source_id":"ne-ne_10m_populated_places"},"geometry":{"type":"Point","coordinates":[112.328086,28.602356]}},{"type":"Feature","properties":{"ne_id":1159147011,"name":"Changde","name_zh":"常德","longitude":111.6781,"latitude":29.031943,"wikidata_id":"Q416544","source_adm0_a3":"CHN","source_adm1_name":"Hunan","source_feature_class":"Populated place","source_scalerank":6,"source_pop_max":1469000,"source_id":"ne-ne_10m_populated_places"},"geometry":{"type":"Point","coordinates":[111.6781,29.031943]}},{"type":"Feature","properties":{"ne_id":1159147013,"name":"Shaoyang","name_zh":"邵阳","longitude":111.200075,"latitude":26.999992,"wikidata_id":"Q194531","source_adm0_a3":"CHN","source_adm1_name":"Hunan","source_feature_class":"Populated place","source_scalerank":6,"source_pop_max":45617,"source_id":"ne-ne_10m_populated_places"},"geometry":{"type":"Point","coordinates":[111.200075,26.999992]}},{"type":"Feature","properties":{"ne_id":1159147015,"name":"Leshan","name_zh":"乐山","longitude":103.731402,"latitude":29.569042,"wikidata_id":"Q426868","source_adm0_a3":"CHN","source_adm1_name":"Sichuan","source_feature_class":"Populated place","source_scalerank":6,"source_pop_max":1157000,"source_id":"ne-ne_10m_populated_places"},"geometry":{"type":"Point","coordinates":[103.731402,29.569042]}},{"type":"Feature","properties":{"ne_id":1159147019,"name":"Panzhihua","name_zh":"攀枝花","longitude":101.730007,"latitude":26.549993,"wikidata_id":"Q425415","source_adm0_a3":"CHN","source_adm1_name":"Sichuan","source_feature_class":"Populated place","source_scalerank":6,"source_pop_max":461513,"source_id":"ne-ne_10m_populated_places"},"geometry":{"type":"Point","coordinates":[101.730007,26.549993]}},{"type":"Feature","properties":{"ne_id":1159147021,"name":"Fulin","name_zh":"富林镇","longitude":102.716717,"latitude":29.350003,"wikidata_id":"Q10954379","source_adm0_a3":"CHN","source_adm1_name":"Sichuan","source_feature_class":"Populated place","source_scalerank":6,"source_pop_max":1049,"source_id":"ne-ne_10m_populated_places"},"geometry":{"type":"Point","coordinates":[102.716717,29.350003]}},{"type":"Feature","properties":{"ne_id":1159147023,"name":"Guangyuan","name_zh":"广元","longitude":105.870013,"latitude":32.429996,"wikidata_id":"Q426237","source_adm0_a3":"CHN","source_adm1_name":"Sichuan","source_feature_class":"Populated place","source_scalerank":6,"source_pop_max":437435,"source_id":"ne-ne_10m_populated_places"},"geometry":{"type":"Point","coordinates":[105.870013,32.429996]}},{"type":"Feature","properties":{"ne_id":1159147025,"name":"Luzhou","name_zh":"泸州","longitude":105.378071,"latitude":28.881926,"wikidata_id":"Q425492","source_adm0_a3":"CHN","source_adm1_name":"Sichuan","source_feature_class":"Populated place","source_scalerank":6,"source_pop_max":1537000,"source_id":"ne-ne_10m_populated_places"},"geometry":{"type":"Point","coordinates":[105.378071,28.881926]}},{"type":"Feature","properties":{"ne_id":1159147027,"name":"Yibin","name_zh":"宜宾","longitude":104.568095,"latitude":28.771933,"wikidata_id":"Q427265","source_adm0_a3":"CHN","source_adm1_name":"Sichuan","source_feature_class":"Populated place","source_scalerank":6,"source_pop_max":902000,"source_id":"ne-ne_10m_populated_places"},"geometry":{"type":"Point","coordinates":[104.568095,28.771933]}},{"type":"Feature","properties":{"ne_id":1159147029,"name":"Zhaotang","name_zh":"昭通","longitude":103.718069,"latitude":27.322331,"wikidata_id":"Q197519","source_adm0_a3":"CHN","source_adm1_name":"Yunnan","source_feature_class":"Admin-1 capital","source_scalerank":6,"source_pop_max":809000,"source_id":"ne-ne_10m_populated_places"},"geometry":{"type":"Point","coordinates":[103.718069,27.322331]}},{"type":"Feature","properties":{"ne_id":1159147031,"name":"Lijiang","name_zh":"丽江","longitude":100.266582,"latitude":26.800004,"wikidata_id":"Q205914","source_adm0_a3":"CHN","source_adm1_name":"Yunnan","source_feature_class":"Populated place","source_scalerank":6,"source_pop_max":18445,"source_id":"ne-ne_10m_populated_places"},"geometry":{"type":"Point","coordinates":[100.266582,26.800004]}},{"type":"Feature","properties":{"ne_id":1159147033,"name":"Yuxi","name_zh":"玉溪","longitude":102.570008,"latitude":24.379996,"wikidata_id":"Q496496","source_adm0_a3":"CHN","source_adm1_name":"Yunnan","source_feature_class":"Populated place","source_scalerank":6,"source_pop_max":396325,"source_id":"ne-ne_10m_populated_places"},"geometry":{"type":"Point","coordinates":[102.570008,24.379996]}},{"type":"Feature","properties":{"ne_id":1159147037,"name":"Dali","name_zh":"大理","longitude":100.250319,"latitude":25.593731,"wikidata_id":"Q855228","source_adm0_a3":"CHN","source_adm1_name":"Yunnan","source_feature_class":"Populated place","source_scalerank":6,"source_pop_max":156685,"source_id":"ne-ne_10m_populated_places"},"geometry":{"type":"Point","coordinates":[100.250319,25.593731]}},{"type":"Feature","properties":{"ne_id":1159147039,"name":"Qinhuangdao","name_zh":"秦皇岛","longitude":119.618081,"latitude":39.932311,"wikidata_id":"Q58560","source_adm0_a3":"CHN","source_adm1_name":"Hebei","source_feature_class":"Populated place","source_scalerank":6,"source_pop_max":1003000,"source_id":"ne-ne_10m_populated_places"},"geometry":{"type":"Point","coordinates":[119.618081,39.932311]}},{"type":"Feature","properties":{"ne_id":1159147041,"name":"Langfang","name_zh":"廊坊","longitude":116.678053,"latitude":39.52231,"wikidata_id":"Q58710","source_adm0_a3":"CHN","source_adm1_name":"Hebei","source_feature_class":"Populated place","source_scalerank":6,"source_pop_max":810000,"source_id":"ne-ne_10m_populated_places"},"geometry":{"type":"Point","coordinates":[116.678053,39.52231]}},{"type":"Feature","properties":{"ne_id":1159147043,"name":"Zhangjiakou","name_zh":"张家口","longitude":114.852027,"latitude":40.805255,"wikidata_id":"Q58650","source_adm0_a3":"CHN","source_adm1_name":"Hebei","source_feature_class":"Populated place","source_scalerank":6,"source_pop_max":1046000,"source_id":"ne-ne_10m_populated_places"},"geometry":{"type":"Point","coordinates":[114.852027,40.805255]}},{"type":"Feature","properties":{"ne_id":1159147045,"name":"Tangshan","name_zh":"唐山","longitude":118.192431,"latitude":39.626283,"wikidata_id":"Q58422","source_adm0_a3":"CHN","source_adm1_name":"Hebei","source_feature_class":"Populated place","source_scalerank":6,"source_pop_max":1879000,"source_id":"ne-ne_10m_populated_places"},"geometry":{"type":"Point","coordinates":[118.192431,39.626283]}},{"type":"Feature","properties":{"ne_id":1159147047,"name":"Anyang","name_zh":"安阳","longitude":114.348066,"latitude":36.081926,"wikidata_id":"Q324293","source_adm0_a3":"CHN","source_adm1_name":"Henan","source_feature_class":"Populated place","source_scalerank":6,"source_pop_max":887000,"source_id":"ne-ne_10m_populated_places"},"geometry":{"type":"Point","coordinates":[114.348066,36.081926]}},{"type":"Feature","properties":{"ne_id":1159147049,"name":"Jiaozuo","name_zh":"焦作","longitude":113.259553,"latitude":35.200691,"wikidata_id":"Q404429","source_adm0_a3":"CHN","source_adm1_name":"Henan","source_feature_class":"Populated place","source_scalerank":6,"source_pop_max":857000,"source_id":"ne-ne_10m_populated_places"},"geometry":{"type":"Point","coordinates":[113.259553,35.200691]}},{"type":"Feature","properties":{"ne_id":1159147051,"name":"Kaifeng","name_zh":"开封","longitude":114.354819,"latitude":34.793814,"wikidata_id":"Q208471","source_adm0_a3":"CHN","source_adm1_name":"Henan","source_feature_class":"Populated place","source_scalerank":6,"source_pop_max":872000,"source_id":"ne-ne_10m_populated_places"},"geometry":{"type":"Point","coordinates":[114.354819,34.793814]}},{"type":"Feature","properties":{"ne_id":1159147055,"name":"Shangqiu","name_zh":"商丘","longitude":115.64961,"latitude":34.412942,"wikidata_id":"Q404817","source_adm0_a3":"CHN","source_adm1_name":"Henan","source_feature_class":"Populated place","source_scalerank":6,"source_pop_max":1753000,"source_id":"ne-ne_10m_populated_places"},"geometry":{"type":"Point","coordinates":[115.64961,34.412942]}},{"type":"Feature","properties":{"ne_id":1159147057,"name":"Pingdingshan","name_zh":"平顶山","longitude":113.298053,"latitude":33.732353,"wikidata_id":"Q404116","source_adm0_a3":"CHN","source_adm1_name":"Henan","source_feature_class":"Populated place","source_scalerank":6,"source_pop_max":849000,"source_id":"ne-ne_10m_populated_places"},"geometry":{"type":"Point","coordinates":[113.298053,33.732353]}},{"type":"Feature","properties":{"ne_id":1159147059,"name":"Xinyang","name_zh":"信阳","longitude":114.068032,"latitude":32.132322,"wikidata_id":"Q404873","source_adm0_a3":"CHN","source_adm1_name":"Henan","source_feature_class":"Populated place","source_scalerank":6,"source_pop_max":1541000,"source_id":"ne-ne_10m_populated_places"},"geometry":{"type":"Point","coordinates":[114.068032,32.132322]}},{"type":"Feature","properties":{"ne_id":1159147061,"name":"Xinxiang","name_zh":"新乡","longitude":113.908926,"latitude":35.301575,"wikidata_id":"Q404362","source_adm0_a3":"CHN","source_adm1_name":"Henan","source_feature_class":"Populated place","source_scalerank":6,"source_pop_max":903000,"source_id":"ne-ne_10m_populated_places"},"geometry":{"type":"Point","coordinates":[113.908926,35.301575]}},{"type":"Feature","properties":{"ne_id":1159147063,"name":"Luoyang","name_zh":"洛阳","longitude":112.444471,"latitude":34.64377,"wikidata_id":"Q187136","source_adm0_a3":"CHN","source_adm1_name":"Henan","source_feature_class":"Populated place","source_scalerank":6,"source_pop_max":1715000,"source_id":"ne-ne_10m_populated_places"},"geometry":{"type":"Point","coordinates":[112.444471,34.64377]}},{"type":"Feature","properties":{"ne_id":1159147065,"name":"Liaoyang","name_zh":"辽阳","longitude":123.17807,"latitude":41.281944,"wikidata_id":"Q75203","source_adm0_a3":"CHN","source_adm1_name":"Liaoning","source_feature_class":"Populated place","source_scalerank":6,"source_pop_max":794000,"source_id":"ne-ne_10m_populated_places"},"geometry":{"type":"Point","coordinates":[123.17807,41.281944]}},{"type":"Feature","properties":{"ne_id":1159147067,"name":"Dandong","name_zh":"丹东","longitude":124.391639,"latitude":40.145554,"wikidata_id":"Q75110","source_adm0_a3":"CHN","source_adm1_name":"Liaoning","source_feature_class":"Populated place","source_scalerank":6,"source_pop_max":870000,"source_id":"ne-ne_10m_populated_places"},"geometry":{"type":"Point","coordinates":[124.391639,40.145554]}},{"type":"Feature","properties":{"ne_id":1159147069,"name":"Yingkow","name_zh":"营口","longitude":122.278073,"latitude":40.672292,"wikidata_id":"Q75150","source_adm0_a3":"CHN","source_adm1_name":"Liaoning","source_feature_class":"Populated place","source_scalerank":6,"source_pop_max":795000,"source_id":"ne-ne_10m_populated_places"},"geometry":{"type":"Point","coordinates":[122.278073,40.672292]}},{"type":"Feature","properties":{"ne_id":1159147073,"name":"Jinzhou","name_zh":"锦州","longitude":121.098094,"latitude":41.122316,"wikidata_id":"Q28996","source_adm0_a3":"CHN","source_adm1_name":"Liaoning","source_feature_class":"Populated place","source_scalerank":6,"source_pop_max":956000,"source_id":"ne-ne_10m_populated_places"},"geometry":{"type":"Point","coordinates":[121.098094,41.122316]}},{"type":"Feature","properties":{"ne_id":1159147075,"name":"Fuxin","name_zh":"阜新","longitude":121.658059,"latitude":42.012417,"wikidata_id":"Q34750","source_adm0_a3":"CHN","source_adm1_name":"Liaoning","source_feature_class":"Populated place","source_scalerank":6,"source_pop_max":770000,"source_id":"ne-ne_10m_populated_places"},"geometry":{"type":"Point","coordinates":[121.658059,42.012417]}},{"type":"Feature","properties":{"ne_id":1159147077,"name":"Benxi","name_zh":"本溪","longitude":123.748061,"latitude":41.332329,"wikidata_id":"Q75091","source_adm0_a3":"CHN","source_adm1_name":"Liaoning","source_feature_class":"Populated place","source_scalerank":6,"source_pop_max":1012000,"source_id":"ne-ne_10m_populated_places"},"geometry":{"type":"Point","coordinates":[123.748061,41.332329]}},{"type":"Feature","properties":{"ne_id":1159147079,"name":"Fushun","name_zh":"抚顺","longitude":123.868054,"latitude":41.867335,"wikidata_id":"Q75026","source_adm0_a3":"CHN","source_adm1_name":"Liaoning","source_feature_class":"Admin-1 capital","source_scalerank":6,"source_pop_max":1470000,"source_id":"ne-ne_10m_populated_places"},"geometry":{"type":"Point","coordinates":[123.868054,41.867335]}},{"type":"Feature","properties":{"ne_id":1159147081,"name":"Jining","name_zh":"济宁","longitude":116.548087,"latitude":35.402355,"wikidata_id":"Q372791","source_adm0_a3":"CHN","source_adm1_name":"Shandong","source_feature_class":"Populated place","source_scalerank":6,"source_pop_max":1186000,"source_id":"ne-ne_10m_populated_places"},"geometry":{"type":"Point","coordinates":[116.548087,35.402355]}},{"type":"Feature","properties":{"ne_id":1159147083,"name":"Weifang","name_zh":"潍坊","longitude":119.155626,"latitude":36.702285,"wikidata_id":"Q217698","source_adm0_a3":"CHN","source_adm1_name":"Shandong","source_feature_class":"Populated place","source_scalerank":6,"source_pop_max":1553000,"source_id":"ne-ne_10m_populated_places"},"geometry":{"type":"Point","coordinates":[119.155626,36.702285]}},{"type":"Feature","properties":{"ne_id":1159147085,"name":"Taian","name_zh":"泰安","longitude":117.11813,"latitude":36.201944,"wikidata_id":"Q217681","source_adm0_a3":"CHN","source_adm1_name":"Shandong","source_feature_class":"Populated place","source_scalerank":6,"source_pop_max":1629000,"source_id":"ne-ne_10m_populated_places"},"geometry":{"type":"Point","coordinates":[117.11813,36.201944]}},{"type":"Feature","properties":{"ne_id":1159147087,"name":"Heze","name_zh":"菏泽","longitude":115.448103,"latitude":35.231926,"wikidata_id":"Q332753","source_adm0_a3":"CHN","source_adm1_name":"Shandong","source_feature_class":"Populated place","source_scalerank":6,"source_pop_max":1338000,"source_id":"ne-ne_10m_populated_places"},"geometry":{"type":"Point","coordinates":[115.448103,35.231926]}},{"type":"Feature","properties":{"ne_id":1159147091,"name":"Laiyang","name_zh":"莱阳","longitude":120.708435,"latitude":36.968401,"wikidata_id":"Q371640","source_adm0_a3":"CHN","source_adm1_name":"Shandong","source_feature_class":"Populated place","source_scalerank":6,"source_pop_max":250000,"source_id":"ne-ne_10m_populated_places"},"geometry":{"type":"Point","coordinates":[120.708435,36.968401]}},{"type":"Feature","properties":{"ne_id":1159147093,"name":"Xinyu","name_zh":"新余","longitude":114.928031,"latitude":27.801966,"wikidata_id":"Q362959","source_adm0_a3":"CHN","source_adm1_name":"Jiangxi","source_feature_class":"Populated place","source_scalerank":6,"source_pop_max":913000,"source_id":"ne-ne_10m_populated_places"},"geometry":{"type":"Point","coordinates":[114.928031,27.801966]}},{"type":"Feature","properties":{"ne_id":1159147095,"name":"Ganzhou","name_zh":"赣州","longitude":114.950027,"latitude":25.91998,"wikidata_id":"Q363166","source_adm0_a3":"CHN","source_adm1_name":"Jiangxi","source_feature_class":"Populated place","source_scalerank":6,"source_pop_max":1500000,"source_id":"ne-ne_10m_populated_places"},"geometry":{"type":"Point","coordinates":[114.950027,25.91998]}},{"type":"Feature","properties":{"ne_id":1159147097,"name":"Jiujiang","name_zh":"九江","longitude":115.980042,"latitude":29.72998,"wikidata_id":"Q216077","source_adm0_a3":"CHN","source_adm1_name":"Jiangxi","source_feature_class":"Populated place","source_scalerank":6,"source_pop_max":545616,"source_id":"ne-ne_10m_populated_places"},"geometry":{"type":"Point","coordinates":[115.980042,29.72998]}},{"type":"Feature","properties":{"ne_id":1159147099,"name":"Changzhou","name_zh":"常州","longitude":119.968033,"latitude":31.78193,"wikidata_id":"Q57970","source_adm0_a3":"CHN","source_adm1_name":"Jiangsu","source_feature_class":"Populated place","source_scalerank":6,"source_pop_max":1327000,"source_id":"ne-ne_10m_populated_places"},"geometry":{"type":"Point","coordinates":[119.968033,31.78193]}},{"type":"Feature","properties":{"ne_id":1159147101,"name":"Zhenjiang","name_zh":"镇江","longitude":119.430481,"latitude":32.17573,"wikidata_id":"Q57958","source_adm0_a3":"CHN","source_adm1_name":"Jiangsu","source_feature_class":"Populated place","source_scalerank":6,"source_pop_max":854000,"source_id":"ne-ne_10m_populated_places"},"geometry":{"type":"Point","coordinates":[119.430481,32.17573]}},{"type":"Feature","properties":{"ne_id":1159147103,"name":"Nantong","name_zh":"南通","longitude":120.924587,"latitude":31.982269,"wikidata_id":"Q57947","source_adm0_a3":"CHN","source_adm1_name":"Jiangsu","source_feature_class":"Populated place","source_scalerank":6,"source_pop_max":947000,"source_id":"ne-ne_10m_populated_places"},"geometry":{"type":"Point","coordinates":[120.924587,31.982269]}},{"type":"Feature","properties":{"ne_id":1159147105,"name":"Jiaxing","name_zh":"嘉兴","longitude":120.748037,"latitude":30.772353,"wikidata_id":"Q58178","source_adm0_a3":"CHN","source_adm1_name":"Zhejiang","source_feature_class":"Populated place","source_scalerank":6,"source_pop_max":988000,"source_id":"ne-ne_10m_populated_places"},"geometry":{"type":"Point","coordinates":[120.748037,30.772353]}},{"type":"Feature","properties":{"ne_id":1159147109,"name":"Huzhou","name_zh":"湖州","longitude":120.098051,"latitude":30.872321,"wikidata_id":"Q42664","source_adm0_a3":"CHN","source_adm1_name":"Zhejiang","source_feature_class":"Populated place","source_scalerank":6,"source_pop_max":1231000,"source_id":"ne-ne_10m_populated_places"},"geometry":{"type":"Point","coordinates":[120.098051,30.872321]}},{"type":"Feature","properties":{"ne_id":1159147111,"name":"Shaoxing","name_zh":"绍兴","longitude":120.5681,"latitude":30.002323,"wikidata_id":"Q42666","source_adm0_a3":"CHN","source_adm1_name":"Zhejiang","source_feature_class":"Populated place","source_scalerank":6,"source_pop_max":777000,"source_id":"ne-ne_10m_populated_places"},"geometry":{"type":"Point","coordinates":[120.5681,30.002323]}},{"type":"Feature","properties":{"ne_id":1159147113,"name":"Jinhua","name_zh":"金华","longitude":119.649999,"latitude":29.120043,"wikidata_id":"Q58210","source_adm0_a3":"CHN","source_adm1_name":"Zhejiang","source_feature_class":"Populated place","source_scalerank":6,"source_pop_max":1092852,"source_id":"ne-ne_10m_populated_places"},"geometry":{"type":"Point","coordinates":[119.649999,29.120043]}},{"type":"Feature","properties":{"ne_id":1159147115,"name":"Liaoyuan","name_zh":"辽源","longitude":125.129974,"latitude":42.899977,"wikidata_id":"Q92311","source_adm0_a3":"CHN","source_adm1_name":"Jilin","source_feature_class":"Populated place","source_scalerank":6,"source_pop_max":506548,"source_id":"ne-ne_10m_populated_places"},"geometry":{"type":"Point","coordinates":[125.129974,42.899977]}},{"type":"Feature","properties":{"ne_id":1159147117,"name":"Tumen","name_zh":"图们","longitude":129.820076,"latitude":42.969999,"wikidata_id":"Q713323","source_adm0_a3":"CHN","source_adm1_name":"Jilin","source_feature_class":"Populated place","source_scalerank":6,"source_pop_max":99721,"source_id":"ne-ne_10m_populated_places"},"geometry":{"type":"Point","coordinates":[129.820076,42.969999]}},{"type":"Feature","properties":{"ne_id":1159147119,"name":"Siping","name_zh":"四平","longitude":124.330023,"latitude":43.170012,"wikidata_id":"Q92297","source_adm0_a3":"CHN","source_adm1_name":"Jilin","source_feature_class":"Populated place","source_scalerank":6,"source_pop_max":555609,"source_id":"ne-ne_10m_populated_places"},"geometry":{"type":"Point","coordinates":[124.330023,43.170012]}},{"type":"Feature","properties":{"ne_id":1159147121,"name":"Baicheng","name_zh":"白城","longitude":122.820038,"latitude":45.620018,"wikidata_id":"Q92381","source_adm0_a3":"CHN","source_adm1_name":"Jilin","source_feature_class":"Populated place","source_scalerank":6,"source_pop_max":386861,"source_id":"ne-ne_10m_populated_places"},"geometry":{"type":"Point","coordinates":[122.820038,45.620018]}},{"type":"Feature","properties":{"ne_id":1159147129,"name":"Wuhai","name_zh":"乌海","longitude":106.812229,"latitude":39.664696,"wikidata_id":"Q570768","source_adm0_a3":"CHN","source_adm1_name":"Nei Mongol","source_feature_class":"Populated place","source_scalerank":6,"source_pop_max":218427,"source_id":"ne-ne_10m_populated_places"},"geometry":{"type":"Point","coordinates":[106.812229,39.664696]}},{"type":"Feature","properties":{"ne_id":1159147131,"name":"Erenhot","name_zh":"二连浩特","longitude":111.965455,"latitude":43.661558,"wikidata_id":"Q1001036","source_adm0_a3":"CHN","source_adm1_name":"Nei Mongol","source_feature_class":"Populated place","source_scalerank":6,"source_pop_max":22287,"source_id":"ne-ne_10m_populated_places"},"geometry":{"type":"Point","coordinates":[111.965455,43.661558]}},{"type":"Feature","properties":{"ne_id":1159147133,"name":"Jining","name_zh":"平地泉镇","longitude":113.080012,"latitude":41.029988,"wikidata_id":"Q11060772","source_adm0_a3":"CHN","source_adm1_name":"Nei Mongol","source_feature_class":"Populated place","source_scalerank":6,"source_pop_max":281716,"source_id":"ne-ne_10m_populated_places"},"geometry":{"type":"Point","coordinates":[113.080012,41.029988]}},{"type":"Feature","properties":{"ne_id":1159147135,"name":"Arxan","name_zh":"阿尔山","longitude":119.96662,"latitude":47.183307,"wikidata_id":"Q717743","source_adm0_a3":"CHN","source_adm1_name":"Nei Mongol","source_feature_class":"Populated place","source_scalerank":6,"source_pop_max":32023,"source_id":"ne-ne_10m_populated_places"},"geometry":{"type":"Point","coordinates":[119.96662,47.183307]}},{"type":"Feature","properties":{"ne_id":1159147137,"name":"Manzhouli","name_zh":"满洲里","longitude":117.429979,"latitude":49.599981,"wikidata_id":"Q890671","source_adm0_a3":"CHN","source_adm1_name":"Nei Mongol","source_feature_class":"Populated place","source_scalerank":6,"source_pop_max":93620,"source_id":"ne-ne_10m_populated_places"},"geometry":{"type":"Point","coordinates":[117.429979,49.599981]}},{"type":"Feature","properties":{"ne_id":1159147139,"name":"Xilinhot","name_zh":"锡林浩特","longitude":116.044327,"latitude":43.944332,"wikidata_id":"Q1009416","source_adm0_a3":"CHN","source_adm1_name":"Nei Mongol","source_feature_class":"Populated place","source_scalerank":6,"source_pop_max":120965,"source_id":"ne-ne_10m_populated_places"},"geometry":{"type":"Point","coordinates":[116.044327,43.944332]}},{"type":"Feature","properties":{"ne_id":1159147141,"name":"Heihe","name_zh":"黑河","longitude":127.446009,"latitude":50.250019,"wikidata_id":"Q349983","source_adm0_a3":"CHN","source_adm1_name":"Heilongjiang","source_feature_class":"Populated place","source_scalerank":6,"source_pop_max":109427,"source_id":"ne-ne_10m_populated_places"},"geometry":{"type":"Point","coordinates":[127.446009,50.250019]}},{"type":"Feature","properties":{"ne_id":1159147145,"name":"Qitaihe","name_zh":"七台河","longitude":131.00906,"latitude":45.767852,"wikidata_id":"Q349979","source_adm0_a3":"CHN","source_adm1_name":"Heilongjiang","source_feature_class":"Populated place","source_scalerank":6,"source_pop_max":450617,"source_id":"ne-ne_10m_populated_places"},"geometry":{"type":"Point","coordinates":[131.00906,45.767852]}},{"type":"Feature","properties":{"ne_id":1159147147,"name":"Yichun","name_zh":"伊春","longitude":128.898031,"latitude":47.701888,"wikidata_id":"Q349976","source_adm0_a3":"CHN","source_adm1_name":"Heilongjiang","source_feature_class":"Populated place","source_scalerank":6,"source_pop_max":777000,"source_id":"ne-ne_10m_populated_places"},"geometry":{"type":"Point","coordinates":[128.898031,47.701888]}},{"type":"Feature","properties":{"ne_id":1159147149,"name":"Hegang","name_zh":"鹤岗","longitude":130.296732,"latitude":47.346627,"wikidata_id":"Q349982","source_adm0_a3":"CHN","source_adm1_name":"Heilongjiang","source_feature_class":"Populated place","source_scalerank":6,"source_pop_max":743307,"source_id":"ne-ne_10m_populated_places"},"geometry":{"type":"Point","coordinates":[130.296732,47.346627]}},{"type":"Feature","properties":{"ne_id":1159147151,"name":"Nenjiang","name_zh":"嫩江镇","longitude":125.23002,"latitude":49.179981,"wikidata_id":"Q6991629","source_adm0_a3":"CHN","source_adm1_name":"Heilongjiang","source_feature_class":"Populated place","source_scalerank":6,"source_pop_max":87236,"source_id":"ne-ne_10m_populated_places"},"geometry":{"type":"Point","coordinates":[125.23002,49.179981]}},{"type":"Feature","properties":{"ne_id":1159147153,"name":"Nehe","name_zh":"讷河","longitude":124.880015,"latitude":48.489998,"wikidata_id":"Q1332600","source_adm0_a3":"CHN","source_adm1_name":"Heilongjiang","source_feature_class":"Populated place","source_scalerank":6,"source_pop_max":108253,"source_id":"ne-ne_10m_populated_places"},"geometry":{"type":"Point","coordinates":[124.880015,48.489998]}},{"type":"Feature","properties":{"ne_id":1159147155,"name":"Mudangiang","name_zh":"牡丹江","longitude":129.588066,"latitude":44.576963,"wikidata_id":"Q217646","source_adm0_a3":"CHN","source_adm1_name":"Heilongjiang","source_feature_class":"Populated place","source_scalerank":6,"source_pop_max":1244000,"source_id":"ne-ne_10m_populated_places"},"geometry":{"type":"Point","coordinates":[129.588066,44.576963]}},{"type":"Feature","properties":{"ne_id":1159148323,"name":"Xuanzhou","name_zh":"宣城","longitude":118.753332,"latitude":30.954446,"wikidata_id":"Q360942","source_adm0_a3":"CHN","source_adm1_name":"Anhui","source_feature_class":"Populated place","source_scalerank":6,"source_pop_max":866000,"source_id":"ne-ne_10m_populated_places"},"geometry":{"type":"Point","coordinates":[118.753332,30.954446]}},{"type":"Feature","properties":{"ne_id":1159148325,"name":"Zhuhai","name_zh":"珠海","longitude":113.565832,"latitude":22.27889,"wikidata_id":"Q59095","source_adm0_a3":"CHN","source_adm1_name":"Guangdong","source_feature_class":"Populated place","source_scalerank":6,"source_pop_max":1023000,"source_id":"ne-ne_10m_populated_places"},"geometry":{"type":"Point","coordinates":[113.565832,22.27889]}},{"type":"Feature","properties":{"ne_id":1159148455,"name":"Xianyang","name_zh":"咸阳","longitude":108.712776,"latitude":34.347501,"wikidata_id":"Q497341","source_adm0_a3":"CHN","source_adm1_name":"Shaanxi","source_feature_class":"Populated place","source_scalerank":6,"source_pop_max":1126000,"source_id":"ne-ne_10m_populated_places"},"geometry":{"type":"Point","coordinates":[108.712776,34.347501]}},{"type":"Feature","properties":{"ne_id":1159148459,"name":"Xiangyang","name_zh":"襄阳","longitude":112.128098,"latitude":32.021941,"wikidata_id":"Q71284","source_adm0_a3":"CHN","source_adm1_name":"Hubei","source_feature_class":"Populated place","source_scalerank":6,"source_pop_max":1069000,"source_id":"ne-ne_10m_populated_places"},"geometry":{"type":"Point","coordinates":[112.128098,32.021941]}},{"type":"Feature","properties":{"ne_id":1159148461,"name":"Suining","name_zh":"遂宁","longitude":105.531387,"latitude":30.535279,"wikidata_id":"Q426644","source_adm0_a3":"CHN","source_adm1_name":"Sichuan","source_feature_class":"Populated place","source_scalerank":6,"source_pop_max":1425000,"source_id":"ne-ne_10m_populated_places"},"geometry":{"type":"Point","coordinates":[105.531387,30.535279]}},{"type":"Feature","properties":{"ne_id":1159148463,"name":"Lingyuan","name_zh":"凌源","longitude":119.399165,"latitude":41.241946,"wikidata_id":"Q1333417","source_adm0_a3":"CHN","source_adm1_name":"Liaoning","source_feature_class":"Populated place","source_scalerank":6,"source_pop_max":806000,"source_id":"ne-ne_10m_populated_places"},"geometry":{"type":"Point","coordinates":[119.399165,41.241946]}},{"type":"Feature","properties":{"ne_id":1159148465,"name":"Weihai","name_zh":"威海","longitude":122.099978,"latitude":37.499971,"wikidata_id":"Q373023","source_adm0_a3":"CHN","source_adm1_name":"Shandong","source_feature_class":"Populated place","source_scalerank":6,"source_pop_max":560255,"source_id":"ne-ne_10m_populated_places"},"geometry":{"type":"Point","coordinates":[122.099978,37.499971]}},{"type":"Feature","properties":{"ne_id":1159148467,"name":"Yichun","name_zh":"宜春","longitude":114.398054,"latitude":27.835279,"wikidata_id":"Q363326","source_adm0_a3":"CHN","source_adm1_name":"Jiangxi","source_feature_class":"Populated place","source_scalerank":6,"source_pop_max":982000,"source_id":"ne-ne_10m_populated_places"},"geometry":{"type":"Point","coordinates":[114.398054,27.835279]}},{"type":"Feature","properties":{"ne_id":1159148469,"name":"Yancheng","name_zh":"盐城","longitude":120.16752,"latitude":33.337877,"wikidata_id":"Q57866","source_adm0_a3":"CHN","source_adm1_name":"Jiangsu","source_feature_class":"Populated place","source_scalerank":6,"source_pop_max":839000,"source_id":"ne-ne_10m_populated_places"},"geometry":{"type":"Point","coordinates":[120.16752,33.337877]}},{"type":"Feature","properties":{"ne_id":1159148471,"name":"Fuyang","name_zh":"富阳区","longitude":119.949999,"latitude":30.055279,"wikidata_id":"Q1011103","source_adm0_a3":"CHN","source_adm1_name":"Zhejiang","source_feature_class":"Populated place","source_scalerank":6,"source_pop_max":771000,"source_id":"ne-ne_10m_populated_places"},"geometry":{"type":"Point","coordinates":[119.949999,30.055279]}},{"type":"Feature","properties":{"ne_id":1159149085,"name":"Macau","name_zh":"澳门","longitude":113.544375,"latitude":22.189135,"wikidata_id":"Q14773","source_adm0_a3":"MAC","source_adm1_name":null,"source_feature_class":"Admin-0 region capital","source_scalerank":6,"source_pop_max":568700,"source_id":"ne-ne_10m_populated_places"},"geometry":{"type":"Point","coordinates":[113.544375,22.189135]}},{"type":"Feature","properties":{"ne_id":1159149103,"name":"Hualien","name_zh":"花莲","longitude":121.600009,"latitude":23.983742,"wikidata_id":"Q713310","source_adm0_a3":"TWN","source_adm1_name":"Hualien","source_feature_class":"Admin-1 capital","source_scalerank":6,"source_pop_max":350468,"source_id":"ne-ne_10m_populated_places"},"geometry":{"type":"Point","coordinates":[121.600009,23.983742]}},{"type":"Feature","properties":{"ne_id":1159149107,"name":"New Taipei","name_zh":"新北","longitude":121.465,"latitude":25.012778,"wikidata_id":"Q244898","source_adm0_a3":"TWN","source_adm1_name":"New Taipei City","source_feature_class":"Admin-1 capital","source_scalerank":5,"source_pop_max":3893740,"source_id":"ne-ne_10m_populated_places"},"geometry":{"type":"Point","coordinates":[121.465,25.012778]}},{"type":"Feature","properties":{"ne_id":1159149109,"name":"Tainan","name_zh":"台南","longitude":120.200043,"latitude":23.000003,"wikidata_id":"Q140631","source_adm0_a3":"TWN","source_adm1_name":"Tainan City","source_feature_class":"Admin-1 capital","source_scalerank":6,"source_pop_max":1876312,"source_id":"ne-ne_10m_populated_places"},"geometry":{"type":"Point","coordinates":[120.200043,23.000003]}},{"type":"Feature","properties":{"ne_id":1159149111,"name":"Taitung","name_zh":"台东","longitude":121.140037,"latitude":22.755393,"wikidata_id":"Q713381","source_adm0_a3":"TWN","source_adm1_name":"Taitung","source_feature_class":"Admin-1 capital","source_scalerank":6,"source_pop_max":175000,"source_id":"ne-ne_10m_populated_places"},"geometry":{"type":"Point","coordinates":[121.140037,22.755393]}},{"type":"Feature","properties":{"ne_id":1159149129,"name":"Xiamen","name_zh":"厦门","longitude":118.078071,"latitude":24.451938,"wikidata_id":"Q68744","source_adm0_a3":"CHN","source_adm1_name":"Fujian","source_feature_class":"Populated place","source_scalerank":4,"source_pop_max":2519000,"source_id":"ne-ne_10m_populated_places"},"geometry":{"type":"Point","coordinates":[118.078071,24.451938]}},{"type":"Feature","properties":{"ne_id":1159149131,"name":"Nanchong","name_zh":"南充","longitude":106.128051,"latitude":30.782378,"wikidata_id":"Q426996","source_adm0_a3":"CHN","source_adm1_name":"Sichuan","source_feature_class":"Populated place","source_scalerank":4,"source_pop_max":2174000,"source_id":"ne-ne_10m_populated_places"},"geometry":{"type":"Point","coordinates":[106.128051,30.782378]}},{"type":"Feature","properties":{"ne_id":1159149133,"name":"Neijiang","name_zh":"内江","longitude":105.048066,"latitude":29.582323,"wikidata_id":"Q426756","source_adm0_a3":"CHN","source_adm1_name":"Sichuan","source_feature_class":"Populated place","source_scalerank":4,"source_pop_max":1466000,"source_id":"ne-ne_10m_populated_places"},"geometry":{"type":"Point","coordinates":[105.048066,29.582323]}},{"type":"Feature","properties":{"ne_id":1159149135,"name":"Nanyang","name_zh":"南阳","longitude":112.528074,"latitude":33.002346,"wikidata_id":"Q404763","source_adm0_a3":"CHN","source_adm1_name":"Henan","source_feature_class":"Populated place","source_scalerank":4,"source_pop_max":1944000,"source_id":"ne-ne_10m_populated_places"},"geometry":{"type":"Point","coordinates":[112.528074,33.002346]}},{"type":"Feature","properties":{"ne_id":1159149137,"name":"Jinxi","name_zh":"锦溪","longitude":120.828033,"latitude":40.752287,"wikidata_id":null,"source_adm0_a3":"CHN","source_adm1_name":"Liaoning","source_feature_class":"Populated place","source_scalerank":4,"source_pop_max":2426000,"source_id":"ne-ne_10m_populated_places"},"geometry":{"type":"Point","coordinates":[120.828033,40.752287]}},{"type":"Feature","properties":{"ne_id":1159149139,"name":"Yantai","name_zh":"烟台","longitude":121.398075,"latitude":37.532354,"wikidata_id":"Q210493","source_adm0_a3":"CHN","source_adm1_name":"Shandong","source_feature_class":"Populated place","source_scalerank":4,"source_pop_max":2116000,"source_id":"ne-ne_10m_populated_places"},"geometry":{"type":"Point","coordinates":[121.398075,37.532354]}},{"type":"Feature","properties":{"ne_id":1159149143,"name":"Zaozhuang","name_zh":"枣庄","longitude":117.568077,"latitude":34.881947,"wikidata_id":"Q147187","source_adm0_a3":"CHN","source_adm1_name":"Shandong","source_feature_class":"Populated place","source_scalerank":4,"source_pop_max":2145000,"source_id":"ne-ne_10m_populated_places"},"geometry":{"type":"Point","coordinates":[117.568077,34.881947]}},{"type":"Feature","properties":{"ne_id":1159149145,"name":"Suzhou","name_zh":"苏州","longitude":120.618071,"latitude":31.302424,"wikidata_id":"Q42622","source_adm0_a3":"CHN","source_adm1_name":"Jiangsu","source_feature_class":"Populated place","source_scalerank":4,"source_pop_max":1650000,"source_id":"ne-ne_10m_populated_places"},"geometry":{"type":"Point","coordinates":[120.618071,31.302424]}},{"type":"Feature","properties":{"ne_id":1159149147,"name":"Xuzhou","name_zh":"徐州","longitude":117.178074,"latitude":34.281958,"wikidata_id":"Q57719","source_adm0_a3":"CHN","source_adm1_name":"Jiangsu","source_feature_class":"Populated place","source_scalerank":4,"source_pop_max":2091000,"source_id":"ne-ne_10m_populated_places"},"geometry":{"type":"Point","coordinates":[117.178074,34.281958]}},{"type":"Feature","properties":{"ne_id":1159149149,"name":"Wuxi","name_zh":"无锡","longitude":120.298039,"latitude":31.581942,"wikidata_id":"Q42651","source_adm0_a3":"CHN","source_adm1_name":"Jiangsu","source_feature_class":"Populated place","source_scalerank":4,"source_pop_max":1749000,"source_id":"ne-ne_10m_populated_places"},"geometry":{"type":"Point","coordinates":[120.298039,31.581942]}},{"type":"Feature","properties":{"ne_id":1159149151,"name":"Jilin","name_zh":"吉林","longitude":126.548097,"latitude":43.851917,"wikidata_id":"Q92277","source_adm0_a3":"CHN","source_adm1_name":"Jilin","source_feature_class":"Populated place","source_scalerank":4,"source_pop_max":2396000,"source_id":"ne-ne_10m_populated_places"},"geometry":{"type":"Point","coordinates":[126.548097,43.851917]}},{"type":"Feature","properties":{"ne_id":1159149767,"name":"Zhangye","name_zh":"张掖","longitude":100.450034,"latitude":38.929987,"wikidata_id":"Q197402","source_adm0_a3":"CHN","source_adm1_name":"Gansu","source_feature_class":"Populated place","source_scalerank":4,"source_pop_max":230728,"source_id":"ne-ne_10m_populated_places"},"geometry":{"type":"Point","coordinates":[100.450034,38.929987]}},{"type":"Feature","properties":{"ne_id":1159149769,"name":"Wuwei","name_zh":"武威","longitude":102.641011,"latitude":37.928007,"wikidata_id":"Q249007","source_adm0_a3":"CHN","source_adm1_name":"Gansu","source_feature_class":"Populated place","source_scalerank":4,"source_pop_max":493092,"source_id":"ne-ne_10m_populated_places"},"geometry":{"type":"Point","coordinates":[102.641011,37.928007]}},{"type":"Feature","properties":{"ne_id":1159149773,"name":"Dunhuang","name_zh":"敦煌","longitude":94.662015,"latitude":40.142678,"wikidata_id":"Q319114","source_adm0_a3":"CHN","source_adm1_name":"Gansu","source_feature_class":"Populated place","source_scalerank":4,"source_pop_max":140094,"source_id":"ne-ne_10m_populated_places"},"geometry":{"type":"Point","coordinates":[94.662015,40.142678]}},{"type":"Feature","properties":{"ne_id":1159149775,"name":"Tianshui","name_zh":"天水","longitude":105.918038,"latitude":34.601964,"wikidata_id":"Q533157","source_adm0_a3":"CHN","source_adm1_name":"Gansu","source_feature_class":"Populated place","source_scalerank":4,"source_pop_max":1225000,"source_id":"ne-ne_10m_populated_places"},"geometry":{"type":"Point","coordinates":[105.918038,34.601964]}},{"type":"Feature","properties":{"ne_id":1159149777,"name":"Dulan","name_zh":"都兰","longitude":98.266601,"latitude":36.16659,"wikidata_id":null,"source_adm0_a3":"CHN","source_adm1_name":"Gansu","source_feature_class":"Populated place","source_scalerank":4,"source_pop_max":100,"source_id":"ne-ne_10m_populated_places"},"geometry":{"type":"Point","coordinates":[98.266601,36.16659]}},{"type":"Feature","properties":{"ne_id":1159149779,"name":"Golmud","name_zh":"格尔木","longitude":94.883345,"latitude":36.416626,"wikidata_id":"Q858250","source_adm0_a3":"CHN","source_adm1_name":"Gansu","source_feature_class":"Populated place","source_scalerank":4,"source_pop_max":107092,"source_id":"ne-ne_10m_populated_places"},"geometry":{"type":"Point","coordinates":[94.883345,36.416626]}},{"type":"Feature","properties":{"ne_id":1159149781,"name":"Yulin","name_zh":"玉林","longitude":110.148064,"latitude":22.63192,"wikidata_id":"Q571918","source_adm0_a3":"CHN","source_adm1_name":"Guangxi","source_feature_class":"Populated place","source_scalerank":4,"source_pop_max":1127000,"source_id":"ne-ne_10m_populated_places"},"geometry":{"type":"Point","coordinates":[110.148064,22.63192]}},{"type":"Feature","properties":{"ne_id":1159149783,"name":"Bose","name_zh":"白城","longitude":106.613327,"latitude":23.899716,"wikidata_id":"Q92381","source_adm0_a3":"CHN","source_adm1_name":"Guangxi","source_feature_class":"Populated place","source_scalerank":4,"source_pop_max":175282,"source_id":"ne-ne_10m_populated_places"},"geometry":{"type":"Point","coordinates":[106.613327,23.899716]}},{"type":"Feature","properties":{"ne_id":1159149785,"name":"Wuzhou","name_zh":"梧州","longitude":111.320016,"latitude":23.480025,"wikidata_id":"Q571652","source_adm0_a3":"CHN","source_adm1_name":"Guangxi","source_feature_class":"Populated place","source_scalerank":4,"source_pop_max":442315,"source_id":"ne-ne_10m_populated_places"},"geometry":{"type":"Point","coordinates":[111.320016,23.480025]}},{"type":"Feature","properties":{"ne_id":1159149787,"name":"Liupanshui","name_zh":"六盘水","longitude":104.831386,"latitude":26.596381,"wikidata_id":"Q485918","source_adm0_a3":"CHN","source_adm1_name":"Guizhou","source_feature_class":"Populated place","source_scalerank":4,"source_pop_max":1221000,"source_id":"ne-ne_10m_populated_places"},"geometry":{"type":"Point","coordinates":[104.831386,26.596381]}},{"type":"Feature","properties":{"ne_id":1159149791,"name":"Quanzhou","name_zh":"泉州","longitude":118.578041,"latitude":24.901962,"wikidata_id":"Q68695","source_adm0_a3":"CHN","source_adm1_name":"Fujian","source_feature_class":"Populated place","source_scalerank":4,"source_pop_max":1463000,"source_id":"ne-ne_10m_populated_places"},"geometry":{"type":"Point","coordinates":[118.578041,24.901962]}},{"type":"Feature","properties":{"ne_id":1159149793,"name":"Hefei","name_zh":"合肥","longitude":117.278068,"latitude":31.851977,"wikidata_id":"Q185684","source_adm0_a3":"CHN","source_adm1_name":"Anhui","source_feature_class":"Admin-1 capital","source_scalerank":4,"source_pop_max":2035000,"source_id":"ne-ne_10m_populated_places"},"geometry":{"type":"Point","coordinates":[117.278068,31.851977]}},{"type":"Feature","properties":{"ne_id":1159149795,"name":"Suzhou","name_zh":"宿州","longitude":116.976943,"latitude":33.638057,"wikidata_id":"Q360643","source_adm0_a3":"CHN","source_adm1_name":"Anhui","source_feature_class":"Populated place","source_scalerank":4,"source_pop_max":1964000,"source_id":"ne-ne_10m_populated_places"},"geometry":{"type":"Point","coordinates":[116.976943,33.638057]}},{"type":"Feature","properties":{"ne_id":1159149797,"name":"Zhanjiang","name_zh":"湛江","longitude":110.378076,"latitude":21.20193,"wikidata_id":"Q59144","source_adm0_a3":"CHN","source_adm1_name":"Guangdong","source_feature_class":"Populated place","source_scalerank":4,"source_pop_max":1590000,"source_id":"ne-ne_10m_populated_places"},"geometry":{"type":"Point","coordinates":[110.378076,21.20193]}},{"type":"Feature","properties":{"ne_id":1159149799,"name":"Shaoguan","name_zh":"韶关","longitude":113.579982,"latitude":24.799971,"wikidata_id":"Q59107","source_adm0_a3":"CHN","source_adm1_name":"Guangdong","source_feature_class":"Populated place","source_scalerank":4,"source_pop_max":720266,"source_id":"ne-ne_10m_populated_places"},"geometry":{"type":"Point","coordinates":[113.579982,24.799971]}},{"type":"Feature","properties":{"ne_id":1159149873,"name":"Xigaze","name_zh":"日喀则","longitude":88.88335,"latitude":29.250009,"wikidata_id":"Q1211183","source_adm0_a3":"CHN","source_adm1_name":"Xizang","source_feature_class":"Populated place","source_scalerank":4,"source_pop_max":80000,"source_id":"ne-ne_10m_populated_places"},"geometry":{"type":"Point","coordinates":[88.88335,29.250009]}},{"type":"Feature","properties":{"ne_id":1159149875,"name":"Shache","name_zh":"莎车县","longitude":77.250003,"latitude":38.426142,"wikidata_id":"Q857618","source_adm0_a3":"CHN","source_adm1_name":"Xinjiang Uygur","source_feature_class":"Populated place","source_scalerank":4,"source_pop_max":851374,"source_id":"ne-ne_10m_populated_places"},"geometry":{"type":"Point","coordinates":[77.250003,38.426142]}},{"type":"Feature","properties":{"ne_id":1159149877,"name":"Yining","name_zh":"伊宁","longitude":81.350011,"latitude":43.900019,"wikidata_id":"Q866021","source_adm0_a3":"CHN","source_adm1_name":"Xinjiang Uygur","source_feature_class":"Populated place","source_scalerank":4,"source_pop_max":542507,"source_id":"ne-ne_10m_populated_places"},"geometry":{"type":"Point","coordinates":[81.350011,43.900019]}},{"type":"Feature","properties":{"ne_id":1159149881,"name":"Altay","name_zh":"阿勒泰","longitude":88.116626,"latitude":47.866599,"wikidata_id":"Q434924","source_adm0_a3":"CHN","source_adm1_name":"Xinjiang Uygur","source_feature_class":"Populated place","source_scalerank":4,"source_pop_max":142000,"source_id":"ne-ne_10m_populated_places"},"geometry":{"type":"Point","coordinates":[88.116626,47.866599]}},{"type":"Feature","properties":{"ne_id":1159149885,"name":"Shizuishan","name_zh":"石嘴山","longitude":106.769028,"latitude":39.233276,"wikidata_id":"Q604385","source_adm0_a3":"CHN","source_adm1_name":"Ningxia Hui","source_feature_class":"Populated place","source_scalerank":4,"source_pop_max":136570,"source_id":"ne-ne_10m_populated_places"},"geometry":{"type":"Point","coordinates":[106.769028,39.233276]}},{"type":"Feature","properties":{"ne_id":1159149887,"name":"Yulin","name_zh":"榆林","longitude":109.733291,"latitude":38.283308,"wikidata_id":"Q515712","source_adm0_a3":"CHN","source_adm1_name":"Shaanxi","source_feature_class":"Populated place","source_scalerank":4,"source_pop_max":155960,"source_id":"ne-ne_10m_populated_places"},"geometry":{"type":"Point","coordinates":[109.733291,38.283308]}},{"type":"Feature","properties":{"ne_id":1159149889,"name":"Ankang","name_zh":"安康","longitude":109.020002,"latitude":32.679981,"wikidata_id":"Q515846","source_adm0_a3":"CHN","source_adm1_name":"Shaanxi","source_feature_class":"Populated place","source_scalerank":4,"source_pop_max":1100000,"source_id":"ne-ne_10m_populated_places"},"geometry":{"type":"Point","coordinates":[109.020002,32.679981]}},{"type":"Feature","properties":{"ne_id":1159149891,"name":"Houma","name_zh":"侯马","longitude":111.209997,"latitude":35.619982,"wikidata_id":"Q975264","source_adm0_a3":"CHN","source_adm1_name":"Shanxi","source_feature_class":"Populated place","source_scalerank":4,"source_pop_max":102400,"source_id":"ne-ne_10m_populated_places"},"geometry":{"type":"Point","coordinates":[111.209997,35.619982]}},{"type":"Feature","properties":{"ne_id":1159149893,"name":"Yueyang","name_zh":"岳阳","longitude":113.098065,"latitude":29.381999,"wikidata_id":"Q151958","source_adm0_a3":"CHN","source_adm1_name":"Hunan","source_feature_class":"Populated place","source_scalerank":4,"source_pop_max":826000,"source_id":"ne-ne_10m_populated_places"},"geometry":{"type":"Point","coordinates":[113.098065,29.381999]}},{"type":"Feature","properties":{"ne_id":1159149895,"name":"Hengyang","name_zh":"衡阳","longitude":112.58807,"latitude":26.881971,"wikidata_id":"Q144663","source_adm0_a3":"CHN","source_adm1_name":"Hunan","source_feature_class":"Populated place","source_scalerank":4,"source_pop_max":1016000,"source_id":"ne-ne_10m_populated_places"},"geometry":{"type":"Point","coordinates":[112.58807,26.881971]}},{"type":"Feature","properties":{"ne_id":1159149899,"name":"Mianyang","name_zh":"绵阳","longitude":104.689993,"latitude":31.464828,"wikidata_id":"Q426130","source_adm0_a3":"CHN","source_adm1_name":"Sichuan","source_feature_class":"Populated place","source_scalerank":4,"source_pop_max":1396000,"source_id":"ne-ne_10m_populated_places"},"geometry":{"type":"Point","coordinates":[104.689993,31.464828]}},{"type":"Feature","properties":{"ne_id":1159149901,"name":"Xichang","name_zh":"西昌","longitude":102.299998,"latitude":27.880015,"wikidata_id":"Q224603","source_adm0_a3":"CHN","source_adm1_name":"Sichuan","source_feature_class":"Populated place","source_scalerank":4,"source_pop_max":379993,"source_id":"ne-ne_10m_populated_places"},"geometry":{"type":"Point","coordinates":[102.299998,27.880015]}},{"type":"Feature","properties":{"ne_id":1159149903,"name":"Baoshan","name_zh":"保山","longitude":99.15001,"latitude":25.119977,"wikidata_id":"Q496576","source_adm0_a3":"CHN","source_adm1_name":"Yunnan","source_feature_class":"Populated place","source_scalerank":4,"source_pop_max":1000000,"source_id":"ne-ne_10m_populated_places"},"geometry":{"type":"Point","coordinates":[99.15001,25.119977]}},{"type":"Feature","properties":{"ne_id":1159149905,"name":"Gejiu","name_zh":"个旧","longitude":103.150076,"latitude":23.37998,"wikidata_id":"Q1016730","source_adm0_a3":"CHN","source_adm1_name":"Yunnan","source_feature_class":"Populated place","source_scalerank":4,"source_pop_max":149105,"source_id":"ne-ne_10m_populated_places"},"geometry":{"type":"Point","coordinates":[103.150076,23.37998]}},{"type":"Feature","properties":{"ne_id":1159149907,"name":"Shijiazhuang","name_zh":"石家庄","longitude":114.478032,"latitude":38.05196,"wikidata_id":"Q58401","source_adm0_a3":"CHN","source_adm1_name":"Hebei","source_feature_class":"Admin-1 capital","source_scalerank":4,"source_pop_max":2417000,"source_id":"ne-ne_10m_populated_places"},"geometry":{"type":"Point","coordinates":[114.478032,38.05196]}},{"type":"Feature","properties":{"ne_id":1159149909,"name":"Handan","name_zh":"邯郸","longitude":114.478032,"latitude":36.581921,"wikidata_id":"Q58570","source_adm0_a3":"CHN","source_adm1_name":"Hebei","source_feature_class":"Populated place","source_scalerank":4,"source_pop_max":1631000,"source_id":"ne-ne_10m_populated_places"},"geometry":{"type":"Point","coordinates":[114.478032,36.581921]}},{"type":"Feature","properties":{"ne_id":1159149911,"name":"Anshan","name_zh":"鞍山","longitude":122.938085,"latitude":41.116967,"wikidata_id":"Q74957","source_adm0_a3":"CHN","source_adm1_name":"Liaoning","source_feature_class":"Populated place","source_scalerank":4,"source_pop_max":1639000,"source_id":"ne-ne_10m_populated_places"},"geometry":{"type":"Point","coordinates":[122.938085,41.116967]}},{"type":"Feature","properties":{"ne_id":1159149913,"name":"Dalian","name_zh":"大连","longitude":121.627885,"latitude":38.924784,"wikidata_id":"Q74881","source_adm0_a3":"CHN","source_adm1_name":"Liaoning","source_feature_class":"Populated place","source_scalerank":4,"source_pop_max":3167000,"source_id":"ne-ne_10m_populated_places"},"geometry":{"type":"Point","coordinates":[121.627885,38.924784]}},{"type":"Feature","properties":{"ne_id":1159149917,"name":"Qingdao","name_zh":"青岛","longitude":120.328063,"latitude":36.091925,"wikidata_id":"Q170322","source_adm0_a3":"CHN","source_adm1_name":"Shandong","source_feature_class":"Populated place","source_scalerank":4,"source_pop_max":2866000,"source_id":"ne-ne_10m_populated_places"},"geometry":{"type":"Point","coordinates":[120.328063,36.091925]}},{"type":"Feature","properties":{"ne_id":1159149919,"name":"Linyi","name_zh":"临沂","longitude":118.32803,"latitude":35.081935,"wikidata_id":"Q373346","source_adm0_a3":"CHN","source_adm1_name":"Shandong","source_feature_class":"Populated place","source_scalerank":4,"source_pop_max":2082000,"source_id":"ne-ne_10m_populated_places"},"geometry":{"type":"Point","coordinates":[118.32803,35.081935]}},{"type":"Feature","properties":{"ne_id":1159149921,"name":"Huaiyin","name_zh":"淮安","longitude":119.065967,"latitude":33.585165,"wikidata_id":"Q57818","source_adm0_a3":"CHN","source_adm1_name":"Jiangsu","source_feature_class":"Populated place","source_scalerank":4,"source_pop_max":1264000,"source_id":"ne-ne_10m_populated_places"},"geometry":{"type":"Point","coordinates":[119.065967,33.585165]}},{"type":"Feature","properties":{"ne_id":1159149923,"name":"Wenzhou","name_zh":"温州","longitude":120.648147,"latitude":28.021927,"wikidata_id":"Q42635","source_adm0_a3":"CHN","source_adm1_name":"Zhejiang","source_feature_class":"Populated place","source_scalerank":4,"source_pop_max":2350000,"source_id":"ne-ne_10m_populated_places"},"geometry":{"type":"Point","coordinates":[120.648147,28.021927]}},{"type":"Feature","properties":{"ne_id":1159149925,"name":"Ningbo","name_zh":"宁波","longitude":121.548092,"latitude":29.881917,"wikidata_id":"Q42780","source_adm0_a3":"CHN","source_adm1_name":"Zhejiang","source_feature_class":"Populated place","source_scalerank":4,"source_pop_max":1923000,"source_id":"ne-ne_10m_populated_places"},"geometry":{"type":"Point","coordinates":[121.548092,29.881917]}},{"type":"Feature","properties":{"ne_id":1159149939,"name":"Tongliao","name_zh":"通辽","longitude":122.268048,"latitude":43.621905,"wikidata_id":"Q570884","source_adm0_a3":"CHN","source_adm1_name":"Nei Mongol","source_feature_class":"Populated place","source_scalerank":4,"source_pop_max":884000,"source_id":"ne-ne_10m_populated_places"},"geometry":{"type":"Point","coordinates":[122.268048,43.621905]}},{"type":"Feature","properties":{"ne_id":1159149941,"name":"Hohhot","name_zh":"呼和浩特","longitude":111.65805,"latitude":40.821921,"wikidata_id":"Q535534","source_adm0_a3":"CHN","source_adm1_name":"Nei Mongol","source_feature_class":"Admin-1 capital","source_scalerank":4,"source_pop_max":1726000,"source_id":"ne-ne_10m_populated_places"},"geometry":{"type":"Point","coordinates":[111.65805,40.821921]}},{"type":"Feature","properties":{"ne_id":1159149943,"name":"Chifeng","name_zh":"赤峰","longitude":118.948044,"latitude":42.271961,"wikidata_id":"Q570829","source_adm0_a3":"CHN","source_adm1_name":"Nei Mongol","source_feature_class":"Populated place","source_scalerank":4,"source_pop_max":1277000,"source_id":"ne-ne_10m_populated_places"},"geometry":{"type":"Point","coordinates":[118.948044,42.271961]}},{"type":"Feature","properties":{"ne_id":1159149945,"name":"Ulan Hot","name_zh":"乌兰浩特","longitude":122.080031,"latitude":46.080016,"wikidata_id":"Q1000383","source_adm0_a3":"CHN","source_adm1_name":"Nei Mongol","source_feature_class":"Populated place","source_scalerank":4,"source_pop_max":241894,"source_id":"ne-ne_10m_populated_places"},"geometry":{"type":"Point","coordinates":[122.080031,46.080016]}},{"type":"Feature","properties":{"ne_id":1159149947,"name":"Hailar","name_zh":"海拉尔区","longitude":119.700022,"latitude":49.19998,"wikidata_id":"Q986724","source_adm0_a3":"CHN","source_adm1_name":"Nei Mongol","source_feature_class":"Populated place","source_scalerank":4,"source_pop_max":231171,"source_id":"ne-ne_10m_populated_places"},"geometry":{"type":"Point","coordinates":[119.700022,49.19998]}},{"type":"Feature","properties":{"ne_id":1159149949,"name":"Jiamusi","name_zh":"佳木斯","longitude":130.348072,"latitude":46.831967,"wikidata_id":"Q29003","source_adm0_a3":"CHN","source_adm1_name":"Heilongjiang","source_feature_class":"Populated place","source_scalerank":4,"source_pop_max":1020000,"source_id":"ne-ne_10m_populated_places"},"geometry":{"type":"Point","coordinates":[130.348072,46.831967]}},{"type":"Feature","properties":{"ne_id":1159149953,"name":"Bei'an","name_zh":"北安","longitude":126.528604,"latitude":48.246263,"wikidata_id":"Q814616","source_adm0_a3":"CHN","source_adm1_name":"Heilongjiang","source_feature_class":"Populated place","source_scalerank":4,"source_pop_max":154936,"source_id":"ne-ne_10m_populated_places"},"geometry":{"type":"Point","coordinates":[126.528604,48.246263]}},{"type":"Feature","properties":{"ne_id":1159149955,"name":"Daqing","name_zh":"大庆","longitude":124.998062,"latitude":46.581905,"wikidata_id":"Q304848","source_adm0_a3":"CHN","source_adm1_name":"Heilongjiang","source_feature_class":"Populated place","source_scalerank":4,"source_pop_max":1693000,"source_id":"ne-ne_10m_populated_places"},"geometry":{"type":"Point","coordinates":[124.998062,46.581905]}},{"type":"Feature","properties":{"ne_id":1159149957,"name":"Jixi","name_zh":"鸡西","longitude":130.968085,"latitude":45.301906,"wikidata_id":"Q28979","source_adm0_a3":"CHN","source_adm1_name":"Heilongjiang","source_feature_class":"Populated place","source_scalerank":4,"source_pop_max":965000,"source_id":"ne-ne_10m_populated_places"},"geometry":{"type":"Point","coordinates":[130.968085,45.301906]}},{"type":"Feature","properties":{"ne_id":1159150459,"name":"Magong","name_zh":"马公","longitude":119.583333,"latitude":23.566667,"wikidata_id":"Q701428","source_adm0_a3":"TWN","source_adm1_name":"Penghu","source_feature_class":"Admin-1 capital","source_scalerank":5,"source_pop_max":56435,"source_id":"ne-ne_10m_populated_places"},"geometry":{"type":"Point","coordinates":[119.583333,23.566667]}},{"type":"Feature","properties":{"ne_id":1159150461,"name":"Taichung","name_zh":"台中","longitude":120.681667,"latitude":24.152078,"wikidata_id":"Q245023","source_adm0_a3":"TWN","source_adm1_name":"Taichung City","source_feature_class":"Admin-1 capital","source_scalerank":4,"source_pop_max":2629323,"source_id":"ne-ne_10m_populated_places"},"geometry":{"type":"Point","coordinates":[120.681667,24.152078]}},{"type":"Feature","properties":{"ne_id":1159150817,"name":"Jiayuguan","name_zh":"嘉峪关","longitude":98.299984,"latitude":39.82001,"wikidata_id":"Q532560","source_adm0_a3":"CHN","source_adm1_name":"Gansu","source_feature_class":"Populated place","source_scalerank":3,"source_pop_max":148279,"source_id":"ne-ne_10m_populated_places"},"geometry":{"type":"Point","coordinates":[98.299984,39.82001]}},{"type":"Feature","properties":{"ne_id":1159150819,"name":"Xining","name_zh":"西宁","longitude":101.768059,"latitude":36.621944,"wikidata_id":"Q69060","source_adm0_a3":"CHN","source_adm1_name":"Gansu","source_feature_class":"Admin-1 capital","source_scalerank":3,"source_pop_max":1048000,"source_id":"ne-ne_10m_populated_places"},"geometry":{"type":"Point","coordinates":[101.768059,36.621944]}},{"type":"Feature","properties":{"ne_id":1159150821,"name":"Guilin","name_zh":"桂林","longitude":110.278082,"latitude":25.281939,"wikidata_id":"Q189633","source_adm0_a3":"CHN","source_adm1_name":"Guangxi","source_feature_class":"Populated place","source_scalerank":3,"source_pop_max":987000,"source_id":"ne-ne_10m_populated_places"},"geometry":{"type":"Point","coordinates":[110.278082,25.281939]}},{"type":"Feature","properties":{"ne_id":1159150823,"name":"Huainan","name_zh":"淮南","longitude":116.978035,"latitude":32.63193,"wikidata_id":"Q360178","source_adm0_a3":"CHN","source_adm1_name":"Anhui","source_feature_class":"Populated place","source_scalerank":3,"source_pop_max":1451000,"source_id":"ne-ne_10m_populated_places"},"geometry":{"type":"Point","coordinates":[116.978035,32.63193]}},{"type":"Feature","properties":{"ne_id":1159150825,"name":"Shantou","name_zh":"汕头","longitude":116.66808,"latitude":23.371952,"wikidata_id":"Q59100","source_adm0_a3":"CHN","source_adm1_name":"Guangdong","source_feature_class":"Populated place","source_scalerank":3,"source_pop_max":1601000,"source_id":"ne-ne_10m_populated_places"},"geometry":{"type":"Point","coordinates":[116.66808,23.371952]}},{"type":"Feature","properties":{"ne_id":1159150879,"name":"Lhasa","name_zh":"拉萨","longitude":91.10001,"latitude":29.645024,"wikidata_id":"Q5869","source_adm0_a3":"CHN","source_adm1_name":"Xizang","source_feature_class":"Admin-1 capital","source_scalerank":3,"source_pop_max":219599,"source_id":"ne-ne_10m_populated_places"},"geometry":{"type":"Point","coordinates":[91.10001,29.645024]}},{"type":"Feature","properties":{"ne_id":1159150881,"name":"Hami","name_zh":"伊州区","longitude":93.515005,"latitude":42.826984,"wikidata_id":"Q650585","source_adm0_a3":"CHN","source_adm1_name":"Xinjiang Uygur","source_feature_class":"Populated place","source_scalerank":3,"source_pop_max":580000,"source_id":"ne-ne_10m_populated_places"},"geometry":{"type":"Point","coordinates":[93.515005,42.826984]}},{"type":"Feature","properties":{"ne_id":1159150883,"name":"Hotan","name_zh":"和田","longitude":79.926945,"latitude":37.099711,"wikidata_id":"Q235389","source_adm0_a3":"CHN","source_adm1_name":"Xinjiang Uygur","source_feature_class":"Populated place","source_scalerank":3,"source_pop_max":408894,"source_id":"ne-ne_10m_populated_places"},"geometry":{"type":"Point","coordinates":[79.926945,37.099711]}},{"type":"Feature","properties":{"ne_id":1159150885,"name":"Kashgar","name_zh":"喀什","longitude":75.969926,"latitude":39.476336,"wikidata_id":"Q170521","source_adm0_a3":"CHN","source_adm1_name":"Xinjiang Uygur","source_feature_class":"Populated place","source_scalerank":3,"source_pop_max":506640,"source_id":"ne-ne_10m_populated_places"},"geometry":{"type":"Point","coordinates":[75.969926,39.476336]}},{"type":"Feature","properties":{"ne_id":1159150889,"name":"Yinchuan","name_zh":"银川","longitude":106.271092,"latitude":38.46992,"wikidata_id":"Q211243","source_adm0_a3":"CHN","source_adm1_name":"Ningxia Hui","source_feature_class":"Admin-1 capital","source_scalerank":3,"source_pop_max":991000,"source_id":"ne-ne_10m_populated_places"},"geometry":{"type":"Point","coordinates":[106.271092,38.46992]}},{"type":"Feature","properties":{"ne_id":1159150891,"name":"Pingxiang","name_zh":"萍乡","longitude":113.848097,"latitude":27.621951,"wikidata_id":"Q362865","source_adm0_a3":"CHN","source_adm1_name":"Jiangxi","source_feature_class":"Populated place","source_scalerank":3,"source_pop_max":961000,"source_id":"ne-ne_10m_populated_places"},"geometry":{"type":"Point","coordinates":[113.848097,27.621951]}},{"type":"Feature","properties":{"ne_id":1159150895,"name":"Qiqihar","name_zh":"齐齐哈尔","longitude":123.988046,"latitude":47.346923,"wikidata_id":"Q205922","source_adm0_a3":"CHN","source_adm1_name":"Heilongjiang","source_feature_class":"Populated place","source_scalerank":3,"source_pop_max":1641000,"source_id":"ne-ne_10m_populated_places"},"geometry":{"type":"Point","coordinates":[123.988046,47.346923]}},{"type":"Feature","properties":{"ne_id":1159151213,"name":"Kaohsiung","name_zh":"高雄","longitude":120.266602,"latitude":22.633307,"wikidata_id":"Q181557","source_adm0_a3":"TWN","source_adm1_name":"Kaohsiung City","source_feature_class":"Admin-1 capital","source_scalerank":3,"source_pop_max":2769072,"source_id":"ne-ne_10m_populated_places"},"geometry":{"type":"Point","coordinates":[120.266602,22.633307]}},{"type":"Feature","properties":{"ne_id":1159151215,"name":"Shenzhen","name_zh":"深圳","longitude":114.061154,"latitude":22.548097,"wikidata_id":"Q15174","source_adm0_a3":"CHN","source_adm1_name":"Guangdong","source_feature_class":"Populated place","source_scalerank":2,"source_pop_max":7581000,"source_id":"ne-ne_10m_populated_places"},"geometry":{"type":"Point","coordinates":[114.061154,22.548097]}},{"type":"Feature","properties":{"ne_id":1159151217,"name":"Zibo","name_zh":"淄博","longitude":117.99646,"latitude":36.821365,"wikidata_id":"Q198370","source_adm0_a3":"CHN","source_adm1_name":"Shandong","source_feature_class":"Populated place","source_scalerank":2,"source_pop_max":3061000,"source_id":"ne-ne_10m_populated_places"},"geometry":{"type":"Point","coordinates":[117.99646,36.821365]}},{"type":"Feature","properties":{"ne_id":1159151321,"name":"Lanzhou","name_zh":"兰州","longitude":103.790054,"latitude":36.057974,"wikidata_id":"Q183584","source_adm0_a3":"CHN","source_adm1_name":"Gansu","source_feature_class":"Admin-1 capital","source_scalerank":2,"source_pop_max":2561000,"source_id":"ne-ne_10m_populated_places"},"geometry":{"type":"Point","coordinates":[103.790054,36.057974]}},{"type":"Feature","properties":{"ne_id":1159151323,"name":"Nanning","name_zh":"南宁","longitude":108.318099,"latitude":22.821934,"wikidata_id":"Q179608","source_adm0_a3":"CHN","source_adm1_name":"Guangxi","source_feature_class":"Admin-1 capital","source_scalerank":2,"source_pop_max":2167000,"source_id":"ne-ne_10m_populated_places"},"geometry":{"type":"Point","coordinates":[108.318099,22.821934]}},{"type":"Feature","properties":{"ne_id":1159151325,"name":"Guiyang","name_zh":"贵阳","longitude":106.718093,"latitude":26.581989,"wikidata_id":"Q192271","source_adm0_a3":"CHN","source_adm1_name":"Guizhou","source_feature_class":"Admin-1 capital","source_scalerank":2,"source_pop_max":3662000,"source_id":"ne-ne_10m_populated_places"},"geometry":{"type":"Point","coordinates":[106.718093,26.581989]}},{"type":"Feature","properties":{"ne_id":1159151327,"name":"Chongqing","name_zh":"重庆","longitude":106.593036,"latitude":29.566923,"wikidata_id":"Q11725","source_adm0_a3":"CHN","source_adm1_name":"Chongqing","source_feature_class":"Admin-1 capital","source_scalerank":2,"source_pop_max":6461000,"source_id":"ne-ne_10m_populated_places"},"geometry":{"type":"Point","coordinates":[106.593036,29.566923]}},{"type":"Feature","properties":{"ne_id":1159151329,"name":"Fuzhou","name_zh":"福州","longitude":119.2981,"latitude":26.081942,"wikidata_id":"Q68481","source_adm0_a3":"CHN","source_adm1_name":"Fujian","source_feature_class":"Admin-1 capital","source_scalerank":2,"source_pop_max":2606000,"source_id":"ne-ne_10m_populated_places"},"geometry":{"type":"Point","coordinates":[119.2981,26.081942]}},{"type":"Feature","properties":{"ne_id":1159151331,"name":"Guangzhou","name_zh":"广州","longitude":113.261785,"latitude":23.124723,"wikidata_id":"Q16572","source_adm0_a3":"CHN","source_adm1_name":"Guangdong","source_feature_class":"Admin-1 capital","source_scalerank":2,"source_pop_max":8829000,"source_id":"ne-ne_10m_populated_places"},"geometry":{"type":"Point","coordinates":[113.261785,23.124723]}},{"type":"Feature","properties":{"ne_id":1159151333,"name":"Dongguan","name_zh":"东莞","longitude":113.750474,"latitude":23.021537,"wikidata_id":"Q59218","source_adm0_a3":"CHN","source_adm1_name":"Guangdong","source_feature_class":"Populated place","source_scalerank":2,"source_pop_max":4528000,"source_id":"ne-ne_10m_populated_places"},"geometry":{"type":"Point","coordinates":[113.750474,23.021537]}},{"type":"Feature","properties":{"ne_id":1159151363,"name":"Xian","name_zh":"西安","longitude":108.89305,"latitude":34.276971,"wikidata_id":"Q5826","source_adm0_a3":"CHN","source_adm1_name":"Shaanxi","source_feature_class":"Admin-1 capital","source_scalerank":2,"source_pop_max":4009000,"source_id":"ne-ne_10m_populated_places"},"geometry":{"type":"Point","coordinates":[108.89305,34.276971]}},{"type":"Feature","properties":{"ne_id":1159151365,"name":"Taiyuan","name_zh":"太原","longitude":112.543112,"latitude":37.876958,"wikidata_id":"Q72778","source_adm0_a3":"CHN","source_adm1_name":"Shanxi","source_feature_class":"Admin-1 capital","source_scalerank":2,"source_pop_max":2913000,"source_id":"ne-ne_10m_populated_places"},"geometry":{"type":"Point","coordinates":[112.543112,37.876958]}},{"type":"Feature","properties":{"ne_id":1159151367,"name":"Wuhan","name_zh":"武汉","longitude":114.268071,"latitude":30.581977,"wikidata_id":"Q11746","source_adm0_a3":"CHN","source_adm1_name":"Hubei","source_feature_class":"Admin-1 capital","source_scalerank":2,"source_pop_max":7243000,"source_id":"ne-ne_10m_populated_places"},"geometry":{"type":"Point","coordinates":[114.268071,30.581977]}},{"type":"Feature","properties":{"ne_id":1159151369,"name":"Changsha","name_zh":"长沙","longitude":112.968047,"latitude":28.201916,"wikidata_id":"Q174091","source_adm0_a3":"CHN","source_adm1_name":"Hunan","source_feature_class":"Admin-1 capital","source_scalerank":2,"source_pop_max":2604000,"source_id":"ne-ne_10m_populated_places"},"geometry":{"type":"Point","coordinates":[112.968047,28.201916]}},{"type":"Feature","properties":{"ne_id":1159151371,"name":"Kunming","name_zh":"昆明","longitude":102.69744,"latitude":25.042859,"wikidata_id":"Q182852","source_adm0_a3":"CHN","source_adm1_name":"Yunnan","source_feature_class":"Admin-1 capital","source_scalerank":2,"source_pop_max":2931000,"source_id":"ne-ne_10m_populated_places"},"geometry":{"type":"Point","coordinates":[102.69744,25.042859]}},{"type":"Feature","properties":{"ne_id":1159151375,"name":"Zhengzhou","name_zh":"郑州","longitude":113.663147,"latitude":34.756942,"wikidata_id":"Q30340","source_adm0_a3":"CHN","source_adm1_name":"Henan","source_feature_class":"Admin-1 capital","source_scalerank":2,"source_pop_max":2636000,"source_id":"ne-ne_10m_populated_places"},"geometry":{"type":"Point","coordinates":[113.663147,34.756942]}},{"type":"Feature","properties":{"ne_id":1159151377,"name":"Shenyeng","name_zh":"沈阳","longitude":123.448028,"latitude":41.806925,"wikidata_id":"Q11720","source_adm0_a3":"CHN","source_adm1_name":"Liaoning","source_feature_class":"Admin-1 capital","source_scalerank":2,"source_pop_max":4787000,"source_id":"ne-ne_10m_populated_places"},"geometry":{"type":"Point","coordinates":[123.448028,41.806925]}},{"type":"Feature","properties":{"ne_id":1159151379,"name":"Jinan","name_zh":"济南","longitude":116.993073,"latitude":36.676928,"wikidata_id":"Q170247","source_adm0_a3":"CHN","source_adm1_name":"Shandong","source_feature_class":"Admin-1 capital","source_scalerank":2,"source_pop_max":2798000,"source_id":"ne-ne_10m_populated_places"},"geometry":{"type":"Point","coordinates":[116.993073,36.676928]}},{"type":"Feature","properties":{"ne_id":1159151381,"name":"Tianjin","name_zh":"天津","longitude":117.196607,"latitude":39.082772,"wikidata_id":"Q11736","source_adm0_a3":"CHN","source_adm1_name":"Tianjin","source_feature_class":"Admin-1 capital","source_scalerank":2,"source_pop_max":7180000,"source_id":"ne-ne_10m_populated_places"},"geometry":{"type":"Point","coordinates":[117.196607,39.082772]}},{"type":"Feature","properties":{"ne_id":1159151383,"name":"Nanchang","name_zh":"南昌","longitude":115.87805,"latitude":28.681938,"wikidata_id":"Q171943","source_adm0_a3":"CHN","source_adm1_name":"Jiangxi","source_feature_class":"Admin-1 capital","source_scalerank":2,"source_pop_max":2350000,"source_id":"ne-ne_10m_populated_places"},"geometry":{"type":"Point","coordinates":[115.87805,28.681938]}},{"type":"Feature","properties":{"ne_id":1159151385,"name":"Nanjing","name_zh":"南京","longitude":118.778029,"latitude":32.051965,"wikidata_id":"Q16666","source_adm0_a3":"CHN","source_adm1_name":"Jiangsu","source_feature_class":"Admin-1 capital","source_scalerank":2,"source_pop_max":3679000,"source_id":"ne-ne_10m_populated_places"},"geometry":{"type":"Point","coordinates":[118.778029,32.051965]}},{"type":"Feature","properties":{"ne_id":1159151387,"name":"Hangzhou","name_zh":"杭州","longitude":120.168073,"latitude":30.25192,"wikidata_id":"Q4970","source_adm0_a3":"CHN","source_adm1_name":"Zhejiang","source_feature_class":"Admin-1 capital","source_scalerank":2,"source_pop_max":3007000,"source_id":"ne-ne_10m_populated_places"},"geometry":{"type":"Point","coordinates":[120.168073,30.25192]}},{"type":"Feature","properties":{"ne_id":1159151393,"name":"Changchun","name_zh":"长春","longitude":125.338042,"latitude":43.866954,"wikidata_id":"Q92161","source_adm0_a3":"CHN","source_adm1_name":"Jilin","source_feature_class":"Admin-1 capital","source_scalerank":2,"source_pop_max":3183000,"source_id":"ne-ne_10m_populated_places"},"geometry":{"type":"Point","coordinates":[125.338042,43.866954]}},{"type":"Feature","properties":{"ne_id":1159151395,"name":"Baotou","name_zh":"包头","longitude":109.820074,"latitude":40.654153,"wikidata_id":"Q569907","source_adm0_a3":"CHN","source_adm1_name":"Nei Mongol","source_feature_class":"Populated place","source_scalerank":2,"source_pop_max":2036000,"source_id":"ne-ne_10m_populated_places"},"geometry":{"type":"Point","coordinates":[109.820074,40.654153]}},{"type":"Feature","properties":{"ne_id":1159151397,"name":"Harbin","name_zh":"哈尔滨","longitude":126.648039,"latitude":45.75193,"wikidata_id":"Q42956","source_adm0_a3":"CHN","source_adm1_name":"Heilongjiang","source_feature_class":"Admin-1 capital","source_scalerank":2,"source_pop_max":3621000,"source_id":"ne-ne_10m_populated_places"},"geometry":{"type":"Point","coordinates":[126.648039,45.75193]}},{"type":"Feature","properties":{"ne_id":1159151531,"name":"Ürümqi","name_zh":"乌鲁木齐","longitude":87.57306,"latitude":43.806958,"wikidata_id":"Q16959","source_adm0_a3":"CHN","source_adm1_name":"Xinjiang Uygur","source_feature_class":"Admin-1 capital","source_scalerank":1,"source_pop_max":3575000,"source_id":"ne-ne_10m_populated_places"},"geometry":{"type":"Point","coordinates":[87.57306,43.806958]}},{"type":"Feature","properties":{"ne_id":1159151533,"name":"Chengdu","name_zh":"成都","longitude":104.068074,"latitude":30.671946,"wikidata_id":"Q30002","source_adm0_a3":"CHN","source_adm1_name":"Sichuan","source_feature_class":"Admin-1 capital","source_scalerank":1,"source_pop_max":4123000,"source_id":"ne-ne_10m_populated_places"},"geometry":{"type":"Point","coordinates":[104.068074,30.671946]}},{"type":"Feature","properties":{"ne_id":1159151567,"name":"Taipei","name_zh":"台北","longitude":121.568333,"latitude":25.035833,"wikidata_id":"Q1867","source_adm0_a3":"TWN","source_adm1_name":"Taipei City","source_feature_class":"Admin-0 capital","source_scalerank":1,"source_pop_max":6900273,"source_id":"ne-ne_10m_populated_places"},"geometry":{"type":"Point","coordinates":[121.568333,25.035833]}},{"type":"Feature","properties":{"ne_id":1159151595,"name":"Beijing","name_zh":"北京","longitude":116.394201,"latitude":39.90172,"wikidata_id":"Q956","source_adm0_a3":"CHN","source_adm1_name":"Beijing","source_feature_class":"Admin-0 capital","source_scalerank":0,"source_pop_max":11106000,"source_id":"ne-ne_10m_populated_places"},"geometry":{"type":"Point","coordinates":[116.394201,39.90172]}},{"type":"Feature","properties":{"ne_id":1159151605,"name":"Shanghai","name_zh":"上海","longitude":121.434559,"latitude":31.218398,"wikidata_id":"Q8686","source_adm0_a3":"CHN","source_adm1_name":"Shanghai","source_feature_class":"Admin-1 capital","source_scalerank":0,"source_pop_max":14987000,"source_id":"ne-ne_10m_populated_places"},"geometry":{"type":"Point","coordinates":[121.434559,31.218398]}},{"type":"Feature","properties":{"ne_id":1159151629,"name":"Hong Kong","name_zh":"香港","longitude":114.183064,"latitude":22.306927,"wikidata_id":"Q8646","source_adm0_a3":"HKG","source_adm1_name":null,"source_feature_class":"Admin-0 region capital","source_scalerank":0,"source_pop_max":7206000,"source_id":"ne-ne_10m_populated_places"},"geometry":{"type":"Point","coordinates":[114.183064,22.306927]}}]}
